issuer,cik,tickers,exchanges,listed_status,vehicle,launch_date,expiration,offer_type,offer_price,range_low,range_high,nav_pct,final_price,premium_price_used,premium_flag,pre_close,pre_close_date,post_close,post_close_date,pre_close_split_factor,doc_ref_price,doc_ref_quote,gross_premium,yf_premium,yf_doc_price_ratio,premium_basis,tendered_class,completed,proration,odd_lot_priority,odd_lot_clause,odd_lot_clause_2,odd_lot_priority_basis,launch_accession,clause_doc_accession,clause_doc_url,doc_sha256,completion_doc,completion_date,n_hit_filings,n_filings_in_offer,orphan_amendment,listed_basis,price_note,completion_source,doc_bytes,launch_primary_doc
CUMMINS INC,0000026172,CMI,NYSE,listed,operating_company,2024-02-14,2024-03-13,split_off_exchange_offer,,,,,,,,254.5,2024-02-13,263.5799865722656,2024-03-14,1.0,,,,,,,common_or_unspecified,yes,proration factor of 6,yes,"Shareholders who own fewer than 100 shares of Cummins Common Stock, or an ""odd lot,"" who have validly tendered all of their shares, will not be subject to proration, in accordance with the terms of the Exchange Offer.","Based on a preliminary count by the exchange agent, Broadridge Corporate Issuer Solutions, LLC, 69,142,112 shares of Cummins Common Stock were validly tendered and not properly withdrawn, including 36,902,099 shares of Cummins Common Stock that were validly tendered by notice of guaranteed delivery and 1,006,609 shares that tendered in aggregate by ""odd-lot"" shareholders (holders of fewer than 100 shares) not subject to proration.","odd-lot -> no-proration/priority: 'odd lot,"" who have validly tendered all of their shares, will not be subject to prorat' (<100-share threshold stated in the document)",0001104659-24-023079,0001104659-24-023079,https://www.sec.gov/Archives/edgar/data/26172/000110465924034360/tm245866-6_sctoia.htm,df924fd4f92560a9ef3d23c2c0ebec349d467a2e40ecb55562418fd35821b3eb,https://www.sec.gov/Archives/edgar/data/26172/000110465924035612/tm245866-7_sctoia.htm,2024-03-18,2,5,False,submissions index: ['CMI'] on ['NYSE']; no non-traded language in doc,"yfinance Close, dividends unadjusted, split basis restored to the offer date",0001104659-24-035612,29608,tm245866-1_sctoi.htm
ECOLAB INC.,0000031462,ECL,NYSE,listed,operating_company,2020-05-01,,split_off_exchange_offer,,,,,,,,193.5,2020-04-30,209.0500030517578,2020-06-01,1.0,,,,,,,warrants,yes,proration factor,mentioned_no_priority_language,"ommon stock validly tendered and not properly withdrawn (rounded to the nearest whole number of shares of Ecolab common stock), and subject to any adjustment necessary to ensure the exchange of all shares of ChampionX common stock being offered by Ecolab in the exchange offer, except for tenders of odd lots, as described below.",,"phrase present, no grant and no denial matched",0001193125-20-129677,0001193125-20-129677,https://www.sec.gov/Archives/edgar/data/31462/000119312520129677/d914784dex99a1iii.htm,3a92ba993cdd1d50bf084f59b0de780e11c087a51b0956a7502d0af0709607a6,https://www.sec.gov/Archives/edgar/data/31462/000119312520162264/d914784dsctoia.htm,2020-06-05,4,5,False,submissions index: ['ECL'] on ['NYSE']; no non-traded language in doc,"yfinance Close, dividends unadjusted, split basis restored to the offer date",0001193125-20-162264,61282,d914784dsctoi.htm
IMPERIAL OIL LTD,0000049938,IMO,NYSE,listed,operating_company,2022-05-06,,dutch_auction,,62.0,78.0,,,70.0,range_midpoint,52.5099983215332,2022-05-05,55.75,2022-06-06,1.0,64.12,closing price of the Shares on the TSX was $64.12,0.09170305676855883,0.3330794560565531,0.8189332239789956,offer price / the price the OFFER DOCUMENT itself states,common_or_unspecified,yes,,yes,Odd Lot Holder means a Shareholder who owns fewer than 100 Shares.,"Shareholders owning an aggregate of fewer than 100 Shares whose Shares are purchased pursuant to the Offer not only will avoid the payment of brokerage commissions, but will also avoid any odd lot discounts, each of which may be applicable on a sale of their Shares in a transaction on the TSX or NYSE American.",odd-lot -> no-proration/priority: 'Odd Lots will be accepted for purchase before any prorat' (<100-share threshold stated in the document),0001193125-22-143506,0001193125-22-143506,https://www.sec.gov/Archives/edgar/data/49938/000119312522143506/d228787dex99a1i.htm,16c49d254b2d709c6c1cb0438fac3dd18c4e2ac4a4d904449533abebd537e9c8,https://www.sec.gov/Archives/edgar/data/49938/000119312522174330/d378704dsctoia.htm,2022-06-15,7,5,False,submissions index: ['IMO'] on ['NYSE']; no non-traded language in doc,"yfinance Close, dividends unadjusted, split basis restored to the offer date",0001193125-22-174330,523583,d228787dsctoi.htm
IMPERIAL OIL LTD,0000049938,IMO,NYSE,listed,operating_company,2022-11-04,2022-06-10,dutch_auction,,72.5,87.0,,,79.75,range_midpoint,56.470001220703125,2022-11-03,53.38999938964844,2022-12-05,1.0,67.47,closing price of the Shares on the TSX was $67.47,0.18200681784496808,0.41225426378708696,0.8369645949415018,offer price / the price the OFFER DOCUMENT itself states,common_or_unspecified,yes,,yes,Odd Lot Holder means a Shareholder who owns fewer than 100 Shares.,"Shareholders owning an aggregate of fewer than 100 Shares whose Shares are purchased pursuant to the Offer not only will avoid the payment of brokerage commissions, but will also avoid any odd lot discounts, each of which may be applicable on a sale of their Shares in a transaction on the TSX or NYSE American.",odd-lot -> no-proration/priority: 'Odd Lots will be accepted for purchase before any prorat' (<100-share threshold stated in the document),0001193125-22-277567,0001193125-22-277567,https://www.sec.gov/Archives/edgar/data/49938/000119312522277567/d370997dex99a1i.htm,1c68f23df1f43eddcbe03328e95d490968406197ca5143a91c6845e2de1ddd31,https://www.sec.gov/Archives/edgar/data/49938/000119312522304386/d343811dsctoia.htm,2022-12-14,7,3,False,submissions index: ['IMO'] on ['NYSE']; no non-traded language in doc,"yfinance Close, dividends unadjusted, split basis restored to the offer date",0001193125-22-304386,546962,d370997dsctoi.htm
IMPERIAL OIL LTD,0000049938,IMO,NYSE,listed,operating_company,2023-11-03,2022-12-09,dutch_auction,,78.5,94.0,,,86.25,range_midpoint,58.560001373291016,2023-11-02,57.04999923706055,2023-12-04,1.0,81.3,closing price of the Shares on the TSX was $81.30,0.06088560885608851,0.47284832611596017,0.720295219843678,offer price / the price the OFFER DOCUMENT itself states,common_or_unspecified,yes,,yes,""" Odd Lot Holder "" means a Shareholder who owns fewer than 100 Shares.","Shareholders owning an aggregate of fewer than 100 Shares whose Shares are purchased pursuant to the Offer not only will avoid the payment of brokerage commissions, but will also avoid any odd lot discounts, each of which may be applicable on a sale of their Shares in a transaction on the TSX or NYSE American.",odd-lot -> no-proration/priority: 'Odd Lots will be accepted for purchase before any prorat' (<100-share threshold stated in the document),0000049938-23-000084,0000049938-23-000084,https://www.sec.gov/Archives/edgar/data/49938/000004993823000084/a1i-imperialxsibcircularxq.htm,50592a08fe051ecafa3dcc6718bf758fb6935b54c15501d1e3dd1b744426841b,https://www.sec.gov/Archives/edgar/data/49938/000004993823000098/sibfinalresultsscto-iaxq42.htm,2023-12-13,7,4,False,submissions index: ['IMO'] on ['NYSE']; no non-traded language in doc,"yfinance Close, dividends unadjusted, split basis restored to the offer date",0000049938-23-000098,713383,scto-ixq42023.htm
ELI LILLY & Co,0000059478,LLY,NYSE,listed,operating_company,2019-02-08,2019-03-08,split_off_exchange_offer,,,,,,,,117.5,2019-02-07,123.5,2019-03-11,1.0,,,,,,,common_or_unspecified,yes,proration factor of 13,yes,"Shareholders who own fewer than 100 shares of Lilly common stock, or an odd-lot, who have validly tendered all of their shares will not be subject to proration, in accordance with the terms of the Exchange Offer.",,"odd-lot -> no-proration/priority: 'odd-lot, who have validly tendered all of their shares will not be subject to prorat' (<100-share threshold stated in the document)",0001047469-19-000416,0001047469-19-000416,https://www.sec.gov/Archives/edgar/data/59478/000110465919013728/a18-39904_68sctoia.htm,d844dbfa61e5382a5a6393d908062b820f1c2def562189349800216c1a74a707,https://www.sec.gov/Archives/edgar/data/59478/000110465919014488/a18-39904_73sctoia.htm,2019-03-13,2,6,False,submissions index: ['LLY'] on ['NYSE']; no non-traded language in doc,"yfinance Close, dividends unadjusted, split basis restored to the offer date",0001104659-19-014488,107000,a2237677zscto-i.htm
3M CO,0000066740,MMM,NYSE,listed,operating_company,2022-08-04,,split_off_exchange_offer,,,,,,,,143.48999780273436,2022-08-03,116.59999926757813,2022-09-06,1.196,,,,,,,common_or_unspecified,yes,proration factor of approximately 7,yes,"The preliminary results include an estimated 1,115,836 shares of 3M common stock tendered by odd-lot stockholders not subject to proration.",,odd-lot -> no-proration/priority: 'odd-lot stockholders not subject to prorat' (threshold not restated in this document),0001140361-22-028182,0001140361-22-028182,https://www.sec.gov/Archives/edgar/data/66740/000114036122031888/ny20004937x32_sctoia.htm,f983cbfcf9159476348e471bbf66e7a762bd0963a6380862358dca9eac4a0ab7,https://www.sec.gov/Archives/edgar/data/66740/000114036122032385/ny20004937x37_sctoia.htm,2022-09-06,2,5,False,submissions index: ['MMM'] on ['NYSE']; no non-traded language in doc,"yfinance Close, dividends unadjusted, split basis restored to the offer date",0001140361-22-032385,43013,ny20004937x2_sctoi.htm
SAFEGUARD SCIENTIFICS INC,0000086115,,,unknown,operating_company,2021-09-02,2021-10-01,dutch_auction,,7.9,9.0,,7.9,7.9,,,,,,,7.88,closing price of the shares on NYSE was $ 7.88,0.002538071065989911,,,offer price / the price the OFFER DOCUMENT itself states,common_or_unspecified,yes,,yes,"2 If I own fewer than 100 shares and I tender all of my shares, will I be subject to proration? If you own beneficially or of record fewer than 100 shares in the aggregate, you properly tender all of these shares at or below the purchase price before the tender offer expires and you complete the section entitled &ldquo;Odd Lots&rdquo; in the letter of transmittal, and, if applicable, the notice of guaranteed delivery, we will purchase all of your shares without subjecting them to the proration procedure.","If, based on the purchase price we determine, more than $35,000,000 in value of shares are properly tendered at or below the purchase price and not properly withdrawn prior to the expiration of the tender offer, we will purchase all shares tendered at or below the purchase price on a pro rata basis, except for lots held by owners of less than 100 shares, or odd lots, which we will purchase on a priority basis as described in the immediately following paragraph, and except for shares that were conditionally tendered and for which the condition was not satisfied.","odd-lot -> no-proration/priority: 'odd lots, which we will purchase on a priority basis' (<100-share threshold stated in the document)",0001104659-21-112235,0001104659-21-112235,https://www.sec.gov/Archives/edgar/data/86115/000110465921112235/tm2126661d3_exa1a.htm,fec17999764f3a85d5ec6528cf254d05f73d866e282ba32189fb83e95177c2c9,https://www.sec.gov/Archives/edgar/data/86115/000110465921123909/tm2129336d1_sctoia.htm,2021-10-07,4,3,False,"no ticker in submissions index, no non-traded language matched",not exchange-listed / no ticker in the submissions index,0001104659-21-123909,454352,tm2126661d3_sctoi.htm
Seneca Foods Corp,0000088948,"SENEA,SENEB,SENEL,SENEM","Nasdaq,Nasdaq,OTC,OTC",listed,operating_company,2021-02-08,,dutch_auction,,40.0,46.0,,,43.0,range_midpoint,41.4900016784668,2021-02-05,57.61000061035156,2021-03-11,1.0,41.49,last reported sale price of the Class A Shares was $41.49,0.03639431188238129,0.03639426995532968,1.0000000404547311,offer price / the price the OFFER DOCUMENT itself states,common_or_unspecified,yes,,yes,"If I own fewer than 100 Class A Shares and I tender all of my Class A Shares, will I be subject to proration? If you own, beneficially or of record, fewer than 100 Class A Shares in the aggregate, you validly tender all of these Class A Shares at or below the Final Purchase Price and do not validly withdraw them before the Expiration Date, and you complete the section entitled ""Odd Lots"" in the Letter of Transmittal and, if applicable, in the Notice of Guaranteed Delivery, we will purchase all of your Class A Shares without subjecting them to the proration procedure.","In what order will you purchase the tendered Class A Shares? We will purchase Class A Shares on the following basis: first, we will purchase all odd lots of less than 100 Class A Shares at the Final Purchase Price from stockholders who validly tender all of their Class A Shares at or below the Final Purchase Price and who do not validly withdraw them before the Expiration Date (tenders of less than all of the Class A Shares owned, beneficially or of record, by such Odd Lot Holder (as defined in Section 1) will not qualify for this preference); second, after purchasing all the odd lots that were validly tendered at or below the Final Purchase Price, subject to the conditional tender provisions described in Section 6 (whereby a holder may specify a minimum number of such holder's Class A Shares that must be purchased",odd-lot -> no-proration/priority: 'odd lots of less than 100 Class A Shares at the Final Purchase Price from stockholders who validly tender all of their Class A Shares at or below the Final Purchase Price and who do not validly withdr' (threshold not restated in this document),0001104659-21-013394,0001104659-21-013394,https://www.sec.gov/Archives/edgar/data/88948/000110465921013394/tm215458d1_ex99a1i.htm,bfdb184fc63645217f6226ca7ee4a4e22d3bda9cf9cd0c1b7b82b4df42c5ba44,https://www.sec.gov/Archives/edgar/data/88948/000143774921005469/senea20210309_sctoia.htm,2021-03-10,6,3,False,"submissions index: ['SENEA', 'SENEB', 'SENEL', 'SENEM'] on ['Nasdaq', 'Nasdaq', 'OTC', 'OTC']; no non-traded language in doc","yfinance Close, dividends unadjusted, split basis restored to the offer date",0001437749-21-005469,463810,tm215458-1_sctoi.htm
JOHNSON & JOHNSON,0000200406,JNJ,NYSE,listed,operating_company,2023-07-24,2023-08-18,split_off_exchange_offer,,,,,,,,170.19000244140625,2023-07-21,167.35000610351562,2023-08-21,1.0,,,,,,,common_or_unspecified,yes,proration factor of 23,yes,"Shareholders who own fewer than 100 shares of J J Common Stock, or an ""odd lot,"" who have validly tendered all of their shares will not be subject to proration, in accordance with the terms of the Exchange Offer.","The estimated preliminary proration factor is subject to change based on the number of tendered shares that satisfy the guaranteed delivery procedures, as well as the number of ""odd-lot"" shares that were validly tendered and are not subject to proration.","odd-lot -> no-proration/priority: 'odd lot,"" who have validly tendered all of their shares will not be subject to prorat' (<100-share threshold stated in the document)",0001628280-23-025393,0001628280-23-025393,https://www.sec.gov/Archives/edgar/data/200406/000162828023030044/jjscto-ia3.htm,921e60b437eb26cbdd3b32a1daeee16e48d9e5b76d0e74529394ce931dff81bd,https://www.sec.gov/Archives/edgar/data/200406/000162828023030300/jjscto-ia4.htm,2023-08-23,2,5,False,submissions index: ['JNJ'] on ['NYSE']; no non-traded language in doc,"yfinance Close, dividends unadjusted, split basis restored to the offer date",0001628280-23-030300,27559,scheduleto.htm
DANAHER CORP /DE/,0000313616,DHR,NYSE,listed,operating_company,2019-11-15,2019-12-13,split_off_exchange_offer,,,,,,,,136.15000103759763,2019-11-14,151.44000695800779,2019-12-16,1.128,,,,,,,common_or_unspecified,yes,proration factor of 7,yes,"Stockholders who own fewer than 100 shares of Danaher Common Stock, or an odd-lot, who have validly tendered all of their shares, will not be subject to proration, in accordance with the terms of the Exchange Offer.","This estimated preliminary proration factor is subject to change based on the number of tendered shares that satisfy the guaranteed delivery procedures, as well as the number of odd-lot shares that were validly tendered and are not subject to proration.","odd-lot -> no-proration/priority: 'odd-lot, who have validly tendered all of their shares, will not be subject to prorat' (<100-share threshold stated in the document)",0000313616-19-000163,0000313616-19-000163,https://www.sec.gov/Archives/edgar/data/313616/000119312519314345/d844056dsctoia.htm,8a5700a949533f95503efa675c48689e5f82e6d338641fe4deb5f807d0192ddf,https://www.sec.gov/Archives/edgar/data/313616/000119312519316822/d844056dsctoia.htm,2019-12-18,2,4,False,submissions index: ['DHR'] on ['NYSE']; no non-traded language in doc,"yfinance Close, dividends unadjusted, split basis restored to the offer date",0001193125-19-316822,30301,danaherscheduleto.htm
Bluegreen Vacations Holding Corp,0000315858,,,unknown,operating_company,2022-11-09,,fixed_price,22.17,,,,25.0,25.0,,,,,,,17.05,closing price of our Class A Common Stock on the NYSE was $17.05,0.46627565982404695,,,offer price / the price the OFFER DOCUMENT itself states,common_or_unspecified,yes,,yes,"Such proration will apply to all shareholders without priority, including odd lot holders ( e.g.",,"no-proration/priority -> odd-lot: 'priority, including odd lot' (<100-share threshold stated in the document)",0001193125-22-280790,0001193125-22-280790,https://www.sec.gov/Archives/edgar/data/315858/000119312522280790/d374541dex99a1a.htm,cfc338e8df958bd8d1a5f268da98c26baf71cd8dbb34331bd72cf5a2e13aa919,https://www.sec.gov/Archives/edgar/data/315858/000119312522315160/d398352dsctoia.htm,2022-12-30,1,4,False,"no ticker in submissions index, no non-traded language matched",not exchange-listed / no ticker in the submissions index,0001193125-22-315160,306721,d374541dsctoi.htm
"Coca-Cola Consolidated, Inc.",0000317540,COKE,Nasdaq,listed,operating_company,2024-05-20,,dutch_auction,,850.0,925.0,,,887.5,range_midpoint,936.9999694824219,2024-05-17,977.8900146484375,2024-06-20,10.0,937.0,closing price of our Common Stock on the Nasdaq was $937.00,-0.05282817502668091,-0.05282814417781101,0.9999999674305463,offer price / the price the OFFER DOCUMENT itself states,common_or_unspecified,yes,,yes,"If I own fewer than 100 shares and I tender all of my shares, will I be subject to proration? If you own, beneficially or of record, fewer than 100 shares in the aggregate, you validly tender all of these shares at or below the Purchase Price prior to the Expiration Time (and do not validly withdraw such shares) and you complete the section entitled Odd Lots in the Letter of Transmittal and, if applicable, in the Notice of Guaranteed Delivery, and all conditions to the Offer are satisfied or waived, we will purchase all of your shares without subjecting them to proration.","If the terms and conditions of the Offer have been satisfied or waived and shares validly tendered at or below the Purchase Price, and not validly withdrawn prior to the Expiration Time, would result in an aggregate purchase price of more than $2,000 million, we will purchase shares of Common Stock in the following order of priority: First , all shares owned in odd lots (less than 100 shares ) that have been validly tendered at or below the Purchase Price (and not validly withdrawn prior to the Expiration Time); Second , all other tendered shares (other than conditionally tendered shares for which the condition was not satisfied) validly tendered at or below the Purchase Price (and not validly withdrawn prior to",odd-lot -> no-proration/priority: 'odd lot priority' (<100-share threshold stated in the document),0001193125-24-142266,0001193125-24-142266,https://www.sec.gov/Archives/edgar/data/317540/000119312524142266/d842206dex99a1a.htm,8d13a85d439e714b9b379a1c172110307c9435cfcabdcd6e82eafef9757ccf66,https://www.sec.gov/Archives/edgar/data/317540/000119312524165192/d827000dsctoia.htm,2024-06-21,5,7,False,submissions index: ['COKE'] on ['Nasdaq']; no non-traded language in doc,"yfinance Close, dividends unadjusted, split basis restored to the offer date",0001193125-24-165192,513596,d842206dsctoi.htm
INDEPENDENCE HOLDING CO,0000701869,,,unknown,operating_company,2020-04-24,2017-06-26,fixed_price,27.0,,,,27.0,27.0,,,,,,,26.0,reported price of IHC common stock on the NYSE was $26.00,0.03846153846153855,,,offer price / the price the OFFER DOCUMENT itself states,common_or_unspecified,yes,,yes,"For more information, see Section 1 &ldquo;Number of Shares of IHC Common Stock; Purchase Price; Proration.&rdquo; If I own fewer than 100 shares of IHC common stock and I tender all of my shares, will I be subject to proration? If you own fewer than 100 shares of IHC common stock in the aggregate, properly tender and do not withdraw all of your Shares prior to the Expiration Time, complete the section entitled &ldquo;Odd Lots&rdquo; in the Letter of Transmittal and, if applicable, in the Notice of Guaranteed Delivery, and all conditions to the Offer are satisfied or waived, we will purchase all of your Shares without proration.","If more than 1,000,000 Shares are properly tendered pursuant to the Offer and/or if we will not be able to maintain our listing on the NYSE if all Shares validly tendered and not properly withdrawn in the Offer were accepted for payment, then we will purchase Shares in the following order of priority: &bull; First, we will purchase all Odd Lots (as defined below) of less than 100 Shares at the Purchase Price from stockholders who: o properly tender all of their shares of IHC common stock and do not properly withdraw them before the Expiration Time; and o complete the section entitled &ldquo;Odd Lots&rdquo; in the Letter of Transmittal and, if applicable, in the Notice of Guaranteed Delivery (or, in the case of a beneficial owner, arranges with the owner's broker, dealer, commercial bank, trust company or other nominee for such completion); and &bull; Second , we will purchase Shares from all other stockholders who properly tender Shares and do not properly withdraw them prior to the Expiration Time on a pro rata basis, with appropriate adjustments to avoid purchases of fractional Shares.","odd-lot -> no-proration/priority: 'Odd Lots&rdquo; in the Letter of Transmittal and, if applicable, in the Notice of Guaranteed Delivery, and all conditions to the Offer are satisfied or waived, we will purchase all of your Shares with' (<100-share threshold stated in the document)",0001104659-20-051014,0001104659-20-051014,https://www.sec.gov/Archives/edgar/data/701869/000110465920051014/tm2016686d1_ex99-a1i.htm,c22650d21cbda268db0bc56e11ba032e1ce466ed6a10a0db340be8c0fa2fdd29,https://www.sec.gov/Archives/edgar/data/701869/000110465920066494/tm2021159d1_sctoia.htm,2020-05-27,4,4,False,"no ticker in submissions index, no non-traded language matched",not exchange-listed / no ticker in the submissions index,0001104659-20-066494,333729,tm2016686d1_sctoi.htm
WHITE MOUNTAINS INSURANCE GROUP LTD,0000776867,WTM,NYSE,listed,operating_company,2022-08-22,2022-09-20,dutch_auction,,1250.0,1400.0,,,1325.0,range_midpoint,1305.1300048828125,2022-08-19,1366.7900390625,2022-09-21,1.0,1305.13,"last reported sale price of the Shares on the NYSE was $1,305.13",0.01522453701930071,0.015224533221095848,1.000000003741246,offer price / the price the OFFER DOCUMENT itself states,common_or_unspecified,yes,,yes,"What Happens If Shares Representing More Than $500 Million In Value Are Tendered At Or Below The Purchase Price? Will Tendered Shares Be Prorated? In the event that Shares representing more than $500 million in value (or such greater value as we may elect to purchase, subject to applicable law) are properly tendered at or below the Purchase Price and not properly withdrawn, we will accept Shares for purchase in the following order of priority: First , we will purchase all ""odd lots"" of less than 100 Shares at the Purchase Price from shareholders who properly tender all of their Shares at or below the Purchase Price and who do not properly withdraw them before the Expiration Time; and Second , after purchasing all the ""odd lots"" that were properly tendered at or below the Purchase Price, we will purchase Shares at the Purchase Price from all other holders who properly tender Shares at or below the Purchase Price and who do not properly withdraw them before the Expiration Time, on a pro rata basis, with appropriate adjustments to avoid purchases of fractional Shares, until we have acquired the value of Shares representing more than $500 million in value (or such greater value as we may elect to purchase, subject to applicable law).","iii TABLE OF CONTENTS If I Own Fewer Than 100 Shares And I Tender All Of My Shares, Will I Be Subject To Proration? If you own beneficially or of record fewer than 100 Shares in the aggregate, properly tender all of your Shares at or below the Purchase Price and do not properly withdraw them before the Expiration Time, and complete the section entitled Odd Lots in the Letter of Transmittal and, if applicable, in the Notice of Guaranteed Delivery, we will purchase all of your Shares without subjecting them to the proration procedure.","odd-lot -> no-proration/priority: 'odd lot"" priority' (<100-share threshold stated in the document)",0001104659-22-093064,0001104659-22-093064,https://www.sec.gov/Archives/edgar/data/776867/000110465922093064/tm2223096d1_ex99-a1a.htm,efe340f01c743c57114834983e73e5570b1d5949f3ab27bd6b9d047f9f5f98ce,https://www.sec.gov/Archives/edgar/data/776867/000110465922102831/tm2226076-2_sctoia.htm,2022-09-26,6,4,False,submissions index: ['WTM'] on ['NYSE']; no non-traded language in doc,"yfinance Close, dividends unadjusted, split basis restored to the offer date",0001104659-22-102831,438013,tm2223096-1_sctoi.htm
MGM Resorts International,0000789570,MGM,NYSE,listed,operating_company,2020-02-13,2020-03-12,dutch_auction,,29.0,34.0,,,31.5,range_midpoint,33.65999984741211,2020-02-12,15.4399995803833,2020-03-13,1.0,33.66,last reported sale price of the Shares was $33.66,-0.06417112299465233,-0.06417111875234238,0.9999999954667889,offer price / the price the OFFER DOCUMENT itself states,common_or_unspecified,yes,,yes,"However, to qualify for the priority in case of proration, an Odd Lot Holder must tender all Shares owned by any such Odd Lot Holder, as described in Section 1.","We may not purchase all of the Shares tendered at or below the Final Purchase Price because of proration, Odd Lot priority and conditional tender provisions described in this Offer to Purchase.",odd-lot -> no-proration/priority: 'Odd Lot priority' (<100-share threshold stated in the document),0001193125-20-034386,0001193125-20-034386,https://www.sec.gov/Archives/edgar/data/789570/000119312520034386/d849958dex99a1a.htm,032b30eff93b08d7102d7ca4f9e0b18516a0d4738e0c5d7ff517242b5712ce66,https://www.sec.gov/Archives/edgar/data/789570/000119312520071838/d859020dsctoia.htm,2020-03-13,9,6,False,submissions index: ['MGM'] on ['NYSE']; no non-traded language in doc,"yfinance Close, dividends unadjusted, split basis restored to the offer date",0001193125-20-071838,507839,d849958dsctoi.htm
OPPENHEIMER HOLDINGS INC,0000791963,OPY,NYSE,listed,operating_company,2023-05-31,2023-06-28,dutch_auction,,34.0,40.0,,,37.0,range_midpoint,36.02000045776367,2023-05-30,40.689998626708984,2023-06-29,1.0,36.02,closing price of the Shares on the NYSE was $36.02,0.02720710716268737,0.027207094108326224,1.000000012708597,offer price / the price the OFFER DOCUMENT itself states,common_or_unspecified,yes,,yes,"If I own fewer than 100 Shares and I tender all of my Shares, will I be subject to proration? If you own fewer than 100 Shares in the aggregate, you properly tender and do not withdraw all of these Shares at or below the Purchase Price prior to the Expiration Date and you complete (or, for a beneficial owner, your broker, dealer, commercial bank, trust company or other nominee completes) the section entitled ""Odd Lots"" in the Letter of Transmittal and, if applicable, in the Notice of Guaranteed Delivery, and all conditions to the Offer are satisfied or waived, we will purchase all of your Shares without subjecting them to proration.","Upon the terms and subject to the conditions of the Offer, all of the Shares tendered and not properly withdrawn would be subject to the ""odd lot"" priority, proration and conditional tender provisions described herein.","odd-lot -> no-proration/priority: 'odd lot"" priority' (<100-share threshold stated in the document)",0001104659-23-066256,0001104659-23-066256,https://www.sec.gov/Archives/edgar/data/791963/000110465923066256/tm2316928-1_exha1a.htm,ecabfa19e4060a05e962c2164d6b125158f154983b39060cdc184617adb26ce0,https://www.sec.gov/Archives/edgar/data/791963/000110465923078797/tm2320762d1_sctoia.htm,2023-07-06,6,3,False,submissions index: ['OPY'] on ['NYSE']; no non-traded language in doc,"yfinance Close, dividends unadjusted, split basis restored to the offer date",0001104659-23-078797,522970,tm2316928-1_sctoi.htm
ODP Corp,0000800240,,,unknown,operating_company,2022-07-18,2022-08-12,dutch_auction,,31.5,36.0,,,33.75,range_midpoint,,,,,,31.51,last reported sale price of the Shares on NASDAQ was $31.51,0.07108854331958092,,,offer price / the price the OFFER DOCUMENT itself states,common_or_unspecified,yes,,yes,"If I own fewer than 100 Shares and I tender all of my Shares, will I be subject to proration? If you are the owner of fewer than 100 Shares in the aggregate, whether such Shares are owned beneficially or of record, if you validly tender all of these Shares at or below the Purchase Price prior to the Expiration Time (and do not validly withdraw such Shares) and you complete the section entitled Odd Lots in the Letter of Transmittal and, if applicable, in the Notice of Guaranteed Delivery, and all conditions to the Offer are satisfied or waived, we will purchase all of your Shares without subjecting them to proration.","On the terms and subject to the conditions of the Offer, if the number of Shares validly tendered at or below the Purchase Price and not validly withdrawn prior to the Expiration Time would result in an aggregate purchase price of more than $300,000,000, we will purchase Shares: first , from all holders of odd lots (persons who own fewer than 100 Shares) who validly tender all of their Shares at or below the Purchase Price and do not validly withdraw them prior to the Expiration Time (for the avoidance of doubt: tenders of less than all of the Shares owned by an odd lot holder will not qualify for this preference); second , subject to the conditional tender",odd-lot -> no-proration/priority: 'odd lots (persons who own fewer than 100 Shares) who validly tender all of their Shares at or below the Purchase Price and do not validly withdraw them prior to the Expiration Time (for the avoidance ' (<100-share threshold stated in the document),0001193125-22-195804,0001193125-22-195804,https://www.sec.gov/Archives/edgar/data/800240/000119312522195804/d322032dex99a1a.htm,c8049921a514b3984fecadfeb5a20d222ef161c5a49312dffb8b0652b7b27206,https://www.sec.gov/Archives/edgar/data/800240/000119312522220543/d262288dsctoia.htm,2022-08-15,5,4,False,"no ticker in submissions index, no non-traded language matched",not exchange-listed / no ticker in the submissions index,0001193125-22-220543,373193,d322032dsctoi.htm
CALIFORNIA FIRST LEASING CORP,0000803016,CFNB,OTC,listed,REIT,2022-11-15,,fixed_price,16.0,,,,16.0,16.0,,16.260000228881836,2022-11-14,16.049999237060547,2022-12-16,1.0,16.26,last reported sale price of the shares on the OTCQX Premier Market was $16.26,-0.015990159901599132,-0.015990173752889025,1.0000000140763736,offer price / the price the OFFER DOCUMENT itself states,common_or_unspecified,yes,,yes,"In addition, if more than 375,000 shares are validly tendered in the tender offer and not validly withdrawn, we will buy such shares on a pro rata basis, except for &ldquo;odd lots&rdquo; (lots held by beneficial owners of less than 100 shares), which will be purchased on a priority basis.","If more than 375,000 shares are validly tendered and not validly withdrawn, we will buy such shares as nearly as may be pro rata, disregarding fractions, according to the number of shares validly tendered (and not validly withdrawn) by each tendering shareholder prior to the Expiration Time, except for &ldquo;odd lots&rdquo; (lots held by beneficial owners of less than 100 shares), which will be purchased on a priority basis.","odd-lot -> no-proration/priority: 'odd lots&rdquo; (lots held by beneficial owners of less than 100 shares), which will be purchased on a priority basis' (<100-share threshold stated in the document)",0001104659-22-119145,0001104659-22-119145,https://www.sec.gov/Archives/edgar/data/803016/000110465922119145/tm2230549d1_ex99-a1a.htm,15ade31d9dc4dae09c9349678ceb4a16d22a4635f516c80857d0c4a2cd4bae1c,https://www.sec.gov/Archives/edgar/data/803016/000080301622000060/cfnb_scto2a.htm,2022-12-20,3,3,False,submissions index: ['CFNB'] on ['OTC']; no non-traded language in doc,"yfinance Close, dividends unadjusted, split basis restored to the offer date",0000803016-22-000060,332926,tm2230549d1_sctoi.htm
CALIFORNIA FIRST LEASING CORP,0000803016,CFNB,OTC,listed,REIT,2023-10-23,,fixed_price,16.5,,,,16.5,16.5,,16.5,2023-10-20,16.469999313354492,2023-11-24,1.0,16.5,last reported sale price of the shares on the OTCQX Premier Market was $16.50,0.0,0.0,1.0,offer price / the price the OFFER DOCUMENT itself states,common_or_unspecified,yes,,yes,"In addition, if more than 200,000 shares are validly tendered in the tender offer and not validly withdrawn, we will buy such shares on a pro rata basis, except for &ldquo;odd lots&rdquo; (lots held by beneficial owners of less than 100 shares), which will be purchased on a priority basis.","If more than 200,000 shares are validly tendered and not validly withdrawn, we will buy such shares as nearly as may be pro rata, disregarding fractions, according to the number of shares validly tendered (and not validly withdrawn) by each tendering shareholder prior to the Expiration Time, except for &ldquo;odd lots&rdquo; (lots held by beneficial owners of less than 100 shares), which will be purchased on a priority basis.","odd-lot -> no-proration/priority: 'odd lots&rdquo; (lots held by beneficial owners of less than 100 shares), which will be purchased on a priority basis' (<100-share threshold stated in the document)",0001174947-23-001224,0001174947-23-001224,https://www.sec.gov/Archives/edgar/data/803016/000117494723001224/ea187075ex-a1a_california.htm,7abd9574515638d198734b0b03f67475fd0511d0704316888454ef3eaaebb2ca,https://www.sec.gov/Archives/edgar/data/803016/000080301623000047/cfnb2024_scto3a.htm,2023-12-07,3,4,False,submissions index: ['CFNB'] on ['OTC']; no non-traded language in doc,"yfinance Close, dividends unadjusted, split basis restored to the offer date",0000803016-23-000047,341969,ea187075-sctoi_california.htm
CALIFORNIA FIRST LEASING CORP,0000803016,CFNB,OTC,listed,operating_company,2025-05-20,,fixed_price,18.5,,,,18.5,18.5,,18.700000762939453,2025-05-19,18.600000381469727,2025-06-20,1.0,18.7,last reported sale price of the shares on the OTCQX Premier Market was $18.70,-0.010695187165775333,-0.010695227528323081,1.0000000407989014,offer price / the price the OFFER DOCUMENT itself states,common_or_unspecified,yes,,yes,"In addition, if more than 330,000 shares are validly tendered in the tender offer and not validly withdrawn, we will buy such shares on a pro rata basis, except for &#x201c;odd lots&#x201d; (lots held by beneficial owners of less than 100&#x00a0;shares), which will be purchased on a priority basis.","If more than 330,000 shares are validly tendered and not validly withdrawn, we will buy such shares as nearly as may be pro rata, disregarding fractions, according to the number of shares validly tendered (and not validly withdrawn) by each tendering shareholder prior to the Expiration Time, except for &#x201c;odd lots&#x201d; (lots held by beneficial owners of less than 100 shares), which will be purchased on a priority basis.","odd-lot -> no-proration/priority: 'odd lots&#x201d; (lots held by beneficial owners of less than 100&#x00a0;shares), which will be purchased on a priority basis' (<100-share threshold stated in the document)",0001174947-25-000805,0001174947-25-000805,https://www.sec.gov/Archives/edgar/data/803016/000117494725000805/sctoi_ex99a1acalifornia.htm,dd6f210fe749b3f5445892bc016c49902c54956dabb750c47d9130803303f90e,https://www.sec.gov/Archives/edgar/data/803016/000080301625000020/cfnb2025_scto3a.htm,2025-06-30,3,4,False,submissions index: ['CFNB'] on ['OTC']; no non-traded language in doc,"yfinance Close, dividends unadjusted, split basis restored to the offer date",0000803016-25-000020,645306,sctoi0525_california.htm
MFS HIGH YIELD MUNICIPAL TRUST,0000809844,,,unknown,closed_end_or_interval_fund,2026-04-06,,nav_based,,,,99.0,,,,,,,,,3.62,closing price as of the close of the regular trading session of the NYSE was $3.62,,,,,common_or_unspecified,yes,,mentioned_no_priority_language,"Furthermore, the Fund holds positions in certain securities in smaller, &ldquo;odd lot&rdquo; position sizes, which are typically valued by the Fund at a price equivalent to larger, &ldquo;round lot&rdquo; position sizes in such securities.","Odd lot position sizes may trade at lower prices than round lot position sizes and, therefore, the Fund may receive proceeds from the sale of an odd lot position that are less than it would receive for the sale of a round lot position in the same security.","phrase present, no grant and no denial matched",0000930413-26-000980,0000930413-26-000980,https://www.sec.gov/Archives/edgar/data/809844/000093041326000980/c115878_ex99-a1i.htm,07fc1ee4da0050d3dec35fb5392a241f5ff9b6e2aa3351984406bc43296d5019,https://www.sec.gov/Archives/edgar/data/809844/000093041326001549/c116384_sctoia.htm,2026-05-11,1,3,False,"no ticker in submissions index, no non-traded language matched",not exchange-listed / no ticker in the submissions index,0000930413-26-001549,174771,c115878_sctoi.htm
Total Return Securities Fund,0000813623,SWZ,NYSE,listed,REIT,2025-12-19,2025-12-05,nav_based,,,,,6.81,6.81,,6.199999809265137,2025-12-18,6.099999904632568,2026-01-20,1.0,6.24,last reported sale price on the NYSE on such date for a share was $6.24,0.09134615384615374,0.098387130564632,0.993589713023259,offer price / the price the OFFER DOCUMENT itself states,common_or_unspecified,yes,,no_explicitly_denied,"This Offer will not have any special pro ration provision for odd-lot tenders, which means that all odd-lot tenders (including stockholders who own fewer than 100 shares) are subject to pro ration and will not receive priority.","6 This Offer will not have any special pro ration provision for odd-lot tenders, which means that all odd-lot tenders (including stockholders who own fewer than 100 shares) are subject to pro ration and will not receive priority.",document denies it: 'not have any special pro ration provision for odd-lot',0001999371-25-020802,0001999371-25-020802,https://www.sec.gov/Archives/edgar/data/813623/000199937125020802/ex99-a1i.htm,d775bccf6bbf0d1fa422e9502b76a3ea2ccd7337c40ac96cd5ae6dc399185ab1,https://www.sec.gov/Archives/edgar/data/813623/000199937126001460/swz-sctoia_012226.htm,2026-01-22,1,3,False,submissions index: ['SWZ'] on ['NYSE']; no non-traded language in doc,"yfinance Close, dividends unadjusted, split basis restored to the offer date",0001999371-26-001460,289777,swz_sctoi-121925.htm
Good Times Restaurants Inc.,0000825324,GTIM,Nasdaq,listed,operating_company,2021-08-13,2021-09-10,fixed_price,4.6,,,,4.6,4.6,,4.46999979019165,2021-08-12,4.940000057220459,2021-09-13,1.0,4.5,reported price of our common stock on Nasdaq was $4.50,0.022222222222222143,0.029082822351268023,0.9933332867092557,offer price / the price the OFFER DOCUMENT itself states,common_or_unspecified,yes,,yes,"If more than 1,413,000 shares are properly tendered, we will purchase all shares properly tendered on a pro rata basis, except for &ldquo;odd lots&rdquo; (lots held by owners of fewer than 100 shares), which we will purchase on a priority basis, and conditional tenders whose condition was not met, which we will not purchase (except as described in Section 6).","If I own fewer than 100 shares and I tender all of my shares, will I be subject to proration? If you own, beneficially or of record, fewer than 100 shares in the aggregate, you validly tender all of these shares prior to the Expiration Time (and do not validly withdraw such shares), all conditions to the Offer are satisfied or waived, and you complete the Section entitled &ldquo;Odd Lots&rdquo; in the Letter of Transmittal and, if applicable, in the Notice of Guaranteed Delivery , we will purchase all of your shares without subjecting them to the proration procedure.","odd-lot -> no-proration/priority: 'odd lots&rdquo; (lots held by owners of fewer than 100 shares), which we will purchase on a priority basis' (<100-share threshold stated in the document)",0001214659-21-008480,0001214659-21-008480,https://www.sec.gov/Archives/edgar/data/825324/000121465921008480/ex99_a1a.htm,ed3e967a0186550dc32c2366acd3889c1d38a04e96e0f376b39692b18701318e,https://www.sec.gov/Archives/edgar/data/825324/000121465921009500/d914210sctoia2.htm,2021-09-14,4,3,False,submissions index: ['GTIM'] on ['Nasdaq']; no non-traded language in doc,"yfinance Close, dividends unadjusted, split basis restored to the offer date",0001214659-21-009500,321859,gt812212sctoi.htm
Johnson Controls International plc,0000833444,JCI,NYSE,listed,operating_company,2019-05-03,,dutch_auction,,36.0,40.0,,,38.0,range_midpoint,38.97999954223633,2019-05-02,39.0,2019-06-03,1.0,38.98,last reported sale price of the Shares on the NYSE was $38.98,-0.025141097998973794,-0.025141086550667158,0.9999999882564476,offer price / the price the OFFER DOCUMENT itself states,common_or_unspecified,yes,,yes,"Odd lots will be accepted for payment before any proration of the purchase of other tendered Shares, provided that (a) this priority is not available to partial tenders or to beneficial or record holders of 100 or more Shares in the aggregate, even if these holders have separate accounts or certificates representing fewer than 100 Shares, and (b) to qualify for this priority, an Odd Lot Holder must tender all Shares owned by the Odd Lot Holder in accordance with the procedures described in Section 3.","If I own fewer than 100 Shares and I tender all of my Shares, will I be subject to proration? If you own, beneficially or of record, fewer than 100 Shares in the aggregate, you properly tender all of these Shares at or below the Purchase Price and do not properly withdraw them before the Expiration Date, and you complete the section entitled Odd Lots in the Letter of Transmittal and, if applicable, in the Notice of Guaranteed Delivery, we will purchase all of your Shares without subjecting them to the proration procedure, upon the terms and subject to the conditions of the Offer.",odd-lot -> no-proration/priority: 'Odd lots will be accepted for payment before any prorat' (<100-share threshold stated in the document),0001193125-19-136950,0001193125-19-136950,https://www.sec.gov/Archives/edgar/data/833444/000119312519136950/d719753dex99a1a.htm,e9c09cd29a15bea85100655d6ac1b55590115265cb186f333d1808d70c2f1778,https://www.sec.gov/Archives/edgar/data/833444/000119312519165512/d686286dsctoia.htm,2019-06-05,8,7,False,submissions index: ['JCI'] on ['NYSE']; no non-traded language in doc,"yfinance Close, dividends unadjusted, split basis restored to the offer date",0001193125-19-165512,444825,d719753dsctoi.htm
"BLACKROCK MUNIVEST FUND, INC.",0000835948,,,unknown,closed_end_or_interval_fund,2024-07-22,,nav_based,,,,,,,,,,,,,,,,,,,common_or_unspecified,yes,,mentioned_no_priority_language,(d) Each Conditional Tender Offer shall require odd lot tenders to be subject to the same proration terms as tenders of 100 shares or more.,,"phrase present, no grant and no denial matched",0001193125-24-182254,0001193125-24-182254,https://www.sec.gov/Archives/edgar/data/835948/000119312524182254/d848973dex99d4.htm,eb898aeec9aca7a509332de9a3a68dd72b7835a18daa2b9676edd1136f3d0327,https://www.sec.gov/Archives/edgar/data/835948/000119312524205551/d858494dsctoia.htm,2024-08-23,1,3,False,"no ticker in submissions index, no non-traded language matched",not exchange-listed / no ticker in the submissions index,0001193125-24-205551,52580,d848973dsctoi.htm
Virtus Total Return Fund Inc.,0000836412,ZTR,NYSE,listed,closed_end_or_interval_fund,2024-04-02,,nav_based,,,,98.0,,,,5.519999980926514,2024-04-01,5.349999904632568,2024-05-03,1.0,,,,,,,common_or_unspecified,yes,,no_explicitly_denied,"This tender offer will not have any special pro ration provision for odd-lot tenders, which means that all odd-lot tenders (including Stockholders who own fewer than 100 Shares) are subject to proration.",,document denies it: 'not have any special pro ration provision for odd-lot',0001193125-24-084792,0001193125-24-084792,https://www.sec.gov/Archives/edgar/data/836412/000119312524084792/d823267dex99a1i.htm,a6d7ba719cf98a354f0aa4fcccb43ac170c41a686e4e5a6fdb15eb12bb2b4774,https://www.sec.gov/Archives/edgar/data/836412/000119312524132867/d808757dsctoia.htm,2024-05-07,4,4,False,submissions index: ['ZTR'] on ['NYSE']; no non-traded language in doc,"yfinance Close, dividends unadjusted, split basis restored to the offer date",0001193125-24-132867,157512,d823267dsctoi.htm
Virtus Total Return Fund Inc.,0000836412,ZTR,NYSE,listed,closed_end_or_interval_fund,2025-01-07,,nav_based,,,,98.0,,,,5.929999828338623,2025-01-06,5.880000114440918,2025-02-07,1.0,,,,,,,common_or_unspecified,yes,,no_explicitly_denied,"This tender offer will not have any special pro ration provision for odd lot tenders, which means that all odd lot tenders (including Stockholders who own fewer than 100 Shares) are subject to proration.","This tender offer will not have any special pro ration provision for odd-lot tenders, which means that all odd-lot tenders (including Stockholders who own fewer than 100 Shares) are subject to proration.",document denies it: 'not have any special pro ration provision for odd lot',0001193125-25-002373,0001193125-25-002373,https://www.sec.gov/Archives/edgar/data/836412/000119312525002373/d899680dex99a1i.htm,4e7b978f3e7a1903ba7f9e5988ccdea1a22ae48fa599b34b8b5b8137e344513b,https://www.sec.gov/Archives/edgar/data/836412/000119312525024907/d891277dsctoia.htm,2025-02-12,4,3,False,submissions index: ['ZTR'] on ['NYSE']; no non-traded language in doc,"yfinance Close, dividends unadjusted, split basis restored to the offer date",0001193125-25-024907,162077,d899680dsctoi.htm
Virtus Total Return Fund Inc.,0000836412,ZTR,NYSE,listed,closed_end_or_interval_fund,2025-11-03,,nav_based,,,,98.0,,,,6.46999979019165,2025-10-31,6.349999904632568,2025-12-04,1.0,,,,,,,common_or_unspecified,yes,,no_explicitly_denied,"This tender offer will not have any special pro ration provision for odd lot tenders, which means that all odd lot tenders (including Stockholders who own fewer than 100 Shares) are subject to proration.","This tender offer will not have any special pro ration provision for odd-lot tenders, which means that all odd-lot tenders (including Stockholders who own fewer than 100 Shares) are subject to proration.",document denies it: 'not have any special pro ration provision for odd lot',0001193125-25-262287,0001193125-25-262287,https://www.sec.gov/Archives/edgar/data/836412/000119312525262287/d163686dex99a1i.htm,fcc40de78949353d4878380742c7d3909304f8505516b22195cc49d35565a650,https://www.sec.gov/Archives/edgar/data/836412/000119312525311337/d68453dsctoia.htm,2025-12-08,4,4,False,submissions index: ['ZTR'] on ['NYSE']; no non-traded language in doc,"yfinance Close, dividends unadjusted, split basis restored to the offer date",0001193125-25-311337,157051,d163686dsctoi.htm
ISABELLA BANK CORP,0000842517,ISBA,Nasdaq,listed,operating_company,2021-09-02,,dutch_auction,,23.0,27.0,,23.0,,,23.0,2021-09-01,26.5,2021-10-04,1.0,,,,0.0,,,common_or_unspecified,yes,,yes,"Number of Shares NOTE SIGNATURES MUST BE PROVIDED BELOW PLEASE READ THE ACCOMPANYING INSTRUCTIONS CAREFULLY ODD LOTS (See Instruction 6) To be completed only if shares are being tendered by or on behalf of a person owning, beneficially or of record, an aggregate of fewer than 100 shares.","If you are an ""odd lot"" holder and you tender all of your shares, you cannot conditionally tender, since your shares will not be subject to proration.","odd-lot -> no-proration/priority: 'odd lot"" holder and you tender all of your shares, you cannot conditionally tender, since your shares will not be subject to prorat' (<100-share threshold stated in the document)",0000842517-21-000181,0000842517-21-000181,https://www.sec.gov/Archives/edgar/data/842517/000084251721000181/isba_2021xto-ixexa1iixform.htm,1f28690cfd361ffc4e3a19026778b6b4613b8c2e666815bcd1008e53739e58cb,https://www.sec.gov/Archives/edgar/data/842517/000084251721000211/isba_2021xto-iamendmentno2.htm,2021-10-18,3,3,False,submissions index: ['ISBA'] on ['Nasdaq']; no non-traded language in doc,"yfinance Close, dividends unadjusted, split basis restored to the offer date",0000842517-21-000211,492980,isba_2021xto-i.htm
"abrdn Emerging Markets ex-China Fund, Inc.",0000846676,AEF,NYSE,listed,operating_company,2019-05-17,,nav_based,,,,,,,,7.119999885559082,2019-05-16,7.150000095367432,2019-06-17,1.0,,,,,,,common_or_unspecified,yes,,mentioned_no_priority_language,(d) The Tender Offer shall require odd lot tenders to be subject to the same proration terms as tenders of 100 shares or more.,,"phrase present, no grant and no denial matched",0001104659-19-030150,0001104659-19-030150,https://www.sec.gov/Archives/edgar/data/846676/000110465919030150/a19-8683_1ex99dd.htm,ecec6b783c1da4595563bed35362934056f43acdc49c2d5581f25230cec301b0,https://www.sec.gov/Archives/edgar/data/846676/000110465919036915/a19-11472_7sctoia.htm,2019-06-21,2,4,False,submissions index: ['AEF'] on ['NYSE']; no non-traded language in doc,"yfinance Close, dividends unadjusted, split basis restored to the offer date",0001104659-19-036915,63392,a19-8683_1sctoi.htm
MFS INVESTMENT GRADE MUNICIPAL TRUST,0000847411,,,unknown,closed_end_or_interval_fund,2026-04-13,,nav_based,,,,99.0,,,,,,,,,8.21,closing price as of the close of the regular trading session of the NYSE was $8.21,,,,,common_or_unspecified,yes,,mentioned_no_priority_language,"Furthermore, the Fund holds positions in certain securities in smaller, &ldquo;odd lot&rdquo; position sizes, which are typically valued by the Fund at a price equivalent to larger, &ldquo;round lot&rdquo; position sizes in such securities.","Odd lot position sizes may trade at lower prices than round lot position sizes and, therefore, the Fund may receive proceeds from the sale of an odd lot position that are less than it would receive for the sale of a round lot position in the same security.","phrase present, no grant and no denial matched",0000930413-26-001040,0000930413-26-001040,https://www.sec.gov/Archives/edgar/data/847411/000093041326001040/c115877_ex99-a1i.htm,123202a948439876eebcb530823fca09d2d6111c1205abc703bd38d2a6149498,https://www.sec.gov/Archives/edgar/data/847411/000093041326001670/c116424_sctoia.htm,2026-05-19,1,3,False,"no ticker in submissions index, no non-traded language matched",not exchange-listed / no ticker in the submissions index,0000930413-26-001670,169750,c115877_sctoi.htm
JAPAN SMALLER CAPITALIZATION FUND INC,0000859796,JOF,NYSE,listed,REIT,2026-06-01,,nav_based,,,,98.0,,,,11.800000190734863,2026-05-29,11.680000305175781,2026-07-02,1.0,,,,,,,common_or_unspecified,yes,,no_explicitly_denied,"This tender offer will not have any special proration provision for odd lot tenders, which means that all odd lot tenders (including Stockholders who own fewer than 100 Shares) are subject to proration.",,document denies it: 'not have any special proration provision for odd lot',0001140361-26-023437,0001140361-26-023437,https://www.sec.gov/Archives/edgar/data/859796/000114036126023437/ny20074859x2_exa1i.htm,b15967ce4968df871833c66610812c8465e54860df027b6339d13f6b2da121a6,https://www.sec.gov/Archives/edgar/data/859796/000114036126028294/ny20077603x1_sctoia.htm,2026-07-13,1,2,False,submissions index: ['JOF'] on ['NYSE']; no non-traded language in doc,"yfinance Close, dividends unadjusted, split basis restored to the offer date",0001140361-26-028294,177526,ny20074859x2_sctoi.htm
Monster Beverage Corp,0000865752,MNST,Nasdaq,listed,operating_company,2024-05-08,,dutch_auction,,53.0,60.0,,,56.5,range_midpoint,54.66999816894531,2024-05-07,51.0,2024-06-10,2.0,54.67,closing price of our common stock on the NASDAQ was $54.67,0.0334735686848362,0.03347360329882365,0.9999999665071394,offer price / the price the OFFER DOCUMENT itself states,common_or_unspecified,yes,,yes,"If I own less than 100 shares and I tender all of my shares, will I be subject to proration? If you are the owner of less than 100 shares in the aggregate, whether such shares are owned beneficially or of record, you validly tender all of these shares at or below the Purchase Price prior to the Expiration Time (and do not validly withdraw such shares) and you complete the section entitled ""Odd Lots"" in the Letter of Transmittal and, if applicable, in the Notice of Guaranteed Delivery, and all conditions to the Offer are satisfied or waived, we will purchase all of your shares without subjecting them to proration.","If the terms and conditions of the Offer have been satisfied or waived and shares validly tendered at or below the Purchase Price and not validly withdrawn prior to the Expiration Time would result in an aggregate purchase price of more than the Maximum Offer Amount, we will purchase shares in the following order of priority: First , all shares owned in ""odd lots"" (less than 100 shares) that have been validly tendered at or below the Purchase Price (and not validly withdrawn prior to the Expiration Time), except that tenders of less than all of the shares owned by an ""odd lot"" holder will not qualify for this preference; Second , all other tendered shares (other than conditionally tendered shares for whic","odd-lot -> no-proration/priority: 'odd lots"" (less than 100 shares) that have been validly tendered at or below the Purchase Price (and not validly withdrawn prior to the Expiration Time), except that tenders of less than all of the sh' (<100-share threshold stated in the document)",0001104659-24-058430,0001104659-24-058430,https://www.sec.gov/Archives/edgar/data/865752/000110465924058430/tm2413707d1_exa1a.htm,83542df47963a8daca1c71aad2cc56f10f4d54e9de58d354b9460f694603d4c6,https://www.sec.gov/Archives/edgar/data/865752/000110465924069878/tm2413707d12_sctoia.htm,2024-06-10,5,5,False,submissions index: ['MNST'] on ['Nasdaq']; no non-traded language in doc,"yfinance Close, dividends unadjusted, split basis restored to the offer date",0001104659-24-069878,793118,tm2413707-1_sctoi.htm
"ABRDN JAPAN EQUITY FUND, INC.",0000866095,,,unknown,closed_end_or_interval_fund,2025-08-01,,nav_based,,,,98.0,,,,,,,,,7.6,last reported sale price on the NYSE on such date for a Share was $7.60,,,,,common_or_unspecified,yes,,mentioned_no_priority_language,"If a shareholder owns in the aggregate of not more than 99 Shares (i.e., an ""odd lot"") and tenders all his or her Shares, and so certifies in the Letter of Transmittal (directly, or indirectly through his or her broker) and, if applicable, in the Notice of Guaranteed Delivery, all such Shares tendered will be accepted and will not be taken into account in prorating the remaining Shares.","If more than 7,072,985 Shares are duly tendered for purchase pursuant to the Offer (and not timely withdrawn as provided in Section 5), the Fund will purchase the Offer Amount on a pro rata basis (after taking into account ""odd lots"" as explained below and disregarding fractions) based upon the number of Shares duly tendered (and not timely withdrawn) by or on behalf of each shareholder.","phrase present, no grant and no denial matched",0001104659-25-073104,0001104659-25-073104,https://www.sec.gov/Archives/edgar/data/866095/000110465925073104/tm2522082d2_ex99-xax1xi.htm,2e1e820be69f8477d8054e869c86f1a458e19a9bcab0f06e3d24d9127ac71b33,https://www.sec.gov/Archives/edgar/data/866095/000110465925087759/tm2525031d2_sctoia.htm,2025-09-05,3,4,False,"no ticker in submissions index, no non-traded language matched",not exchange-listed / no ticker in the submissions index,0001104659-25-087759,343302,tm2522082d1_sctoi.htm
SCHOLASTIC CORP,0000866729,SCHL,Nasdaq,listed,operating_company,2022-10-25,2022-11-22,dutch_auction,,35.0,40.0,,,37.5,range_midpoint,37.130001068115234,2022-10-24,41.90999984741211,2022-11-23,1.0,37.13,last reported sale price of the Shares was $37.13,0.009964987880419995,0.009964958826852666,1.0000000287669064,offer price / the price the OFFER DOCUMENT itself states,common_or_unspecified,yes,,yes,"However, to qualify for the priority in case of proration, an Odd Lot Holder must tender all Shares owned by any such Odd Lot Holder, as described in Section 1.","We may not purchase all of the Shares tendered at or below the Purchase Price because of proration, Odd Lot priority and conditional tender provisions described in this Offer to Purchase.",odd-lot -> no-proration/priority: 'Odd Lot priority' (<100-share threshold stated in the document),0001193125-22-268161,0001193125-22-268161,https://www.sec.gov/Archives/edgar/data/866729/000119312522268161/d288498dex99a1a.htm,0fb76acfa5525101ea64c0bf2dfb351adf23779940ed86f89173298ce030dde1,https://www.sec.gov/Archives/edgar/data/866729/000119312522293453/d366193dsctoia.htm,2022-11-28,6,3,False,submissions index: ['SCHL'] on ['Nasdaq']; no non-traded language in doc,"yfinance Close, dividends unadjusted, split basis restored to the offer date",0001193125-22-293453,511786,d288498dsctoi.htm
SCHOLASTIC CORP,0000866729,SCHL,Nasdaq,listed,operating_company,2026-03-23,2024-07-31,dutch_auction,,36.0,40.0,,,38.0,range_midpoint,37.25,2026-03-20,42.060001373291016,2026-04-23,1.0,37.25,last reported sale price of the Shares was $37.25,0.020134228187919545,0.020134228187919545,1.0,offer price / the price the OFFER DOCUMENT itself states,common_or_unspecified,yes,,yes,"However, to qualify for the priority in case of proration, an Odd Lot Holder must tender all Shares owned by any such Odd Lot Holder, as described in Section 1.","We may not purchase all of the Shares tendered, including because of proration, ""Odd Lot"" priority and conditional tender provisions described in this Offer to Purchase.","odd-lot -> no-proration/priority: 'Odd Lot"" priority' (<100-share threshold stated in the document)",0001193125-26-118703,0001193125-26-118703,https://www.sec.gov/Archives/edgar/data/866729/000119312526118703/d110281dex99a1a.htm,8a9bc966adfe9ff419b09a2007f56f665e5c42f6620b6555aa788d69fa42685b,https://www.sec.gov/Archives/edgar/data/866729/000119312526173633/d137954dsctoia.htm,2026-04-23,6,4,False,submissions index: ['SCHL'] on ['Nasdaq']; no non-traded language in doc,"yfinance Close, dividends unadjusted, split basis restored to the offer date",0001193125-26-173633,507490,d110281dsctoi.htm
INCYTE CORP,0000879169,INCY,Nasdaq,listed,operating_company,2024-05-13,,dutch_auction,,52.0,60.0,,,56.0,range_midpoint,53.060001373291016,2024-05-10,62.689998626708984,2024-06-13,1.0,53.06,closing price per share of our shares was $53.06,0.0554089709762533,0.055408943660316234,1.0000000258818509,offer price / the price the OFFER DOCUMENT itself states,common_or_unspecified,yes,,yes,"If more than $1.672 billion of the Company's shares are properly tendered at or below the Final Purchase Price, we will purchase all shares properly tendered on a pro rata basis, except for ""odd lots"" (lots held by owners of fewer than 100 shares), which we will purchase on a priority basis, and conditional tenders whose condition was not met, which we will not purchase (except as described in Section 6).","If I own fewer than 100 shares and I tender all of my shares, will I be subject to proration? If you own, beneficially or of record, fewer than 100 shares in the aggregate, you properly tender all of those shares at or below the Final Purchase Price before the Offer expires and you complete the section entitled ""Odd Lots"" in the Letter of Transmittal and, if applicable, in the Notice of Guaranteed Delivery, we will purchase all of your shares without subjecting them to the proration procedure.","odd-lot -> no-proration/priority: 'odd lots"" (lots held by owners of fewer than 100 shares), which we will purchase on a priority basis' (<100-share threshold stated in the document)",0001104659-24-060326,0001104659-24-060326,https://www.sec.gov/Archives/edgar/data/879169/000110465924060326/tm2413972d1_ex-a1a.htm,7537fbaa5f45e4404219e96b8c9c5690cdabb0078267726fdc743f87c6a549ee,https://www.sec.gov/Archives/edgar/data/879169/000110465924071072/tm2416455d3_sctoia.htm,2024-06-13,7,5,False,submissions index: ['INCY'] on ['Nasdaq']; no non-traded language in doc,"yfinance Close, dividends unadjusted, split basis restored to the offer date",0001104659-24-071072,500836,tm2413972-1_sctoi.htm
TARO PHARMACEUTICAL INDUSTRIES LTD,0000906338,,,unknown,operating_company,2019-11-15,,dutch_auction,,80.0,92.0,,,86.0,range_midpoint,,,,,,76.22,closing price per share of our ordinary shares was $76.22,0.12831277879821568,,,offer price / the price the OFFER DOCUMENT itself states,common_or_unspecified,yes,,yes,"If more than $225 million in value of the Company s shares are properly tendered at the Final Purchase Price, we will purchase all shares properly tendered on a pro rata basis, except for odd lots (lots held by owners of fewer than 100 shares), which we will purchase on a priority basis, and conditional tenders whose condition was not met, which we will not purchase (except as described in Section 6).","If I own fewer than 100 shares and I tender all of my shares, will I be subject to proration? If you own, beneficially or of record, fewer than 100 shares in the aggregate, you properly tender all of those shares at or below the Final Purchase Price before the Offer expires and you complete the section entitled Odd Lots in the Letter of Transmittal and, if applicable, in the Notice of Guaranteed Delivery, we will purchase all of your shares without subjecting them to the proration procedure.","odd-lot -> no-proration/priority: 'odd lots (lots held by owners of fewer than 100 shares), which we will purchase on a priority basis' (<100-share threshold stated in the document)",0001193125-19-293464,0001193125-19-293464,https://www.sec.gov/Archives/edgar/data/906338/000119312519293464/d827209dex99a1a.htm,b41de0d8f7dec4e0790a28b6299e884b48bc2754b334b9913afe6e8e5148431b,https://www.sec.gov/Archives/edgar/data/906338/000119312519319505/d851557dsctoia.htm,2019-12-20,6,4,False,"no ticker in submissions index, no non-traded language matched",not exchange-listed / no ticker in the submissions index,0001193125-19-319505,346375,d827209dsctoi.htm
LENNAR CORP /NEW/,0000920760,"LEN,LEN-B","NYSE,NYSE",listed,operating_company,2025-10-10,2025-11-21,split_off_exchange_offer,,,,,,,,117.91000366210938,2025-10-09,122.95999908447266,2025-11-24,1.0,,,,,,,common_or_unspecified,yes,proration factor of 8,yes,"Stockholders who owned fewer than 100 shares of Lennar Class A common stock, or an ""odd-lot,"" who have validly tendered all of their shares, will not be subject to proration, in accordance with the terms of the Exchange Offer.",,"odd-lot -> no-proration/priority: 'odd-lot,"" who have validly tendered all of their shares, will not be subject to prorat' (<100-share threshold stated in the document)",0001193125-25-236510,0001193125-25-236510,https://www.sec.gov/Archives/edgar/data/920760/000119312525293854/d876414dsctoia.htm,5de44f77dcf5c93a7b82549d2bef08b083d2b9c266e113dedaee12a3b775b824,https://www.sec.gov/Archives/edgar/data/920760/000119312525300679/d876414dsctoia.htm,2025-11-26,2,9,False,"submissions index: ['LEN', 'LEN-B'] on ['NYSE', 'NYSE']; no non-traded language in doc","yfinance Close, dividends unadjusted, split basis restored to the offer date",0001193125-25-300679,22862,d13963dsctoi.htm
DAVITA INC.,0000927066,DVA,NYSE,listed,operating_company,2019-07-22,2019-08-16,dutch_auction,,53.5,61.5,,56.5,56.5,,56.04999923706055,2019-07-19,56.970001220703125,2019-08-19,1.0,56.05,closing price of our common stock on the NYSE was $56.05,0.00802854594112401,0.008028559662172308,0.9999999863882346,offer price / the price the OFFER DOCUMENT itself states,common_or_unspecified,yes,,yes,"If I own fewer than 100 shares and I tender all of my shares, will I be subject to proration? If you own, beneficially or of record, fewer than 100 shares in the aggregate, you validly tender all of these shares at or below the Purchase Price prior to the Expiration Time (and do not validly withdraw such shares) and you complete the section entitled Odd Lots in the Letter of Transmittal and, if applicable, in the Notice of Guaranteed Delivery, and all conditions to the Offer are satisfied or waived, we will purchase all of your shares without subjecting them to proration.","If the conditions to the Offer have been satisfied or waived and shares validly tendered at or below the Purchase Price and not validly withdrawn prior to the Expiration Time would result in an aggregate Purchase Price of more than $1.2 billion, we will purchase shares in the following order of priority: first, all shares owned in odd lots (less than 100 shares) that have been validly tendered at or below the Purchase Price (and not validly withdrawn prior to the Expiration Time), as indicated by completing the section entitled Odd Lots in the Letter of Transmittal or, in the case of a book-entry transfer, an Agent s Message (as defined below) and, if applicable, in the Notice of G",odd-lot -> no-proration/priority: 'odd lot priority' (<100-share threshold stated in the document),0001193125-19-198449,0001193125-19-198449,https://www.sec.gov/Archives/edgar/data/927066/000119312519198449/d726897dex99a1a.htm,eadf8983e4580d7d893fe62f8baf8135a1a59fd810a79d3529f41c202a84767b,https://www.sec.gov/Archives/edgar/data/927066/000119312519227243/d768070dsctoia.htm,2019-08-23,4,6,False,submissions index: ['DVA'] on ['NYSE']; no non-traded language in doc,"yfinance Close, dividends unadjusted, split basis restored to the offer date",0001193125-19-227243,661848,d726897dsctoi.htm
DAVITA INC.,0000927066,DVA,NYSE,listed,operating_company,2020-08-17,2020-09-14,dutch_auction,,77.0,88.0,,88.0,88.0,,82.16999816894531,2020-08-14,89.83999633789062,2020-09-15,1.0,82.17,closing price of our common stock on the NYSE was $82.17,0.07095046854082998,0.07095049240560924,0.9999999777162628,offer price / the price the OFFER DOCUMENT itself states,common_or_unspecified,yes,,yes,"8 Table of Contents If I own fewer than 100 shares and I tender all of my shares, will I be subject to proration? If you own, beneficially or of record, fewer than 100 shares in the aggregate, you validly tender all of these shares at or below the Purchase Price prior to the Expiration Time (and do not validly withdraw such shares) and you complete the section entitled Odd Lots in the Letter of Transmittal and, if applicable, in the Notice of Guaranteed Delivery, and all conditions to the Offer are satisfied or waived, we will purchase all of your shares without subjecting them to proration.","If the conditions to the Offer have been satisfied or waived and shares validly tendered at or below the Purchase Price and not validly withdrawn prior to the Expiration Time would result in an aggregate Purchase Price of more than $1.0 billion, we will purchase shares in the following order of priority: first, all shares owned in odd lots (less than 100 shares) that have been validly tendered at or below the Purchase Price (and not validly withdrawn prior to the Expiration Time), as indicated by completing the section entitled Odd Lots in the Letter of Transmittal or, in the case of a book-entry transfer, an Agent s Message (as defined below) and, if applicable, in the Notice of G",odd-lot -> no-proration/priority: 'odd lot priority' (<100-share threshold stated in the document),0001193125-20-221812,0001193125-20-221812,https://www.sec.gov/Archives/edgar/data/927066/000119312520221812/d905943dex99a1a.htm,c0c5535557a3de17a6b339c7471d22ba60f44c0c03385a998c40eb904c132cfd,https://www.sec.gov/Archives/edgar/data/927066/000119312520248090/d97038dsctoia.htm,2020-09-17,7,5,False,submissions index: ['DVA'] on ['NYSE']; no non-traded language in doc,"yfinance Close, dividends unadjusted, split basis restored to the offer date",0001193125-20-248090,397331,d905943dsctoi.htm
MCKESSON CORP,0000927653,MCK,NYSE,listed,operating_company,2020-02-10,,split_off_exchange_offer,,,,,,,,156.32000732421875,2020-02-07,124.02999877929688,2020-03-12,1.0,,,,,,,common_or_unspecified,yes,proration factor of approximately 14,yes,"Stockholders who owned fewer than 100 shares of McKesson common stock, or an odd lot, and who validly tendered all of their shares are not subject to proration in accordance with the terms of the exchange offer.",,"odd-lot -> no-proration/priority: 'odd lot, and who validly tendered all of their shares are not subject to prorat' (<100-share threshold stated in the document)",0001193125-20-029074,0001193125-20-029074,https://www.sec.gov/Archives/edgar/data/927653/000119312520068781/d880776dex99a5xxiii.htm,e7ec6b207c9401e6a25f594c1f4db42188bf0ad4158551b7bffc8a61a65af9d4,https://www.sec.gov/Archives/edgar/data/927653/000119312520070982/d880776dsctoia.htm,2020-03-12,4,5,False,submissions index: ['MCK'] on ['NYSE']; no non-traded language in doc,"yfinance Close, dividends unadjusted, split basis restored to the offer date",0001193125-20-070982,13456,d880776dsctoi.htm
"COVENANT LOGISTICS GROUP, INC.",0000928658,CVLG,NYSE,listed,operating_company,2021-08-09,,dutch_auction,,21.0,23.0,,,22.0,range_midpoint,40.540000915527344,2021-08-06,45.08000183105469,2021-09-09,4.0,20.27,last reported sale price of the Shares was $20.27,0.08534780463739522,-0.45732610993667455,2.000000045166618,offer price / the price the OFFER DOCUMENT itself states,common_or_unspecified,yes,,yes,"If I own fewer than 100 Shares and I tender all of my Shares, will I be subject to proration? If you own, beneficially or of record, fewer than 100 Shares in the aggregate, you properly tender all of these Shares at or below the Purchase Price and do not properly withdraw them before the Expiration Date, and you complete the section entitled ""Odd Lots"" in the Letter of Transmittal and, if applicable, in the Notice of Guaranteed Delivery, we will purchase all of your Shares without subjecting them to the proration procedure.","on 1) of less than 100 Shares at the Final Purchase Price from stockholders who properly tender all of their Shares at or below the Final Purchase Price and who do not properly withdraw them before the Expiration Date (tenders of less than all of the Shares owned, beneficially or of record, by such Odd Lot Holder (as defined in Section 1) will not qualify for this preference); second , after purchasing all the Odd Lots that were properly tendered at or below the Purchase Price, subject to the conditional tender provisions described in Section 6 (whereby a holder may specify a minimum number of such holder's Shares that must be purchased if any such",odd-lot -> no-proration/priority: 'Odd Lot Holder (as defined in Section 1) will not qualify for this preference' (<100-share threshold stated in the document),0001008886-21-000080,0001008886-21-000080,https://www.sec.gov/Archives/edgar/data/928658/000100888621000080/exhibit99a1i.htm,ef21a6e6cc36d055857292ff892adbd7e70e8c0bac44fdb77fa64adb026edb7e,https://www.sec.gov/Archives/edgar/data/928658/000100888621000093/scheduletoiatwo.htm,2021-09-09,5,3,False,submissions index: ['CVLG'] on ['NYSE']; no non-traded language in doc,"yfinance Close, dividends unadjusted, split basis restored to the offer date",0001008886-21-000093,478070,scheduletoi.htm
WAFD INC,0000936528,"WAFD,WAFDP","Nasdaq,Nasdaq",listed,operating_company,2021-02-09,2021-03-09,dutch_auction,,26.5,31.0,,26.5,26.5,,28.93000030517578,2021-02-08,32.61000061035156,2021-03-10,1.0,28.93,last reported sale price of the shares on the NASDAQ was $28.93,-0.08399585205668858,-0.08399586171940121,1.0000000105487654,offer price / the price the OFFER DOCUMENT itself states,common_or_unspecified,yes,,yes,"If I own fewer than 100 shares and I tender all of my shares, will I be subject to proration? If you own, beneficially or of record, fewer than an aggregate of 100 shares, you properly tender all of such shares at or below the Purchase Price prior to the Expiration Time (and do not properly withdraw such shares) -5- Table of Contents and you complete the section entitled Odd Lots in the Letter of Transmittal and, if applicable, in the Notice of Guaranteed Delivery, and all conditions to the tender offer are satisfied or waived, we will purchase all of your shares without subjecting them to proration.","If the conditions to the tender offer have been satisfied or waived and shares having an aggregate purchase price in excess of $290,000,000, measured at the maximum price at which such shares were properly tendered, have been properly tendered and not properly withdrawn prior to the Expiration Time, we will buy shares in the following order of priority: first, from all holders of odd lots (holders of fewer than 100 shares) who properly tender all their shares at or below the Purchase Price and do not properly withdraw them before the Expiration Time; second, on a pro rata basis, with appropriate adjustment to avoid purchases of fractional shares, from all other stockholders who properly tender shares at or below the Purchase Price",odd-lot -> no-proration/priority: 'odd lot priority' (<100-share threshold stated in the document),0001193125-21-033405,0001193125-21-033405,https://www.sec.gov/Archives/edgar/data/936528/000119312521033405/d107908dex99a1i.htm,78e12cdaba54c607128c161f5507eb31da3d5b54bbf0cd148b3a6bb9d4f126f6,https://www.sec.gov/Archives/edgar/data/936528/000119312521078739/d129630dsctoia.htm,2021-03-12,4,3,False,"submissions index: ['WAFD', 'WAFDP'] on ['Nasdaq', 'Nasdaq']; no non-traded language in doc","yfinance Close, dividends unadjusted, split basis restored to the offer date",0001193125-21-078739,305469,d107908dsctoi.htm
"TRINET GROUP, INC.",0000937098,TNET,NYSE,listed,operating_company,2022-02-17,2022-03-17,dutch_auction,,83.0,97.0,,,90.0,range_midpoint,81.22000122070312,2022-02-16,92.83000183105469,2022-03-18,1.0,81.22,last reported sale price of the shares on the NYSE was $81.22,0.10810145284412709,0.10810143618981916,1.0000000150295878,offer price / the price the OFFER DOCUMENT itself states,common_or_unspecified,yes,,yes,"We will determine the Purchase Price promptly following the Expiration Date and the guaranteed delivery period, on the terms and subject to the conditions of the Offer to Purchase (including the ""odd lot"" (holders of fewer than 100 shares) priority, proration and conditional tender provisions).","For purposes of the tender offer, we will be deemed to have accepted for payment, subject to the ""odd lot"" (holders of fewer than 100 shares) priority, proration and conditional tender provisions of the tender offer, shares that are properly tendered at or below the Purchase Price and not properly withdrawn, only when, as and if we give oral or written notice to the Depositary of our acceptance of the shares for payment pursuant to the tender offer.","odd-lot -> no-proration/priority: 'odd lot"" (holders of fewer than 100 shares) priority' (<100-share threshold stated in the document)",0001104659-22-024466,0001104659-22-024466,https://www.sec.gov/Archives/edgar/data/937098/000110465922024466/tm226423d1_exh-a1i.htm,75ca59a0b9b591c9562a44c6d50123ffaf613e13254116bd914ea11847c31191,https://www.sec.gov/Archives/edgar/data/937098/000110465922036318/tm226423d10_sctoia.htm,2022-03-22,4,3,False,submissions index: ['TNET'] on ['NYSE']; no non-traded language in doc,"yfinance Close, dividends unadjusted, split basis restored to the offer date",0001104659-22-036318,650064,tm226423-1_sctoi.htm
"TRINET GROUP, INC.",0000937098,TNET,NYSE,listed,operating_company,2022-11-07,2022-12-06,dutch_auction,,63.0,72.0,,,67.5,range_midpoint,61.75,2022-11-04,67.06999969482422,2022-12-07,1.0,61.75,last reported sale price of the shares on the NYSE was $61.75,0.09311740890688269,0.09311740890688269,1.0,offer price / the price the OFFER DOCUMENT itself states,common_or_unspecified,yes,,yes,"We will determine the Purchase Price promptly following the Expiration Date and the guaranteed delivery period, on the terms and subject to the conditions of the Offer to Purchase (including the ""odd lot"" (holders of fewer than 100 shares) priority, proration and conditional tender provisions).","For purposes of the tender offer, we will be deemed to have accepted for payment, subject to the ""odd lot"" (holders of fewer than 100 shares) priority, proration and conditional tender provisions of the tender offer, shares that are properly tendered at or below the Purchase Price and not properly withdrawn, only when, as and if we give oral or written notice to the Depositary of our acceptance of the shares for payment pursuant to the tender offer.","odd-lot -> no-proration/priority: 'odd lot"" (holders of fewer than 100 shares) priority' (<100-share threshold stated in the document)",0001104659-22-115099,0001104659-22-115099,https://www.sec.gov/Archives/edgar/data/937098/000110465922115099/tm2229420d1_ex99-a1i.htm,0d08c54b2f96c65d3c46914e00978199fd020e05202f069a4f9ab5678adf9d22,https://www.sec.gov/Archives/edgar/data/937098/000110465922125626/tm2229420d9_sctoi.htm,2022-12-09,4,3,False,submissions index: ['TNET'] on ['NYSE']; no non-traded language in doc,"yfinance Close, dividends unadjusted, split basis restored to the offer date",0001104659-22-125626,565598,tm2229420-1_sctoi.htm
"TRINET GROUP, INC.",0000937098,TNET,NYSE,listed,operating_company,2023-08-01,2023-08-28,fixed_price,107.0,,,,107.0,107.0,,105.2300033569336,2023-07-31,106.0,2023-08-29,1.0,105.23,last reported sale price of the shares on the NYSE was $105.23,0.016820298393994015,0.016820265956494218,1.000000031900918,offer price / the price the OFFER DOCUMENT itself states,common_or_unspecified,yes,,yes,"Upon the terms and subject to the conditions of this Offer to Purchase (including any ""odd lot"" (holders of fewer than 100 shares) priority, proration and conditional tender provisions of this Offer to Purchase), we will purchase all shares properly tendered and not properly withdrawn.","Upon the terms and subject to the conditions of this Offer to Purchase (including any ""odd lot"" (holders of fewer than 100 shares) priority, proration and conditional tender provisions of this Offer to Purchase), we will pay the Purchase Price for shares properly tendered and not properly withdrawn from the tender offer, taking into account the total number of shares tendered.","odd-lot -> no-proration/priority: 'odd lot"" (holders of fewer than 100 shares) priority' (<100-share threshold stated in the document)",0001104659-23-086012,0001104659-23-086012,https://www.sec.gov/Archives/edgar/data/937098/000110465923086012/tm2321952d1_99-a1i.htm,a7c32b72bf2181a9e1546f00da3a64461f4742d0304d2c269a3975c6e5bd1667,https://www.sec.gov/Archives/edgar/data/937098/000110465923097082/tm2321952d13_sctoi.htm,2023-08-31,4,6,False,submissions index: ['TNET'] on ['NYSE']; no non-traded language in doc,"yfinance Close, dividends unadjusted, split basis restored to the offer date",0001104659-23-097082,893554,tm2321952-1_sctoi.htm
SLM Corp,0001032033,"SLM,SLMBP","Nasdaq,Nasdaq",listed,operating_company,2021-02-02,2021-03-02,dutch_auction,,13.1,15.0,,,14.05,range_midpoint,13.779999732971191,2021-02-01,15.770000457763672,2021-03-03,1.0,13.78,last reported sale price of the shares on the NASDAQ was $13.78,0.019593613933236664,0.01959363369091971,0.9999999806220023,offer price / the price the OFFER DOCUMENT itself states,common_or_unspecified,yes,,yes,"If I own fewer than 100 shares and I tender all of my shares, will I be subject to proration? If you own, beneficially or of record, fewer than an aggregate of 100 shares, you properly tender all of such shares at or below the Purchase Price prior to the Expiration Date (and do not properly withdraw such shares) and you complete the section entitled Odd Lots in the Letter of Transmittal and, if applicable, in the Notice of Guaranteed Delivery, and all conditions to the tender offer are satisfied or waived, we will purchase all of your shares without subjecting them to proration.","If the conditions to the tender offer have been satisfied or waived and shares having an aggregate purchase price in excess of $1,000,000,000, measured at the maximum price at which such shares were properly tendered, have been properly tendered and not properly withdrawn prior to the Expiration Date, we will buy shares in the following order of priority: first, from all holders of odd lots (holders of fewer than 100 shares) who properly tender all their shares at or below the Purchase Price and do not properly withdraw them before the Expiration Date; second, on a pro rata basis (with appropriate adjustments to avoid the purchase of fractional shares) from all other stockholders who properly tender shares at or below the Purchase P",odd-lot -> no-proration/priority: 'odd lot priority' (<100-share threshold stated in the document),0001193125-21-025391,0001193125-21-025391,https://www.sec.gov/Archives/edgar/data/1032033/000119312521025391/d14582dex99a1i.htm,9982c6df9377ba285737cd42ac0f5f0df19b099bfb9163c93d4da8bd67eaa7e9,https://www.sec.gov/Archives/edgar/data/1032033/000119312521080644/d144223dsctoia.htm,2021-03-15,6,4,False,"submissions index: ['SLM', 'SLMBP'] on ['Nasdaq', 'Nasdaq']; no non-traded language in doc","yfinance Close, dividends unadjusted, split basis restored to the offer date",0001193125-21-080644,342086,d14582dsctoi.htm
SILICON LABORATORIES INC.,0001038074,SLAB,Nasdaq,listed,operating_company,2021-08-03,2021-08-30,dutch_auction,,140.0,160.0,,,150.0,range_midpoint,155.02999877929688,2021-08-02,157.6199951171875,2021-08-31,1.0,155.03,last reported sale price of our Shares on NASDAQ was $155.03,-0.032445333161323586,-0.03244532554281743,0.99999999212602,offer price / the price the OFFER DOCUMENT itself states,common_or_unspecified,yes,,yes,"If, based on the Purchase Price we determine, more than $1.0 billion in value of Shares are validly tendered and not validly withdrawn, we will purchase all Shares tendered at or below the Purchase Price on a pro rata basis, except for odd lots (of less than 100 Shares), which we will purchase on a priority basis (though tenders of less than all of the Shares owned by an Odd Lot Holder (as defined herein) will not qualify for this priority), and except for each conditional tender whose condition was not met, which we will not purchase (except as described in Section 6).","If I own fewer than 100 Shares and I tender all of my Shares, will I be subject to proration? Upon the terms and subject to the conditions of the Offer, if you own beneficially or of record fewer than 100 Shares in the aggregate, validly tender all of these Shares at or below the Purchase Price determined by us, do not withdraw such Shares before the Offer expires and complete the section entitled Odd Lots in the Letter of Transmittal, and, if applicable, in the Notice of Guaranteed Delivery, we will purchase all of your Shares without subjecting them to the proration procedure.","odd-lot -> no-proration/priority: 'odd lots (of less than 100 Shares), which we will purchase on a priority basis' (<100-share threshold stated in the document)",0001193125-21-233985,0001193125-21-233985,https://www.sec.gov/Archives/edgar/data/1038074/000119312521233985/d194977dex99a1a.htm,b9d0ee465d0b0ca790c62031dfae44439ccf4b847a304e0dc2af618f5be33754,https://www.sec.gov/Archives/edgar/data/1038074/000119312521263709/d223972dsctoia.htm,2021-09-02,5,3,False,submissions index: ['SLAB'] on ['Nasdaq']; no non-traded language in doc,"yfinance Close, dividends unadjusted, split basis restored to the offer date",0001193125-21-263709,385027,d194977dsctoi.htm
OneSpan Inc.,0001044777,OSPN,Nasdaq,listed,operating_company,2023-11-13,2023-12-11,dutch_auction,,9.5,11.0,,,10.25,range_midpoint,9.520000457763672,2023-11-10,9.649999618530273,2023-12-12,1.0,9.52,last reported sale price of the Shares was $9.52,0.07668067226890751,0.07668062049734514,1.0000000480844193,offer price / the price the OFFER DOCUMENT itself states,common_or_unspecified,yes,,yes,"However, to qualify for the priority in case of proration, an Odd Lot Holder (as defined below) must tender all Shares owned by any such Odd Lot Holder, as described in Section 1.","We may not purchase all of the Shares tendered at or below the Purchase Price because of proration, &ldquo;Odd Lot&rdquo; priority and conditional tender provisions described in this Offer to Purchase.",odd-lot -> no-proration/priority: 'Odd Lot&rdquo; priority' (<100-share threshold stated in the document),0001839882-23-030392,0001839882-23-030392,https://www.sec.gov/Archives/edgar/data/1044777/000183988223030392/ex99-a1a.htm,05ba73c230364794fd91dea57ec63c06b0e979d6156b8705fd5d523c9c8d3b09,https://www.sec.gov/Archives/edgar/data/1044777/000199937123000996/ospn_sctoia-121423.htm,2023-12-14,10,5,False,submissions index: ['OSPN'] on ['Nasdaq']; no non-traded language in doc,"yfinance Close, dividends unadjusted, split basis restored to the offer date",0001999371-23-000996,576350,ospn_sctoi-111323.htm
Strategy Inc,0001050446,"MSTR,STRC,STRD,STRF,STRK","Nasdaq,Nasdaq,Nasdaq,Nasdaq,Nasdaq",listed,operating_company,2020-08-11,,dutch_auction,,122.0,140.0,,,131.0,range_midpoint,123.62000465393066,2020-08-10,141.1299991607666,2020-09-11,10.0,123.62,last reported sale price of the Shares was $123.62,0.05969907781912309,0.05969903792456033,1.000000037647069,offer price / the price the OFFER DOCUMENT itself states,common_or_unspecified,yes,,yes,"If I own fewer than 100 Shares and I tender all of my Shares, will I be subject to proration? If you (i) own, beneficially or of record, fewer than 100 Shares in the aggregate; (ii) properly tender all of these Shares at or below the Final Purchase Price and do not properly withdraw them before the Expiration Date; and (iii) complete the section(s) entitled Odd Lots in the Letter of Transmittal and, if applicable, in the Notice of Guaranteed Delivery, we will purchase all of your Shares without subjecting them to the proration procedure.","We may not purchase all of the Shares tendered at or below the Final Purchase Price because of proration, Odd Lot priority and conditional tender provisions described in this Offer to Purchase.",odd-lot -> no-proration/priority: 'Odd Lot priority' (<100-share threshold stated in the document),0001193125-20-216338,0001193125-20-216338,https://www.sec.gov/Archives/edgar/data/1050446/000119312520216338/d78323dex99a1i.htm,39c4ddab957235fe176b59bc6d27791dc34d7c8a85bee0d7c133bdca3801e33b,https://www.sec.gov/Archives/edgar/data/1050446/000119312520245823/d66338dsctoia.htm,2020-09-15,6,3,False,"submissions index: ['MSTR', 'STRC', 'STRD', 'STRF', 'STRK'] on ['Nasdaq', 'Nasdaq', 'Nasdaq', 'Nasdaq', 'Nasdaq']; no non-traded language in doc","yfinance Close, dividends unadjusted, split basis restored to the offer date",0001193125-20-245823,350169,d78323dsctoi.htm
"Symbolic Logic, Inc.",0001052054,,,unknown,operating_company,2022-05-23,2022-06-23,dutch_auction,,1.3,1.55,,1.55,1.55,,,,,,,1.12,closing price of our common stock on OTC Pink was $1.12,0.3839285714285714,,,offer price / the price the OFFER DOCUMENT itself states,common_or_unspecified,yes,,yes,"Odd Lots (See Instruction 6): As described in Section 1 of the Offer to Purchase, under certain conditions, stockholders holding a total of fewer than 100 shares may have their shares tendered at or below the Purchase Price accepted for payment before any proration of other tendered shares.","ODD LOTS (See Section 1 of the Offer to Purchase and Instruction 6 of the Letter of Transmittal) As described in Section 1 of the Offer to Purchase, under certain conditions, stockholders holding a total of fewer than 100 shares may have their shares tendered at or below the Purchase Price accepted for payment before any proration of other tendered shares.","odd-lot -> no-proration/priority: 'Odd Lots (See Instruction 6): As described in Section 1 of the Offer to Purchase, under certain conditions, stockholders holding a total of fewer than 100 shares may have their shares tendered at or b' (<100-share threshold stated in the document)",0001104659-22-063642,0001104659-22-063642,https://www.sec.gov/Archives/edgar/data/1052054/000110465922063642/tm2215002-1_sctoi.htm,cf7c875e70653043e6f9d0f0f6224d9482b8398bf5f6c935bb3fbcf99d8df8fa,https://www.sec.gov/Archives/edgar/data/1052054/000110465922075291/tm2219421d2_sctoia.htm,2022-06-28,6,3,False,"no ticker in submissions index, no non-traded language matched",not exchange-listed / no ticker in the submissions index,0001104659-22-075291,809103,tm2215002-1_sctoi.htm
"CRA INTERNATIONAL, INC.",0001053706,CRAI,Nasdaq,listed,operating_company,2021-03-08,2021-04-05,dutch_auction,,66.25,76.0,,66.25,66.25,,66.16000366210938,2021-03-05,74.37000274658203,2021-04-06,1.0,66.16,closing price of the shares on Nasdaq was $66.16,0.0013603385731559836,0.0013602831455428177,1.0000000553523183,offer price / the price the OFFER DOCUMENT itself states,common_or_unspecified,yes,,yes,"If I own fewer than 100 shares and I tender all of my shares, will I be subject to proration? If you own beneficially or of record fewer than 100 shares in the aggregate, you properly tender all of these shares at or below the purchase price before the tender offer expires and you complete the section entitled ""Odd Lots"" in the letter of transmittal, and, if applicable, the notice of guaranteed delivery, we will purchase all of your shares without subjecting them to the proration procedure.","If, based on the purchase price we determine, more than $25,000,000 in value of shares are properly tendered at or below the purchase price and not properly withdrawn prior to the expiration of the tender offer, we will purchase all shares tendered at or below the purchase price on a pro rata basis, except for lots held by owners of less than 100 shares, or odd lots, which we will purchase on a priority basis as described in the immediately following paragraph, and except for shares that were conditionally tendered and for which the condition was not 1 TABLE OF CONTENTS satisfied.","odd-lot -> no-proration/priority: 'odd lots, which we will purchase on a priority basis' (<100-share threshold stated in the document)",0001104659-21-033019,0001104659-21-033019,https://www.sec.gov/Archives/edgar/data/1053706/000110465921033019/tm218827d1_exha.htm,ca689ce095eb5b9ff242f72299a48baf2b31c74c47f6c1af40702cc15534882e,https://www.sec.gov/Archives/edgar/data/1053706/000110465921048357/tm2112202d2_sctoi.htm,2021-04-09,4,3,False,submissions index: ['CRAI'] on ['Nasdaq']; no non-traded language in doc,"yfinance Close, dividends unadjusted, split basis restored to the offer date",0001104659-21-048357,695096,tm218827-1_sctot.htm
MANNATECH INC,0001056358,MTEX,Nasdaq,listed,operating_company,2020-05-29,2027-04-16,dutch_auction,,15.0,17.0,,,16.0,range_midpoint,13.029999732971191,2020-05-28,,,1.0,14.31,last reported sale price of the Shares was $14.31,0.11809923130677835,0.22793555854905367,0.9105520428351636,offer price / the price the OFFER DOCUMENT itself states,common_or_unspecified,yes,,yes,"Any person who owns, beneficially or of record, a total of fewer than 100 Shares and so certifies in the appropriate place on the Letter of Transmittal and, if applicable, the Notice of Guaranteed Delivery (""Odd Lot Holder""), will have their Shares accepted for payment before any proration of or purchase of any other tendered Shares (the ""Odd Lot Priority"").","5 If I own fewer than 100 Shares and I tender all of my Shares, will I be subject to proration If you own, beneficially or of record, fewer than an aggregate of 100 Shares, you properly tender all of such Shares at or below the Final Purchase Price prior to the Expiration Date (and do not properly withdraw such Shares) and you complete the section entitled ""Odd Lots"" in the Letter of Transmittal and, if applicable, in the Notice of Guaranteed Delivery (such shareholder an ""Odd Lot Holder""), and all conditions to the tender offer are satisfied or waived, we will purchase all of your Shares without subjecting them to proration (the ""Odd Lot Priority"").","odd-lot -> no-proration/priority: 'Odd Lot Holder""), will have their Shares accepted for payment before any prorat' (<100-share threshold stated in the document)",0001056358-20-000049,0001056358-20-000049,https://www.sec.gov/Archives/edgar/data/1056358/000105635820000049/a1ioffertopurchase.htm,12347d1c3b1a99304a86040cadad394e798c9fae46fe485e6128263c25ee3332,https://www.sec.gov/Archives/edgar/data/1056358/000105635820000065/mtexscto-ia2020amendment3.htm,2020-06-30,7,4,False,submissions index: ['MTEX'] on ['Nasdaq']; no non-traded language in doc,"yfinance Close, dividends unadjusted, split basis restored to the offer date",0001056358-20-000065,478775,mtexscto-imay2020.htm
MANNATECH INC,0001056358,MTEX,Nasdaq,listed,REIT,2021-05-28,2027-04-16,fixed_price,26.0,,,,26.0,26.0,,20.5,2021-05-27,,,1.0,19.84,last reported sale price of the Shares was $19.84,0.310483870967742,0.2682926829268293,1.033266129032258,offer price / the price the OFFER DOCUMENT itself states,common_or_unspecified,yes,,yes,"Any person who owns, beneficially or of record, a total of fewer than 100 Shares and so certifies in the appropriate place on the Letter of Transmittal and, if applicable, the Notice of Guaranteed Delivery (""Odd Lot Holder""), will have their Shares accepted for payment before any proration of or purchase of any other tendered Shares (the ""Odd Lot Priority"").","5 If I own fewer than 100 Shares and I tender all of my Shares, will I be subject to proration If you own, beneficially or of record, fewer than an aggregate of 100 Shares, you properly tender all of such Shares prior to the Expiration Date (and do not properly withdraw such Shares) and you complete the section entitled ""Odd Lots"" in the Letter of Transmittal and, if applicable, in the Notice of Guaranteed Delivery (such shareholder an ""Odd Lot Holder""), and all conditions to the tender offer are satisfied or waived, your Shares will not be subject to proration (the ""Odd Lot Priority"").","odd-lot -> no-proration/priority: 'Odd Lot Holder""), will have their Shares accepted for payment before any prorat' (<100-share threshold stated in the document)",0001056358-21-000046,0001056358-21-000046,https://www.sec.gov/Archives/edgar/data/1056358/000105635821000046/a1ioffertopurchase2021.htm,70f01bc34dd38fd9733f92bac89d1d90fe58740f7bf236cd7928de4cb336b4d3,https://www.sec.gov/Archives/edgar/data/1056358/000105635821000068/mtexscto-ia2021amendment22.htm,2021-06-30,5,3,False,submissions index: ['MTEX'] on ['Nasdaq']; no non-traded language in doc,"yfinance Close, dividends unadjusted, split basis restored to the offer date",0001056358-21-000068,365850,mtexscto-imay2021.htm
CUMULUS MEDIA INC,0001058623,"CMLS,CMLSQ",OTC,listed,operating_company,2022-05-06,2022-06-03,dutch_auction,,14.5,16.5,,,15.5,range_midpoint,,,,,,15.38,last reported sale price of the Shares on Nasdaq was $15.38,0.007802340702210531,,,offer price / the price the OFFER DOCUMENT itself states,common_or_unspecified,yes,,yes,"Odd lots will be accepted for payment before any proration of the purchase of other tendered Shares, provided that (a) this priority is not available to partial tenders or to beneficial or record holders of 100 or more Shares in the aggregate, even if these holders have separate accounts or certificates representing fewer than 100 Shares, and (b) to qualify for this priority, an Odd Lot Holder must tender all Shares owned by the Odd Lot Holder in accordance with the procedures described in Section 3.","If I own fewer than 100 Shares and I tender all of my Shares, will I be subject to proration? If you own, beneficially or of record, fewer than 100 Shares in the aggregate, you properly tender all of these Shares at or below the Purchase Price and do not properly withdraw them before the Expiration Date, and you complete the section entitled Odd Lots in the Letter of Transmittal and, if applicable, in the Notice of Guaranteed Delivery, we will purchase all of your Shares without subjecting them to the proration procedure, upon the terms and subject to the conditions of the Offer.",odd-lot -> no-proration/priority: 'Odd lots will be accepted for payment before any prorat' (<100-share threshold stated in the document),0001193125-22-143656,0001193125-22-143656,https://www.sec.gov/Archives/edgar/data/1058623/000119312522143656/d356398dex99a1a.htm,659e49c8f26dd96c4126b36f5851fa790d2c7b68dbe3f33a1cddd635bcacba07,https://www.sec.gov/Archives/edgar/data/1058623/000105862322000113/cmlsscheduleto-preliminary.htm,2022-06-09,6,3,False,"submissions index: ['CMLS', 'CMLSQ'] on [None, 'OTC']; no non-traded language in doc","no bars (delisted, renamed ticker, or not on the free feed)",0001058623-22-000113,392422,d356398dsctoi.htm
"AVANTAX, INC.",0001068875,,,unknown,operating_company,2023-01-27,2023-02-24,dutch_auction,,27.0,31.0,,30.0,30.0,,,,,,,27.19,last reported sale price of the shares on the NASDAQ was $27.19,0.1033468186833395,,,offer price / the price the OFFER DOCUMENT itself states,common_or_unspecified,yes,,yes,"If I own fewer than 100 shares and I tender all of my shares, will I be subject to proration? If you own, beneficially or of record, fewer than an aggregate of 100 shares, you properly tender all of such shares at or below the Purchase Price prior to the Expiration Time (and do not properly withdraw such shares) and you complete the section entitled &ldquo;Odd Lots&rdquo; in the Letter of Transmittal and, if applicable, in the Notice of Guaranteed Delivery, and all conditions to the tender offer are satisfied or waived, we will purchase all of your shares without subjecting them to proration.","If the conditions to the tender offer have been satisfied or waived and shares having an aggregate purchase price in excess of $250,000,000, measured at the maximum price at which such shares were properly tendered, have been properly tendered and not properly withdrawn prior to the Expiration Time, we will buy shares in the following order of priority: first, from all holders of &ldquo;odd lots&rdquo; (holders of fewer than 100 shares) who properly tender all their shares at or below the Purchase Price and do not properly withdraw them before the Expiration Time; second, on a pro rata basis, with appropriate adjustment to avoid purchases of fractional shares, from all other stockholders who properly tender shares at or below the Purchas",odd-lot -> no-proration/priority: 'odd lot&rdquo; priority' (<100-share threshold stated in the document),0001387131-23-000758,0001387131-23-000758,https://www.sec.gov/Archives/edgar/data/1068875/000138713123000758/ex99-a1i.htm,fcdc3d53ff40bf7787a11ddfdc1006ef3a3627639ae32787be7013533c5ecfc7,https://www.sec.gov/Archives/edgar/data/1068875/000183988223005458/avta-sctoia_030123.htm,2023-03-01,6,6,False,"no ticker in submissions index, no non-traded language matched",not exchange-listed / no ticker in the submissions index,0001839882-23-005458,342780,avta-sctoi_012723.htm
Eaton Vance Senior Income Trust,0001070732,EVF,NYSE,listed,closed_end_or_interval_fund,2021-06-29,,nav_based,,,,,,,,6.800000190734863,2021-06-28,6.679999828338623,2021-07-30,1.0,,,,,,,common_or_unspecified,yes,,mentioned_no_priority_language,(c) The Tender Offer shall require odd lot tenders to be subject to the same proration terms as tenders of 100 shares or more.,,"phrase present, no grant and no denial matched",0000350797-21-000084,0000350797-21-000084,https://www.sec.gov/Archives/edgar/data/1070732/000035079721000084/exhibitdi_ex99zdi.htm,7ade359ea11fb85a57f7555812b01524a9a33b47d53e471b12c72d39a1a38e5d,https://www.sec.gov/Archives/edgar/data/1070732/000094039421001127/evfsctoia.htm,2021-08-03,1,3,False,submissions index: ['EVF'] on ['NYSE']; no non-traded language in doc,"yfinance Close, dividends unadjusted, split basis restored to the offer date",0000940394-21-001127,137961,evfsctoi.htm
"Presidio Property Trust, Inc.",0001080657,"SQFT,SQFTP,SQFTW","Nasdaq,Nasdaq,Nasdaq",listed,REIT,2025-04-08,,fixed_price,0.68,,,,0.68,0.68,,0.534000015258789,2025-04-07,0.6579999923706055,2025-05-09,0.1,0.53,last reported sale price of the Shares on the Nasdaq Stock Market was $0.53,0.28301886792452824,0.2734082033133576,1.0075471986014888,offer price / the price the OFFER DOCUMENT itself states,common_or_unspecified,yes,,mentioned_no_priority_language,"If I own fewer than 100 Shares may I tender fewer than all my Shares, and will I be subject to proration? If you are an Odd Lot Holder, in order to participate in the Offer and receive the Purchase Price for your Shares (including fractional shares, if any) you must: (1) you properly tender all of your Shares, (2) not withdraw any of your Shares, and (3) complete the Letter of Transmittal included with this Offer to Purchase and the Odd Lot certification included herewith, together with any required signature guarantees, and any other required documents and deliver them to Broadridge, the Depositary for the Offer, at the appropriate address shown on the &ldquo;Important Instructions and Information&rdquo; page accompanying the Letter of Transmittal.","In this Offer to Purchase, the terms &ldquo;Odd Lot&rdquo; and &ldquo;Odd Lot Holder&rdquo; refer to persons who are record or beneficial owners of a total of fewer than 100 shares of Series A Common Stock.","phrase present, no grant and no denial matched",0001641172-25-003137,0001641172-25-003137,https://www.sec.gov/Archives/edgar/data/1080657/000164117225003137/exa1-a.htm,d778809f1c503338635369e8b3dd2a270f9481c9123d746a11eadd8e4bc5a4a1,https://www.sec.gov/Archives/edgar/data/1080657/000164117225009066/formscto-ia.htm,2025-05-07,8,2,False,"submissions index: ['SQFT', 'SQFTP', 'SQFTW'] on ['Nasdaq', 'Nasdaq', 'Nasdaq']; no non-traded language in doc","yfinance Close, dividends unadjusted, split basis restored to the offer date",0001641172-25-009066,372463,formsctoi.htm
ENCORE CAPITAL GROUP INC,0001084961,ECPG,Nasdaq,listed,operating_company,2021-11-04,,dutch_auction,,52.0,60.0,,52.0,52.0,,54.02000045776367,2021-11-03,55.2400016784668,2021-12-06,1.0,54.02,closing price of our common stock on NASDAQ was $54.02,-0.03739355794150323,-0.0373935660985979,1.0000000084739664,offer price / the price the OFFER DOCUMENT itself states,common_or_unspecified,yes,,yes,"If I own fewer than 100 shares and I tender all of my shares, will I be subject to proration? If you own, beneficially or of record, fewer than 100 shares in the aggregate, you validly tender all of these shares at or below the Purchase Price prior to the Expiration Time (and do not validly withdraw such shares) and you complete the section entitled Odd Lots in the Letter of Transmittal and, if applicable, in the Notice of Guaranteed Delivery, and all conditions to the Offer are satisfied or waived, we will purchase all of your shares without subjecting them to proration.","If the conditions to the Offer have been satisfied or waived and shares validly tendered at or below the Purchase Price and not validly withdrawn prior to the Expiration Time would result in an Aggregate Purchase Consideration exceeding $300 million, we will purchase shares in the following order of priority: first, all shares owned in odd lots (less than 100 shares) that have been validly tendered at or below the Purchase Price (and not validly withdrawn prior to the Expiration Time), as indicated by completing the section entitled Odd Lots in the Letter of Transmittal or, in the case of a book-entry transfer, an Agent s Message (as defined below) and, if applicable, in the Notice of G",odd-lot -> no-proration/priority: 'odd lot priority' (<100-share threshold stated in the document),0001193125-21-319365,0001193125-21-319365,https://www.sec.gov/Archives/edgar/data/1084961/000119312521319365/d170725dex99a1a.htm,350ecca6f8418658663baa5cde4c96ce55410c34599b3b84cbd4618f7d124fca,https://www.sec.gov/Archives/edgar/data/1084961/000119312521352826/d405661dsctoia.htm,2021-12-09,6,3,False,submissions index: ['ECPG'] on ['Nasdaq']; no non-traded language in doc,"yfinance Close, dividends unadjusted, split basis restored to the offer date",0001193125-21-352826,444157,d170725dsctoi.htm
CORCEPT THERAPEUTICS INC,0001088856,CORT,Nasdaq,listed,operating_company,2021-11-08,,dutch_auction,,20.75,23.75,,23.75,23.75,,20.68000030517578,2021-11-05,17.100000381469727,2021-12-09,1.0,20.68,last reported sale price of the Shares was $20.68,0.14845261121856868,0.14845259427079704,1.0000000147570494,offer price / the price the OFFER DOCUMENT itself states,common_or_unspecified,yes,,yes,"If I own fewer than 100 Shares and I tender all of my Shares, will I be subject to proration? If you (i) own, beneficially or of record, fewer than 100 Shares in the aggregate; (ii) properly tender all of these Shares at or below the Final Purchase Price and do not properly withdraw them before the Expiration Date; and (iii) complete the section(s) entitled Odd Lots in the Letter of Transmittal and, if applicable, in the Notice of Guaranteed Delivery, we will purchase all of your Shares without subjecting them to the proration procedure.","We may not purchase all of the Shares tendered at or below the Final Purchase Price because of proration, Odd Lot priority and conditional tender provisions described in this Offer to Purchase.",odd-lot -> no-proration/priority: 'Odd Lot priority' (<100-share threshold stated in the document),0001193125-21-322396,0001193125-21-322396,https://www.sec.gov/Archives/edgar/data/1088856/000119312521322396/d228455dex99a1a.htm,61bfe580e30c3a5deb39c3e6b02cb5e3745323fb75cfc42d2d284740b6d17ee2,https://www.sec.gov/Archives/edgar/data/1088856/000119312521362348/d276412dsctoia.htm,2021-12-20,8,5,False,submissions index: ['CORT'] on ['Nasdaq']; no non-traded language in doc,"yfinance Close, dividends unadjusted, split basis restored to the offer date",0001193125-21-362348,343262,d228455dsctoi.htm
CORCEPT THERAPEUTICS INC,0001088856,CORT,Nasdaq,listed,operating_company,2023-03-06,,dutch_auction,,19.25,22.0,,22.0,22.0,,19.200000762939453,2023-03-03,22.290000915527344,2023-04-06,1.0,19.2,last reported sale price of the Shares was $19.20,0.14583333333333348,0.14583328780200921,1.00000003973643,offer price / the price the OFFER DOCUMENT itself states,common_or_unspecified,yes,,yes,"If I own fewer than 100 Shares and I tender all of my Shares, will I be subject to proration? If you (i) own, beneficially or of record, fewer than 100 Shares in the aggregate; (ii) properly tender all of these Shares at or below the Final Purchase Price and do not properly withdraw them before the Expiration Date; and (iii) complete the section(s) entitled Odd Lots in the Letter of Transmittal and, if applicable, in the Notice of Guaranteed Delivery, we will purchase all of your Shares without subjecting them to the proration procedure.","We may not purchase all of the Shares tendered at or below the Final Purchase Price because of proration, Odd Lot priority and conditional tender provisions described in this Offer to Purchase.",odd-lot -> no-proration/priority: 'Odd Lot priority' (<100-share threshold stated in the document),0001193125-23-060717,0001193125-23-060717,https://www.sec.gov/Archives/edgar/data/1088856/000119312523060717/d79724dex99a1a.htm,c4e5af7d1cbf84761f67d062bc10f2db5c1fd1df5eb7282d0cec22c0e035bd73,https://www.sec.gov/Archives/edgar/data/1088856/000119312523092208/d445552dsctoia.htm,2023-04-05,5,4,False,submissions index: ['CORT'] on ['Nasdaq']; no non-traded language in doc,"yfinance Close, dividends unadjusted, split basis restored to the offer date",0001193125-23-092208,347724,d79724dsctoi.htm
"BREAD FINANCIAL HOLDINGS, INC.",0001101215,"BFH,BFH-PA,BFH-PB","NYSE,NYSE,NYSE",listed,operating_company,2019-07-19,,dutch_auction,,144.0,162.0,,,153.0,range_midpoint,158.00000001525876,2019-07-18,136.54000422668454,2019-08-19,1.253,158.0,last reported sale price of the Shares was $158.00,-0.03164556962025311,-0.031645569713771415,1.0000000000965745,offer price / the price the OFFER DOCUMENT itself states,common_or_unspecified,yes,,yes,"If I own fewer than 100 Shares and I tender all of my Shares, will I be subject to proration? If you (i) own, beneficially or of record, fewer than 100 Shares in the aggregate; (ii) properly tender all of these Shares at or below the Final Purchase Price and do not properly withdraw them before the Expiration Date; and (iii) complete the section(s) entitled Odd Lots in the Letter of Transmittal and, if applicable, in the Notice of Guaranteed Delivery, we will purchase all of your Shares without subjecting them to the proration procedure.","We may not purchase all of the Shares tendered at or below the Final Purchase Price because of proration, Odd Lot priority and conditional tender provisions described in this Offer to Purchase.",odd-lot -> no-proration/priority: 'Odd Lot priority' (<100-share threshold stated in the document),0001193125-19-197208,0001193125-19-197208,https://www.sec.gov/Archives/edgar/data/1101215/000119312519197208/d777726dex99a1a.htm,62f187abd7c8a648d84093c1862176437765fea989c2416bdca0a3e63be1d9a4,https://www.sec.gov/Archives/edgar/data/1101215/000119312519225606/d795047dsctoia.htm,2019-08-21,5,5,False,"submissions index: ['BFH', 'BFH-PA', 'BFH-PB'] on ['NYSE', 'NYSE', 'NYSE']; no non-traded language in doc","yfinance Close, dividends unadjusted, split basis restored to the offer date",0001193125-19-225606,591974,d777726dsctoi.htm
"HireQuest, Inc.",0001140102,HQI,Nasdaq,listed,operating_company,2019-06-26,2019-07-25,fixed_price,6.0,,,,6.0,6.0,,5.46999979019165,2019-06-25,5.760000228881836,2019-07-26,1.0,5.47,last reported sale price of the Shares on Nasdaq was $5.47,0.09689213893967108,0.09689218101227381,0.9999999616438118,offer price / the price the OFFER DOCUMENT itself states,common_or_unspecified,yes,,yes,"If I own fewer than 100 Shares and I tender all of my Shares, will I be subject to proration? If you own, beneficially or of record, fewer than 100 Shares in the aggregate, you properly tender all of these Shares and do not properly withdraw them before the Expiration Date, and you complete the section entitled &ldquo;Odd Lots&rdquo; in the Letter of Transmittal and, if applicable, in the Notice of Guaranteed Delivery, we will purchase all of your Shares without subjecting them to the proration procedure.","If more than 1,500,000 Shares (or such greater amount as we may elect to purchase, subject to applicable law) are properly tendered and not properly withdrawn, we will purchase Shares in the following order of priority: first, we will purchase all odd lots of less than 100 Shares from stockholders who properly tender all of their Shares and who do not properly withdraw them before the Expiration Date (tenders of less than all of the Shares owned, beneficially or of record, by such Odd Lot Holder will not qualify for this preference); 14 second, after purchasing all the odd lots that were properly t",odd-lot -> no-proration/priority: 'odd lots of less than 100 Shares from stockholders who properly tender all of their Shares and who do not properly withdraw them before the Expiration Date (tenders of less than all of the Shares owne' (<100-share threshold stated in the document),0000921895-19-001904,0000921895-19-001904,https://www.sec.gov/Archives/edgar/data/1140102/000092189519001904/exa1atoc11810005_05172019.htm,59dc2399b0e0dd9d8c11e35a9b1c4c599075ec902fdbff6134f2816de3a80c13,https://www.sec.gov/Archives/edgar/data/1140102/000092189519002070/toia311810005_07302019.htm,2019-07-30,4,4,False,submissions index: ['HQI'] on ['Nasdaq']; no non-traded language in doc,"yfinance Close, dividends unadjusted, split basis restored to the offer date",0000921895-19-002070,1602283,toi11810005_06262019.htm
"PharmaCyte Biotech, Inc.",0001157075,PMCB,Nasdaq,listed,operating_company,2023-05-11,2024-05-30,fixed_price,3.25,,,,3.25,3.25,,2.740000009536743,2023-05-10,1.9600000381469727,2024-05-31,1.0,2.74,last reported sale price of the Shares was $2.74,0.1861313868613137,0.18613138273290852,1.0000000034805632,offer price / the price the OFFER DOCUMENT itself states,common_or_unspecified,yes,,yes,"If I own fewer than 100 Shares and I tender all of my Shares, will I be subject to proration? If you (i) own, beneficially or of record, fewer than 100 Shares in the aggregate; (ii) properly tender all of these Shares and do not properly withdraw them before the Expiration Date; and (iii) complete the section(s) entitled &ldquo;Odd Lots&rdquo; in the Letter of Transmittal and, if applicable, in the Notice of Guaranteed Delivery, we will purchase all of your Shares without subjecting them to the proration procedure.","We may not purchase all of the Shares properly tendered because of proration, &ldquo;Odd Lot&rdquo; priority and conditional tender provisions described in this Offer to Purchase.",odd-lot -> no-proration/priority: 'Odd Lot&rdquo; priority' (<100-share threshold stated in the document),0001683168-23-003170,0001683168-23-003170,https://www.sec.gov/Archives/edgar/data/1157075/000168316823003170/pharmacyte_exa1a.htm,7de5e5e513b56f265c7d521582c2448755864f0937a8cb30e5b046367fe05e90,https://www.sec.gov/Archives/edgar/data/1157075/000168316823004178/pharmacyte_toia1.htm,2023-06-15,4,2,False,submissions index: ['PMCB'] on ['Nasdaq']; no non-traded language in doc,"yfinance Close, dividends unadjusted, split basis restored to the offer date",0001683168-23-004178,361530,pharmacyte_toi.htm
ENCANA CORP,0001157806,,,unknown,operating_company,2019-07-08,2019-08-14,unknown,,,,,,,,,,,,,6.7,closing price on the TSX was Cdn$6.70,,,,,common_or_unspecified,yes,,yes,"For purposes of the Offer, the term Odd Lots means all Successfully Tendered Shares tendered by or on behalf of the Successful Shareholders who individually beneficially own, as of the close of business on the Expiration Date, an aggregate of fewer than 100 Shares ( Odd Lot Holders ).","Shareholders owning an aggregate of less than 100 Shares whose Shares are purchased pursuant to the Offer not only will avoid the payment of brokerage commissions, but will also avoid any odd lot discounts, each of which may be applicable on a sale of their Shares in a transaction on the TSX or the NYSE.","no-proration/priority -> odd-lot: 'preference, an Odd Lot' (<100-share threshold stated in the document)",0001193125-19-190119,0001193125-19-190119,https://www.sec.gov/Archives/edgar/data/1157806/000119312519190119/d755964dex99a1a.htm,784ab26630a97547d5900f37d09228110eb564bd6f6153ee92b729eea90406c6,https://www.sec.gov/Archives/edgar/data/1157806/000119312519237197/d784239dsctoia.htm,2019-09-04,8,5,False,"no ticker in submissions index, no non-traded language matched",not exchange-listed / no ticker in the submissions index,0001193125-19-237197,529622,d755964dsctoi.htm
HERBALIFE LTD.,0001180262,HLF,NYSE,listed,operating_company,2020-07-13,2020-08-11,dutch_auction,,44.75,50.0,,48.75,48.75,,45.63999938964844,2020-07-10,48.15999984741211,2020-08-12,1.0,45.64,closing price of the shares on the NYSE was $45.64,0.06814198071866784,0.06814199500311435,0.9999999866268282,offer price / the price the OFFER DOCUMENT itself states,common_or_unspecified,yes,"proration factor, the final proration factor for the tender offer was approximately 41",yes,"If our purchase of all shares properly tendered at or below the Cash Purchase Price and not properly withdrawn in the Offer would result in aggregate Cash Purchase Price of more than $750 million, we will purchase all shares properly tendered at or below the Cash Purchase Price on a pro rata basis, except for odd lots (lots held by owners of less than 100 shares at the Expiration Time), which we will purchase on a priority basis, and except for each conditional tender whose condition was not met, which we will not purchase.","If our purchase of all shares properly tendered at or below the Cash Purchase Price and not properly withdrawn in the Offer would result in an aggregate Cash Purchase Price of more than $750 million, we will purchase all shares properly tendered at or below the Cash Purchase Price on a pro rata basis, except for odd lots (lots held by owners of less than 100 shares at the Expiration Time), which we will purchase on a priority basis, and except for each conditional tender whose condition was not met, which we will not purchase.","odd-lot -> no-proration/priority: 'odd lots (lots held by owners of less than 100 shares at the Expiration Time), which we will purchase on a priority basis' (<100-share threshold stated in the document)",0001193125-20-191599,0001193125-20-191599,https://www.sec.gov/Archives/edgar/data/1180262/000119312520191599/d938909dex99a1a.htm,91c67f4001b008c8c094c269fa2875b192ca5f975817c93e16aff20891ad6ef0,https://www.sec.gov/Archives/edgar/data/1180262/000119312520221902/d65987dsctoia.htm,2020-08-17,7,4,False,submissions index: ['HLF'] on ['NYSE']; no non-traded language in doc,"yfinance Close, dividends unadjusted, split basis restored to the offer date",0001193125-20-221902,314060,d938909dsctoi.htm
"Star Equity Holdings, Inc.",0001210708,"STRR,STRRP","Nasdaq,Nasdaq",listed,operating_company,2019-02-22,2019-03-22,fixed_price,1.5,,,,1.5,1.5,,1.4500000000000002,2019-02-21,1.5100000381469727,2019-03-25,0.1,1.45,last reported sale price of the Shares on Nasdaq was $1.45,0.034482758620689724,0.0344827586206895,1.0000000000000002,offer price / the price the OFFER DOCUMENT itself states,common_or_unspecified,yes,,yes,"If I own fewer than 100 Shares and I tender all of my Shares, will I be subject to proration? If you own, beneficially or of record, fewer than 100 Shares in the aggregate, you properly tender all of these Shares at the Purchase Price and do not properly withdraw them before the Expiration Date, and you complete the section entitled &ldquo;Odd Lots&rdquo; in the Letter of Transmittal and, if applicable, in the Notice of Guaranteed Delivery, we will purchase all of your Shares without subjecting them to the proration procedure.","If more than 3,150,000 Shares (or such greater amount as we may elect to purchase, subject to applicable law) are properly tendered at the Purchase Price and not properly withdrawn, we will purchase Shares at the Purchase Price in the following order of priority: first, we will purchase all odd lots of less than 100 Shares from stockholders who properly tender all of their Shares at the Purchase Price and who do not properly withdraw them before the Expiration Date (tenders of less than all of the Shares owned, beneficially or of record, by such Odd Lot Holder will not qualify for this preference); second, after purchasing all the odd lots t",odd-lot -> no-proration/priority: 'odd lots of less than 100 Shares from stockholders who properly tender all of their Shares at the Purchase Price and who do not properly withdraw them before the Expiration Date (tenders of less than ' (<100-share threshold stated in the document),0000921895-19-000565,0000921895-19-000565,https://www.sec.gov/Archives/edgar/data/1210708/000092189519000565/exa1atoi11776010_02222019.htm,7a58c9ad4fccfd236221d8371d27506dd6054994b142e63ed3f3e18e892fb539,https://www.sec.gov/Archives/edgar/data/1210708/000092189519000909/toia311776010_03272019.htm,2019-03-28,4,4,False,"submissions index: ['STRR', 'STRRP'] on ['Nasdaq', 'Nasdaq']; no non-traded language in doc","yfinance Close, dividends unadjusted, split basis restored to the offer date",0000921895-19-000909,314734,toi11776010_02222019.htm
MARCHEX INC,0001224133,MCHX,Nasdaq,listed,operating_company,2020-08-31,2020-10-07,fixed_price,1.8,,,,2.15,2.15,,1.8200000524520874,2020-08-28,2.140000104904175,2020-10-08,1.0,1.73,closing price of the shares on the NASDAQ was $1.73,0.24277456647398843,0.18131864727328084,1.052023151706409,offer price / the price the OFFER DOCUMENT itself states,common_or_unspecified,yes,,yes,"If more than 10,000,000 shares are properly tendered, we will purchase all shares properly tendered on a pro rata basis, except for odd lots (lots held by owners of less than 100 shares), which we will purchase on a priority basis, and except for each conditional tender whose condition was not met, which we will not purchase.","If more than 10,000,000 shares are properly tendered, we will purchase all shares properly tendered on a pro rata basis, except for odd lots (lots held by owners of less than 100 shares), 20 Table of Contents which we will purchase on a priority basis, and except for each conditional tender whose condition was not met, which we will not purchase.","odd-lot -> no-proration/priority: 'odd lots (lots held by owners of less than 100 shares), which we will purchase on a priority basis' (<100-share threshold stated in the document)",0001193125-20-236251,0001193125-20-236251,https://www.sec.gov/Archives/edgar/data/1224133/000119312520236251/d97382dex99a1a.htm,bece1f763d4c905dfcf0003d3f060f437fc9e11bcc4e3a43dc37c89b541ba0cc,https://www.sec.gov/Archives/edgar/data/1224133/000119312520266318/d14775dsctoia.htm,2020-10-08,4,3,False,submissions index: ['MCHX'] on ['Nasdaq']; no non-traded language in doc,"yfinance Close, dividends unadjusted, split basis restored to the offer date",0001193125-20-266318,310872,d97382dsctoi.htm
"BlackRock Municipal Credit Alpha Portfolio, Inc.",0001232860,,,unknown,closed_end_or_interval_fund,2024-10-15,,nav_based,,,,,,,,,,,,,,,,,,,common_or_unspecified,yes,,mentioned_no_priority_language,(e) The Tender Offer shall require odd lot tenders to be subject to the same proration terms as tenders of 100 shares or more.,,"phrase present, no grant and no denial matched",0001193125-24-237639,0001193125-24-237639,https://www.sec.gov/Archives/edgar/data/1232860/000119312524237639/d787913dex99d4.htm,ed5dfb3c0b90f660531213f3903c599eceacbb1d0fbec7ec928e292dbfd58725,https://www.sec.gov/Archives/edgar/data/1232860/000119312524261136/d828457dsctoia.htm,2024-11-19,1,5,False,"no ticker in submissions index, no non-traded language matched",not exchange-listed / no ticker in the submissions index,0001193125-24-261136,69874,d787913dsctoi.htm
WESTERN ASSET INFLATION-LINKED INCOME FUND,0001254370,WIA,NYSE,listed,closed_end_or_interval_fund,2020-11-25,2020-12-28,nav_based,,,,99.0,,,,13.170000076293945,2020-11-24,13.029999732971191,2020-12-29,1.0,12.36,closing price as of the close of the regular trading session of the NYSE was $12.36,,,1.0655339867551736,,common_or_unspecified,yes,,mentioned_no_priority_language,"If more Shares than the Offer Amount are properly tendered and not withdrawn prior to the Expiration Date, the Fund will purchase the Offer Amount on a pro rata basis, including for odd lot tenders.",,"phrase present, no grant and no denial matched",0001193125-20-303513,0001193125-20-303513,https://www.sec.gov/Archives/edgar/data/1254370/000119312520303513/d31180dex99a1i.htm,daac4a6e9977a1d22126ca98e5c4c146c946d97d85616bfa94c6696b223ec84f,https://www.sec.gov/Archives/edgar/data/1254370/000119312520330324/d55259dsctoia.htm,2020-12-31,2,3,False,submissions index: ['WIA'] on ['NYSE']; no non-traded language in doc,"yfinance Close, dividends unadjusted, split basis restored to the offer date",0001193125-20-330324,215386,d31180dsctoi.htm
Eaton Vance Senior Floating-Rate Trust,0001258623,EFR,NYSE,listed,closed_end_or_interval_fund,2021-06-29,,nav_based,,,,,,,,14.149999618530273,2021-06-28,13.960000038146973,2021-07-30,1.0,,,,,,,common_or_unspecified,yes,,mentioned_no_priority_language,(c) The Tender Offer shall require odd lot tenders to be subject to the same proration terms as tenders of 100 shares or more.,,"phrase present, no grant and no denial matched",0000350797-21-000082,0000350797-21-000082,https://www.sec.gov/Archives/edgar/data/1258623/000035079721000082/exhibitdi_ex99zdi.htm,fee85e9fed74c9e8c9ad0decb7b2a1c98afe3bdce8aaa44d27f0552d3fa8534c,https://www.sec.gov/Archives/edgar/data/1258623/000094039421001126/efrsctoia.htm,2021-08-03,1,3,False,submissions index: ['EFR'] on ['NYSE']; no non-traded language in doc,"yfinance Close, dividends unadjusted, split basis restored to the offer date",0000940394-21-001126,138777,efrsctoi.htm
"Virtus Dividend, Interest & Premium Strategy Fund",0001260563,NFJ,NYSE,listed,closed_end_or_interval_fund,2026-09-01,,nav_based,,,,99.0,,,,15.569999694824219,2026-08-31,,,1.0,,,,,,,common_or_unspecified,yes,,no_explicitly_denied,"This tender offer will not have any special pro ration provision for odd-lot tenders, which means that all odd-lot tenders (including Shareholders who own fewer than 100 Shares) are subject to proration.",,document denies it: 'not have any special pro ration provision for odd-lot',0001193125-26-377910,0001193125-26-377910,https://www.sec.gov/Archives/edgar/data/1260563/000119312526377910/d68073dex99a1i.htm,d8caa9fa6218acb424deef7bd2327748824c2b4a18578ae7ee0eb5e518a4fd38,https://www.sec.gov/Archives/edgar/data/1260563/000119312526381206/d119917dsctoia.htm,2026-09-03,3,2,False,submissions index: ['NFJ'] on ['NYSE']; no non-traded language in doc,"yfinance Close, dividends unadjusted, split basis restored to the offer date",0001193125-26-381206,146244,d68073dsctoi.htm
Hilltop Holdings Inc.,0001265131,HTH,NYSE,listed,operating_company,2020-09-23,2020-10-30,dutch_auction,,18.25,21.0,,18.25,18.25,,18.190000534057617,2020-09-22,23.010000228881836,2020-11-02,1.0,18.19,last reported sale price of the shares on the NYSE was $18.19,0.0032985156679492533,0.003298486211149143,1.000000029359957,offer price / the price the OFFER DOCUMENT itself states,common_or_unspecified,yes,,yes,"If I own fewer than 100 shares and I tender all of my shares, will I be subject to proration? If you own, beneficially or of record, fewer than an aggregate of 100 shares, you properly tender all of such shares at or below the Purchase Price prior to the Expiration Date (and do not properly withdraw such shares) and you complete the section entitled &ldquo;Odd Lots&rdquo; in the Letter of Transmittal and, if applicable, in the Notice of Guaranteed Delivery, and all conditions to the tender offer are satisfied or waived, we will purchase all of your shares without subjecting them to proration.","If the conditions to the tender offer have been satisfied or waived and shares having an aggregate purchase price in excess of $350,000,000, measured at the maximum price at which such shares were properly tendered, have been properly tendered and not properly withdrawn prior to the Expiration Date, we will buy shares in the following order of priority: &middot; first, from all holders of &ldquo;odd lots&rdquo; (holders of fewer than 100 shares) who properly tender all their shares at or below the Purchase Price and do not properly withdraw them before the Expiration Date; &middot; second, on a pro rata basis, with appropriate adjustment to avoid purchases of fractional shares, from all other stockholders who properly tender shares at or below th",odd-lot -> no-proration/priority: 'odd lot&rdquo; priority' (<100-share threshold stated in the document),0001104659-20-107535,0001104659-20-107535,https://www.sec.gov/Archives/edgar/data/1265131/000110465920107535/tm2031463d1_exa1i.htm,d28bdeafc0f963b6bcb77b898ac13c561bbc48a532c09369d1b6953e9aa9718c,https://www.sec.gov/Archives/edgar/data/1265131/000110465920126591/tm2031463d15_sctoia.htm,2020-11-18,8,5,False,submissions index: ['HTH'] on ['NYSE']; no non-traded language in doc,"yfinance Close, dividends unadjusted, split basis restored to the offer date",0001104659-20-126591,510551,tm2031463d1_sctoi.htm
Hilltop Holdings Inc.,0001265131,HTH,NYSE,listed,operating_company,2022-05-02,2022-05-27,dutch_auction,,28.0,32.0,,,30.0,range_midpoint,25.489999771118164,2022-04-29,30.010000228881836,2022-05-31,1.0,25.49,last reported sale price of the shares on the NYSE was $25.49,0.17693213024715582,0.1769321408151585,0.9999999910207205,offer price / the price the OFFER DOCUMENT itself states,common_or_unspecified,yes,,yes,"If I own fewer than 100 shares and I tender all of my shares, will I be subject to proration? If you own, beneficially or of record, fewer than an aggregate of 100 shares, you properly tender all of such shares at or below the Purchase Price prior to the Expiration Date (and do not properly withdraw such shares) and you complete the section entitled ""Odd Lots"" in the Letter of Transmittal and, if applicable, in the Notice of Guaranteed Delivery, and all conditions to the tender offer are satisfied or waived, we will purchase all of your shares without subjecting them to proration.","If the conditions to the tender offer have been satisfied or waived and shares having an aggregate purchase price in excess of $400,000,000, measured at the maximum price at which such shares were properly tendered, have been properly tendered and not properly withdrawn prior to the Expiration Date, we will buy shares in the following order of priority: first, from all holders of ""odd lots"" (holders of fewer than 100 shares) who properly tender all their shares at or below the Purchase Price and do not properly withdraw them before the Expiration Date; second, on a pro rata basis, with appropriate adjustment to avoid purchases of fractional shares, from all other stockholders who properly tender shares at or below the Purchase Pric","odd-lot -> no-proration/priority: 'odd lot"" priority' (<100-share threshold stated in the document)",0001104659-22-053972,0001104659-22-053972,https://www.sec.gov/Archives/edgar/data/1265131/000110465922053972/tm2213904d1_ex99-a1i.htm,a7d63f1646b98eeb0be52b6b1a92be3b32a26f4afcff73b0702e493544532a8c,https://www.sec.gov/Archives/edgar/data/1265131/000110465922067305/tm2213904d5_sctoi.htm,2022-06-02,4,3,False,submissions index: ['HTH'] on ['NYSE']; no non-traded language in doc,"yfinance Close, dividends unadjusted, split basis restored to the offer date",0001104659-22-067305,586724,tm2213904-1_sctoi.htm
"BIMINI CAPITAL MANAGEMENT, INC.",0001275477,BMNM,OTC,listed,operating_company,2019-05-29,2018-11-15,dutch_auction,,2.0,2.2,,,2.1,range_midpoint,1.5299999713897705,2019-05-28,1.899999976158142,2019-07-01,1.0,1.53,last reported sale price of the Class A Common Stock was $1.53,0.37254901960784315,0.37254904527381916,0.9999999813005036,offer price / the price the OFFER DOCUMENT itself states,common_or_unspecified,yes,,yes,"5 TABLE OF CONTENTS Because of the odd lot priority, proration and conditional tender provisions described above, it is possible that we will not purchase all of the shares of Class A Common Stock that you tender even if you tender them at or below the Final Purchase Price.","However, because of the odd lot priority, proration and conditional tender provisions of the Offer, we may not purchase all of the shares of Class A Common Stock tendered at or below the Final Purchase Price if shares of Class A Common Stock representing more than $2.2 million (or such greater amount as we may elect to pay, subject to applicable law) are properly tendered and not properly withdrawn.",odd-lot -> no-proration/priority: 'odd lot priority' (<100-share threshold stated in the document),0001140361-19-009976,0001140361-19-009976,https://www.sec.gov/Archives/edgar/data/1275477/000114036119009976/nt10002251x1_exa1a.htm,4263d12b7cd5cb1023aa5d447635d98270840d8ebead4b0c349469031863ef45,https://www.sec.gov/Archives/edgar/data/1275477/000114036119012535/formsctoia.htm,2019-07-08,6,4,False,submissions index: ['BMNM'] on ['OTC']; no non-traded language in doc,"yfinance Close, dividends unadjusted, split basis restored to the offer date",0001140361-19-012535,515096,nt10002251x1_sctoi.htm
"BIMINI CAPITAL MANAGEMENT, INC.",0001275477,BMNM,OTC,listed,operating_company,2021-05-27,2021-11-15,dutch_auction,,1.5,2.0,,,1.75,range_midpoint,1.3799999952316284,2021-05-26,2.3399999141693115,2021-11-16,1.0,1.38,last reported sale price of the Class A Common Stock was $1.38,0.2681159420289856,0.2681159464107594,0.9999999965446583,offer price / the price the OFFER DOCUMENT itself states,common_or_unspecified,yes,,yes,"Because of the ""odd lot"" priority, proration and conditional tender provisions described above, it is possible that we will not purchase all of the shares of Class A Common Stock that you tender even if you tender them at or below the Final Purchase Price.","However, because of the odd lot priority, proration and conditional tender provisions of the Offer, we may not purchase all of the shares of Class A Common Stock tendered at or below the Final Purchase Price if shares of Class A Common Stock representing more than $2.2 million (or such greater amount as we may elect to pay, subject to applicable law) are properly tendered and not properly withdrawn.","odd-lot -> no-proration/priority: 'odd lot"" priority' (<100-share threshold stated in the document)",0001104659-21-073232,0001104659-21-073232,https://www.sec.gov/Archives/edgar/data/1275477/000110465921073232/tm2117605d1_exha1a.htm,066fea9e7de2dafbfa3fe26012cef23c2c771550c80d9176ad6d84de7967be78,https://www.sec.gov/Archives/edgar/data/1275477/000110465921090213/tm2121658d1_sctoia.htm,2021-07-08,8,4,False,submissions index: ['BMNM'] on ['OTC']; no non-traded language in doc,"yfinance Close, dividends unadjusted, split basis restored to the offer date",0001104659-21-090213,463711,tm2117605-1_sctoi.htm
MVB FINANCIAL CORP,0001277902,MVBF,Nasdaq,listed,operating_company,2020-11-17,,dutch_auction,,18.0,20.25,,,19.125,range_midpoint,18.5,2020-11-16,22.399999618530273,2020-12-18,1.0,18.5,last reported sale price of the Shares on the Nasdaq was $18.50,0.03378378378378377,0.03378378378378377,1.0,offer price / the price the OFFER DOCUMENT itself states,common_or_unspecified,yes,,yes,"Odd lots will be accepted for payment before any proration of the purchase of other tendered Shares, provided that (a) this priority is not available to partial tenders or to beneficial or record holders of 100 or more Shares in the aggregate, even if these holders have separate accounts or certificates representing fewer than 100 Shares, and (b) to qualify for this priority, an Odd Lot Holder must tender all Shares owned by the Odd Lot Holder in accordance with the procedures described in Section 3.","If I own fewer than 100 Shares and I tender all of my Shares, will I be subject to proration? If you own, beneficially or of record, fewer than 100 Shares in the aggregate, you properly tender all of these Shares at or below the Purchase Price and do not properly withdraw them before the Expiration Date, and you complete the section entitled ""Odd Lots"" in the Letter of Transmittal and, if applicable, in the Notice of Guaranteed Delivery, we will purchase all of your Shares without subjecting them to the proration procedure, upon the terms and subject to the conditions of the Offer.",odd-lot -> no-proration/priority: 'Odd lots will be accepted for payment before any prorat' (<100-share threshold stated in the document),0001104659-20-126136,0001104659-20-126136,https://www.sec.gov/Archives/edgar/data/1277902/000110465920126136/tm2036030-1_ex99a1a.htm,c67ffd22a0eb050a6e38ce38d0889d13637e154a5accacac87543cee137f054c,https://www.sec.gov/Archives/edgar/data/1277902/000110465920139159/c2039222-1_sctoia.htm,2020-12-23,5,4,False,submissions index: ['MVBF'] on ['Nasdaq']; no non-traded language in doc,"yfinance Close, dividends unadjusted, split basis restored to the offer date",0001104659-20-139159,543938,tm2036030-1_sctoi.htm
"BlackRock Enhanced Large Cap Core Fund, Inc.",0001278895,CII,NYSE,listed,closed_end_or_interval_fund,2024-07-17,,nav_based,,,,,,,,20.049999237060547,2024-07-16,19.309999465942383,2024-08-19,1.0,,,,,,,common_or_unspecified,yes,,mentioned_no_priority_language,(d) Each Conditional Tender Offer shall require odd lot tenders to be subject to the same proration terms as tenders of 100 shares or more.,,"phrase present, no grant and no denial matched",0001193125-24-180423,0001193125-24-180423,https://www.sec.gov/Archives/edgar/data/1278895/000119312524180423/d813373dex99d4.htm,cd79b45658f8951c59f5e421d31b94dfdd508e26e71740b2462a731df80c4701,https://www.sec.gov/Archives/edgar/data/1278895/000119312524203034/d823410dsctoia.htm,2024-08-20,1,3,False,submissions index: ['CII'] on ['NYSE']; no non-traded language in doc,"yfinance Close, dividends unadjusted, split basis restored to the offer date",0001193125-24-203034,52774,d813373dsctoi.htm
Eaton Vance Floating-Rate Income Trust,0001288992,EFT,NYSE,listed,closed_end_or_interval_fund,2021-06-29,,nav_based,,,,,,,,14.34000015258789,2021-06-28,14.4399995803833,2021-07-30,1.0,,,,,,,common_or_unspecified,yes,,mentioned_no_priority_language,(c) The Tender Offer shall require odd lot tenders to be subject to the same proration terms as tenders of 100 shares or more.,,"phrase present, no grant and no denial matched",0000350797-21-000081,0000350797-21-000081,https://www.sec.gov/Archives/edgar/data/1288992/000035079721000081/exhibitdi_ex99zdi.htm,954059829eb57b73a84a1ee033ad09596128cbcc628162d5af7c971a5e8b554e,https://www.sec.gov/Archives/edgar/data/1288992/000094039421001125/eftsctoia.htm,2021-08-03,1,3,False,submissions index: ['EFT'] on ['NYSE']; no non-traded language in doc,"yfinance Close, dividends unadjusted, split basis restored to the offer date",0000940394-21-001125,98408,eftsctoi.htm
"Lightstone Value Plus REIT I, Inc.",0001296884,,,non_traded,REIT,2019-04-19,,nav_based,,,,,7.0,,,,,,,,,,,,,,common_or_unspecified,yes,,yes,"If I own fewer than 100 Shares and I tender all of my Shares, will I be subject to proration? If you own beneficially or of record fewer than 100 Shares in the aggregate, you will not be subject to proration if: (1) you properly tender all of these Shares, (2) you do not properly withdraw them before the Expiration Date, and (3) you complete the Letter of Transmittal included with this Offer to Purchase and the Odd-Lot Certification Form.","Because of the proration and odd lot priority provisions described in this Offer to Purchase, it is possible that we will not purchase all of the Shares that you tender.",odd-lot -> no-proration/priority: 'odd lot priority' (<100-share threshold stated in the document),0001140361-19-007366,0001140361-19-007366,https://www.sec.gov/Archives/edgar/data/1296884/000114036119007366/nt10001173x1_ex99-a1a.htm,1b292af1e2a2727f9b6fdf38bee037edebd7fd55e8fd9e3685ef3cd0389e7ed2,https://www.sec.gov/Archives/edgar/data/1296884/000114420419031664/tv523924_sctoi-a.htm,2019-06-20,5,3,False,"document: 'Shares are not listed on a national securities exchange and there is no established trading market for the Shares, the Estimated Per-Share N'",not exchange-listed / no ticker in the submissions index,0001144204-19-031664,389125,nt10001173x1_sctoi.htm
"Lightstone Value Plus REIT I, Inc.",0001296884,,,non_traded,REIT,2020-06-15,,nav_based,,,,,5.0,,,,,,,,,,,,,,common_or_unspecified,yes,,yes,"See ""The Offer - Section 16."" If I own fewer than 100 Shares and I tender all of my Shares, will I be subject to proration? If you own beneficially or of record fewer than 100 Shares in the aggregate, you will not be subject to proration if: (1) you properly tender all of these Shares, (2) you do not properly withdraw them before the Expiration Date, and (3) you complete the Letter of Transmittal included with this Offer to Purchase and the Odd-Lot Certification Form.","Because of the proration and ""odd lot"" priority provisions described in this Offer to Purchase, it is possible that we will not purchase all of the Shares that you tender.","odd-lot -> no-proration/priority: 'odd lot"" priority' (<100-share threshold stated in the document)",0001140361-20-013810,0001140361-20-013810,https://www.sec.gov/Archives/edgar/data/1296884/000114036120013810/nt10012752x1_exa1a.htm,6aa93f672e7bd52b9b5a08c2944f0cb7fc8b68276bfdd6552d3d4572824f8f05,https://www.sec.gov/Archives/edgar/data/1296884/000114036120016971/nt10013894x1_sctoia.htm,2020-07-29,7,3,False,"document: 'Shares are not listed on a national securities exchange and there is no established trading market for the Shares, the Estimated Per-Share N'",not exchange-listed / no ticker in the submissions index,0001140361-20-016971,331853,nt10012752x1_sctoi.htm
JMP GROUP LLC,0001302350,,,unknown,BDC,2019-05-16,,fixed_price,3.95,,,,,3.95,,,,,,,3.91,closing price of $3.91,0.010230179028132946,,,offer price / the price the OFFER DOCUMENT itself states,common_or_unspecified,yes,,yes,"In what order will JMP purchase the tendered shares? If the terms and conditions of the Offer have been satisfied or waived and an excess of 3,000,000 shares have been properly tendered and not properly withdrawn on or prior to the expiration date of the Offer, we will purchase shares in the following order of priority: &bull; First, all shares owned in &ldquo;odd lots&rdquo; (less than 100 shares) that have been properly tendered; and &bull; Second, all other tendered shares on a pro rata basis, if necessary.","If the terms and conditions of the Offer have been satisfied or waived and shareholders have properly tendered and not properly withdrawn shares in excess of 3,000,000, we will purchase shares in the following order of priority: &bull; First, all such shares owned beneficially or of record by a holder of fewer than 100 shares who properly tenders all such shares (partial tenders will not qualify for this preference) and completes, or whose broker, bank or other nominee completes, the section captioned &ldquo;Odd Lots&rdquo; in the Letter of Transmittal and, if applicable, in the Notice of Guaranteed Delivery; and &bull; Second, after purchase of all the foregoing shares, all other shares on a pro rata basis, if necessary (with appropriate rounding and adjustment to avoid purchases of fractional shares).",odd-lot -> no-proration/priority: 'odd lot&rdquo; priority' (<100-share threshold stated in the document),0001437749-19-010144,0001437749-19-010144,https://www.sec.gov/Archives/edgar/data/1302350/000143774919010144/ex_144446.htm,73a93add930e7712392000f9b6c95fab91649c890248f17fa207c938125db048,https://www.sec.gov/Archives/edgar/data/1302350/000143774919012195/jmpllc20190613_sctoia.htm,2019-06-18,4,3,False,"no ticker in submissions index, no non-traded language matched",not exchange-listed / no ticker in the submissions index,0001437749-19-012195,448398,jmpllc20190511_sctoi.htm
JMP GROUP LLC,0001302350,,,unknown,BDC,2020-02-24,2019-12-31,fixed_price,3.25,,,,,3.25,,,,,,,3.25,closing price of $3.25,0.0,,,offer price / the price the OFFER DOCUMENT itself states,common_or_unspecified,yes,,yes,"In what order will JMP purchase the tendered shares? If the terms and conditions of the Offer have been satisfied or waived and an excess of 3,000,000 shares have been properly tendered and not properly withdrawn on or prior to the expiration date of the Offer, we will purchase shares in the following order of priority: First, all shares owned in ""odd lots"" (less than 100 shares) that have been properly tendered; and Second, all other tendered shares on a pro rata basis, if necessary.","If the terms and conditions of the Offer have been satisfied or waived and shareholders have properly tendered and not properly withdrawn shares in excess of 3,000,000, we will purchase shares in the following order of priority: First, all such shares owned beneficially or of record by a holder of fewer than 100 shares who properly tenders all such shares (partial tenders will not qualify for this preference) and completes, or whose broker, bank or other nominee completes, the section captioned ""Odd Lots"" in the Letter of Transmittal and, if applicable, in the Notice of Guaranteed Delivery; and Second, after purchase of all the foregoing shares, all other shares on a pro rata basis, if necessary (with appropriate rounding and adjustment to avoid purchases of fractional shares).","odd-lot -> no-proration/priority: 'odd lot"" priority' (<100-share threshold stated in the document)",0001437749-20-003301,0001437749-20-003301,https://www.sec.gov/Archives/edgar/data/1302350/000143774920003301/ex_172736.htm,9f4ba6eb32d4a4c0ee627a1ea04ba8a8af435232605a4e8b4a180ce368ff16b3,https://www.sec.gov/Archives/edgar/data/1302350/000143774920005696/jmpllc20200319_sctoia.htm,2020-03-19,4,3,False,"no ticker in submissions index, no non-traded language matched",not exchange-listed / no ticker in the submissions index,0001437749-20-005696,416525,jmpllc20200213_sctoi.htm
"Pioneer Floating Rate Fund, Inc.",0001305767,PHD,,listed,closed_end_or_interval_fund,2020-11-23,,nav_based,,,,,,,,,,,,,,,,,,,common_or_unspecified,yes,,mentioned_no_priority_language,(c) The Tender Offer shall require odd lot tenders to be subject to the same proration terms as tenders of 100 shares or more.,,"phrase present, no grant and no denial matched",0001193125-20-300814,0001193125-20-300814,https://www.sec.gov/Archives/edgar/data/1305767/000119312520300814/d935499dex99d1.htm,1892030a32340fa3d1cca92c62dc2c3aa9cf6548770a97206ab0217c558b1dd1,https://www.sec.gov/Archives/edgar/data/1305767/000119312520328336/d87261dsctoia.htm,2020-12-29,1,2,False,"submissions index tickers ['PHD'], no exchange field","no bars (delisted, renamed ticker, or not on the free feed)",0001193125-20-328336,69568,d935499dsctoi.htm
BlackRock Energy & Resources Trust,0001306550,BGR,NYSE,listed,closed_end_or_interval_fund,2024-07-17,,nav_based,,,,,,,,13.140000343322754,2024-07-16,13.15999984741211,2024-08-19,1.0,,,,,,,common_or_unspecified,yes,,mentioned_no_priority_language,(d) Each Conditional Tender Offer shall require odd lot tenders to be subject to the same proration terms as tenders of 100 shares or more.,,"phrase present, no grant and no denial matched",0001193125-24-180427,0001193125-24-180427,https://www.sec.gov/Archives/edgar/data/1306550/000119312524180427/d813352dex99d5.htm,ff8f1eb9cdd47d10d3cb75b35f599ff9adfd3caa1940ad76f7c7e7be683f61a0,https://www.sec.gov/Archives/edgar/data/1306550/000119312524203035/d801159dsctoia.htm,2024-08-20,1,3,False,submissions index: ['BGR'] on ['NYSE']; no non-traded language in doc,"yfinance Close, dividends unadjusted, split basis restored to the offer date",0001193125-24-203035,52703,d813352dsctoi.htm
InvenTrust Properties Corp.,0001307748,IVT,NYSE,listed,REIT,2021-10-12,2021-11-08,dutch_auction,,25.0,28.0,,25.0,,,17.020000457763672,2021-10-11,24.270000457763672,2021-11-09,1.0,,,,0.4688601250064157,,,common_or_unspecified,yes,,yes,"If I own fewer than 100 Shares and I tender all of my Shares, will I be subject to proration? If you own beneficially or of record fewer than 100 Shares in the aggregate, you will not be subject to proration if: (1) you properly tender all of these Shares at or below the price that is ultimately determined to be the Purchase Price, (2) you do not properly withdraw them before the Expiration Time, and (3) you either (i) complete the Letter of Transmittal included with this Offer to Purchase and the Odd Lot certification form attached hereto, or (ii) electronically complete and submit the information requested on the Company s secured, online portal at www.inventrustdutchauction.com.","Because of the proration and odd lot priority provisions described in this Offer to Purchase, it is possible that we will not purchase all the Shares that you tender even if you tender them at or below the Purchase Price.",odd-lot -> no-proration/priority: 'odd lot priority' (<100-share threshold stated in the document),0001193125-21-296266,0001193125-21-296266,https://www.sec.gov/Archives/edgar/data/1307748/000119312521296266/d116250dex99a1a.htm,5e6202c1b708231c5a28e66c6ddb26c7139d26c7630841a69c9c41753fa82354,https://www.sec.gov/Archives/edgar/data/1307748/000119312521328172/d260729dsctoia.htm,2021-11-12,11,7,False,submissions index: ['IVT'] on ['NYSE']; no non-traded language in doc,"yfinance Close, dividends unadjusted, split basis restored to the offer date",0001193125-21-328172,268687,d116250dsctoi.htm
WEX Inc.,0001309108,WEX,NYSE,listed,operating_company,2025-02-26,,dutch_auction,,148.0,170.0,,,159.0,range_midpoint,158.0,2025-02-25,157.02000427246094,2025-03-31,1.0,158.0,closing price of our Common Stock on the NYSE was $158.00,0.006329113924050667,0.006329113924050667,1.0,offer price / the price the OFFER DOCUMENT itself states,common_or_unspecified,yes,,yes,"If I own fewer than 100 shares and I tender all of my shares, will I be subject to proration? If you own, beneficially or of record, fewer than 100 shares in the aggregate, you validly tender all of these shares at or below the Purchase Price prior to the Expiration Time (and do not validly withdraw such shares before 6 TABLE OF CONTENTS the Expiration Time) and you complete the section entitled "" Odd Lots "" in the Letter of Transmittal and, if applicable, in the Notice of Guaranteed Delivery, and all conditions to the Offer are satisfied or waived, we will purchase all of your shares without subjecting them to proration.","If the terms and conditions of the Offer have been satisfied or waived and acquiring all shares validly tendered at or below the Purchase Price, and not validly withdrawn prior to the Expiration Time, would result in an aggregate purchase price of more than $750 million, we will purchase shares of Common Stock in the following order of priority: First , all shares owned in "" odd lots "" (less than 100 shares) that have been validly tendered at or below the Purchase Price and not validly withdrawn prior to the Expiration Time (tenders of less than all of the shares owned by an odd lot holder will not qualify for this preference); Second , all other tendered shares (other than conditionally tendered shares for which the conditio","odd-lot -> no-proration/priority: 'odd lots "" (less than 100 shares) that have been validly tendered at or below the Purchase Price and not validly withdrawn prior to the Expiration Time (tenders of less than all of the shares owned by' (<100-share threshold stated in the document)",0001140361-25-006098,0001140361-25-006098,https://www.sec.gov/Archives/edgar/data/1309108/000114036125006098/ny20044175x1_exa1a.htm,5b5c186e4fa1aa48e8d44ea23f25efa3ffe381a543996ea894058983a828fe18,https://www.sec.gov/Archives/edgar/data/1309108/000114036125011326/ny20044175x10_sctoia.htm,2025-03-31,4,5,False,submissions index: ['WEX'] on ['NYSE']; no non-traded language in doc,"yfinance Close, dividends unadjusted, split basis restored to the offer date",0001140361-25-011326,545872,ny20044175x1_sctoi.htm
BlackRock Health Sciences Trust,0001314966,BME,NYSE,listed,closed_end_or_interval_fund,2024-07-18,,nav_based,,,,,,,,41.880001068115234,2024-07-17,41.68000030517578,2024-08-19,1.0,,,,,,,common_or_unspecified,yes,,mentioned_no_priority_language,(d) Each Conditional Tender Offer shall require odd lot tenders to be subject to the same proration terms as tenders of 100 shares or more.,,"phrase present, no grant and no denial matched",0001193125-24-181056,0001193125-24-181056,https://www.sec.gov/Archives/edgar/data/1314966/000119312524181056/d843732dex99d4.htm,3beca93cf2f044f42b7994961d3c5cb4175c993a8692f14971308a7e98d84794,https://www.sec.gov/Archives/edgar/data/1314966/000119312524203881/d856959dsctoia.htm,2024-08-21,1,3,False,submissions index: ['BME'] on ['NYSE']; no non-traded language in doc,"yfinance Close, dividends unadjusted, split basis restored to the offer date",0001193125-24-203881,52681,d843732dsctoi.htm
Designer Brands Inc.,0001319947,DBI,NYSE,listed,operating_company,2023-06-08,2023-07-07,dutch_auction,,7.0,8.0,,,7.5,range_midpoint,7.210000038146973,2023-06-07,10.59000015258789,2023-07-10,1.0,7.21,last reported sale price of the Shares was $7.21,0.04022191400832176,0.04022190850467178,1.0000000052908422,offer price / the price the OFFER DOCUMENT itself states,common_or_unspecified,yes,,yes,"However, to qualify for the priority in case of proration, an Odd Lot Holder (as defined below) must tender all Shares owned by any such Odd Lot Holder, as described in Section 1.","We may not purchase all of the Shares tendered at or below the Purchase Price because of proration, Odd Lot priority and conditional tender provisions described in this Offer to Purchase.",odd-lot -> no-proration/priority: 'Odd Lot priority' (<100-share threshold stated in the document),0001193125-23-163260,0001193125-23-163260,https://www.sec.gov/Archives/edgar/data/1319947/000119312523163260/d427042dex99a1a.htm,a1be30978eb4652a93282f86719791a7d1ea81b6b6b6d28e94667d9a6e0a7fca,https://www.sec.gov/Archives/edgar/data/1319947/000119312523185694/d467741dsctoia.htm,2023-07-12,7,5,False,submissions index: ['DBI'] on ['NYSE']; no non-traded language in doc,"yfinance Close, dividends unadjusted, split basis restored to the offer date",0001193125-23-185694,468508,d427042dsctoi.htm
BlackRock Enhanced Global Dividend Trust,0001320375,BOE,NYSE,listed,closed_end_or_interval_fund,2024-07-19,,nav_based,,,,,,,,10.680000305175781,2024-07-18,10.880000114440918,2024-08-19,1.0,,,,,,,common_or_unspecified,yes,,mentioned_no_priority_language,(d) Each Conditional Tender Offer shall require odd lot tenders to be subject to the same proration terms as tenders of 100 shares or more.,,"phrase present, no grant and no denial matched",0001193125-24-181683,0001193125-24-181683,https://www.sec.gov/Archives/edgar/data/1320375/000119312524181683/d778260dex99d5.htm,74bcbb7416d2f4b4a2e0339be634cfc346387867a25e5e36e98c2a4801854615,https://www.sec.gov/Archives/edgar/data/1320375/000119312524204725/d786869dsctoia.htm,2024-08-22,1,3,False,submissions index: ['BOE'] on ['NYSE']; no non-traded language in doc,"yfinance Close, dividends unadjusted, split basis restored to the offer date",0001193125-24-204725,71553,d778260dsctoi.htm
"Lazard World Dividend & Income Fund, Inc.",0001323206,,,unknown,REIT,2019-07-25,,nav_based,,,,,,,,,,,,,10.02,last reported sale price on the NYSE on such date for a share was $10.02,,,,,common_or_unspecified,yes,,no_explicitly_denied,"This Offer will not have any special pro ration provision for odd-lot tenders, which means that all odd-lot tenders (including stockholders who own fewer than 100 shares) are subject to pro ration.",,document denies it: 'not have any special pro ration provision for odd-lot',0000930413-19-002119,0000930413-19-002119,https://www.sec.gov/Archives/edgar/data/1323206/000093041319002119/c93975_ex99-a1i.htm,b514708c1bf87800cf5dfa518b6df387166fa7f48434c1b70e1909dbbf5f2201,https://www.sec.gov/Archives/edgar/data/1323206/000093041319002388/c93975_sctoia.htm,2019-08-22,1,3,False,"no ticker in submissions index, no non-traded language matched",not exchange-listed / no ticker in the submissions index,0000930413-19-002388,221064,c93975_sctoi.htm
GameStop Corp.,0001326380,"GME,GME-WT","NYSE,NYSE",listed,operating_company,2019-06-11,2019-07-10,dutch_auction,,5.2,6.0,,6.0,6.0,,5.440000057220459,2019-06-10,4.840000152587891,2019-07-11,4.0,5.44,last reported sale price of the Shares on the NYSE was $5.44,0.10294117647058809,0.10294116486933835,1.0000000105184665,offer price / the price the OFFER DOCUMENT itself states,common_or_unspecified,yes,,yes,"In what order will tendered Shares be purchased? Will tendered Shares be prorated? What happens if more than 12,000,000 Shares are tendered at or below the Purchase Price? In the event that more than 12,000,000 Shares (or such greater number of Shares as we may elect to purchase, subject to applicable law) are properly tendered at or below the Purchase Price and not properly withdrawn, we will accept Shares for purchase in the following order of priority: First , we will purchase all odd lots of less than 100 Shares at the Purchase Price from stockholders who validly tender all of their Shares at or below the Purchase Price (including Shares tendered by Purchase Price Tender) and who do not validly withdraw them before the Expiration Date (tenders of less than all of the Shares owned, beneficially or of record, by such Odd Lot Holder","If I own fewer than 100 Shares and I tender all of my Shares, will I be subject to proration? If you own, beneficially or of record, fewer than 100 Shares in the aggregate, you validly tender all of these Shares at or below the Purchase Price (including Shares tendered by Purchase Price Tender) and do not validly withdraw them before the Expiration Date, and you complete the section entitled Odd Lots in the Letter of Transmittal and, if applicable, in the Notice of Guaranteed Delivery, we will purchase all of your Shares without subjecting them to the proration procedure.",odd-lot -> no-proration/priority: 'odd lot and conditional tender priority' (<100-share threshold stated in the document),0001193125-19-170214,0001193125-19-170214,https://www.sec.gov/Archives/edgar/data/1326380/000119312519170214/d762862dex99a1a.htm,2c00a7d1738191de472476e80ad9dc5928fe22d6bfb72fd3ba00c57ad3d83b82,https://www.sec.gov/Archives/edgar/data/1326380/000119312519194097/d742546dsctoia.htm,2019-07-15,5,5,False,"submissions index: ['GME', 'GME-WT'] on ['NYSE', 'NYSE']; no non-traded language in doc","yfinance Close, dividends unadjusted, split basis restored to the offer date",0001193125-19-194097,372821,d762862dsctoi.htm
BlackRock Enhanced Equity Dividend Trust,0001332283,BDJ,NYSE,listed,closed_end_or_interval_fund,2024-07-17,,nav_based,,,,,,,,8.3100004196167,2024-07-16,8.390000343322754,2024-08-19,1.0,,,,,,,common_or_unspecified,yes,,mentioned_no_priority_language,(d) Each Conditional Tender Offer shall require odd lot tenders to be subject to the same proration terms as tenders of 100 shares or more.,,"phrase present, no grant and no denial matched",0001193125-24-180425,0001193125-24-180425,https://www.sec.gov/Archives/edgar/data/1332283/000119312524180425/d851927dex99d4.htm,ca13cc1020c444069ec39d48947ce9298a8c552155e20dcf7ef12689adf27368,https://www.sec.gov/Archives/edgar/data/1332283/000119312524203031/d823310dsctoia.htm,2024-08-20,1,3,False,submissions index: ['BDJ'] on ['NYSE']; no non-traded language in doc,"yfinance Close, dividends unadjusted, split basis restored to the offer date",0001193125-24-203031,53046,d851927dsctoi.htm
NEXPOINT DIVERSIFIED REAL ESTATE TRUST,0001356115,"NXDT,NXDT-PA","NYSE,NYSE",non_traded,REIT,2020-10-30,,split_off_exchange_offer,,,,,,,,,,,,,9.14,last reported sale price of a Common Share on the NYSE on that day was $9.14,,,,,preferred,yes,,yes,"Common Shares accepted for exchange on a prorated basis will be determined by multiplying each holder s tender by the applicable proration factor; provided, however that Common Shares will be accepted for exchange first from all holders of odd lots of less than 100 Common Shares who validly tender all of their Common Shares at or below the Purchase Price and do not properly withdraw them before the Expiration Date for the Exchange Offer.","For all Common Shares validly tendered and not properly withdrawn prior to the Expiration Date, we will purchase validly tendered and not properly withdrawn shares on the basis set forth below: First : from all holders of odd lots of less than 100 Common Shares who (i) validly tender all of their Common Shares at or below the Purchase Price, (ii) do not properly withdraw them before the Expiration Date for the Exchange Offer and (iii) complete the section entitled Odd Lots in the Letter of Transmittal and, if applicable, the Notice of Guaranteed Delivery; Second : subject to the conditional tender provisions described below, we will purchase all other Common Shares validly tendered at prices at or below the Purchase Price and not properly withdrawn on a pro rata basis to avoid the issuance of fractional Series A Preferred Shares; and Third : if necessary to permit us to purchase $150,000,000 in aggregate purchase price of Common Shares (or such greater amount as we may elect to purchase, subject to applicable law and the authorization of our Board), from shareholders who have tendered Common Shares, subject to the condition that a minimum number of Common Shares be purchased, at or below the Purchase Price and do not properly withdraw them (if the condition was not initially satisfied because of proration), by random lot, to the extent feasible.",odd-lot -> no-proration/priority: 'odd lot priority' (threshold not restated in this document),0001193125-20-282692,0001193125-20-282692,https://www.sec.gov/Archives/edgar/data/1356115/000119312520282692/d72245dex99a1i.htm,e3d043f2b4de5ff3c688396d163a23b66843b4ed98de4e5cbb6f08dd1ad379ae,https://www.sec.gov/Archives/edgar/data/1356115/000119312521005327/d35665dsctoia.htm,2021-01-08,2,8,False,"document: 'there is no public market for the Series A Preferred Shares. As noted above, an application will be made to list the Series A Preferred Shar' [submissions index also lists ['NXDT', 'NXDT-PA'] on ['NYSE', 'NYSE'] - other class or later]",not exchange-listed / no ticker in the submissions index,0001193125-21-005327,1110302,d72245dsctoi.htm
"Morgan Stanley China A Share Fund, Inc.",0001368493,CAF,NYSE,listed,closed_end_or_interval_fund,2026-03-03,,nav_based,,,,98.5,,,,18.190000534057617,2026-03-02,16.600000381469727,2026-04-06,1.0,,,,,,,common_or_unspecified,yes,,mentioned_no_priority_language,"&middot; What if more than 3,363,566 Shares are tendered (and not timely withdrawn)? The Fund will purchase duly tendered Shares from tendering Stockholders pursuant to the terms and conditions of the Offer on a pro rata basis (odd-lot tenders for Stockholders who own fewer than 100 shares are still subject to pro ration) in accordance with the number of Shares tendered by each Stockholder (and not timely withdrawn), unless the Fund determines not to purchase any Shares.","If more than 3,363,566 Shares are duly tendered pursuant to the Offer (and not withdrawn as provided in Section 4), unless the Fund determines not to purchase any Shares, the Fund will purchase Shares from tendering Stockholders, in accordance with the terms and conditions specified in the Offer, on a pro rata basis (odd-lot tenders for Stockholders who own fewer than 100 shares are still subject to pro ration), in accordance with the number of Shares duly tendered by or on behalf of each Stockholder (and not so withdrawn).","phrase present, no grant and no denial matched",0001104659-26-022652,0001104659-26-022652,https://www.sec.gov/Archives/edgar/data/1368493/000110465926022652/tm266778d1_ex99-12xax1xi.htm,ba7eacf95954ca5dd2286a18cb807d59f3bbea47ab5746e07d1aa70cd4d5ebad,https://www.sec.gov/Archives/edgar/data/1368493/000110465926039224/tm269806d2_sctoia.htm,2026-04-02,3,3,False,submissions index: ['CAF'] on ['NYSE']; no non-traded language in doc,"yfinance Close, dividends unadjusted, split basis restored to the offer date",0001104659-26-039224,151712,tm266778d1_sctoi.htm
"GTJ REIT, INC.",0001368757,,,non_traded,REIT,2020-02-13,2020-03-18,nav_based,,,,,11.75,,,,,,,,,,,,,,common_or_unspecified,yes,,yes,"If I own fewer than 100 Shares and I tender all of my Shares, will I be subject to proration? If you own beneficially or of record fewer than 100 Shares in the aggregate, you will not be subject to proration if (1) you properly tender all of these Shares, (2) you do not properly withdraw them before the Expiration Date, and (3) you complete the Letter of Transmittal included with this Offer to Purchase and the Odd Lot Certification Form.","Because of the proration and ""odd lot"" priority provisions described in this Offer to Purchase, it is possible that the Company will not purchase all of the Shares that the Holders tender.","odd-lot -> no-proration/priority: 'odd lot"" priority' (<100-share threshold stated in the document)",0000950123-20-001941,0000950123-20-001941,https://www.sec.gov/Archives/edgar/data/1368757/000095012320001941/ck0001368757-ex99a1i_9.htm,503f468913d2cb7f4740b233dfc4d27e3a7391d936dd2eb6d8a83000be27f4e6,https://www.sec.gov/Archives/edgar/data/1368757/000156459020014190/ck1368757-scto_20200330.htm,2020-03-30,2,5,False,"document: 'Shares are not listed on a national securities exchange, and there is no established trading market for the Shares. Thus, there are no histo'",not exchange-listed / no ticker in the submissions index,0001564590-20-014190,669462,ck0001368757-sctoi_20200213.htm
"GTJ REIT, INC.",0001368757,,,non_traded,REIT,2021-07-06,2021-08-09,nav_based,,,,,14.0,,,,,,,,,,,,,,common_or_unspecified,yes,,yes,"If I own fewer than 100 Shares and I tender all of my Shares, will I be subject to proration? If you own beneficially or of record fewer than 100 Shares in the aggregate, you will not be subject to proration if (1) you properly tender all of these Shares, (2) you do not properly withdraw them before the Expiration Date, and (3) you complete the Letter of Transmittal included with this Offer to Purchase and the Odd Lot Certification Form.","Because of the proration and ""odd lot"" priority provisions described in this Offer to Purchase, it is possible that the Company will not purchase all of the Shares that the Holders tender.","odd-lot -> no-proration/priority: 'odd lot"" priority' (<100-share threshold stated in the document)",0000950123-21-008487,0000950123-21-008487,https://www.sec.gov/Archives/edgar/data/1368757/000095012321008487/ck1368757-ex99a1i_28.htm,56e4ec47bd97ebfd51e10fe723da9c7a30d9a0438022d21044d4b7356be981c2,https://www.sec.gov/Archives/edgar/data/1368757/000095012321010285/ck1368757-sctoia_20210811.htm,2021-08-11,2,2,False,"document: 'Shares are not listed on a national securities exchange, and there is no established trading market for the Shares. Thus, there are no histo'",not exchange-listed / no ticker in the submissions index,0000950123-21-010285,699599,ck1368757-sctoi_20210706.htm
BOX INC,0001372612,"BOX,BXCAP","NYSE,OTC",listed,operating_company,2021-06-02,2021-06-29,dutch_auction,,22.75,25.75,,,24.25,range_midpoint,23.969999313354492,2021-06-01,25.549999237060547,2021-06-30,1.0,23.97,last reported sale price of our Shares on the NYSE was $23.97,0.011681268251981791,0.011681297232641663,0.999999971353963,offer price / the price the OFFER DOCUMENT itself states,common_or_unspecified,yes,,yes,"If, based on the Purchase Price we determine, more than $500 million in value of Shares are validly tendered and not validly withdrawn, we will purchase all Shares tendered at or below the Purchase Price on a pro rata basis, except for odd lots (of less than 100 Shares), which we will purchase on a priority basis (though tenders of less than all of the Shares owned by an Odd Lot Holder (as defined herein) will not qualify for this priority), and except for each conditional tender whose condition was not met, which we will not purchase (except as described in Section 6).","If I own fewer than 100 Shares and I tender all of my Shares, will I be subject to proration? Upon the terms and subject to the conditions of the Offer, if you own beneficially or of record fewer than 100 Shares in the aggregate, validly tender all of these Shares at or below the Purchase Price determined by us, do not withdraw such Shares before the Offer expires and complete the section entitled Odd Lots in the Letter of Transmittal, and, if applicable, in the Notice of Guaranteed Delivery, we will purchase all of your Shares without subjecting them to the proration procedure.","odd-lot -> no-proration/priority: 'odd lots (of less than 100 Shares), which we will purchase on a priority basis' (<100-share threshold stated in the document)",0001193125-21-179185,0001193125-21-179185,https://www.sec.gov/Archives/edgar/data/1372612/000119312521179185/d183655dex99a1a.htm,dc9d7096de232e37dd61d1f1e600e263660f33d990717a606ee895bbce104799,https://www.sec.gov/Archives/edgar/data/1372612/000119312521207117/d124217dsctoia.htm,2021-07-02,4,5,False,"submissions index: ['BOX', 'BXCAP'] on ['NYSE', 'OTC']; no non-traded language in doc","yfinance Close, dividends unadjusted, split basis restored to the offer date",0001193125-21-207117,458713,d183655dsctoi.htm
"Lightstone Value Plus REIT V, Inc.",0001387061,,,non_traded,REIT,2019-12-17,2020-01-17,nav_based,,,,,7.75,,,,,,,,,,,,,,common_or_unspecified,yes,,yes,"If I own fewer than 100 Shares and I tender all of my Shares, will I be subject to proration? If you own beneficially or of record fewer than 100 Shares in the aggregate, you will not be subject to proration if: (1) you properly tender all of these Shares, (2) you do not properly withdraw them before the Expiration Date, and (3) you complete the Letter of Transmittal included with this Offer to Purchase and the Odd-Lot Certification Form.","Because of the proration and odd lot priority provisions described in this Offer to Purchase, it is possible that we will not purchase all of the Shares that you tender.",odd-lot -> no-proration/priority: 'odd lot priority' (<100-share threshold stated in the document),0001140361-19-022732,0001140361-19-022732,https://www.sec.gov/Archives/edgar/data/1387061/000114036119022732/nt10006941x1_exa1a.htm,01e4779c48a1f399e3f727a8c2a167b4824610bcca36ff444db91faaf4ce17da,https://www.sec.gov/Archives/edgar/data/1387061/000114036120006185/sctoia.htm,2020-03-18,11,7,False,"document: 'Shares are not listed on a national securities exchange, and because of the limited liquidity provided by the Company s share repurchase pro'",not exchange-listed / no ticker in the submissions index,0001140361-20-006185,387755,nt10006941x1_sctoi.htm
"Lightstone Value Plus REIT V, Inc.",0001387061,,,non_traded,REIT,2020-06-16,,nav_based,,,,,2.25,,,,,,,,,,,,,,common_or_unspecified,yes,,yes,"See ""The Offer - Section 16."" If I own fewer than 100 Shares and I tender all of my Shares, will I be subject to proration? If you own beneficially or of record fewer than 100 Shares in the aggregate, you will not be subject to proration if: (1) you properly tender all of these Shares, (2) you do not properly withdraw them before the Expiration Date, and (3) you complete the Letter of Transmittal included with this Offer to Purchase and the Odd-Lot Certification Form.","Because of the proration and ""odd lot"" priority provisions described in this Offer to Purchase, it is possible that we will not purchase all of the Shares that you tender.","odd-lot -> no-proration/priority: 'odd lot"" priority' (<100-share threshold stated in the document)",0001140361-20-013892,0001140361-20-013892,https://www.sec.gov/Archives/edgar/data/1387061/000114036120013892/nt10012753x1_exa1a.htm,ddb3b3df947258a702d975c06a7fda107b8d826b380800361e7d9981235d7eb4,https://www.sec.gov/Archives/edgar/data/1387061/000114036120016870/nt10013839x1_sctoia.htm,2020-07-28,6,2,False,"document: 'Shares are not listed on a national securities exchange and the SRP, which is subject to restrictions, was suspended indefinitely on Decembe'",not exchange-listed / no ticker in the submissions index,0001140361-20-016870,315045,nt10012753x1_sctoi.htm
"Lightstone Value Plus REIT V, Inc.",0001387061,,,non_traded,REIT,2025-12-31,2026-02-13,nav_based,,,,,14.08,,,,,,,,,,,,,,common_or_unspecified,yes,,yes,"See ""The Offer - Section 16."" 4 TABLE OF CONTENTS If I own fewer than 100 Shares and I tender all of my Shares, will I be subject to proration? If you own beneficially or of record fewer than 100 Shares in the aggregate, you will not be subject to proration if: (1) you properly tender all of these Shares, (2) you do not properly withdraw them before the Expiration Date, and (3) you complete the Letter of Transmittal included with the Offer to Purchase and the Odd-Lot Certification Form.","Because of the proration and ""odd lot"" priority provisions described in the Offer to Purchase, it is possible that we will not purchase all of the Shares that you tender.","odd-lot -> no-proration/priority: 'odd lot"" priority' (<100-share threshold stated in the document)",0001140361-25-047097,0001140361-25-047097,https://www.sec.gov/Archives/edgar/data/1387061/000114036125047097/ny20061679x1_exa1a.htm,e0744bed95a6df00095e342f8d2349510923684a4dd4bc7c24586d7de93d3b8d,https://www.sec.gov/Archives/edgar/data/1387061/000114036126007531/ny20065983x2_sctoia.htm,2026-03-03,7,3,False,"document: 'there is no public trading market. The Board of Directors has adopted the Seventh Amended and Restated Share Redemption Program (the ""SRP"") '",not exchange-listed / no ticker in the submissions index,0001140361-26-007531,321809,ny20061679x1_sctoi.htm
BlackRock Enhanced International Dividend Trust,0001393299,BGY,NYSE,listed,closed_end_or_interval_fund,2024-07-18,,nav_based,,,,,,,,5.610000133514404,2024-07-17,5.690000057220459,2024-08-19,1.0,,,,,,,common_or_unspecified,yes,,mentioned_no_priority_language,(d) Each Conditional Tender Offer shall require odd lot tenders to be subject to the same proration terms as tenders of 100 shares or more.,,"phrase present, no grant and no denial matched",0001193125-24-181052,0001193125-24-181052,https://www.sec.gov/Archives/edgar/data/1393299/000119312524181052/d860830dex99d5.htm,76043052a599ad9933b302f66d8b9e889533e2bd4f819beb92c94abea82a0906,https://www.sec.gov/Archives/edgar/data/1393299/000119312524203883/d856914dsctoia.htm,2024-08-21,1,3,False,submissions index: ['BGY'] on ['NYSE']; no non-traded language in doc,"yfinance Close, dividends unadjusted, split basis restored to the offer date",0001193125-24-203883,52368,d860830dsctoi.htm
Optex Systems Holdings Inc,0001397016,OPXS,Nasdaq,listed,operating_company,2022-08-18,2022-09-15,dutch_auction,,2.35,2.75,,,2.55,range_midpoint,2.0,2022-08-17,2.509999990463257,2022-09-16,1.0,2.0,last reported sale price of the Common Stock was $2.00,0.2749999999999999,0.2749999999999999,1.0,offer price / the price the OFFER DOCUMENT itself states,common_or_unspecified,yes,,yes,"What happens if more than $4.25 million in value of shares of Common Stock are tendered at or below the Final Purchase Price? If more than $4.25 million in value of shares of Common Stock (or such greater amount as we may elect to pay, subject to applicable law) are properly tendered at or below the Final Purchase Price and not properly withdrawn prior to the Expiration Date, we will purchase shares of Common Stock on the following basis: first , we will purchase all odd lots (as defined in Section 1) of less than 100 shares of Common Stock at the Final Purchase Price from odd lot holders who properly tender all of their shares of Common Stock at or below the Final Purchase Price and who do not properly withdraw them before the Expiration Date (tenders of less than all of the shares of Common Stock owned, beneficially or of record, by such odd lot holder (as defined in Section 1) will not qualify for this preference); and second , after the purchase of all of the shares of Common Stock properly tendered and not properly withdrawn by odd lot holders at or below the Final Purchase Price, we will purchase all other shares of Common Stock properly tendered and not properly withdrawn at or below the Final Purchase Price on a pro rata basis with appropriate adjustment to avoid purchases of fractional shares of Common Stock.","Because of the &ldquo;odd lot&rdquo; priority and proration provisions described above, it is possible that we will not purchase all of the shares of Common Stock that you tender even if you tender them at or below the Final Purchase Price.",odd-lot -> no-proration/priority: 'odd lot holders who properly tender all of their shares of Common Stock at or below the Final Purchase Price and who do not properly withdraw them before the Expiration Date (tenders of less than all ' (<100-share threshold stated in the document),0001493152-22-023412,0001493152-22-023412,https://www.sec.gov/Archives/edgar/data/1397016/000149315222023412/ex-a1a.htm,ae94cb520886ab4199f042bfb6c22343809c6b357d0539a4045b7592a68a4c77,https://www.sec.gov/Archives/edgar/data/1397016/000149315222026318/formsctoia.htm,2022-09-20,6,3,False,submissions index: ['OPXS'] on ['Nasdaq']; no non-traded language in doc,"yfinance Close, dividends unadjusted, split basis restored to the offer date",0001493152-22-026318,421040,formscto-i.htm
IMH Financial Corp,0001397403,,,non_traded,operating_company,2018-12-10,2019-01-11,fixed_price,2.0,,,,2.0,,,,,,,,,,,,,,common_or_unspecified,yes,,yes,"In what order will you purchase the tendered Shares? We will purchase Shares in the following order of priority: First, from all shareholders of ""odd lots"" (holders of less than 100 Class B Shares or Class C Shares, as appropriate) who properly tender all of their Class B Shares or Class C Shares as appropriate and do not properly withdraw them before the expiration of the Offers; and Second, on a pro rata basis from all shareholders who properly tender Shares and do not properly withdraw them before the expiration of the Offers.","However, because of the ""odd lot"" priority and proration provisions described in this Offer to Purchase, all of the Shares tendered may not be purchased if more than the number of Shares we seek are properly tendered and not properly withdrawn.","odd-lot -> no-proration/priority: 'odd lot"" priority' (<100-share threshold stated in the document)",0001397403-18-000036,0001397403-18-000036,https://www.sec.gov/Archives/edgar/data/1397403/000139740318000036/exhibita1aamendedoff.htm,d718258ca5f706f8c9e720467516595cfe61a0b7ed13648f28dad55d7bcd53bb,https://www.sec.gov/Archives/edgar/data/1397403/000139740319000008/amendmentno3toscheduletore.htm,2019-01-28,1,3,False,document: 'not listed on any securities exchange or automated quotation service. Financial Statements. Financial statements have not been included here',not exchange-listed / no ticker in the submissions index,0001397403-19-000008,195273,amendmentno1toscheduleto.htm
Cosan Ltd.,0001402902,,,unknown,operating_company,2018-11-30,2018-12-28,unknown,,,,,,,,,,,,,,,,,,,common_or_unspecified,yes,,yes,"If I own fewer than 100 shares and I tender all of my shares, will I be subject to proration? If you own beneficially or of record fewer than 100 shares in the aggregate, you properly tender all of those shares before the Offer expires and you complete the section entitled &ldquo;Odd Lots&rdquo; in the Letter of Transmittal and, if applicable, in the Notice of Guaranteed Delivery, we will purchase all of your shares without subjecting them to the proration procedure.","iv If the terms and conditions of the Offer have been satisfied or waived and shares having an aggregate purchase price of more than U.S.$100,000,000 (or such greater aggregate purchase price of shares as we may elect to purchase, subject to applicable law) are properly tendered and not properly withdrawn, we will purchase shares in the following order of priority: &middot; First, we will purchase all &ldquo;odd lots&rdquo; of fewer than 100 shares at the Purchase Price from shareholders who properly tender all of their shares owned beneficially or of record by such odd lot holder at or below the Purchase Price and who do not properly withdraw them before the Expiration Time (tenders of fewer than all of the shares owned, beneficially or of record, by such od",odd-lot -> no-proration/priority: 'Odd Lots of fewer than 100 shares at the Purchase Price from shareholders who properly tender all of their shares owned beneficially or of record by such odd lot holder at or below the Purchase Price ' (<100-share threshold stated in the document),0000950103-18-013928,0000950103-18-013928,https://www.sec.gov/Archives/edgar/data/1402902/000095010318013928/dp98913_ex-a1a.htm,a7eac1ba7a596722b2fa6af9e3e3898cda7019e9935bb45a472398549633129a,https://www.sec.gov/Archives/edgar/data/1402902/000095010319000153/dp100508_sctoia3.htm,2019-01-03,1,4,False,"no ticker in submissions index, no non-traded language matched",not exchange-listed / no ticker in the submissions index,0000950103-19-000153,349980,dp98913_sctoi.htm
Cosan Ltd.,0001402902,,,unknown,operating_company,2019-08-28,2019-09-25,unknown,,,,,,,,,,,,,,,,,,,common_or_unspecified,yes,,yes,"If I own fewer than 100 shares and I tender all of my shares, will I be subject to proration? If you own beneficially or of record fewer than 100 shares in the aggregate, you properly tender all of those shares before the Offer expires and you complete the section entitled &ldquo;Odd Lots&rdquo; in the Letter of Transmittal and, if applicable, in the Notice of Guaranteed Delivery, we will purchase all of your shares without subjecting them to the proration procedure.","If the terms and conditions of the Offer have been satisfied or waived and shares having an aggregate purchase price of more than U.S.$357,500,000 (or such greater aggregate purchase price of shares as we may elect to purchase, subject to applicable law) are properly tendered and not properly withdrawn, we will purchase shares in the following order of priority: &middot; First, we will purchase all &ldquo;odd lots&rdquo; of fewer than 100 shares at the Purchase Price from shareholders who properly tender all of their shares owned beneficially or of record by such odd lot holder at or below the Purchase Price and who do not properly withdraw them before the Expiration Time (tenders of fewer than all of the shares owned, beneficially or of record, by such od",odd-lot -> no-proration/priority: 'Odd Lots of fewer than 100 shares at the Purchase Price from shareholders who properly tender all of their shares owned beneficially or of record by such odd lot holder at or below the Purchase Price ' (<100-share threshold stated in the document),0000950103-19-011272,0000950103-19-011272,https://www.sec.gov/Archives/edgar/data/1402902/000095010319011272/dp111575_ex-a1a.htm,5aea19d10b8476e2356e893aaff3228ab327f6753b36e712075966cc15ae2b48,https://www.sec.gov/Archives/edgar/data/1402902/000095010319013080/dp113504_sctoia3.htm,2019-09-30,8,4,False,"no ticker in submissions index, no non-traded language matched",not exchange-listed / no ticker in the submissions index,0000950103-19-013080,361170,dp111575_sctoi.htm
"InterDigital, Inc.",0001405495,IDCC,Nasdaq,listed,operating_company,2023-01-23,,dutch_auction,,60.0,69.0,,,64.5,range_midpoint,62.91999816894531,2023-01-20,74.33000183105469,2023-02-23,1.0,62.92,last reported sale price of the shares on the Nasdaq was $62.92,0.0251112523839796,0.025111282216065067,0.9999999708986858,offer price / the price the OFFER DOCUMENT itself states,common_or_unspecified,yes,,yes,"6 TABLE OF CONTENTS If I own fewer than 100 shares and I tender all of my shares, will I be subject to proration? If you own, beneficially or of record, fewer than an aggregate of 100 shares, you properly tender all of such shares at or below the Purchase Price prior to the Expiration Date (and do not properly withdraw such shares), you complete the section entitled ""Odd Lots"" in the Letter of Transmittal and, if applicable, in the Notice of Guaranteed Delivery, and all conditions to the tender offer are satisfied or waived, we will purchase all of your shares without subjecting them to proration.","If the conditions to the tender offer have been satisfied or waived and shares having an aggregate purchase price in excess of $200,000,000, measured at the maximum price at which such shares were properly tendered, have been properly tendered and not properly withdrawn prior to the Expiration Date, we will buy shares in the following order of priority: first, from all holders of ""odd lots"" (holders of fewer than 100 shares) who properly tender all their shares at or below the Purchase Price and do not properly withdraw them before the Expiration Date; second, on a pro rata basis, with appropriate adjustment to avoid purchases of fractional shares, from all other stockholders who properly tender shares at or below the Purchase Pric","odd-lot -> no-proration/priority: 'odd lot"" priority' (<100-share threshold stated in the document)",0001104659-23-005597,0001104659-23-005597,https://www.sec.gov/Archives/edgar/data/1405495/000110465923005597/tm233479d1_ex99-a1i.htm,d7afa23c11e8032d6dc41b63bb974615ff3753bfde9a19f574193c5c5db4229a,https://www.sec.gov/Archives/edgar/data/1405495/000110465923024548/tm233479-22_sctoia.htm,2023-02-23,8,5,False,submissions index: ['IDCC'] on ['Nasdaq']; no non-traded language in doc,"yfinance Close, dividends unadjusted, split basis restored to the offer date",0001104659-23-024548,525835,tm233479-1_sctoi.htm
ATLANTIC POWER CORP,0001419242,,,unknown,REIT,2020-03-25,,unknown,,,,,,,,,,,,,,,,,,,common_or_unspecified,yes,,yes,"If the aggregate Purchase Price for Shares validly deposited and not withdrawn pursuant to Auction Tenders at Auction Prices equal to or less than the Purchase Price and pursuant to Purchase Price Tenders would result in an aggregate Purchase Price in excess of US$25,000,000, then such deposited Shares will be purchased as follows: (i) first, the Company will purchase all Shares tendered at or below the Purchase Price by Shareholders who own fewer than 100 Shares (the "" Odd Lot Holders "") at the Purchase Price; and (ii) second, the Company will purchase additional deposited Shares at the Purchase Price on a pro rata basis according to the number of Shares deposited or deemed to be deposited at a price equal to or less than the Purchase Price by the depositing Shareholders, for an aggregate purchase price of US$25,000,000 less the aggregate purchase price of the Shares purchased from Odd Lot Holders.","This preference will not be available unless Box D-""Odd Lots"" is completed.","no-proration/priority -> odd-lot: 'preference will not be available unless Box D-""Odd Lot' (<100-share threshold stated in the document)",0001047469-20-001754,0001047469-20-001754,https://www.sec.gov/Archives/edgar/data/1419242/000104746920001754/a2241116zex-99_a1ii.htm,5b0a64086afdc7b246c69387c873b4912baa7f3acd15147c5dee92510f2dc6d9,https://www.sec.gov/Archives/edgar/data/1419242/000110465920055667/a20-18294_2sctoia.htm,2020-05-01,5,3,False,"no ticker in submissions index, no non-traded language matched",not exchange-listed / no ticker in the submissions index,0001104659-20-055667,649179,a2241116zscto-i.htm
Billerud Americas Corp,0001421182,,,unknown,operating_company,2021-05-13,,dutch_auction,,16.0,18.3,,,17.15,range_midpoint,,,,,,15.01,last reported sale price of the Shares was $15.01,0.14257161892071935,,,offer price / the price the OFFER DOCUMENT itself states,common_or_unspecified,yes,,yes,"If I own fewer than 100 Shares and I tender all of my Shares, will I be subject to proration? If you own, beneficially or of record, fewer than 100 Shares in the aggregate, you validly tender all of these Shares at or below the Final Purchase Price and do not validly withdraw them before the Expiration Date, and you complete the section entitled Odd Lots in the Letter of Transmittal, we will purchase all of your Shares without subjecting them to the proration procedure.","dd lots of less than 100 Shares at the Final Purchase Price from stockholders who validly tender all of their Shares at or below the Final Purchase Price and who do not validly withdraw them before the Expiration Date (tenders of less than all of the Shares owned, beneficially or of record, by such Odd Lot Holder (as defined below) will not qualify for this preference); second , after purchasing all the odd lots that were validly tendered at or below the Final Purchase Price, subject to the conditional tender provisions described in Section 6 (whereby a holder may specify a minimum number of such holder s Shares that must be purchased if any such Sh",odd-lot -> no-proration/priority: 'Odd Lot Holder (as defined below) will not qualify for this preference' (<100-share threshold stated in the document),0001193125-21-159796,0001193125-21-159796,https://www.sec.gov/Archives/edgar/data/1421182/000119312521159796/d11983dex99a1i.htm,7a9fe966597b07c0ecb22412995c03dbe9f6fda947839bdc8b67dec10b3be431,https://www.sec.gov/Archives/edgar/data/1421182/000119312521188902/d179340dsctoia.htm,2021-06-11,7,4,False,"no ticker in submissions index, no non-traded language matched",not exchange-listed / no ticker in the submissions index,0001193125-21-188902,317612,d11983dsctoi.htm
"Lightstone Value Plus REIT II, Inc.",0001436975,,,non_traded,REIT,2023-11-28,,nav_based,,,,,6.0,,,,,,,,,,,,,,common_or_unspecified,yes,,yes,"See ""The Offer - Section 16."" If I own fewer than 100 Shares and I tender all of my Shares, will I be subject to proration? If you own beneficially or of record fewer than 100 Shares in the aggregate, you will not be subject to proration if: (1) you properly tender all of these Shares, (2) you do not properly withdraw them before the Expiration Date, and (3) you complete the Letter of Transmittal included with this Offer to Purchase and the Odd-Lot Certification Form.","Because of the proration and ""odd lot"" priority provisions described in this Offer to Purchase, it is possible that we will not purchase all of the Shares that you tender.","odd-lot -> no-proration/priority: 'odd lot"" priority' (<100-share threshold stated in the document)",0001140361-23-055055,0001140361-23-055055,https://www.sec.gov/Archives/edgar/data/1436975/000114036123055055/ny20015197x1_exa1a.htm,4d9b80d2481473fb951fe20c8d7b8247fb77629ecf474748c175121a6c4f1b22,https://www.sec.gov/Archives/edgar/data/1436975/000114036124009171/ny20021152x2_sctoia.htm,2024-02-23,10,6,False,"document: 'Shares are not listed on a national securities exchange, and because of the Company's share 1 TABLE OF CONTENTS repurchase program (the ""SRP'",not exchange-listed / no ticker in the submissions index,0001140361-24-009171,332690,ny20015197x1_sctoi.htm
"Lightstone Value Plus REIT II, Inc.",0001436975,,,non_traded,REIT,2024-04-24,,nav_based,,,,,6.0,,,,,,,,,,,,,,common_or_unspecified,yes,,yes,"See ""The Offer - Section 16."" If I own fewer than 100 Shares and I tender all of my Shares, will I be subject to proration? If you own beneficially or of record fewer than 100 Shares in the aggregate, you will not be subject to proration if: (1) you properly tender all of these Shares, (2) you do not properly withdraw them before the Expiration Date, and (3) you complete the Letter of Transmittal included with this Offer to Purchase and the Odd-Lot Certification Form.","3 Because of the proration and ""odd lot"" priority provisions described in this Offer to Purchase, it is possible that we will not purchase all of the Shares that you tender.","odd-lot -> no-proration/priority: 'odd lot"" priority' (<100-share threshold stated in the document)",0001140361-24-021511,0001140361-24-021511,https://www.sec.gov/Archives/edgar/data/1436975/000114036124021511/ny20027377x4_exa1a.htm,66f94c1f3ed107cb5804f32f6a8d56d3d77765f1afa7b0d33a89913f0b656107,https://www.sec.gov/Archives/edgar/data/1436975/000114036124031271/ny20031702x1_sctoia.htm,2024-06-25,7,3,False,"document: 'Shares are not listed on a national securities exchange, and because of the Company's share repurchase program (the ""SRP"") was suspended eff'",not exchange-listed / no ticker in the submissions index,0001140361-24-031271,327686,ny20027377x4_sctoi.htm
Arbutus Biopharma Corp,0001447028,ABUS,Nasdaq,listed,operating_company,2026-08-24,2026-09-29,dutch_auction,,5.0,5.75,,,5.375,range_midpoint,5.210000038146973,2026-08-21,,,1.0,5.21,closing price of the Shares on Nasdaq was US$5.21,0.031669865642994344,0.031669858089235836,1.0000000073218758,offer price / the price the OFFER DOCUMENT itself states,common_or_unspecified,no_amendment_found,,yes,""" Odd Lot Holder "" means a Shareholder who owns fewer than 100 Shares.","Shareholders owning an aggregate of fewer than 100 Shares whose Shares are purchased pursuant to the Offer not only will avoid the payment of brokerage commissions, but will also avoid any odd lot discounts, each of which may be applicable on a sale of their Shares in a transaction on Nasdaq.",odd-lot -> no-proration/priority: 'Odd Lots will be accepted for purchase before any prorat' (<100-share threshold stated in the document),0001104659-26-100002,0001104659-26-100002,https://www.sec.gov/Archives/edgar/data/1447028/000110465926100002/tm2622329d1_ex99-a1i.htm,b3fd389b5bd30036c1e655dc01e46cec16b38c4400ac5b1340e022f520cd8f88,,,8,1,False,submissions index: ['ABUS'] on ['Nasdaq']; no non-traded language in doc,"yfinance Close, dividends unadjusted, split basis restored to the offer date",,805207,tm2622329-1_sctot.htm
STEEL PARTNERS HOLDINGS L.P.,0001452857,,,unknown,operating_company,2022-04-08,2022-05-06,dutch_auction,,40.0,42.0,,,41.0,range_midpoint,,,,,,40.54,closing price of the units on the NYSE was $40.54,0.011346817957572863,,,offer price / the price the OFFER DOCUMENT itself states,common_or_unspecified,yes,,yes,"IF I OWN FEWER THAN 100 UNITS SUBJECT TO THE OFFER AND I TENDER ALL OF MY UNITS, WILL I BE SUBJECT TO PRORATION? If you beneficially own fewer than 100 units, in the aggregate, and you properly tender all of these units at or below the Purchase Price and do not properly withdraw them prior to the Expiration Date for the Offer and you complete the section entitled &ldquo;Odd Lots&rdquo; in the Letter of Transmittal and, if applicable, in the Notice of Guaranteed Delivery, we will purchase all of your units without subjecting them to the proration procedure.","Because of the &ldquo;odd lot&rdquo; priority and proration provisions described above, we may not purchase all of the units that you tender even if you tender them at or below the Purchase Price.",odd-lot -> no-proration/priority: 'odd lot&rdquo; priority' (threshold not restated in this document),0001213900-22-018744,0001213900-22-018744,https://www.sec.gov/Archives/edgar/data/1452857/000121390022018744/ea158147-exa1a_steelpartners.htm,4716c9f02faa25a6487875584d45caa20b189e5d73bc19e1645c991058c5db5b,https://www.sec.gov/Archives/edgar/data/1452857/000121390022027142/ea160040-sctoia2_steelpart.htm,2022-05-16,3,3,False,"no ticker in submissions index, no non-traded language matched",not exchange-listed / no ticker in the submissions index,0001213900-22-027142,278146,ea158147-sctoi_steelpartners.htm
GeoPark Ltd,0001464591,GPRK,NYSE,listed,operating_company,2024-03-20,2024-04-17,unknown,,,,,,,,9.460000038146973,2024-03-19,9.760000228881836,2024-04-18,1.0,,,,,,,common_or_unspecified,yes,,yes,"If I own fewer than 100 shares and I tender all of my shares, will I be subject to proration? If you own beneficially or of record fewer than 100 shares in the aggregate, you properly tender all of those shares before the Offer expires and you complete the section entitled &ldquo;Odd Lots&rdquo; in the Letter of Transmittal and, if applicable, in the Notice of Guaranteed Delivery, we will purchase all of your shares without subjecting them to the proration procedure.","If the terms and conditions of the Offer have been satisfied or waived and shares having an aggregate purchase price of more than U.S.$50,000,000 (or such greater aggregate purchase price of shares as we may elect to purchase, iv Table of Contents subject to applicable law) are properly tendered and not properly withdrawn, we will purchase shares in the following order of priority: &middot; First, we will purchase all &ldquo;odd lots&rdquo; of fewer than 100 shares at the Purchase Price from shareholders who properly tender all of their shares owned beneficially or of record by such odd lot holder at or below the Purchase Price and who do not properly withdraw them before the Expiration Time (tenders of fewer than all of the shares owned, beneficially or of record, by such od",odd-lot -> no-proration/priority: 'Odd Lots of fewer than 100 shares at the Purchase Price from shareholders who properly tender all of their shares owned beneficially or of record by such odd lot holder at or below the Purchase Price ' (<100-share threshold stated in the document),0000950103-24-004046,0000950103-24-004046,https://www.sec.gov/Archives/edgar/data/1464591/000095010324004046/dp208425_ex-a1a.htm,bd9aa124ffc349db6a5e29f7740244e5dcf152b73ff8e5e82279d9fe281e4c49,https://www.sec.gov/Archives/edgar/data/1464591/000095010324005538/dp210049_sctoia-4.htm,2024-04-22,6,5,False,submissions index: ['GPRK'] on ['NYSE']; no non-traded language in doc,"yfinance Close, dividends unadjusted, split basis restored to the offer date",0000950103-24-005538,406262,dp208425_sctoi.htm
MSG NETWORKS INC.,0001469372,,,unknown,operating_company,2019-08-30,,dutch_auction,,15.0,17.5,,,16.25,range_midpoint,,,,,,14.32,last reported sale price of the Class A Shares was $14.32,0.13477653631284925,,,offer price / the price the OFFER DOCUMENT itself states,common_or_unspecified,yes,,yes,"If I own fewer than 100 Class A Shares and I tender all of my Class A Shares, will I be subject to proration? If you own, beneficially or of record, fewer than 100 Class A Shares in the aggregate, you validly tender all of these Class A Shares at or below the Final Purchase Price and do not validly withdraw them before the Expiration Date, and you complete the section entitled Odd Lots in the Letter of Transmittal and, if applicable, in the Notice of Guaranteed Delivery, we will purchase all of your Class A Shares without subjecting them to the proration procedure.","In what order will you purchase the tendered Class A Shares? We will purchase Class A Shares on the following basis: first , we will purchase all odd lots of less than 100 Class A Shares at the Final Purchase Price from stockholders who validly tender all of their Class A Shares at or below the Final Purchase Price and who do not validly withdraw them before the Expiration Date (tenders of less than all of the Class A Shares owned, beneficially or of record, by such Odd Lot Holder (as defined in Section 1) will not qualify for this preference); second , after purchasing all the odd lots that were validly tendered at or below the Final Purchase Price, subject to the conditional tender provisions described in Section 6 (whereby a holder may specify a minimum number of such holder s Class A Shares that must be purchased",odd-lot -> no-proration/priority: 'odd lots of less than 100 Class A Shares at the Final Purchase Price from stockholders who validly tender all of their Class A Shares at or below the Final Purchase Price and who do not validly withdr' (threshold not restated in this document),0001193125-19-234442,0001193125-19-234442,https://www.sec.gov/Archives/edgar/data/1469372/000119312519234442/d786888dex99a1i.htm,5a1ecfc2a178f0702f2e7945346e02683403752bad4e82fd938ec99135676520,https://www.sec.gov/Archives/edgar/data/1469372/000119312519261124/d802839dsctoia.htm,2019-10-03,5,5,False,"no ticker in submissions index, no non-traded language matched",not exchange-listed / no ticker in the submissions index,0001193125-19-261124,476461,d786888dsctoi.htm
"Phillips Edison & Company, Inc.",0001476204,PECO,Nasdaq,non_traded,REIT,2020-11-10,2030-06-16,nav_based,,,,,5.75,,,,,,,,,,,,,,common_or_unspecified,yes,,yes,"If the Offer is oversubscribed, and you are not an odd lot holder (i.e., a stockholder holding less than 100 Shares), the number of Shares that we purchase from you will be prorated.","See Section 1, "" Number of Shares Expiration Date Prorations."" If I own fewer than 100 Shares and I tender all of my Shares, will I be subject to proration If you own beneficially or of record fewer than 100 Shares in the aggregate, you will not be subject to proration if (a) you properly tender all of these Shares, (b) you do not properly withdraw them before the Expiration Date, and (c) you properly complete and sign the Letter of Transmittal included with this Offer to Purchase and the Odd Lot Certification Form.","odd-lot -> no-proration/priority: 'odd lot"" priority' (<100-share threshold stated in the document)",0001476204-20-000092,0001476204-20-000092,https://www.sec.gov/Archives/edgar/data/1476204/000147620420000092/ex-99a1aoffertopurchase.htm,0522f93317094f75ac950693104bce94453b87bda5d57ee0ec93dbeca046c5bd,https://www.sec.gov/Archives/edgar/data/1476204/000147620421000007/peco-sctoxiafinalresultsja.htm,2021-01-07,3,4,False,"document: 'Shares are not listed on a national securities exchange, and there is no established trading market for the Shares. The Company is making th' [submissions index also lists ['PECO'] on ['Nasdaq'] - other class or later]",not exchange-listed / no ticker in the submissions index,0001476204-21-000007,365669,scto-inov2020.htm
"Expensify, Inc.",0001476840,EXFY,Nasdaq,listed,operating_company,2026-05-13,2026-06-10,dutch_auction,,0.98,1.2,,1.2,1.2,,0.9660000205039978,2026-05-12,1.2799999713897705,2026-06-11,1.0,0.97,last reported sale price of the shares of Class A common stock on Nasdaq was $0.97,0.23711340206185572,0.24223599847742827,0.995876309797936,offer price / the price the OFFER DOCUMENT itself states,common_or_unspecified,yes,,yes,"If I own fewer than 100 shares of Class A common stock and I tender all of my shares, will I be subject to proration If you own, beneficially or of record, fewer than an aggregate of 100 shares of Class A common stock, you properly tender all of such shares at or below the Purchase Price prior to the Expiration Time (and do not properly withdraw such shares) and you complete the section entitled ""Odd Lots"" in the Letter of Transmittal and, if applicable, in the Notice of Guaranteed Delivery, and all conditions to the tender offer are satisfied or waived, we will purchase all of your shares without subjecting them to proration.","If the conditions to the tender offer have been satisfied or waived and shares of Class A common stock having an aggregate purchase price in excess of $25,000,000, measured at the maximum price at which such shares were properly tendered, have been properly tendered and not properly withdrawn prior to the Expiration Time, we will buy shares in the following order of priority first, from all holders of ""odd lots"" (holders of fewer than 100 shares of Class A common stock ) who properly tender all their shares at or below the Purchase Price and do not properly withdraw them before the Expiration Time second, on a pro rata basis, with appropriate adjustment to avoid purchases of fractional shares, from all other stockholders who properly tender shares of Cl","odd-lot -> no-proration/priority: 'odd lot"" priority' (<100-share threshold stated in the document)",0001476840-26-000044,0001476840-26-000044,https://www.sec.gov/Archives/edgar/data/1476840/000147684026000044/exhibita1i-offertopurchase.htm,b09520330be79dca9df5362b7c6f329c85afb56aae488cb7828aeb85d9027348,https://www.sec.gov/Archives/edgar/data/1476840/000147684026000063/expensifyinc-scheduletoxia.htm,2026-06-12,4,4,False,submissions index: ['EXFY'] on ['Nasdaq']; no non-traded language in doc,"yfinance Close, dividends unadjusted, split basis restored to the offer date",0001476840-26-000063,497564,expensifyinc-scheduletoxi.htm
"Eagle Bancorp Montana, Inc.",0001478454,EBMT,Nasdaq,listed,operating_company,2021-05-21,,dutch_auction,,24.0,26.25,,24.0,24.0,,23.790000915527344,2021-05-20,24.020000457763672,2021-06-21,1.0,23.79,last reported sale price of the shares on the Nasdaq Global Market was $23.79,0.008827238335435084,0.008827199512026596,1.0000000384837051,offer price / the price the OFFER DOCUMENT itself states,common_or_unspecified,yes,,yes,"In addition, if shares with an aggregate purchase price of more than $6,000,000 are tendered in the tender offer at or below the Purchase Price and not properly withdrawn, we will buy such shares on a pro rata basis, except for ""odd lots"" (lots held by beneficial owners of less than 100 shares, but not including any shares held in the ESOP), which will be purchased on a priority basis.","1 TABLE OF CONTENTS In addition, if shares having an aggregate purchase price of more than $6,000,000 are tendered in the tender offer at or below the Purchase Price and not properly withdrawn we will buy such shares on a pro rata basis, except for ""odd lots"" (lots held by beneficial owners of less than 100 shares, but not including any shares held in the ESOP (as defined below)), which will be purchased on a priority basis.","odd-lot -> no-proration/priority: 'odd lots"" (lots held by beneficial owners of less than 100 shares, but not including any shares held in the ESOP), which will be purchased on a priority basis' (<100-share threshold stated in the document)",0001140361-21-018267,0001140361-21-018267,https://www.sec.gov/Archives/edgar/data/1478454/000114036121018267/nt10023797x1_ex99-a1i.htm,22c7273a798f621c790c740d7fb0a206c2c9d05ac45ed9eb3205d80986757784,https://www.sec.gov/Archives/edgar/data/1478454/000114036121022641/brhc10026344_sctoia.htm,2021-06-29,6,3,False,submissions index: ['EBMT'] on ['Nasdaq']; no non-traded language in doc,"yfinance Close, dividends unadjusted, split basis restored to the offer date",0001140361-21-022641,423358,nt10023797x1_sctoi.htm
"KBS Real Estate Investment Trust III, Inc.",0001482430,KBSR,OTC,non_traded,REIT,2021-06-04,,nav_based,,,,,10.34,,,,,,,,,,,,,,common_or_unspecified,yes,,yes,"If I own fewer than 100 Shares and I tender all of my Shares, will I be subject to proration? If you own beneficially or of record fewer than 100 Shares in the aggregate (including Shares held through separate accounts), you will not be subject to proration if: (1) you properly tender all of these Shares, (2) you do not properly withdraw them before the Expiration Date, and (3) you complete the Letter of Transmittal included with this Offer to Purchase and the Odd Lot Certification Form.","Because of the proration and odd lot priority provisions described in this Offer to Purchase, it is possible that we will not purchase all of the Shares that you tender.",odd-lot -> no-proration/priority: 'odd lot priority' (<100-share threshold stated in the document),0001193125-21-182326,0001193125-21-182326,https://www.sec.gov/Archives/edgar/data/1482430/000119312521182326/d162490dex99ai.htm,ca6d15903e18e47539912601ccb6bb4d25d539e5a8f7fc79604ccef0e1ac4845,https://www.sec.gov/Archives/edgar/data/1482430/000148243021000052/kbsriiiscto-iaxamendno2fin.htm,2021-07-12,6,3,False,"document: 'there is no public trading market for the Shares, we cannot provide a market price for the Shares. The Purchase Price is 96% of $10.77, whic' [submissions index also lists ['KBSR'] on ['OTC'] - other class or later]",not exchange-listed / no ticker in the submissions index,0001482430-21-000052,339416,d162490dsctoi.htm
LyondellBasell Industries N.V.,0001489393,LYB,NYSE,listed,REIT,2019-06-10,,dutch_auction,,77.0,88.0,,,,range_midpoint,79.22000122070312,2019-06-07,84.91999816894531,2019-07-11,1.0,,,,0.04140366989087707,,,common_or_unspecified,yes,,yes,"5 ODD LOTS (See Instruction 14) As described in Section 1 of the Offer to Purchase, under certain conditions, shareholders holding less than 100 Shares may have their Shares accepted for payment before any proration of other tendered Shares.","However, because of proration, ""Odd Lot"" priority and the conditional tender provisions described in the Offer to Purchase, the Company may not purchase all of the Shares tendered at or below the Final Purchase Price if more than 37,000,000 Shares are properly tendered and not properly withdrawn; 7.","odd-lot -> no-proration/priority: 'ODD LOTS (See Instruction 14) As described in Section 1 of the Offer to Purchase, under certain conditions, shareholders holding less than 100 Shares may have their Shares accepted for payment before ' (<100-share threshold stated in the document)",0001410578-19-000308,0001410578-19-000308,https://www.sec.gov/Archives/edgar/data/1489393/000141057819000308/a2238999zex-99_a1b.htm,fb27407c7b83995b51893444edef7d478a70bcec5b97dbe79d74c8e6f05ddc9a,https://www.sec.gov/Archives/edgar/data/1489393/000110465919040009/a19-11010_5sctoia.htm,2019-07-12,6,5,False,submissions index: ['LYB'] on ['NYSE']; no non-traded language in doc,"yfinance Close, dividends unadjusted, split basis restored to the offer date",0001104659-19-040009,578803,a2238999zscto-i.htm
Brookfield Property REIT Inc.,0001496048,,,unknown,REIT,2019-02-11,,dutch_auction,,19.0,21.0,,,,range_midpoint,,,,,,,,,,,,common_or_unspecified,yes,,yes,"(See Section 3, "" Procedures for Tendering Shares of Class A Stock "", of the Offer to Purchase and Instruction 4 to this Letter of Transmittal.) Price $19.20 Price $19.30 Price $19.40 Price $19.50 Price $19.60 Price $19.70 Price $19.80 Price $19.90 Price $20.00 Price $20.10 Price $20.20 Price $20.30 Price $20.40 Price $20.50 Price $20.60 Price $20.70 Price $20.80 Price $20.90 Price $21.00 Total Number of Whole Shares of Class A Stock Tendered (cannot exceed the total number of shares of Class A Stock that you own) 5 (7) ODD LOTS As described in Section 1, "" Number of Shares of Class A Stock; Purchase Price; Proration; Odd Lots "", of the Offer to Purchase, under certain conditions, stockholders holding fewer than 100 shares of Class A Stock may have their shares accepted for payment before any proration of the purchase of other tendered shares of Class A Stock.","Subject to and effective on acceptance for payment of, and payment for, the shares of Class A Stock tendered with this Letter of Transmittal in accordance with, and subject to, the terms of the Offer, I/we hereby sell, assign and transfer to, or upon the order of, the Company, all right, title and interest in and to all of the shares of Class A Stock that are being tendered hereby, subject to the ""odd lot"" priority and proration provisions of the Offer, and irrevocably constitute and appoint American Stock Transfer & Trust Company, LLC, the paying agent for the Offer (the ""Paying Agent""), the true and lawful agent and attorney-in-fact of the undersigned, with full power of substitution (such power of attorney being deemed to be an irrevocable power","odd-lot -> no-proration/priority: 'ODD LOTS As described in Section 1, "" Number of Shares of Class A Stock; Purchase Price; Proration; Odd Lots "", of the Offer to Purchase, under certain conditions, stockholders holding fewer than 100 ' (<100-share threshold stated in the document)",0001047469-19-000435,0001047469-19-000435,https://www.sec.gov/Archives/edgar/data/1496048/000104746919000435/a2237690zex-99_a1b.htm,faada15c03218ce11910ad01eb6a3437f31cdfbe18ec2c8e38dfa37bf71df0d5,https://www.sec.gov/Archives/edgar/data/1496048/000110465919018370/a19-7283_4sctoia.htm,2019-03-29,5,5,False,"no ticker in submissions index, no non-traded language matched",not exchange-listed / no ticker in the submissions index,0001104659-19-018370,453431,a2237690zscto-i.htm
Brookfield Property REIT Inc.,0001496048,,,unknown,REIT,2020-07-06,,fixed_price,12.0,,,,12.0,12.0,,,,,,,10.23,last reported sale price of our Class A Stock on Nasdaq was $10.23,0.17302052785923738,,,offer price / the price the OFFER DOCUMENT itself states,common_or_unspecified,yes,,yes,"If I own fewer than 100 shares of Class A Stock and I tender all of my shares of Class A Stock, will I be subject to proration? If you own, beneficially or of record, fewer than 100 shares of Class A Stock in the aggregate, you properly tender and do not properly withdraw all of these shares of Class A Stock prior to the Expiration Date, you complete the section entitled ""Odd Lots"" in the Letter of Transmittal or an Agent's Message (as defined herein), and if applicable, in the Notice of Guaranteed Delivery, and all conditions to the Offer are satisfied or waived, we will purchase all of your shares of Class A Stock without subjecting them to proration (unless the number of shares of Class A Stock properly tendered and not properly withdrawn prior to the Expiration Date by Odd Lot Holders would be more than 9,166,667 shares).","Due to the ""odd lot"" priority and proration provisions described in this Offer to Purchase, less than all of the shares of Class A Stock tendered may be purchased if more than 9,166,667 shares of Class A Stock are properly tendered and not properly withdrawn.","odd-lot -> no-proration/priority: 'odd lot"" priority' (<100-share threshold stated in the document)",0001104659-20-081230,0001104659-20-081230,https://www.sec.gov/Archives/edgar/data/1496048/000110465920081230/tm2023097-1_exhibita1a.htm,87f88affe8afd04f763202fa35cd40a76dca13103e8a7667674063835f4b375b,https://www.sec.gov/Archives/edgar/data/1496048/000110465920096679/tm2023097-14_sctoia.htm,2020-08-19,5,5,False,"no ticker in submissions index, no non-traded language matched",not exchange-listed / no ticker in the submissions index,0001104659-20-096679,510793,tm2023097-1_sctoi.htm
BlackRock Resources & Commodities Strategy Trust,0001506289,BCX,NYSE,listed,closed_end_or_interval_fund,2024-07-19,,nav_based,,,,,,,,9.329999923706055,2024-07-18,9.170000076293945,2024-08-19,1.0,,,,,,,common_or_unspecified,yes,,mentioned_no_priority_language,(d) Each Conditional Tender Offer shall require odd lot tenders to be subject to the same proration terms as tenders of 100 shares or more.,,"phrase present, no grant and no denial matched",0001193125-24-181685,0001193125-24-181685,https://www.sec.gov/Archives/edgar/data/1506289/000119312524181685/d818195dex99d5.htm,59fceacfc414af6f247185c01ff349175474c21af0508ca0586affa0d61b6078,https://www.sec.gov/Archives/edgar/data/1506289/000119312524204728/d883659dsctoia.htm,2024-08-22,1,3,False,submissions index: ['BCX'] on ['NYSE']; no non-traded language in doc,"yfinance Close, dividends unadjusted, split basis restored to the offer date",0001193125-24-204728,71541,d818195dsctoi.htm
"Moatable, Inc.",0001509223,,,non_traded,operating_company,2025-09-03,2025-09-30,unknown,,,,,,,,,,,,,2.06,closing price of the ADSs as reported by the Pink Limited Market was $2.06,,,,,preferred,yes,,yes,"Upon the terms and subject to the conditions of the Offer, if more than 5,000,000 ADSs are properly tendered and not properly withdrawn prior to the Expiration Time, we will purchase all ADSs properly tendered and not properly withdrawn prior to the Expiration Time in the following order of priority: &middot; First, all ADSs owned in &ldquo;odd lots&rdquo; (less than 100 ADSs), all of which have been properly tendered and not properly withdrawn prior to the Expiration Time.","If I own fewer than 100 ADSs and I tender all of them, will I be subject to proration? If you own, beneficially or of record, fewer than 100 ADSs in the aggregate, you properly tender all of these ADSs prior to the Expiration Time (and do not properly withdraw such ADSs) and you complete the section entitled &ldquo;Odd Lots&rdquo; in the Letter of Transmittal, and all conditions to the Offer are satisfied or waived, we will purchase or cause to be purchased all of your ADSs without subjecting them to proration.",odd-lot -> no-proration/priority: 'odd lot&rdquo; priority' (threshold not restated in this document),0001104659-25-086677,0001104659-25-086677,https://www.sec.gov/Archives/edgar/data/1509223/000110465925086677/tm2524838d1_ex99-a1a.htm,780ba8bd43f87392cac6179ae099a2b16b5657c3b7811727d232d9bc53fc0963,https://www.sec.gov/Archives/edgar/data/1509223/000110465925096407/tm2527910d1_sctoia.htm,2025-10-03,9,4,False,"document: 'not listed on any securities exchange, are traded over-the-counter and quoted on the Pink Limited Market under the trading symbol &ldquo;MTB'",not exchange-listed / no ticker in the submissions index,0001104659-25-096407,572799,tm2524838d1_sctoi.htm
Marathon Petroleum Corp,0001510295,MPC,NYSE,listed,operating_company,2021-05-17,2021-06-14,dutch_auction,,56.0,63.0,,,59.5,range_midpoint,60.08000183105469,2021-05-14,63.66999816894531,2021-06-15,1.0,60.08,last reported sale price of the Shares on the NYSE was $60.08,-0.009653794940079896,-0.009653825122802995,1.0000000304769423,offer price / the price the OFFER DOCUMENT itself states,common_or_unspecified,yes,,yes,"Odd lots will be accepted for payment before any proration of the purchase of other tendered Shares, provided that (a) this priority is not available to partial tenders or to beneficial or record holders of 100 or more Shares in the aggregate, even if these holders have separate accounts or certificates representing fewer than 100 Shares, and (b) to qualify for this priority, an Odd Lot Holder must tender all Shares owned by the Odd Lot Holder in accordance with the procedures described in Section 3.","If I own fewer than 100 Shares and I tender all of my Shares, will I be subject to proration? If you own, beneficially or of record, fewer than 100 Shares in the aggregate, you properly tender all of these Shares at or below the Purchase Price and do not properly withdraw them before the Expiration Date, and you complete the section entitled Odd Lots in the Letter of Transmittal and, if applicable, in the Notice of Guaranteed Delivery, we will purchase all of your Shares without subjecting them to the proration procedure, upon the terms and subject to the conditions of the Offer.",odd-lot -> no-proration/priority: 'Odd lots will be accepted for payment before any prorat' (<100-share threshold stated in the document),0001193125-21-162819,0001193125-21-162819,https://www.sec.gov/Archives/edgar/data/1510295/000119312521162819/d133857dex99a1a.htm,7000ac139811c85a4fc8cade182a070f731bf1fad284cdd196b16efbe7b015c0,https://www.sec.gov/Archives/edgar/data/1510295/000119312521192723/d192664dsctoia.htm,2021-06-17,7,3,False,submissions index: ['MPC'] on ['NYSE']; no non-traded language in doc,"yfinance Close, dividends unadjusted, split basis restored to the offer date",0001193125-21-192723,432138,d133857dsctoi.htm
"ROYCE GLOBAL TRUST, INC.",0001514490,RGT,NYSE,listed,closed_end_or_interval_fund,2020-10-28,,unknown,,,,,14.43,,,12.960000038146973,2020-10-27,14.5,2020-11-30,1.0,,,,0.11342592264862428,,,common_or_unspecified,yes,,mentioned_no_priority_language,The Revised Tender Offer shall require odd lot tenders to be subject to the same proration terms as tenders of 100 shares or more.,,"phrase present, no grant and no denial matched",0001514490-20-000013,0001514490-20-000013,https://www.sec.gov/Archives/edgar/data/1514490/000094937720000362/g500025_exd.htm,4b9a9ff50527303b64998ad4d8e4a3b682c4bbec6680db05991dd2dd8191fe2a,https://www.sec.gov/Archives/edgar/data/1514490/000094937720000369/rgt-sctoi_12232020.htm,2020-12-23,1,3,False,submissions index: ['RGT'] on ['NYSE']; no non-traded language in doc,"yfinance Close, dividends unadjusted, split basis restored to the offer date",0000949377-20-000369,81259,rgt-to.htm
AMC Global Media Inc.,0001514991,AMCX,Nasdaq,listed,operating_company,2020-09-16,,dutch_auction,,22.5,26.5,,,24.5,range_midpoint,20.770000457763672,2020-09-15,23.0,2020-10-19,1.0,20.77,last reported sale price of the Class A Shares was $20.77,0.17958594126143468,0.179585915263766,1.0000000220396568,offer price / the price the OFFER DOCUMENT itself states,common_or_unspecified,yes,,yes,"If I own fewer than 100 Class A Shares and I tender all of my Class A Shares, will I be subject to proration? If you own, beneficially or of record, fewer than 100 Class A Shares in the aggregate, you validly tender all of these Class A Shares at or below the Final Purchase Price and do not validly withdraw them before the Expiration Date, and you complete the section entitled Odd Lots in the Letter of Transmittal and, if applicable, in the Notice of Guaranteed Delivery, we will purchase all of your Class A Shares without subjecting them to the proration procedure.","In what order will you purchase the tendered Class A Shares? We will purchase Class A Shares on the following basis: first, we will purchase all odd lots of less than 100 Class A Shares at the Final Purchase Price from stockholders who validly tender all of their Class A Shares at or below the Final Purchase Price and who do not validly withdraw them before the Expiration Date (tenders of less than all of the Class A Shares owned, beneficially or of record, by such Odd Lot Holder (as defined in Section 1) will not qualify for this preference); second , after purchasing all the odd lots that were validly tendered at or below the Final Purchase Price, subject to the conditional tender provisions described in Section 6 (whereby a holder may specify a minimum number of such holder s Class A Shares that must be purchased",odd-lot -> no-proration/priority: 'odd lots of less than 100 Class A Shares at the Final Purchase Price from stockholders who validly tender all of their Class A Shares at or below the Final Purchase Price and who do not validly withdr' (threshold not restated in this document),0001193125-20-246637,0001193125-20-246637,https://www.sec.gov/Archives/edgar/data/1514991/000119312520246637/d899314dex99a1i.htm,21110394ee96345314766ca1b1900d1573fc5b5c7c9117b7437b140b23c08a70,https://www.sec.gov/Archives/edgar/data/1514991/000119312520273333/d70722dsctoia.htm,2020-10-21,8,4,False,submissions index: ['AMCX'] on ['Nasdaq']; no non-traded language in doc,"yfinance Close, dividends unadjusted, split basis restored to the offer date",0001193125-20-273333,513686,d899314dsctoi.htm
Sierra Income Corp,0001523526,,,non_traded,REIT,2021-05-28,,nav_based,,,,,,,,,,,,,,,,,,,common_or_unspecified,yes,,yes,"Odd lots will be accepted for payment before any proration of the purchase of other tendered Shares, provided that (a) this priority is not available to partial tenders or to beneficial or record holders of 100 or more Shares in the aggregate, even if these holders have separate accounts or certificates representing fewer than 100 Shares, and (b) to qualify for this priority, an Odd Lot Holder must tender all Shares owned by the Odd Lot Holder in accordance with the procedures described in Section 4.","If I own fewer than 100 Shares and I tender all of my Shares, will I be subject to proration? If you own, beneficially or of record, fewer than 100 Shares in the aggregate, you properly tender all of these Shares and do not properly withdraw them before the Expiration Date, and you complete the section entitled ""Odd Lots"" in the Letter of Transmittal, we will purchase all of your Shares without subjecting them to the proration procedure, upon the terms and subject to the conditions of the Offer.",odd-lot -> no-proration/priority: 'Odd lots will be accepted for payment before any prorat' (<100-share threshold stated in the document),0001437749-21-013748,0001437749-21-013748,https://www.sec.gov/Archives/edgar/data/1523526/000143774921013748/ex_253968.htm,06b7e1107e0d060a46d653ecb59916bc49f005df053d99fa70deba8bfb500ad1,https://www.sec.gov/Archives/edgar/data/1523526/000143774921016667/sicp20210706_sctoia.htm,2021-07-08,1,2,False,"document: 'shares are not listed on a national securities exchange and have limited liquidity prior to the occurrence of a liquidity event, among other'",not exchange-listed / no ticker in the submissions index,0001437749-21-016667,176294,sicp20210527_sctoi.htm
Western Asset Middle Market Income Fund Inc.,0001525355,,,unknown,REIT,2018-11-30,,nav_based,,,,,,,,,,,,,,,,,,,common_or_unspecified,yes,,mentioned_no_priority_language,"If more than 6,236 Shares are duly tendered prior to the expiration of the Offer (and not properly withdrawn), the Fund will purchase Shares from tendering Stockholders, in accordance with the terms and conditions specified in the Offer to Purchase and herein, by first purchasing shares tendered by any stockholders who own, beneficially or of record, an aggregate amount of 10 shares or less (an odd lot ) and tender all of their shares.",,"phrase present, no grant and no denial matched",0001193125-18-338950,0001193125-18-338950,https://www.sec.gov/Archives/edgar/data/1525355/000119312518338950/d590117dex99a1ii.htm,43f3042daad089a28bfcf484e175ac883b6656d2f7f86e41b703b856eaa73f7a,https://www.sec.gov/Archives/edgar/data/1525355/000119312519005229/d661878dsctoia.htm,2019-01-09,1,2,False,"no ticker in submissions index, no non-traded language matched",not exchange-listed / no ticker in the submissions index,0001193125-19-005229,162747,d590117dsctoi.htm
Western Asset Middle Market Income Fund Inc.,0001525355,,,unknown,REIT,2019-03-06,,nav_based,,,,,,,,,,,,,,,,,,,common_or_unspecified,yes,,mentioned_no_priority_language,"If more than 6,035 Shares are duly tendered prior to the expiration of the Offer (and not properly withdrawn), the Fund will purchase Shares from tendering Stockholders, in accordance with the terms and conditions specified in the Offer to Purchase and herein, by first purchasing shares tendered by any stockholders who own, beneficially or of record, an aggregate amount of 10 shares or less (an odd lot ) and tender all of their shares.",,"phrase present, no grant and no denial matched",0001193125-19-064979,0001193125-19-064979,https://www.sec.gov/Archives/edgar/data/1525355/000119312519064979/d625307dex99a1ii.htm,342453d713fc14d7fabf5fb7593c1c4bf814163caba311007eb8e9faf93c92a5,https://www.sec.gov/Archives/edgar/data/1525355/000119312519101588/d695527dsctoia.htm,2019-04-09,3,2,False,"no ticker in submissions index, no non-traded language matched",not exchange-listed / no ticker in the submissions index,0001193125-19-101588,164546,d625307dsctoi.htm
Western Asset Middle Market Income Fund Inc.,0001525355,,,unknown,REIT,2019-06-03,,nav_based,,,,,,,,,,,,,,,,,,,common_or_unspecified,yes,,mentioned_no_priority_language,"If more than 5,778 Shares are duly tendered prior to the expiration of the Offer (and not properly withdrawn), the Fund will purchase Shares from tendering Stockholders, in accordance with the terms and conditions specified in the Offer to Purchase and herein, by first purchasing shares tendered by any stockholders who own, beneficially or of record, an aggregate amount of 10 shares or less (an odd lot ) and tender all of their shares.",,"phrase present, no grant and no denial matched",0001193125-19-163555,0001193125-19-163555,https://www.sec.gov/Archives/edgar/data/1525355/000119312519163555/d735879dex99a1ii.htm,5bb707c85001791197c2656c7b187cfb294cee198b86eb5c4a412a3c6b617f79,https://www.sec.gov/Archives/edgar/data/1525355/000119312519191164/d765998dsctoia.htm,2019-07-09,3,2,False,"no ticker in submissions index, no non-traded language matched",not exchange-listed / no ticker in the submissions index,0001193125-19-191164,165080,d735879dsctoi.htm
Western Asset Middle Market Income Fund Inc.,0001525355,,,unknown,REIT,2019-09-04,,nav_based,,,,,,,,,,,,,,,,,,,common_or_unspecified,yes,,mentioned_no_priority_language,"If more than 5,531 Shares are duly tendered prior to the expiration of the Offer (and not properly withdrawn), the Fund will purchase Shares from tendering Stockholders, in accordance with the terms and conditions specified in the Offer to Purchase and herein, by first purchasing shares tendered by any stockholders who own, beneficially or of record, an aggregate amount of 10 shares or less (an odd lot ) and tender all of their shares.",,"phrase present, no grant and no denial matched",0001193125-19-237307,0001193125-19-237307,https://www.sec.gov/Archives/edgar/data/1525355/000119312519237307/d749360dex99a1ii.htm,5b8f29830f189edd07e33b49544a06f5574e6dab420d1dfe34400e2933a81a71,https://www.sec.gov/Archives/edgar/data/1525355/000119312519264382/d800278dsctoia.htm,2019-10-08,3,2,False,"no ticker in submissions index, no non-traded language matched",not exchange-listed / no ticker in the submissions index,0001193125-19-264382,165235,d749360dsctoi.htm
Western Asset Middle Market Income Fund Inc.,0001525355,,,unknown,REIT,2019-12-05,,nav_based,,,,,,,,,,,,,,,,,,,common_or_unspecified,yes,,mentioned_no_priority_language,"If more than 5,350 Shares are duly tendered prior to the expiration of the Offer (and not properly withdrawn), the Fund will purchase Shares from tendering Stockholders, in accordance with the terms and conditions specified in the Offer to Purchase and herein, by first purchasing shares tendered by any stockholders who own, beneficially or of record, an aggregate amount of 10 shares or less (an odd lot ) and tender all of their shares.",,"phrase present, no grant and no denial matched",0001193125-19-307014,0001193125-19-307014,https://www.sec.gov/Archives/edgar/data/1525355/000119312519307014/d805563dex99a1ii.htm,9fb0fd8bd92e7ba1665d27a0b949927952fee678068455f9837b2d903efa05d6,https://www.sec.gov/Archives/edgar/data/1525355/000119312520004457/d856455dsctoia.htm,2020-01-09,3,2,False,"no ticker in submissions index, no non-traded language matched",not exchange-listed / no ticker in the submissions index,0001193125-20-004457,165198,d805563dsctoi.htm
Western Asset Middle Market Income Fund Inc.,0001525355,,,unknown,REIT,2020-03-06,,nav_based,,,,,,,,,,,,,,,,,,,common_or_unspecified,yes,,mentioned_no_priority_language,"If more than 5,175 Shares are duly tendered prior to the expiration of the Offer (and not properly withdrawn), the Fund will purchase Shares from tendering Stockholders, in accordance with the terms and conditions specified in the Offer to Purchase and herein, by first purchasing shares tendered by any stockholders who own, beneficially or of record, an aggregate amount of 10 shares or less (an odd lot ) and tender all of their shares.",,"phrase present, no grant and no denial matched",0001193125-20-064204,0001193125-20-064204,https://www.sec.gov/Archives/edgar/data/1525355/000119312520064204/d722108dex99a1ii.htm,f0c4687c80e5fc90d9094470601f7f51f8d50b9bdb351d00bbd3d99a71422e19,https://www.sec.gov/Archives/edgar/data/1525355/000119312520105082/d913094dsctoia.htm,2020-04-13,3,2,False,"no ticker in submissions index, no non-traded language matched",not exchange-listed / no ticker in the submissions index,0001193125-20-105082,165714,d722108dsctoi.htm
Western Asset Middle Market Income Fund Inc.,0001525355,,,unknown,REIT,2020-06-03,,nav_based,,,,,,,,,,,,,,,,,,,common_or_unspecified,yes,,mentioned_no_priority_language,"If more than 5,062 Shares are duly tendered prior to the expiration of the Offer (and not properly withdrawn), the Fund will purchase Shares from tendering Stockholders, in accordance with the terms and conditions specified in the Offer to Purchase and herein, by first purchasing shares tendered by any stockholders who own, beneficially or of record, an aggregate amount of 10 shares or less (an odd lot ) and tender all of their shares.",,"phrase present, no grant and no denial matched",0001193125-20-159237,0001193125-20-159237,https://www.sec.gov/Archives/edgar/data/1525355/000119312520159237/d915309dex99a1ii.htm,4f4a26ab79c951077672ae8692b2af27a67e4a65e8837c9871421985f3267384,https://www.sec.gov/Archives/edgar/data/1525355/000119312520190191/d884346dsctoia.htm,2020-07-09,3,2,False,"no ticker in submissions index, no non-traded language matched",not exchange-listed / no ticker in the submissions index,0001193125-20-190191,165703,d915309dsctoi.htm
Western Asset Middle Market Income Fund Inc.,0001525355,,,unknown,REIT,2020-09-03,,nav_based,,,,,,,,,,,,,,,,,,,common_or_unspecified,yes,,mentioned_no_priority_language,"If more than 4,949 Shares are duly tendered prior to the expiration of the Offer (and not properly withdrawn), the Fund will purchase Shares from tendering Stockholders, in accordance with the terms and conditions specified in the Offer to Purchase and herein, by first purchasing shares tendered by any stockholders who own, beneficially or of record, an aggregate amount of 10 shares or less (an odd lot ) and tender all of their shares.",,"phrase present, no grant and no denial matched",0001193125-20-238784,0001193125-20-238784,https://www.sec.gov/Archives/edgar/data/1525355/000119312520238784/d917681dex99a1ii.htm,d9aad13534d0f8266f5f8ebf8daa7d8fe4db933d6dea96d34d7d2fc66e3fe0dd,https://www.sec.gov/Archives/edgar/data/1525355/000119312520266009/d13919dsctoia.htm,2020-10-08,3,2,False,"no ticker in submissions index, no non-traded language matched",not exchange-listed / no ticker in the submissions index,0001193125-20-266009,165521,d917681dsctoi.htm
Western Asset Middle Market Income Fund Inc.,0001525355,,,unknown,REIT,2020-12-04,,nav_based,,,,,,,,,,,,,,,,,,,common_or_unspecified,yes,,mentioned_no_priority_language,"If more than 4,786 Shares are duly tendered prior to the expiration of the Offer (and not properly withdrawn), the Fund will purchase Shares from tendering Stockholders, in accordance with the terms and conditions specified in the Offer to Purchase and herein, by first purchasing shares tendered by any stockholders who own, beneficially or of record, an aggregate amount of 10 shares or less (an odd lot ) and tender all of their shares.",,"phrase present, no grant and no denial matched",0001193125-20-310162,0001193125-20-310162,https://www.sec.gov/Archives/edgar/data/1525355/000119312520310162/d942487dex99a1ii.htm,4d45b28366c7a5530274ddacfbb759c4e0bf4aa09bbbd96cf17ffdcc186976e5,https://www.sec.gov/Archives/edgar/data/1525355/000119312521004965/d105792dsctoia.htm,2021-01-08,3,2,False,"no ticker in submissions index, no non-traded language matched",not exchange-listed / no ticker in the submissions index,0001193125-21-004965,165516,d942487dsctoi.htm
Western Asset Middle Market Income Fund Inc.,0001525355,,,unknown,REIT,2021-03-05,,nav_based,,,,,,,,,,,,,,,,,,,common_or_unspecified,yes,,mentioned_no_priority_language,"If more than 4,577 Shares are duly tendered prior to the expiration of the Offer (and not properly withdrawn), the Fund will purchase Shares from tendering Stockholders, in accordance with the terms and conditions specified in the Offer to Purchase and herein, by first purchasing shares tendered by any stockholders who own, beneficially or of record, an aggregate amount of 10 shares or less (an odd lot ) and tender all of their shares.",,"phrase present, no grant and no denial matched",0001193125-21-070946,0001193125-21-070946,https://www.sec.gov/Archives/edgar/data/1525355/000119312521070946/d72988dex99a1ii.htm,766809ec7c1207a4da3dedbc0ce0d13a6cad8a3763e8570417dc5ddffb702ada,https://www.sec.gov/Archives/edgar/data/1525355/000119312521112736/d78677dsctoia.htm,2021-04-12,3,2,False,"no ticker in submissions index, no non-traded language matched",not exchange-listed / no ticker in the submissions index,0001193125-21-112736,165513,d72988dsctoi.htm
Western Asset Middle Market Income Fund Inc.,0001525355,,,unknown,REIT,2021-06-02,,nav_based,,,,,,,,,,,,,,,,,,,common_or_unspecified,yes,,mentioned_no_priority_language,"If more than 4,424 Shares are duly tendered prior to the expiration of the Offer (and not properly withdrawn), the Fund will purchase Shares from tendering Stockholders, in accordance with the terms and conditions specified in the Offer to Purchase and herein, by first purchasing shares tendered by any stockholders who own, beneficially or of record, an aggregate amount of 10 shares or less (an odd lot ) and tender all of their shares.",,"phrase present, no grant and no denial matched",0001193125-21-179290,0001193125-21-179290,https://www.sec.gov/Archives/edgar/data/1525355/000119312521179290/d46920dex99a1ii.htm,eee17030747f7ca1634a8dd9250979bc138d96d0e5a62c3937a780803695a885,https://www.sec.gov/Archives/edgar/data/1525355/000119312521211675/d56425dsctoia.htm,2021-07-09,3,2,False,"no ticker in submissions index, no non-traded language matched",not exchange-listed / no ticker in the submissions index,0001193125-21-211675,165534,d46920dsctoi.htm
Western Asset Middle Market Income Fund Inc.,0001525355,,,unknown,REIT,2021-09-03,,nav_based,,,,,,,,,,,,,,,,,,,common_or_unspecified,yes,,mentioned_no_priority_language,"If more than 4,231 Shares are duly tendered prior to the expiration of the Offer (and not properly withdrawn), the Fund will purchase Shares from tendering Stockholders, in accordance with the terms and conditions specified in the Offer to Purchase and herein, by first purchasing shares tendered by any stockholders who own, beneficially or of record, an aggregate amount of 10 shares or less (an odd lot ) and tender all of their shares.",,"phrase present, no grant and no denial matched",0001193125-21-265092,0001193125-21-265092,https://www.sec.gov/Archives/edgar/data/1525355/000119312521265092/d174670dex99a1ii.htm,513875b576854e78f8fb4611f2e614244c002a4fecdbcc8d6e7e136da2cfd852,https://www.sec.gov/Archives/edgar/data/1525355/000119312521295364/d236792dsctoia.htm,2021-10-08,3,2,False,"no ticker in submissions index, no non-traded language matched",not exchange-listed / no ticker in the submissions index,0001193125-21-295364,165562,d174670dsctoi.htm
Western Asset Middle Market Income Fund Inc.,0001525355,,,unknown,REIT,2021-12-03,,nav_based,,,,,,,,,,,,,,,,,,,common_or_unspecified,yes,,mentioned_no_priority_language,"If more than 4,047 Shares are duly tendered prior to the expiration of the Offer (and not properly withdrawn), the Fund will purchase Shares from tendering Stockholders, in accordance with the terms and conditions specified in the Offer to Purchase and herein, by first purchasing shares tendered by any stockholders who own, beneficially or of record, an aggregate amount of 10 shares or less (an odd lot ) and tender all of their shares.",,"phrase present, no grant and no denial matched",0001193125-21-347467,0001193125-21-347467,https://www.sec.gov/Archives/edgar/data/1525355/000119312521347467/d248580dex99a1ii.htm,3c260f09a746eedda078f0407d09aad7a97c9a8191a2f14f8c1261d12875ae58,https://www.sec.gov/Archives/edgar/data/1525355/000119312522005296/d274742dsctoia.htm,2022-01-10,3,2,False,"no ticker in submissions index, no non-traded language matched",not exchange-listed / no ticker in the submissions index,0001193125-22-005296,165553,d248580dsctoi.htm
Western Asset Middle Market Income Fund Inc.,0001525355,,,unknown,REIT,2022-03-04,,nav_based,,,,,,,,,,,,,,,,,,,common_or_unspecified,yes,,mentioned_no_priority_language,"If more than 3,871 Shares are duly tendered prior to the expiration of the Offer (and not properly withdrawn), the Fund will purchase Shares from tendering Stockholders, in accordance with the terms and conditions specified in the Offer to Purchase and herein, by first purchasing shares tendered by any stockholders who own, beneficially or of record, an aggregate amount of 10 shares or less (an odd lot ) and tender all of their shares.",,"phrase present, no grant and no denial matched",0001193125-22-065666,0001193125-22-065666,https://www.sec.gov/Archives/edgar/data/1525355/000119312522065666/d289594dex99a1ii.htm,d1e9e35f6ced787162e773dc00153bbecebe292ba984beb8decabebf45a588ff,https://www.sec.gov/Archives/edgar/data/1525355/000119312522100043/d337944dsctoia.htm,2022-04-08,3,2,False,"no ticker in submissions index, no non-traded language matched",not exchange-listed / no ticker in the submissions index,0001193125-22-100043,165534,d289594dsctoi.htm
Western Asset Middle Market Income Fund Inc.,0001525355,,,unknown,REIT,2022-06-01,,nav_based,,,,,,,,,,,,,,,,,,,common_or_unspecified,yes,,mentioned_no_priority_language,"If more than 3,701 Shares are duly tendered prior to the expiration of the Offer (and not properly withdrawn), the Fund will purchase Shares from tendering Stockholders, in accordance with the terms and conditions specified in the Offer to Purchase and herein, by first purchasing shares tendered by any stockholders who own, beneficially or of record, an aggregate amount of 10 shares or less (an odd lot ) and tender all of their shares.",,"phrase present, no grant and no denial matched",0001193125-22-164833,0001193125-22-164833,https://www.sec.gov/Archives/edgar/data/1525355/000119312522164833/d293633dex99a1ii.htm,79075c56b22c2db9090463ab7bc6ca7a3cdb7bcffe9cb0e883e5b8456221d0c5,https://www.sec.gov/Archives/edgar/data/1525355/000119312522190356/d698558dsctoia.htm,2022-07-08,3,2,False,"no ticker in submissions index, no non-traded language matched",not exchange-listed / no ticker in the submissions index,0001193125-22-190356,165517,d293633dsctoi.htm
Western Asset Middle Market Income Fund Inc.,0001525355,,,unknown,REIT,2022-09-02,,nav_based,,,,,,,,,,,,,,,,,,,common_or_unspecified,yes,,mentioned_no_priority_language,"If more than 3,577 Shares are duly tendered prior to the expiration of the Offer (and not properly withdrawn), the Fund will purchase Shares from tendering Stockholders, in accordance with the terms and conditions specified in the Offer to Purchase and herein, by first purchasing shares tendered by any stockholders who own, beneficially or of record, an aggregate amount of 10 shares or less (an odd lot ) and tender all of their shares.",,"phrase present, no grant and no denial matched",0001193125-22-237562,0001193125-22-237562,https://www.sec.gov/Archives/edgar/data/1525355/000119312522237562/d697446dex99a1ii.htm,bcd23ffa8a759163a5621ec82fbcc73f502270648c743bbe92904cbd57b00d71,https://www.sec.gov/Archives/edgar/data/1525355/000119312522259346/d328995dsctoia.htm,2022-10-07,3,2,False,"no ticker in submissions index, no non-traded language matched",not exchange-listed / no ticker in the submissions index,0001193125-22-259346,165530,d697446dsctoi.htm
"Wheeler Real Estate Investment Trust, Inc.",0001527541,"WHLR,WHLRD,WHLRP,WHLRL","Nasdaq,Nasdaq,Nasdaq,Nasdaq",listed,REIT,2020-12-23,,dutch_auction,,15.5,18.0,,,16.75,range_midpoint,2.750000047031158,2020-12-22,2.7800000940623164,2021-01-25,2.2964432686654908e-11,17.35,last reported sale price of the Series D Shares was $17.35,-0.03458213256484155,5.090908986740907,0.15850144363291976,offer price / the price the OFFER DOCUMENT itself states,preferred,yes,,yes,"If I own fewer than 100 Series D Shares and I tender all of my Series D Shares, will I be subject to proration? If you own, beneficially or of record, fewer than 100 Series D Shares in the aggregate, and (1) validly tender all of these Series D Shares at or below the Final Purchase Price, (2) do not validly withdraw them before the Expiration Date, and (3) complete the section entitled &ldquo;Odd Lots&rdquo; in the Letter of Transmittal and, if applicable, in the Notice of Guaranteed Delivery, we will purchase all of your Series D Shares without subjecting them to the proration procedure.","In what order will you purchase the tendered Series D Shares? We will purchase Series D Shares on the following basis: first, we will purchase all odd lots of less than 100 Series D Shares at the Final Purchase Price from stockholders who validly tender all of their Series D Shares at or below the Final Purchase Price and who do not validly withdraw them before the Expiration Date (tenders of less than all of the Series D Shares owned, beneficially or of record, by such Odd Lot Holder (as defined in Section 1) will not qualify for this preference); second , after purchasing all the odd lots that were validly tendered at or below the Final Purchase Price, subject to the conditional tender provisions described in Section 6 (whereby a holder may specify a minimum number of such holder's Series D Shares that must be purchase",odd-lot -> no-proration/priority: 'odd lots of less than 100 Series D Shares at the Final Purchase Price from stockholders who validly tender all of their Series D Shares at or below the Final Purchase Price and who do not validly with' (threshold not restated in this document),0001213900-20-044397,0001213900-20-044397,https://www.sec.gov/Archives/edgar/data/1527541/000121390020044397/ea132086ex99a1i_wheeler.htm,639e02ae2d74e825103fee4af114aa2c0f7ace0689d59c70bcb936319d17ddab,https://www.sec.gov/Archives/edgar/data/1527541/000121390021015474/ea137721-sctoia4_wheeler.htm,2021-03-16,6,5,False,"submissions index: ['WHLR', 'WHLRD', 'WHLRP', 'WHLRL'] on ['Nasdaq', 'Nasdaq', 'Nasdaq', 'Nasdaq']; no non-traded language in doc","yfinance Close, dividends unadjusted, split basis restored to the offer date",0001213900-21-015474,361859,ea132086-sctoi_wheelerreal.htm
"Wheeler Real Estate Investment Trust, Inc.",0001527541,"WHLR,WHLRD,WHLRP,WHLRL","Nasdaq,Nasdaq,Nasdaq,Nasdaq",listed,REIT,2021-04-19,,dutch_auction,,15.5,18.0,,15.5,15.5,,4.0500001410934745,2021-04-16,4.060000094062316,2021-05-20,2.2964432686654908e-11,18.05,last reported sale price of the Series D Shares was $18.05,-0.1412742382271468,2.8271603604969497,0.22437673911875203,offer price / the price the OFFER DOCUMENT itself states,preferred,yes,,yes,"If I own fewer than 100 Series D Shares and I tender all of my Series D Shares, will I be subject to proration? If you own, beneficially or of record, fewer than 100 Series D Shares in the aggregate, and (1) validly tender all of these Series D Shares at or below the Final Purchase Price, (2) do not validly withdraw them before the Expiration Date, and (3) complete the section entitled &ldquo;Odd Lots&rdquo; in the Letter of Transmittal and, if applicable, in the Notice of Guaranteed Delivery, we will purchase all of your Series D Shares without subjecting them to the proration procedure.","In what order will you purchase the tendered Series D Shares? We will purchase Series D Shares on the following basis: first, we will purchase all odd lots of less than 100 Series D Shares at the Final Purchase Price from stockholders who validly tender all of their Series D Shares at or below the Final Purchase Price and who do not validly withdraw them before the Expiration Date (tenders of less than all of the Series D Shares owned, beneficially or of record, by such Odd Lot Holder (as defined in Section 1) will not qualify for this preference); second , after purchasing all the odd lots that were validly tendered at or below the Final Purchase Price, subject to the conditional tender provisions described in Section 6 (whereby a holder may specify a minimum number of such holder's Series D Shares that must be purchase",odd-lot -> no-proration/priority: 'odd lots of less than 100 Series D Shares at the Final Purchase Price from stockholders who validly tender all of their Series D Shares at or below the Final Purchase Price and who do not validly with' (threshold not restated in this document),0001213900-21-022007,0001213900-21-022007,https://www.sec.gov/Archives/edgar/data/1527541/000121390021022007/ea139633ex99a1i_wheeler.htm,fbc900619b12cfaf370b4a182a7b8c203bc6ca4fbe79b149c3a5ff5d4352bec3,https://www.sec.gov/Archives/edgar/data/1527541/000121390022073690/ea168964-sctoia1_wheeler.htm,2022-11-18,5,3,False,"submissions index: ['WHLR', 'WHLRD', 'WHLRP', 'WHLRL'] on ['Nasdaq', 'Nasdaq', 'Nasdaq', 'Nasdaq']; no non-traded language in doc","yfinance Close, dividends unadjusted, split basis restored to the offer date",0001213900-22-073690,362890,ea139633-sctoi_wheeler.htm
"Franchise Group, Inc.",0001528930,,,unknown,operating_company,2019-08-01,,fixed_price,12.0,,,,12.0,12.0,,,,,,,9.7,last reported sale price of Liberty common stock was $9.70,0.23711340206185572,,,offer price / the price the OFFER DOCUMENT itself states,preferred,yes,,mentioned_no_priority_language,"Furthermore, odd lot holders who hold shares registered in their names and tender their shares directly to depositary agent and whose shares are purchased pursuant to the offer will avoid any applicable odd lot discounts that might be payable on sales of their shares.","- i - &middot; The offer also provides stockholders with an efficient way to sell their shares of Liberty common stock without incurring broker's fees or commissions associated with open market sales, and provides odd lot holders who tender shares of Liberty common stock registered in their names to avoid any odd lot discounts.","phrase present, no grant and no denial matched",0001171843-19-005070,0001171843-19-005070,https://www.sec.gov/Archives/edgar/data/1528930/000117184319005070/exh_a1a.htm,7a60359413be4e27c48a895b9fac9018760c11a3fcacbfccc2fdb3504a143d80,https://www.sec.gov/Archives/edgar/data/1528930/000117184319007549/sctoia_111419.htm,2019-11-14,2,7,False,"no ticker in submissions index, no non-traded language matched",not exchange-listed / no ticker in the submissions index,0001171843-19-007549,964898,sctoi_073119.htm
CION Investment Corp,0001534254,"CION,CICC,CICB","NYSE,NYSE,NYSE",non_traded,BDC,2019-02-15,,nav_based,,,,,,,,,,,,,,,,,,,common_or_unspecified,yes,,yes,"Odd lots will be accepted for payment before any proration of the purchase of other tendered Shares, provided that (a) this priority is not available to partial tenders or to beneficial or record holders of 100 or more Shares in the aggregate, even if these holders have separate accounts or certificates representing fewer than 100 Shares, and (b) to qualify for this priority, an Odd Lot Holder must tender all Shares owned by the Odd Lot Holder in accordance with the procedures described in Section 4.",The term &ldquo;odd lots&rdquo; means all Shares tendered by any person (an &ldquo; Odd Lot Holder &rdquo; ) who owned beneficially or of record an aggregate of fewer than 100 Shares.,odd-lot -> no-proration/priority: 'Odd lots will be accepted for payment before any prorat' (<100-share threshold stated in the document),0001144204-19-008563,0001144204-19-008563,https://www.sec.gov/Archives/edgar/data/1534254/000114420419008563/tv513673_ex99-a1a.htm,7d9fed29ff947bbe86d6b07ff086b69e5dc54592e1943b8ca996882f4bb6c5d6,https://www.sec.gov/Archives/edgar/data/1534254/000114420419016498/tv517343_sc-toia.htm,2019-03-28,1,2,False,"document: 'Shares are not listed on a national securities exchange and have limited liquidity prior to the occurrence of a &ldquo;liquidity event,&rdqu' [submissions index also lists ['CION', 'CICC', 'CICB'] on ['NYSE', 'NYSE', 'NYSE'] - other class or later]",not exchange-listed / no ticker in the submissions index,0001144204-19-016498,167008,tv513673_sctoi.htm
CION Investment Corp,0001534254,"CION,CICC,CICB","NYSE,NYSE,NYSE",non_traded,BDC,2019-05-17,,nav_based,,,,,,,,,,,,,,,,,,,common_or_unspecified,yes,,yes,"Odd lots will be accepted for payment before any proration of the purchase of other tendered Shares, provided that (a) this priority is not available to partial tenders or to beneficial or record holders of 100 or more Shares in the aggregate, even if these holders have separate accounts or certificates representing fewer than 100 Shares, and (b) to qualify for this priority, an Odd Lot Holder must tender all Shares owned by the Odd Lot Holder in accordance with the procedures described in Section 4.",The term &ldquo;odd lots&rdquo; means all Shares tendered by any person (an &ldquo; Odd Lot Holder &rdquo; ) who owned beneficially or of record an aggregate of fewer than 100 Shares.,odd-lot -> no-proration/priority: 'Odd lots will be accepted for payment before any prorat' (<100-share threshold stated in the document),0001144204-19-026939,0001144204-19-026939,https://www.sec.gov/Archives/edgar/data/1534254/000114420419026939/tv521671_ex99-a1a.htm,13095ce052e40cb5839ceb88816b23b05709388928e264a97ebb9299519dbaa6,https://www.sec.gov/Archives/edgar/data/1534254/000114420419032770/tv524345_sc-toia.htm,2019-06-27,1,2,False,"document: 'Shares are not listed on a national securities exchange and have limited liquidity prior to the occurrence of a &ldquo;liquidity event,&rdqu' [submissions index also lists ['CION', 'CICC', 'CICB'] on ['NYSE', 'NYSE', 'NYSE'] - other class or later]",not exchange-listed / no ticker in the submissions index,0001144204-19-032770,164903,tv521671_sctoi.htm
CION Investment Corp,0001534254,"CION,CICC,CICB","NYSE,NYSE,NYSE",non_traded,BDC,2019-08-16,,nav_based,,,,,,,,,,,,,,,,,,,common_or_unspecified,yes,,yes,"Odd lots will be accepted for payment before any proration of the purchase of other tendered Shares, provided that (a) this priority is not available to partial tenders or to beneficial or record holders of 100 or more Shares in the aggregate, even if these holders have separate accounts or certificates representing fewer than 100 Shares, and (b) to qualify for this priority, an Odd Lot Holder must tender all Shares owned by the Odd Lot Holder in accordance with the procedures described in Section 4.",The term &ldquo;odd lots&rdquo; means all Shares tendered by any person (an &ldquo; Odd Lot Holder &rdquo; ) who owned beneficially or of record an aggregate of fewer than 100 Shares.,odd-lot -> no-proration/priority: 'Odd lots will be accepted for payment before any prorat' (<100-share threshold stated in the document),0001144204-19-040325,0001144204-19-040325,https://www.sec.gov/Archives/edgar/data/1534254/000114420419040325/tv527699_ex99-a1a.htm,edda5ea5db8d8b2da6f06d2c2d47eb5e72ab3f07d58794f4029a1fd0cba26fc0,https://www.sec.gov/Archives/edgar/data/1534254/000114420419046118/tv530154_sc-toia.htm,2019-09-27,1,2,False,"document: 'Shares are not listed on a national securities exchange and have limited liquidity prior to the occurrence of a &ldquo;liquidity event,&rdqu' [submissions index also lists ['CION', 'CICC', 'CICB'] on ['NYSE', 'NYSE', 'NYSE'] - other class or later]",not exchange-listed / no ticker in the submissions index,0001144204-19-046118,165803,tv527699_sctoi.htm
CION Investment Corp,0001534254,"CION,CICC,CICB","NYSE,NYSE,NYSE",non_traded,BDC,2019-11-15,,nav_based,,,,,,,,,,,,,,,,,,,common_or_unspecified,yes,,yes,"Odd lots will be accepted for payment before any proration of the purchase of other tendered Shares, provided that (a) this priority is not available to partial tenders or to beneficial or record holders of 100 or more Shares in the aggregate, even if these holders have separate accounts or certificates representing fewer than 100 Shares, and (b) to qualify for this priority, an Odd Lot Holder must tender all Shares owned by the Odd Lot Holder in accordance with the procedures described in Section 4.",The term &ldquo;odd lots&rdquo; means all Shares tendered by any person (an &ldquo; Odd Lot Holder &rdquo; ) who owned beneficially or of record an aggregate of fewer than 100 Shares.,odd-lot -> no-proration/priority: 'Odd lots will be accepted for payment before any prorat' (<100-share threshold stated in the document),0001104659-19-064548,0001104659-19-064548,https://www.sec.gov/Archives/edgar/data/1534254/000110465919064548/tm1922798d1_ex99-a1a.htm,2502812805cb76944d9c0cc91760075c691e9bc7630f6cca5452b22f787dbd6b,https://www.sec.gov/Archives/edgar/data/1534254/000110465919077115/tm1928381d1_sc-toia.htm,2019-12-31,1,2,False,"document: 'Shares are not listed on a national securities exchange and have limited liquidity prior to the occurrence of a &ldquo;liquidity event,&rdqu' [submissions index also lists ['CION', 'CICC', 'CICB'] on ['NYSE', 'NYSE', 'NYSE'] - other class or later]",not exchange-listed / no ticker in the submissions index,0001104659-19-077115,168036,tm1922798d1_sctoi.htm
CION Investment Corp,0001534254,"CION,CICC,CICB","NYSE,NYSE,NYSE",non_traded,BDC,2020-02-14,,nav_based,,,,,,,,,,,,,,,,,,,common_or_unspecified,yes,,yes,"Odd lots will be accepted for payment before any proration of the purchase of other tendered Shares, provided that (a) this priority is not available to partial tenders or to beneficial or record holders of 100 or more Shares in the aggregate, even if these holders have separate accounts or certificates representing fewer than 100 Shares, and (b) to qualify for this priority, an Odd Lot Holder must tender all Shares owned by the Odd Lot Holder in accordance with the procedures described in Section 4.",The term &ldquo;odd lots&rdquo; means all Shares tendered by any person (an &ldquo; Odd Lot Holder &rdquo; ) who owned beneficially or of record an aggregate of fewer than 100 Shares.,odd-lot -> no-proration/priority: 'Odd lots will be accepted for payment before any prorat' (<100-share threshold stated in the document),0001104659-20-020737,0001104659-20-020737,https://www.sec.gov/Archives/edgar/data/1534254/000110465920020737/tm207722d1_ex99-a1a.htm,0b3d4e27439fc28fe7d731580459422d31fd4a03defd541fecbb97e14fcd5f7b,https://www.sec.gov/Archives/edgar/data/1534254/000110465920040969/tm2014278d1_sc-toia.htm,2020-03-31,1,2,False,"document: 'Shares are not listed on a national securities exchange and have limited liquidity prior to the occurrence of a &ldquo;liquidity event,&rdqu' [submissions index also lists ['CION', 'CICC', 'CICB'] on ['NYSE', 'NYSE', 'NYSE'] - other class or later]",not exchange-listed / no ticker in the submissions index,0001104659-20-040969,169027,tm207722d1_sctoi.htm
CION Investment Corp,0001534254,"CION,CICC,CICB","NYSE,NYSE,NYSE",non_traded,BDC,2020-11-13,,nav_based,,,,,,,,,,,,,,,,,,,common_or_unspecified,yes,,yes,"Odd lots will be accepted for payment before any proration of the purchase of other tendered Shares, provided that (a) this priority is not available to partial tenders or to beneficial or record holders of 100 or more Shares in the aggregate, even if these holders have separate accounts or certificates representing fewer than 100 Shares, and (b) to qualify for this priority, an Odd Lot Holder must tender all Shares owned by the Odd Lot Holder in accordance with the procedures described in Section 4.",The term &ldquo;odd lots&rdquo; means all Shares tendered by any person (an &ldquo; Odd Lot Holder &rdquo; ) who owned beneficially or of record an aggregate of fewer than 100 Shares.,odd-lot -> no-proration/priority: 'Odd lots will be accepted for payment before any prorat' (<100-share threshold stated in the document),0001104659-20-125025,0001104659-20-125025,https://www.sec.gov/Archives/edgar/data/1534254/000110465920125025/tm2035715d1_ex99-a1a.htm,fd0e61ab384bd1080087e670a6c22dd4a477c99359028e5a239388b08ae1238d,https://www.sec.gov/Archives/edgar/data/1534254/000110465920140618/tm2039631d1_sc-toia.htm,2020-12-31,1,2,False,"document: 'Shares are not listed on a national securities exchange and have limited liquidity prior to the occurrence of a &ldquo;liquidity event,&rdqu' [submissions index also lists ['CION', 'CICC', 'CICB'] on ['NYSE', 'NYSE', 'NYSE'] - other class or later]",not exchange-listed / no ticker in the submissions index,0001104659-20-140618,159494,tm2035715-1_sctoi.htm
CION Investment Corp,0001534254,"CION,CICC,CICB","NYSE,NYSE,NYSE",non_traded,BDC,2021-02-12,,nav_based,,,,,,,,,,,,,,,,,,,common_or_unspecified,yes,,yes,"Odd lots will be accepted for payment before any proration of the purchase of other tendered Shares, provided that (a) this priority is not available to partial tenders or to beneficial or record holders of 100 or more Shares in the aggregate, even if these holders have separate accounts or certificates representing fewer than 100 Shares, and (b) to qualify for this priority, an Odd Lot Holder must tender all Shares owned by the Odd Lot Holder in accordance with the procedures described in Section 4.",The term &ldquo;odd lots&rdquo; means all Shares tendered by any person (an &ldquo; Odd Lot Holder &rdquo; ) who owned beneficially or of record an aggregate of fewer than 100 Shares.,odd-lot -> no-proration/priority: 'Odd lots will be accepted for payment before any prorat' (<100-share threshold stated in the document),0001104659-21-021300,0001104659-21-021300,https://www.sec.gov/Archives/edgar/data/1534254/000110465921021300/tm216099d1_ex99-a1a.htm,5e60f49563b18ece495b57367f3d3759d08e60d96bfd4c53e8d373cec0e544e9,https://www.sec.gov/Archives/edgar/data/1534254/000110465921041346/tm2110921-1_sctoia.htm,2021-03-25,1,2,False,"document: 'Shares are not listed on a national securities exchange and have limited liquidity prior to the occurrence of a &ldquo;liquidity event,&rdqu' [submissions index also lists ['CION', 'CICC', 'CICB'] on ['NYSE', 'NYSE', 'NYSE'] - other class or later]",not exchange-listed / no ticker in the submissions index,0001104659-21-041346,160033,tm216099d1_sctoi.htm
CION Investment Corp,0001534254,"CION,CICC,CICB","NYSE,NYSE,NYSE",non_traded,BDC,2021-05-14,,nav_based,,,,,,,,,,,,,,,,,,,common_or_unspecified,yes,,yes,"Odd lots will be accepted for payment before any proration of the purchase of other tendered Shares, provided that (a) this priority is not available to partial tenders or to beneficial or record holders of 100 or more Shares in the aggregate, even if these holders have separate accounts or certificates representing fewer than 100 Shares, and (b) to qualify for this priority, an Odd Lot Holder must tender all Shares owned by the Odd Lot Holder in accordance with the procedures described in Section 4.",The term &ldquo;odd lots&rdquo; means all Shares tendered by any person (an &ldquo; Odd Lot Holder &rdquo; ) who owned beneficially or of record an aggregate of fewer than 100 Shares.,odd-lot -> no-proration/priority: 'Odd lots will be accepted for payment before any prorat' (<100-share threshold stated in the document),0001104659-21-066605,0001104659-21-066605,https://www.sec.gov/Archives/edgar/data/1534254/000110465921066605/tm2116212d1_ex99-a1a.htm,af35cd57871bce7a17d58a83f905e19b783b7a8e5568ca98c3cf0cd71fd41593,https://www.sec.gov/Archives/edgar/data/1534254/000110465921085282/tm2120636d1_sctoia.htm,2021-06-25,1,2,False,"document: 'Shares are not listed on a national securities exchange and have limited liquidity prior to the occurrence of a &ldquo;liquidity event,&rdqu' [submissions index also lists ['CION', 'CICC', 'CICB'] on ['NYSE', 'NYSE', 'NYSE'] - other class or later]",not exchange-listed / no ticker in the submissions index,0001104659-21-085282,159612,tm2116212d1_sctoi.htm
"MSC INCOME FUND, INC.",0001535778,MSIF,NYSE,non_traded,REIT,2019-04-12,,nav_based,,,,,7.98,,,,,,,,,,,,,,common_or_unspecified,yes,,yes,""" To the extent that the number of Shares duly tendered (and not withdrawn) exceed the number of Shares offered for repurchase, all of the Shares of 5 Odd Lot Holders will be accepted for payment before any pro-rata reduction of the repurchase of Shares properly tendered and not withdrawn by stockholders who are not Odd Lot Holders, provided that this priority to Odd Lot Holders is not available to partial tenders or to beneficial or record holders of 100 or more Shares in the aggregate, even if such holders have separate accounts or certificates representing fewer than 100 Shares.","If the Offer is oversubscribed, proration of tenders pursuant to the Offer, subject to ""odd lot"" priority, will cause us to accept fewer Shares than are tendered.","odd-lot -> no-proration/priority: 'Odd Lot Holders will be accepted for payment before any pro-rata reduction of the repurchase of Shares properly tendered and not withdrawn by stockholders who are not Odd Lot Holders, provided that th' (<100-share threshold stated in the document)",0001535778-19-000019,0001535778-19-000019,https://www.sec.gov/Archives/edgar/data/1535778/000153577819000019/q219tooffertorepurchase.htm,2066f6b3e09fcc5fd34eb9a909e6efd32eb71769a42b92ffd02fdcc60a635dc3,https://www.sec.gov/Archives/edgar/data/1535778/000153577819000033/hmsq219scto-ia.htm,2019-06-03,4,2,False,"document: 'Shares are not listed on a national securities exchange and have limited liquidity prior to the occurrence of a ""liquidity event."" A liquidi' [submissions index also lists ['MSIF'] on ['NYSE'] - other class or later]",not exchange-listed / no ticker in the submissions index,0001535778-19-000033,175491,hmsq2_19to.htm
"MSC INCOME FUND, INC.",0001535778,MSIF,NYSE,non_traded,REIT,2019-07-08,,nav_based,,,,,7.93,,,,,,,,,,,,,,common_or_unspecified,yes,,yes,""" To the extent that the number of Shares duly tendered (and not withdrawn) exceed the number of Shares offered for repurchase, all of the Shares of 5 Odd Lot Holders will be accepted for payment before any pro-rata reduction of the repurchase of Shares properly tendered and not withdrawn by stockholders who are not Odd Lot Holders, provided that this priority to Odd Lot Holders is not available to partial tenders or to beneficial or record holders of 100 or more Shares in the aggregate, even if such holders have separate accounts or certificates representing fewer than 100 Shares.","If the Offer is oversubscribed, proration of tenders pursuant to the Offer, subject to ""odd lot"" priority, will cause us to accept fewer Shares than are tendered.","odd-lot -> no-proration/priority: 'Odd Lot Holders will be accepted for payment before any pro-rata reduction of the repurchase of Shares properly tendered and not withdrawn by stockholders who are not Odd Lot Holders, provided that th' (<100-share threshold stated in the document)",0001535778-19-000038,0001535778-19-000038,https://www.sec.gov/Archives/edgar/data/1535778/000153577819000038/q319tooffertorepurchase.htm,5ca9e2a9892a25ec91f60ec63c498493eaa0b2920de23bb3afc3f2ec856fbd6d,https://www.sec.gov/Archives/edgar/data/1535778/000153577819000044/hmsq319scto-ia.htm,2019-09-03,4,2,False,"document: 'Shares are not listed on a national securities exchange and have limited liquidity prior to the occurrence of a ""liquidity event."" A liquidi' [submissions index also lists ['MSIF'] on ['NYSE'] - other class or later]",not exchange-listed / no ticker in the submissions index,0001535778-19-000044,179462,hmsq3_19to.htm
"MSC INCOME FUND, INC.",0001535778,MSIF,NYSE,non_traded,REIT,2019-09-30,,nav_based,,,,,7.86,,,,,,,,,,,,,,common_or_unspecified,yes,,yes,""" To the extent that the number of Shares duly tendered (and not withdrawn) exceed the number of Shares offered for repurchase, all of the Shares of 5 Odd Lot Holders will be accepted for payment before any pro-rata reduction of the repurchase of Shares properly tendered and not withdrawn by stockholders who are not Odd Lot Holders, provided that this priority to Odd Lot Holders is not available to partial tenders or to beneficial or record holders of 100 or more Shares in the aggregate, even if such holders have separate accounts or certificates representing fewer than 100 Shares.","If the Offer is oversubscribed, proration of tenders pursuant to the Offer, subject to ""odd lot"" priority, will cause us to accept fewer Shares than are tendered.","odd-lot -> no-proration/priority: 'Odd Lot Holders will be accepted for payment before any pro-rata reduction of the repurchase of Shares properly tendered and not withdrawn by stockholders who are not Odd Lot Holders, provided that th' (<100-share threshold stated in the document)",0001535778-19-000050,0001535778-19-000050,https://www.sec.gov/Archives/edgar/data/1535778/000153577819000050/q419tooffertorepurchase.htm,a9ec064172889af852ff8c9cf0496c8631f822ff29fdd63e5859b22b8f95b940,https://www.sec.gov/Archives/edgar/data/1535778/000153577819000056/hmsq419scto-ia.htm,2019-11-22,4,2,False,"document: 'Shares are not listed on a national securities exchange and have limited liquidity prior to the occurrence of a ""liquidity event."" A liquidi' [submissions index also lists ['MSIF'] on ['NYSE'] - other class or later]",not exchange-listed / no ticker in the submissions index,0001535778-19-000056,179450,hmsq4_19to.htm
"MSC INCOME FUND, INC.",0001535778,MSIF,NYSE,non_traded,REIT,2019-12-30,,nav_based,,,,,7.7,,,,,,,,,,,,,,common_or_unspecified,yes,,yes,""" To the extent that the number of Shares duly tendered (and not withdrawn) exceed the number of Shares offered for repurchase, all of the Shares of 5 Odd Lot Holders will be accepted for payment before any pro-rata reduction of the repurchase of Shares properly tendered and not withdrawn by stockholders who are not Odd Lot Holders, provided that this priority to Odd Lot Holders is not available to partial tenders or to beneficial or record holders of 100 or more Shares in the aggregate, even if such holders have separate accounts or certificates representing fewer than 100 Shares.","If the Offer is oversubscribed, proration of tenders pursuant to the Offer, subject to ""odd lot"" priority, will cause us to accept fewer Shares than are tendered.","odd-lot -> no-proration/priority: 'Odd Lot Holders will be accepted for payment before any pro-rata reduction of the repurchase of Shares properly tendered and not withdrawn by stockholders who are not Odd Lot Holders, provided that th' (<100-share threshold stated in the document)",0001535778-19-000062,0001535778-19-000062,https://www.sec.gov/Archives/edgar/data/1535778/000153577819000062/q120tooffertorepurchase.htm,209391d1c90c6de22e1f31ed0312ca07416824129ad2cc68fc586f70b4048ac7,https://www.sec.gov/Archives/edgar/data/1535778/000153577820000007/hmsq120scto-ia.htm,2020-02-21,4,2,False,"document: 'Shares are not listed on a national securities exchange and have limited liquidity prior to the occurrence of a ""liquidity event."" A liquidi' [submissions index also lists ['MSIF'] on ['NYSE'] - other class or later]",not exchange-listed / no ticker in the submissions index,0001535778-20-000007,179560,hmsq1_20to.htm
"MSC INCOME FUND, INC.",0001535778,MSIF,NYSE,non_traded,BDC,2021-04-12,,nav_based,,,,,7.46,,,,,,,,,,,,,,common_or_unspecified,yes,,yes,""" To the extent that the number of Shares duly tendered (and not withdrawn) exceed the number of Shares offered for repurchase, all of the Shares of Odd Lot Holders will be accepted for payment before any pro-rata reduction of the repurchase of Shares properly tendered and not withdrawn by stockholders who are not Odd Lot Holders, provided that this priority to Odd Lot Holders is not available to partial tenders or to beneficial or record holders of 100 or more Shares in the aggregate, even if such holders have separate accounts or certificates representing fewer than 100 Shares.","If the Offer is oversubscribed, proration of tenders pursuant to the Offer, subject to ""odd lot"" priority, will cause us to accept fewer Shares than are tendered.","odd-lot -> no-proration/priority: 'Odd Lot Holders will be accepted for payment before any pro-rata reduction of the repurchase of Shares properly tendered and not withdrawn by stockholders who are not Odd Lot Holders, provided that th' (<100-share threshold stated in the document)",0001558370-21-004185,0001558370-21-004185,https://www.sec.gov/Archives/edgar/data/1535778/000155837021004185/tmb-20210412xex99da1a.htm,fc7e57edca3cf88fc8262d43af938402a5d5fcbcf0bdcfce36758a6e11970f14,https://www.sec.gov/Archives/edgar/data/1535778/000155837021007974/msc-20210603xsctoia.htm,2021-06-03,4,2,False,"document: 'Shares are not listed on a national securities exchange and have limited liquidity prior to the occurrence of a ""liquidity event."" A liquidi' [submissions index also lists ['MSIF'] on ['NYSE'] - other class or later]",not exchange-listed / no ticker in the submissions index,0001558370-21-007974,212157,tmb-20210412xsctoi.htm
"MSC INCOME FUND, INC.",0001535778,MSIF,NYSE,non_traded,BDC,2021-06-11,,nav_based,,,,,7.57,,,,,,,,,,,,,,common_or_unspecified,yes,,yes,""" To the extent that the number of Shares duly tendered (and not withdrawn) exceed the number of Shares offered for repurchase, all of the Shares of Odd Lot Holders will be accepted for payment before any pro-rata reduction of the repurchase of Shares properly tendered and not withdrawn by stockholders who are not Odd Lot Holders, provided that this priority to Odd Lot Holders is not available to partial tenders or to beneficial or record holders of 100 or more Shares in the aggregate, even if such holders have separate accounts or certificates representing fewer than 100 Shares.","If the Offer is oversubscribed, proration of tenders pursuant to the Offer, subject to ""odd lot"" priority, will cause us to accept fewer Shares than are tendered.","odd-lot -> no-proration/priority: 'Odd Lot Holders will be accepted for payment before any pro-rata reduction of the repurchase of Shares properly tendered and not withdrawn by stockholders who are not Odd Lot Holders, provided that th' (<100-share threshold stated in the document)",0001558370-21-008220,0001558370-21-008220,https://www.sec.gov/Archives/edgar/data/1535778/000155837021008220/tmb-20210611xex99da1a.htm,bec71e2e161fb97fecc9bb3a73a33fa01cd49d5e093ea0991bd5b7797e56ee2a,https://www.sec.gov/Archives/edgar/data/1535778/000110465921101510/tm2124336d1_sctoia.htm,2021-08-06,4,2,False,"document: 'Shares are not listed on a national securities exchange and have limited liquidity prior to the occurrence of a ""liquidity event."" A liquidi' [submissions index also lists ['MSIF'] on ['NYSE'] - other class or later]",not exchange-listed / no ticker in the submissions index,0001104659-21-101510,212650,tmb-20210611xsctoi.htm
"MSC INCOME FUND, INC.",0001535778,MSIF,NYSE,non_traded,BDC,2021-09-13,,nav_based,,,,,7.6,,,,,,,,,,,,,,common_or_unspecified,yes,,yes,""" To the extent that the number of Shares duly tendered (and not withdrawn) exceed the number of Shares offered for repurchase, all of the Shares of Odd Lot Holders will be accepted for payment before any pro-rata reduction of the repurchase of Shares properly tendered and not withdrawn by stockholders who are not Odd Lot Holders, provided that this priority to Odd Lot Holders is not available to partial tenders or to beneficial or record holders of 100 or more Shares in the aggregate, even if such holders have separate accounts or certificates representing fewer than 100 Shares.","If the Offer is oversubscribed, proration of tenders pursuant to the Offer, subject to ""odd lot"" priority, will cause us to accept fewer Shares than are tendered.","odd-lot -> no-proration/priority: 'Odd Lot Holders will be accepted for payment before any pro-rata reduction of the repurchase of Shares properly tendered and not withdrawn by stockholders who are not Odd Lot Holders, provided that th' (<100-share threshold stated in the document)",0001104659-21-114903,0001104659-21-114903,https://www.sec.gov/Archives/edgar/data/1535778/000110465921114903/tm2127385d1_ex-99a1a.htm,761bcc5664deea9282c541ab91efa6e4679dd45c6033c4501769a2c5bbe4c807,https://www.sec.gov/Archives/edgar/data/1535778/000110465921134493/tm2131989d1_sctoia.htm,2021-11-04,4,2,False,"document: 'Shares are not listed on a national securities exchange and have limited liquidity prior to the occurrence of a ""liquidity event."" A liquidi' [submissions index also lists ['MSIF'] on ['NYSE'] - other class or later]",not exchange-listed / no ticker in the submissions index,0001104659-21-134493,146891,tm2127385d1_sctoi.htm
"MSC INCOME FUND, INC.",0001535778,MSIF,NYSE,non_traded,BDC,2021-12-10,,nav_based,,,,,7.75,,,,,,,,,,,,,,common_or_unspecified,yes,,yes,"&rdquo; To the extent that the number of Shares duly tendered (and not withdrawn) exceed the number of Shares offered for repurchase, all of the Shares of Odd Lot Holders will be accepted for payment before any pro-rata reduction of the repurchase of Shares properly tendered and not withdrawn by stockholders who are not Odd Lot Holders, provided that this priority to Odd Lot Holders is not available to partial tenders or to beneficial or record holders of 100 or more Shares in the aggregate, even if such holders have separate accounts or certificates representing fewer than 100 Shares.","If the Offer is oversubscribed, proration of tenders pursuant to the Offer, subject to &ldquo;odd lot&rdquo; priority, will cause us to accept fewer Shares than are tendered.","odd-lot -> no-proration/priority: 'Odd Lot Holders will be accepted for payment before any pro-rata reduction of the repurchase of Shares properly tendered and not withdrawn by stockholders who are not Odd Lot Holders, provided that th' (<100-share threshold stated in the document)",0001104659-21-148584,0001104659-21-148584,https://www.sec.gov/Archives/edgar/data/1535778/000110465921148584/tm2135161d1_ex99a1a.htm,fb86627729b49b6ce7ec3670c77525ceb288f959677dca58d2ec1d1be48d90f7,https://www.sec.gov/Archives/edgar/data/1535778/000110465922011386/tm225359d1_sctoia.htm,2022-02-03,4,2,False,document: 'Shares are not listed on a national securities exchange and have limited liquidity prior to the occurrence of a &ldquo;liquidity event.&rdqu' [submissions index also lists ['MSIF'] on ['NYSE'] - other class or later],not exchange-listed / no ticker in the submissions index,0001104659-22-011386,147052,tm2135161d1_sctoi.htm
"MSC INCOME FUND, INC.",0001535778,MSIF,NYSE,non_traded,BDC,2022-03-14,,nav_based,,,,,7.77,,,,,,,,,,,,,,common_or_unspecified,yes,,yes,""" To the extent that the number of Shares duly tendered (and not withdrawn) exceed the number of Shares offered for repurchase, all of the Shares of Odd Lot Holders will be accepted for payment before any pro-rata reduction of the repurchase of Shares properly tendered and not withdrawn by stockholders who are not Odd Lot Holders, provided that this priority to Odd Lot Holders is not available to partial tenders or to beneficial or record holders of 100 or more Shares in the aggregate, even if such holders have separate accounts or certificates representing fewer than 100 Shares.","If the Offer is oversubscribed, proration of tenders pursuant to the Offer, subject to ""odd lot"" priority, will cause us to accept fewer Shares than are tendered.","odd-lot -> no-proration/priority: 'Odd Lot Holders will be accepted for payment before any pro-rata reduction of the repurchase of Shares properly tendered and not withdrawn by stockholders who are not Odd Lot Holders, provided that th' (<100-share threshold stated in the document)",0001558370-22-003497,0001558370-22-003497,https://www.sec.gov/Archives/edgar/data/1535778/000155837022003497/tmb-20220314xex99da1a.htm,993114feca6e1c8710f63ce1ee90ddb3a5e018c426f4f1172b8fe002eb539a25,https://www.sec.gov/Archives/edgar/data/1535778/000155837022007121/tmb-20220504xsctoia.htm,2022-05-04,5,3,False,"document: 'Shares are not listed on a national securities exchange and have limited liquidity prior to the occurrence of a ""liquidity event."" A liquidi' [submissions index also lists ['MSIF'] on ['NYSE'] - other class or later]",not exchange-listed / no ticker in the submissions index,0001558370-22-007121,208435,tmb-20220314xsctoi.htm
"MSC INCOME FUND, INC.",0001535778,MSIF,NYSE,non_traded,BDC,2022-06-10,,nav_based,,,,,7.64,,,,,,,,,,,,,,common_or_unspecified,yes,,yes,""" To the extent that the number of Shares duly tendered (and not withdrawn) exceed the number of Shares offered for repurchase, all of the Shares of Odd Lot Holders will be accepted for payment before any pro-rata reduction of the repurchase of Shares properly tendered and not withdrawn by stockholders who are not Odd Lot Holders, provided that this priority to Odd Lot Holders is not available to partial tenders or to beneficial or record holders of 100 or more Shares in the aggregate, even if such holders have separate accounts or certificates representing fewer than 100 Shares.","If the Offer is oversubscribed, proration of tenders pursuant to the Offer, subject to ""odd lot"" priority, will cause us to accept fewer Shares than are tendered.","odd-lot -> no-proration/priority: 'Odd Lot Holders will be accepted for payment before any pro-rata reduction of the repurchase of Shares properly tendered and not withdrawn by stockholders who are not Odd Lot Holders, provided that th' (<100-share threshold stated in the document)",0001558370-22-009904,0001558370-22-009904,https://www.sec.gov/Archives/edgar/data/1535778/000155837022009904/tmb-20220610xex99da1a.htm,9b0ceaeee457486f416805fa991ab2ec942678111a5ba2c693dbd1bffd518b5c,https://www.sec.gov/Archives/edgar/data/1535778/000153577822000008/tmb-20220803xsctoia.htm,2022-08-03,4,2,False,"document: 'Shares are not listed on a national securities exchange and have limited liquidity prior to the occurrence of a ""liquidity event."" A liquidi' [submissions index also lists ['MSIF'] on ['NYSE'] - other class or later]",not exchange-listed / no ticker in the submissions index,0001535778-22-000008,198985,tmb-20220610xsctoi.htm
"MSC INCOME FUND, INC.",0001535778,MSIF,NYSE,non_traded,BDC,2022-09-13,,nav_based,,,,,7.66,,,,,,,,,,,,,,common_or_unspecified,yes,,yes,""" To the extent that the number of Shares duly tendered (and not withdrawn) exceed the number of Shares offered for repurchase, all of the Shares of Odd Lot Holders will be accepted for payment before any pro-rata reduction of the repurchase of Shares properly tendered and not withdrawn by stockholders who are not Odd Lot Holders, provided that this priority to Odd Lot Holders is not available to partial tenders or to beneficial or record holders of 100 or more Shares in the aggregate, even if such holders have separate accounts or certificates representing fewer than 100 Shares.","If the Offer is oversubscribed, proration of tenders pursuant to the Offer, subject to ""odd lot"" priority, will cause us to accept fewer Shares than are tendered.","odd-lot -> no-proration/priority: 'Odd Lot Holders will be accepted for payment before any pro-rata reduction of the repurchase of Shares properly tendered and not withdrawn by stockholders who are not Odd Lot Holders, provided that th' (<100-share threshold stated in the document)",0001535778-22-000015,0001535778-22-000015,https://www.sec.gov/Archives/edgar/data/1535778/000153577822000015/msif-sctoxiq22022ex99a1a.htm,b1f2a28ff6885246ea46e4cd367a5f4f48be09c5e111523f83e0f5112c467494,https://www.sec.gov/Archives/edgar/data/1535778/000153577822000022/msif-sctoxiano2q32022.htm,2022-11-03,5,3,False,"document: 'Shares are not listed on a national securities exchange and have limited liquidity prior to the occurrence of a ""liquidity event."" A liquidi' [submissions index also lists ['MSIF'] on ['NYSE'] - other class or later]",not exchange-listed / no ticker in the submissions index,0001535778-22-000022,169181,msif-sctoxiq22022.htm
"MSC INCOME FUND, INC.",0001535778,MSIF,NYSE,non_traded,BDC,2022-12-08,,nav_based,,,,,7.67,,,,,,,,,,,,,,common_or_unspecified,yes,,yes,""" To the extent that the number of Shares duly tendered (and not withdrawn) exceed the number of Shares offered for repurchase, all of the Shares of Odd Lot Holders will be accepted for payment before any pro-rata reduction of the repurchase of Shares properly tendered and not withdrawn by stockholders who are not Odd Lot Holders, provided that this priority to Odd Lot Holders is not available to partial tenders or to beneficial or record holders of 100 or more Shares in the aggregate, even if such holders have separate accounts or certificates representing fewer than 100 Shares.","If the Offer is oversubscribed, proration of tenders pursuant to the Offer, subject to ""odd lot"" priority, will cause us to accept fewer Shares than are tendered.","odd-lot -> no-proration/priority: 'Odd Lot Holders will be accepted for payment before any pro-rata reduction of the repurchase of Shares properly tendered and not withdrawn by stockholders who are not Odd Lot Holders, provided that th' (<100-share threshold stated in the document)",0001535778-22-000037,0001535778-22-000037,https://www.sec.gov/Archives/edgar/data/1535778/000153577822000037/msif-sctoxiq42022ex99a1a.htm,e83c8e574a4af2b27aca03a0b831faa3d5a00d42d687be5ff4c41ed5ef7025de,https://www.sec.gov/Archives/edgar/data/1535778/000153577823000004/msif-sctoxiano1q42022.htm,2023-02-03,4,2,False,"document: 'Shares are not listed on a national securities exchange and have limited liquidity prior to the occurrence of a ""liquidity event."" A liquidi' [submissions index also lists ['MSIF'] on ['NYSE'] - other class or later]",not exchange-listed / no ticker in the submissions index,0001535778-23-000004,170041,msif-sctoxiq42022.htm
"MSC INCOME FUND, INC.",0001535778,MSIF,NYSE,non_traded,BDC,2023-03-10,,nav_based,,,,,7.67,,,,,,,,,,,,,,common_or_unspecified,yes,,yes,""" To the extent that the number of Shares duly tendered (and not withdrawn) exceed the number of Shares offered for repurchase, all of the Shares of Odd Lot Holders will be accepted for payment before any pro-rata reduction of the repurchase of Shares properly tendered and not withdrawn by stockholders who are not Odd Lot Holders, provided that this priority to Odd Lot Holders is not available to partial tenders or to beneficial or record holders of 100 or more Shares in the aggregate, even if such holders have separate accounts or certificates representing fewer than 100 Shares.","If the Offer is oversubscribed, proration of tenders pursuant to the Offer, subject to ""odd lot"" priority, will cause us to accept fewer Shares than are tendered.","odd-lot -> no-proration/priority: 'Odd Lot Holders will be accepted for payment before any pro-rata reduction of the repurchase of Shares properly tendered and not withdrawn by stockholders who are not Odd Lot Holders, provided that th' (<100-share threshold stated in the document)",0001535778-23-000012,0001535778-23-000012,https://www.sec.gov/Archives/edgar/data/1535778/000153577823000012/msif-sctoxiq12023ex99a1a.htm,96bef799be104b8b1c64eda6ce9afe82cf287ee60dbcc0216384ec878f4cfeba,https://www.sec.gov/Archives/edgar/data/1535778/000153577823000024/msif-sctoxiano1q12023.htm,2023-05-04,4,2,False,"document: 'Shares are not listed on a national securities exchange and have limited liquidity prior to the occurrence of a ""liquidity event."" A liquidi' [submissions index also lists ['MSIF'] on ['NYSE'] - other class or later]",not exchange-listed / no ticker in the submissions index,0001535778-23-000024,171708,msif-sctoxiq12023.htm
"MSC INCOME FUND, INC.",0001535778,MSIF,NYSE,listed,operating_company,2023-05-15,,fixed_price,7.82,,,,,,,,,,,,,,,,,,common_or_unspecified,no_amendment_found,,yes,"These quarterly tender offers have historically been ""oversubscribed"" and as a result, the Company repurchases shares on a pro-rata basis from tendering shareholders, subject to ""odd lot"" 1 priority.",,"odd-lot -> no-proration/priority: 'odd lot"" 1 priority' (threshold not restated in this document)",0001535778-23-000037,0001535778-23-000037,https://www.sec.gov/Archives/edgar/data/1535778/000153577823000037/a2023msifdutchauctionpre.htm,da92c273f29f410e675a732100a990ae0c05badeb88b6aca2a2acb16fcb10901,,,1,1,False,submissions index: ['MSIF'] on ['NYSE']; no non-traded language in doc,"no bars (delisted, renamed ticker, or not on the free feed)",,17416,msif-sctoximay2023special.htm
"MSC INCOME FUND, INC.",0001535778,MSIF,NYSE,non_traded,BDC,2023-06-14,,nav_based,,,,,7.74,,,,,,,,,,,,,,common_or_unspecified,yes,,yes,""" To the extent that the number of Shares duly tendered (and not withdrawn) exceed the number of Shares offered for repurchase, all of the Shares of Odd Lot Holders will be accepted for payment before any pro-rata reduction of the repurchase of Shares properly tendered and not withdrawn by stockholders who are not Odd Lot Holders, provided that this priority to Odd Lot Holders is not available to partial tenders or to beneficial or record holders of 100 or more Shares in the aggregate, even if such holders have separate accounts or certificates representing fewer than 100 Shares.","If the Offer is oversubscribed, proration of tenders pursuant to the Offer, subject to ""odd lot"" priority, will cause us to accept fewer Shares than are tendered.","odd-lot -> no-proration/priority: 'Odd Lot Holders will be accepted for payment before any pro-rata reduction of the repurchase of Shares properly tendered and not withdrawn by stockholders who are not Odd Lot Holders, provided that th' (<100-share threshold stated in the document)",0001535778-23-000050,0001535778-23-000050,https://www.sec.gov/Archives/edgar/data/1535778/000153577823000050/msif-sctoxiq22023ex99a1a.htm,ae68c94b2013b98827f8eb23f0bcb4ef186ead2ef6fc0735fe699efbc7d70f91,https://www.sec.gov/Archives/edgar/data/1535778/000153577823000063/msif-sctoxiano1q22023.htm,2023-08-03,4,3,False,"document: 'Shares are not listed on a national securities exchange and have limited liquidity prior to the occurrence of a ""liquidity event."" A liquidi' [submissions index also lists ['MSIF'] on ['NYSE'] - other class or later]",not exchange-listed / no ticker in the submissions index,0001535778-23-000063,168971,msif-sctoxiq22023.htm
"MSC INCOME FUND, INC.",0001535778,MSIF,NYSE,listed,BDC,2023-08-16,,fixed_price,7.89,,,,,,,,,,,,,,,,,,common_or_unspecified,no_amendment_found,,yes,"These quarterly tender offers have historically been ""oversubscribed"" and as a result, the Company repurchases shares on a pro-rata basis from tendering shareholders, subject to ""odd lot"" 1 priority.",,"odd-lot -> no-proration/priority: 'odd lot"" 1 priority' (threshold not restated in this document)",0001535778-23-000076,0001535778-23-000076,https://www.sec.gov/Archives/edgar/data/1535778/000153577823000076/a2023_augxmsifdutchaucti.htm,0890f6f5b5ee0643e8e754b86e396f2560e37afe8d44c5f2f1f3b722fa72bb00,,,1,1,False,submissions index: ['MSIF'] on ['NYSE']; no non-traded language in doc,"no bars (delisted, renamed ticker, or not on the free feed)",,20423,msif-sctoxiaugust2023specid.htm
"MSC INCOME FUND, INC.",0001535778,MSIF,NYSE,non_traded,BDC,2023-09-21,,nav_based,,,,,7.73,,,,,,,,,,,,,,common_or_unspecified,yes,,yes,""" To the extent that the number of Shares duly tendered (and not withdrawn) exceed the number of Shares offered for repurchase, all of the Shares of Odd Lot Holders will be accepted for payment before any pro-rata reduction of the repurchase of Shares properly tendered and not withdrawn by stockholders who are not Odd Lot Holders, provided that this priority to Odd Lot Holders is not available to partial tenders or to beneficial or record holders of 100 or more Shares in the aggregate, even if such holders have separate accounts or certificates representing fewer than 100 Shares.","If the Offer is oversubscribed, proration of tenders pursuant to the Offer, subject to ""odd lot"" priority, will cause us to accept fewer Shares than are tendered.","odd-lot -> no-proration/priority: 'Odd Lot Holders will be accepted for payment before any pro-rata reduction of the repurchase of Shares properly tendered and not withdrawn by stockholders who are not Odd Lot Holders, provided that th' (<100-share threshold stated in the document)",0001535778-23-000084,0001535778-23-000084,https://www.sec.gov/Archives/edgar/data/1535778/000153577823000084/msif-sctoxiq32023ex99a1a.htm,1e0d7c6869f8bd7479b629027cbdf92c2aabc0a802b70456c4c73071e18fbf53,https://www.sec.gov/Archives/edgar/data/1535778/000153577823000099/msif-sctoxiano1q32023.htm,2023-11-03,4,3,False,"document: 'there is no public market for the Shares. Under our share repurchase program, we plan to conduct quarterly tender offers up to the lesser of' [submissions index also lists ['MSIF'] on ['NYSE'] - other class or later]",not exchange-listed / no ticker in the submissions index,0001535778-23-000099,171449,msif-sctoxiq32023.htm
"MSC INCOME FUND, INC.",0001535778,MSIF,NYSE,listed,operating_company,2023-11-15,,fixed_price,6.5,,,,,,,,,,,,,,,,,,common_or_unspecified,no_amendment_found,,yes,"These quarterly tender offers have historically been ""oversubscribed"" and as a result, the Company repurchases shares on a pro-rata basis from tendering shareholders, subject to ""odd lot"" (1) priority.",,"odd-lot -> no-proration/priority: 'odd lot"" (1) priority' (threshold not restated in this document)",0001535778-23-000107,0001535778-23-000107,https://www.sec.gov/Archives/edgar/data/1535778/000153577823000107/a2023_novxmsifdutchaucti.htm,bf37b9ef0ab4da45ba7ee9376c45215e6be9dad72ca3073b4c059234af42b385,,,1,1,False,submissions index: ['MSIF'] on ['NYSE']; no non-traded language in doc,"no bars (delisted, renamed ticker, or not on the free feed)",,18645,msif-sctoxinovember2023spe.htm
"MSC INCOME FUND, INC.",0001535778,MSIF,NYSE,non_traded,BDC,2023-12-21,,nav_based,,,,,,,,,,,,,,,,,,,common_or_unspecified,yes,,yes,""" To the extent that the number of Shares duly tendered (and not withdrawn) exceed the number of Shares offered for repurchase, all of the Shares of Odd Lot Holders will be accepted for payment before any pro-rata reduction of the repurchase of Shares properly tendered and not withdrawn by stockholders who are not Odd Lot Holders, provided that this priority to Odd Lot Holders is not available to partial tenders or to beneficial or record holders of 100 or more Shares in the aggregate, even if such holders have separate accounts or certificates representing fewer than 100 Shares.","If the Offer is oversubscribed, proration of tenders pursuant to the Offer, subject to ""odd lot"" priority, will cause us to accept fewer Shares than are tendered.","odd-lot -> no-proration/priority: 'Odd Lot Holders will be accepted for payment before any pro-rata reduction of the repurchase of Shares properly tendered and not withdrawn by stockholders who are not Odd Lot Holders, provided that th' (<100-share threshold stated in the document)",0001535778-23-000112,0001535778-23-000112,https://www.sec.gov/Archives/edgar/data/1535778/000153577823000112/msif-sctoxiq42023ex99a1a.htm,b293c52c6de55e7bf44fa4e7c7ace9401f9b630107daa4942485bed84eb21bcb,https://www.sec.gov/Archives/edgar/data/1535778/000153577823000122/msif-sctoxiano1november202.htm,2023-12-22,3,2,False,"document: 'there is no public market for the Shares. Under our share repurchase program, we plan to conduct quarterly tender offers up to the lesser of' [submissions index also lists ['MSIF'] on ['NYSE'] - other class or later]",not exchange-listed / no ticker in the submissions index,0001535778-23-000122,174647,msif-sctoxiq42023.htm
"MSC INCOME FUND, INC.",0001535778,MSIF,NYSE,listed,operating_company,2024-02-05,,fixed_price,6.5,,,,,,,,,,,,,,,,,,common_or_unspecified,yes,,yes,"These quarterly tender offers have historically been ""oversubscribed"" and as a result, the Company repurchases shares on a pro-rata basis from tendering shareholders, subject to ""odd lot"" (1) priority.",,"odd-lot -> no-proration/priority: 'odd lot"" (1) priority' (<100-share threshold stated in the document)",0001535778-24-000016,0001535778-24-000016,https://www.sec.gov/Archives/edgar/data/1535778/000153577824000016/a2024_febxmsifdutchaucti.htm,4c38fed0a723e2f9185dc0450978c48ffc76ad1e612771157921b321d69e3949,https://www.sec.gov/Archives/edgar/data/1535778/000153577824000030/msif-sctoxiano1q12024dutch.htm,2024-03-11,2,3,False,submissions index: ['MSIF'] on ['NYSE']; no non-traded language in doc,"no bars (delisted, renamed ticker, or not on the free feed)",0001535778-24-000030,19071,msif-sctoxifebruary2024spe.htm
"MSC INCOME FUND, INC.",0001535778,MSIF,NYSE,non_traded,BDC,2024-03-26,,nav_based,,,,,7.78,,,,,,,,,,,,,,common_or_unspecified,yes,,yes,""" To the extent that the number of Shares duly tendered (and not withdrawn) exceed the number of Shares offered for repurchase, all of the Shares of Odd Lot Holders will be accepted for payment before any pro-rata reduction of the repurchase of Shares properly tendered and not withdrawn by stockholders who are not Odd Lot Holders, provided that this priority to Odd Lot Holders is not available to partial tenders or to beneficial or record holders of 100 or more Shares in the aggregate, even if such holders have separate accounts or certificates representing fewer than 100 Shares.","If the Offer is oversubscribed, proration of tenders pursuant to the Offer, subject to ""odd lot"" priority, will cause us to accept fewer Shares than are tendered.","odd-lot -> no-proration/priority: 'Odd Lot Holders will be accepted for payment before any pro-rata reduction of the repurchase of Shares properly tendered and not withdrawn by stockholders who are not Odd Lot Holders, provided that th' (<100-share threshold stated in the document)",0001535778-24-000032,0001535778-24-000032,https://www.sec.gov/Archives/edgar/data/1535778/000153577824000032/msif-sctoxiq12024ex99a1a.htm,e7d943615cffb623dc7ce2d9551743720ba1c188b1912227253b44999e9654fe,https://www.sec.gov/Archives/edgar/data/1535778/000153577824000034/msif-sctoxiano1q12024.htm,2024-05-03,4,2,False,"document: 'there is no public market for the Shares. Under our share repurchase program, we plan to conduct quarterly tender offers up to the lesser of' [submissions index also lists ['MSIF'] on ['NYSE'] - other class or later]",not exchange-listed / no ticker in the submissions index,0001535778-24-000034,168277,msif-sctoxiq12024.htm
"MSC INCOME FUND, INC.",0001535778,MSIF,NYSE,listed,operating_company,2024-05-20,,fixed_price,6.5,,,,,,,,,,,,,,,,,,common_or_unspecified,yes,,yes,"These quarterly tender offers have historically been ""oversubscribed"" and as a result, the Company repurchases shares on a pro-rata basis from tendering shareholders, subject to ""odd lot"" (1) priority.",,"odd-lot -> no-proration/priority: 'odd lot"" (1) priority' (<100-share threshold stated in the document)",0001535778-24-000049,0001535778-24-000049,https://www.sec.gov/Archives/edgar/data/1535778/000153577824000049/a2024_mayxmsifdutchaucti.htm,d20eba4050438f365ad96d62faabeeade377d98a552f8d601aff0c9ee896948e,https://www.sec.gov/Archives/edgar/data/1535778/000153577824000062/msif-sctoxiano1q22024dutch.htm,2024-06-25,1,2,False,submissions index: ['MSIF'] on ['NYSE']; no non-traded language in doc,"no bars (delisted, renamed ticker, or not on the free feed)",0001535778-24-000062,19192,msif-sctoximay2024special.htm
"MSC INCOME FUND, INC.",0001535778,MSIF,NYSE,non_traded,BDC,2024-06-27,,nav_based,,,,,7.83,,,,,,,,,,,,,,common_or_unspecified,yes,,yes,""" To the extent that the number of Shares duly tendered (and not withdrawn) exceed the number of Shares offered for repurchase, all of the Shares of Odd Lot Holders will be accepted for payment before any pro-rata reduction of the repurchase of Shares properly tendered and not withdrawn by stockholders who are not Odd Lot Holders, provided that this priority to Odd Lot Holders is not available to partial tenders or to beneficial or record holders of 100 or more Shares in the aggregate, even if such holders have separate accounts or certificates representing fewer than 100 Shares.","If the Offer is oversubscribed, proration of tenders pursuant to the Offer, subject to ""odd lot"" priority, will cause us to accept fewer Shares than are tendered.","odd-lot -> no-proration/priority: 'Odd Lot Holders will be accepted for payment before any pro-rata reduction of the repurchase of Shares properly tendered and not withdrawn by stockholders who are not Odd Lot Holders, provided that th' (<100-share threshold stated in the document)",0001535778-24-000065,0001535778-24-000065,https://www.sec.gov/Archives/edgar/data/1535778/000153577824000065/msif-sctoxiq22024ex99a1a.htm,f2c30dad15703af13f124db5cec023061a7863bdbed7bfa61b16ac7084449019,https://www.sec.gov/Archives/edgar/data/1535778/000153577824000105/msif-sctoxiano1q22024.htm,2024-08-07,4,3,False,"document: 'there is no public market for the Shares. Under our share repurchase program, we plan to conduct quarterly tender offers up to the lesser of' [submissions index also lists ['MSIF'] on ['NYSE'] - other class or later]",not exchange-listed / no ticker in the submissions index,0001535778-24-000105,171145,msif-sctoxiq22024.htm
"MSC INCOME FUND, INC.",0001535778,MSIF,NYSE,non_traded,BDC,2024-09-26,,nav_based,,,,,7.74,,,,,,,,,,,,,,common_or_unspecified,yes,,yes,""" To the extent that the number of Shares duly tendered (and not withdrawn) exceed the number of Shares offered for repurchase, all of the Shares of Odd Lot Holders will be accepted for payment before any pro-rata reduction of the repurchase of Shares properly tendered and not withdrawn by stockholders who are not Odd Lot Holders, provided that this priority to Odd Lot Holders is not available to partial tenders or to beneficial or record holders of 100 or more Shares in the aggregate, even if such holders have separate accounts or certificates representing fewer than 100 Shares.","If the Offer is oversubscribed, proration of tenders pursuant to the Offer, subject to ""odd lot"" priority, will cause us to accept fewer Shares than are tendered.","odd-lot -> no-proration/priority: 'Odd Lot Holders will be accepted for payment before any pro-rata reduction of the repurchase of Shares properly tendered and not withdrawn by stockholders who are not Odd Lot Holders, provided that th' (<100-share threshold stated in the document)",0001535778-24-000155,0001535778-24-000155,https://www.sec.gov/Archives/edgar/data/1535778/000153577824000155/msif-sctoxiq32024ex99a1a.htm,b61903694df6bffec788ab061c51e254a6b10d86b1fa7dbd1863eca103c81961,https://www.sec.gov/Archives/edgar/data/1535778/000153577824000175/msif-sctoxiano1q32024.htm,2024-11-06,4,2,False,"document: 'there is no public market for the Shares. Under our share repurchase program, we plan to conduct quarterly tender offers up to the lesser of' [submissions index also lists ['MSIF'] on ['NYSE'] - other class or later]",not exchange-listed / no ticker in the submissions index,0001535778-24-000175,180158,msif-sctoxiq32024.htm
"Triumph Financial, Inc.",0001539638,"TFIN,TFIN-P","NYSE,NYSE",listed,operating_company,2022-11-07,2022-12-06,dutch_auction,,51.0,58.0,,,54.5,range_midpoint,49.349998474121094,2022-11-04,54.58000183105469,2022-12-07,1.0,49.35,last reported sale price of the shares on the NASDAQ was $49.35,0.1043566362715298,0.10435667041772145,0.999999969080468,offer price / the price the OFFER DOCUMENT itself states,common_or_unspecified,yes,,yes,"If I own fewer than 100 shares and I tender all of my shares, will I be subject to proration? If you own, beneficially or of record, fewer than an aggregate of 100 shares, you properly tender all of such shares at or below the Purchase Price prior to the Expiration Date (and do not properly withdraw such shares) and you complete the section entitled Odd Lots in the Letter of Transmittal and, if applicable, in the Notice of Guaranteed Delivery, and all conditions to the tender offer are satisfied or waived, we will purchase all of your shares without subjecting them to proration.","If the conditions to the tender offer have been satisfied or waived and shares having an aggregate purchase price in excess of $100,000,000, measured at the maximum price at which such shares were properly tendered, have been properly tendered and not properly withdrawn prior to the Expiration Date, we will buy shares in the following order of priority: first, from all holders of odd lots (holders of fewer than 100 shares) who properly tender all their shares at or below the Purchase Price and do not properly withdraw them before the Expiration Date; second, on a pro rata basis, with appropriate adjustment to avoid purchases of fractional shares, from all other stockholders who properly tender shares at or below the Purchase Price",odd-lot -> no-proration/priority: 'odd lot priority' (<100-share threshold stated in the document),0001193125-22-278496,0001193125-22-278496,https://www.sec.gov/Archives/edgar/data/1539638/000119312522278496/d414977dex99a1i.htm,0be58f5f5135c8ab5530dbbb8201d014b3a64655efcdb705207d0bb0344b9445,https://www.sec.gov/Archives/edgar/data/1539638/000119312522301423/d427898dsctoia.htm,2022-12-09,4,4,False,"submissions index: ['TFIN', 'TFIN-P'] on ['NYSE', 'NYSE']; no non-traded language in doc","yfinance Close, dividends unadjusted, split basis restored to the offer date",0001193125-22-301423,369279,d414977dsctoi.htm
Brookfield Property Partners L.P.,0001545772,"BPYPP,BPYPM,BPYPN,BPYPO","Nasdaq,Nasdaq,Nasdaq,Nasdaq",listed,REIT,2019-02-11,2019-03-25,unknown,,,,,,,,,,24.81999969482422,2019-03-26,,24.74,closing price of the Units was C$24.74,,,,,common_or_unspecified,yes,,yes,"Unitholders owning an aggregate of less than 100 Units whose Units are purchased pursuant to the Offer will avoid any odd lot discounts, which may be applicable on a sale of their Units in a transaction on the TSX or Nasdaq.","For purposes of the Offer, the term Odd Lots means all Successfully Tendered Units tendered by or on behalf of the Successful Unitholders who individually beneficially own, as of the Expiration Time, an aggregate of fewer than 100 Units ( Odd Lot Holders ).","no-proration/priority -> odd-lot: 'preference, an Odd Lot' (threshold not restated in this document)",0001104659-19-007111,0001104659-19-007111,https://www.sec.gov/Archives/edgar/data/1545772/000110465919007111/a19-4058_7ex99da1a.htm,22df6130c9117deea0a11c207da555f001fd4f3c2ed460e0aa4d291c2613fa67,https://www.sec.gov/Archives/edgar/data/1545772/000110465919018368/a19-6991_3sctoia.htm,2019-03-29,4,4,False,"submissions index: ['BPYPP', 'BPYPM', 'BPYPN', 'BPYPO'] on ['Nasdaq', 'Nasdaq', 'Nasdaq', 'Nasdaq']; no non-traded language in doc","yfinance Close, dividends unadjusted, split basis restored to the offer date",0001104659-19-018368,787223,a19-4058_7sctoi.htm
"Summit Midstream Partners, LP",0001549922,,,unknown,REIT,2020-11-10,2020-12-09,unknown,,,,,,,,,,,,,153.3,closing price of our Series A Preferred Units on the OTC was $153.30,,,,,common_or_unspecified,yes,"proration factor for the Tender Offer, after giving effect to the priority for odd-lot holders, is approximately 80",yes,"Because of the odd lot priority and proration provisions described above, we may not purchase all of the units that you tender.","Because of Odd Lot priority and proration provisions described above, we may not purchase all of the Series A Preferred Units that you tender if units in excess of the Maximum Aggregate Purchase Price are validly tendered (and not properly withdrawn).",odd-lot -> no-proration/priority: 'odd lot priority' (threshold not restated in this document),0001193125-20-289631,0001193125-20-289631,https://www.sec.gov/Archives/edgar/data/1549922/000119312520289631/d828438dex99a1i.htm,1b55f2743bda181369d78a0f1de17aa478c34cb9848f3f12f102b6575ea3b048,https://www.sec.gov/Archives/edgar/data/1549922/000119312520328254/d828438dsctoia.htm,2020-12-29,6,5,False,"no ticker in submissions index, no non-traded language matched",not exchange-listed / no ticker in the submissions index,0001193125-20-328254,322283,d828438dsctoi.htm
"Priority Income Fund, Inc.",0001554625,"PRIF-PD,PRIF-PK,PRIF-PL","NYSE,NYSE,NYSE",listed,REIT,2019-03-15,2019-04-22,nav_based,,,,,,,,,,,,,,,,,,,common_or_unspecified,yes,,yes,"IF YOU ARE AN OWNER OF LESS THAN 100 SHARES (AN ODD LOT), PLEASE RETURN THIS FORM WITH A PROPERLY COMPLETED AND SIGNED LETTER OF TRANSMITTAL LETTER OF TRANSMITTAL INSTRUCTIONS TO LETTER OF TRANSMITTAL FORMING PART OF TERMS AND CONDITIONS OF THIS LETTER OF TRANSMITTAL 1.","O THE OFFER TO PURCHASE DATED LETTER OF TRANSMITTAL MARCH 14, 2019 ODD LOT CERTIFICATION FORM CERTIFICATION FORM TO BE COMPLETED BY ALL OWNERS OF LESS THAN 100 SHARES SUMBIT THIS FORM WITH A PROPERLY COMPLETED AND SIGNED LETTER OF TRANSMITAL Stockholders holding less than 100 Shares (also known as ""Odd Lot Holders"") who tender all of their Shares will have all of their Shares accepted for payment even if the Offer to Purchase is over-subscribed.",odd-lot -> no-proration/priority: 'Odd-lot Stockholders who wish to take advantage of this preference' (<100-share threshold stated in the document),0001554625-19-000046,0001554625-19-000046,https://www.sec.gov/Archives/edgar/data/1554625/000155462519000046/exhibit99a1b32019.htm,ef175666bd85600b712a7f6f40d004256672f264d0c7ac5342c57612c84a66b6,https://www.sec.gov/Archives/edgar/data/1554625/000155462519000086/a2019429-prisxscheduletoa.htm,2019-04-29,3,2,False,"submissions index: ['PRIF-PD', 'PRIF-PK', 'PRIF-PL'] on ['NYSE', 'NYSE', 'NYSE']; no non-traded language in doc","no bars (delisted, renamed ticker, or not on the free feed)",0001554625-19-000086,221444,a2019314-prisxscheduletoxi.htm
"Priority Income Fund, Inc.",0001554625,"PRIF-PD,PRIF-PK,PRIF-PL","NYSE,NYSE,NYSE",listed,REIT,2019-06-13,2019-07-22,nav_based,,,,,,,,,,25.14299964904785,2019-07-23,,,,,,,,common_or_unspecified,yes,,yes,"IF YOU ARE AN OWNER OF LESS THAN 100 SHARES (AN ODD LOT), PLEASE RETURN THIS FORM WITH A PROPERLY COMPLETED AND SIGNED LETTER OF TRANSMITTAL LETTER OF TRANSMITTAL INSTRUCTIONS TO LETTER OF TRANSMITTAL FORMING PART OF TERMS AND CONDITIONS OF THIS LETTER OF TRANSMITTAL 1.","TO THE OFFER TO PURCHASE DATED LETTER OF TRANSMITTAL JUNE 13, 2019 ODD LOT CERTIFICATION FORM CERTIFICATION FORM TO BE COMPLETED BY ALL OWNERS OF LESS THAN 100 SHARES SUMBIT THIS FORM WITH A PROPERLY COMPLETED AND SIGNED LETTER OF TRANSMITAL Stockholders holding less than 100 Shares (also known as ""Odd Lot Holders"") who tender all of their Shares will have all of their Shares accepted for payment even if the Offer to Purchase is over-subscribed.",odd-lot -> no-proration/priority: 'Odd-lot Stockholders who wish to take advantage of this preference' (<100-share threshold stated in the document),0001554625-19-000121,0001554625-19-000121,https://www.sec.gov/Archives/edgar/data/1554625/000155462519000121/exhibit99a1b62019.htm,c0ec5fbfb4ae8d99a800c7b3e3a79a0b2d995c7571924f7da1623e0ce3ca9cc9,https://www.sec.gov/Archives/edgar/data/1554625/000155462519000148/a2019731-prisxscheduletoa.htm,2019-07-31,4,3,False,"submissions index: ['PRIF-PD', 'PRIF-PK', 'PRIF-PL'] on ['NYSE', 'NYSE', 'NYSE']; no non-traded language in doc","yfinance Close, dividends unadjusted, split basis restored to the offer date",0001554625-19-000148,221573,a2019613-prisxscheduletoxi.htm
"Priority Income Fund, Inc.",0001554625,"PRIF-PD,PRIF-PK,PRIF-PL","NYSE,NYSE,NYSE",listed,REIT,2019-09-12,2019-10-21,nav_based,,,,,,,,25.899999618530273,2019-09-11,25.61750030517578,2019-10-22,1.0,,,,,,,common_or_unspecified,yes,,yes,"IF YOU ARE AN OWNER OF LESS THAN 100 SHARES (AN ODD LOT), PLEASE RETURN THIS FORM WITH A PROPERLY COMPLETED AND SIGNED LETTER OF TRANSMITTAL LETTER OF TRANSMITTAL INSTRUCTIONS TO LETTER OF TRANSMITTAL FORMING PART OF TERMS AND CONDITIONS OF THIS LETTER OF TRANSMITTAL 1.","E OFFER TO PURCHASE DATED LETTER OF TRANSMITTAL SEPTEMBER 12, 2019 ODD LOT CERTIFICATION FORM CERTIFICATION FORM TO BE COMPLETED BY ALL OWNERS OF LESS THAN 100 SHARES SUMBIT THIS FORM WITH A PROPERLY COMPLETED AND SIGNED LETTER OF TRANSMITAL Stockholders holding less than 100 Shares (also known as ""Odd Lot Holders"") who tender all of their Shares will have all of their Shares accepted for payment even if the Offer to Purchase is over-subscribed.",odd-lot -> no-proration/priority: 'Odd-lot Stockholders who wish to take advantage of this preference' (<100-share threshold stated in the document),0001554625-19-000159,0001554625-19-000159,https://www.sec.gov/Archives/edgar/data/1554625/000155462519000159/exhibit99a1b92019.htm,0b2f4ea6496623e01ef0d63442c6d061744933121636e5675e8fec4acc52433b,https://www.sec.gov/Archives/edgar/data/1554625/000155462519000192/a20191028-prisxscheduletoa.htm,2019-10-29,3,2,False,"submissions index: ['PRIF-PD', 'PRIF-PK', 'PRIF-PL'] on ['NYSE', 'NYSE', 'NYSE']; no non-traded language in doc","yfinance Close, dividends unadjusted, split basis restored to the offer date",0001554625-19-000192,221112,a2019912-prisxscheduletoxi.htm
"Priority Income Fund, Inc.",0001554625,"PRIF-PD,PRIF-PK,PRIF-PL","NYSE,NYSE,NYSE",listed,REIT,2019-12-13,2020-01-21,nav_based,,,,,,,,25.110000610351562,2019-12-12,25.5,2020-01-22,1.0,,,,,,,common_or_unspecified,yes,,yes,"IF YOU ARE AN OWNER OF LESS THAN 100 SHARES (AN ODD LOT), PLEASE RETURN THIS FORM WITH A PROPERLY COMPLETED AND SIGNED LETTER OF TRANSMITTAL LETTER OF TRANSMITTAL INSTRUCTIONS TO LETTER OF TRANSMITTAL FORMING PART OF TERMS AND CONDITIONS OF THIS LETTER OF TRANSMITTAL 1.","HE OFFER TO PURCHASE DATED LETTER OF TRANSMITTAL DECEMBER 13, 2019 ODD LOT CERTIFICATION FORM CERTIFICATION FORM TO BE COMPLETED BY ALL OWNERS OF LESS THAN 100 SHARES SUMBIT THIS FORM WITH A PROPERLY COMPLETED AND SIGNED LETTER OF TRANSMITAL Stockholders holding less than 100 Shares (also known as ""Odd Lot Holders"") who tender all of their Shares will have all of their Shares accepted for payment even if the Offer to Purchase is over-subscribed.",odd-lot -> no-proration/priority: 'Odd-lot Stockholders who wish to take advantage of this preference' (<100-share threshold stated in the document),0001554625-19-000211,0001554625-19-000211,https://www.sec.gov/Archives/edgar/data/1554625/000155462519000211/exhibit99a1b122019.htm,6b562ac54f4f0fc147cbcff367779d991e5ff9c9c7d469a8951e773cc023db97,https://www.sec.gov/Archives/edgar/data/1554625/000155462520000012/a20200127-prisxscheduletoa.htm,2020-01-27,3,2,False,"submissions index: ['PRIF-PD', 'PRIF-PK', 'PRIF-PL'] on ['NYSE', 'NYSE', 'NYSE']; no non-traded language in doc","yfinance Close, dividends unadjusted, split basis restored to the offer date",0001554625-20-000012,221869,a20191213-prisxscheduletoxi.htm
"Priority Income Fund, Inc.",0001554625,"PRIF-PD,PRIF-PK,PRIF-PL","NYSE,NYSE,NYSE",listed,REIT,2020-03-13,2020-04-20,nav_based,,,,,,,,21.860000610351562,2020-03-12,24.28700065612793,2020-04-21,1.0,,,,,,,common_or_unspecified,yes,,yes,"IF YOU ARE AN OWNER OF LESS THAN 100 SHARES (AN ODD LOT), PLEASE RETURN THIS FORM WITH A PROPERLY COMPLETED AND SIGNED LETTER OF TRANSMITTAL LETTER OF TRANSMITTAL INSTRUCTIONS TO LETTER OF TRANSMITTAL FORMING PART OF TERMS AND CONDITIONS OF THIS LETTER OF TRANSMITTAL 1.","O THE OFFER TO PURCHASE DATED LETTER OF TRANSMITTAL MARCH 13, 2020 ODD LOT CERTIFICATION FORM CERTIFICATION FORM TO BE COMPLETED BY ALL OWNERS OF LESS THAN 100 SHARES SUMBIT THIS FORM WITH A PROPERLY COMPLETED AND SIGNED LETTER OF TRANSMITAL Stockholders holding less than 100 Shares (also known as ""Odd Lot Holders"") who tender all of their Shares will have all of their Shares accepted for payment even if the Offer to Purchase is over-subscribed.",odd-lot -> no-proration/priority: 'Odd-lot Stockholders who wish to take advantage of this preference' (<100-share threshold stated in the document),0001554625-20-000053,0001554625-20-000053,https://www.sec.gov/Archives/edgar/data/1554625/000155462520000053/exhibit99a1b032020.htm,f6ecaa2b10777ec1cbcedfa312cad04db0b28f3e12050db38e0b8e0de927d481,https://www.sec.gov/Archives/edgar/data/1554625/000155462520000073/a20200526-prisxscheduletoa2.htm,2020-05-26,3,3,False,"submissions index: ['PRIF-PD', 'PRIF-PK', 'PRIF-PL'] on ['NYSE', 'NYSE', 'NYSE']; no non-traded language in doc","yfinance Close, dividends unadjusted, split basis restored to the offer date",0001554625-20-000073,221924,a2020312-prisxscheduletoxi.htm
"Priority Income Fund, Inc.",0001554625,"PRIF-PD,PRIF-PK,PRIF-PL","NYSE,NYSE,NYSE",listed,REIT,2020-06-12,2020-07-20,nav_based,,,,,,,,24.9950008392334,2020-06-11,24.399999618530273,2020-07-21,1.0,,,,,,,common_or_unspecified,yes,,yes,"TO THE OFFER TO PURCHASE DATED LETTER OF TRANSMITTAL JUNE 12, 2020 ODD LOT CERTIFICATION FORM CERTIFICATION FORM TO BE COMPLETED BY ALL OWNERS OF LESS THAN 100 SHARES SUMBIT THIS FORM WITH A PROPERLY COMPLETED AND SIGNED LETTER OF TRANSMITAL Stockholders holding less than 100 Shares (also known as ""Odd Lot Holders"") who tender all of their Shares will have priority, in having their Shares accepted for payment, over stockholders holding 100 Shares or more, even if the Offer to Purchase is over-subscribed.","IF YOU ARE AN OWNER OF LESS THAN 100 SHARES (AN ODD LOT), PLEASE RETURN THIS FORM WITH A PROPERLY COMPLETED AND SIGNED LETTER OF TRANSMITTAL LETTER OF TRANSMITTAL INSTRUCTIONS TO LETTER OF TRANSMITTAL FORMING PART OF TERMS AND CONDITIONS OF THIS LETTER OF TRANSMITTAL 1.",odd-lot -> no-proration/priority: 'ODD LOT CERTIFICATION FORM CERTIFICATION FORM TO BE COMPLETED BY ALL OWNERS OF LESS THAN 100 SHARES SUMBIT THIS FORM WITH A PROPERLY COMPLETED AND SIGNED LETTER OF TRANSMITAL Stockholders holding less' (<100-share threshold stated in the document),0001554625-20-000078,0001554625-20-000078,https://www.sec.gov/Archives/edgar/data/1554625/000155462520000078/exhibit99a1b062020.htm,b65135da2ce264c3b602b289213b4231f9ff9f4b7cd8e675b12dbdd726c4dc16,https://www.sec.gov/Archives/edgar/data/1554625/000155462520000087/a20200817-prisxscheduletoa2.htm,2020-08-18,3,3,False,"submissions index: ['PRIF-PD', 'PRIF-PK', 'PRIF-PL'] on ['NYSE', 'NYSE', 'NYSE']; no non-traded language in doc","yfinance Close, dividends unadjusted, split basis restored to the offer date",0001554625-20-000087,221936,a2020612-prisxscheduletoxi.htm
"Priority Income Fund, Inc.",0001554625,"PRIF-PD,PRIF-PK,PRIF-PL","NYSE,NYSE,NYSE",listed,REIT,2020-09-10,2020-10-19,nav_based,,,,,,,,25.979999542236328,2020-09-09,24.780000686645508,2020-10-20,1.0,,,,,,,common_or_unspecified,yes,,yes,"E OFFER TO PURCHASE DATED LETTER OF TRANSMITTAL SEPTEMBER 10, 2020 ODD LOT CERTIFICATION FORM CERTIFICATION FORM TO BE COMPLETED BY ALL OWNERS OF LESS THAN 100 SHARES SUMBIT THIS FORM WITH A PROPERLY COMPLETED AND SIGNED LETTER OF TRANSMITAL Stockholders holding less than 100 Shares (also known as ""Odd Lot Holders"") who tender all of their Shares will have priority, in having their Shares accepted for payment, over stockholders holding 100 Shares or more, even if the Offer to Purchase is over-subscribed.","IF YOU ARE AN OWNER OF LESS THAN 100 SHARES (AN ODD LOT), PLEASE RETURN THIS FORM WITH A PROPERLY COMPLETED AND SIGNED LETTER OF TRANSMITTAL LETTER OF TRANSMITTAL INSTRUCTIONS TO LETTER OF TRANSMITTAL FORMING PART OF TERMS AND CONDITIONS OF THIS LETTER OF TRANSMITTAL 1.",odd-lot -> no-proration/priority: 'ODD LOT CERTIFICATION FORM CERTIFICATION FORM TO BE COMPLETED BY ALL OWNERS OF LESS THAN 100 SHARES SUMBIT THIS FORM WITH A PROPERLY COMPLETED AND SIGNED LETTER OF TRANSMITAL Stockholders holding less' (<100-share threshold stated in the document),0001554625-20-000093,0001554625-20-000093,https://www.sec.gov/Archives/edgar/data/1554625/000155462520000093/exhibit99a1b092020.htm,221ad5aadc4e26846a32493bc034006394a7765f8cbc4130b3c1d2d683f8d2c7,https://www.sec.gov/Archives/edgar/data/1554625/000155462520000110/a20201118-prisxscheduletoa2.htm,2020-11-18,3,3,False,"submissions index: ['PRIF-PD', 'PRIF-PK', 'PRIF-PL'] on ['NYSE', 'NYSE', 'NYSE']; no non-traded language in doc","yfinance Close, dividends unadjusted, split basis restored to the offer date",0001554625-20-000110,221842,a2020910-prisxscheduletoxi.htm
"Priority Income Fund, Inc.",0001554625,"PRIF-PD,PRIF-PK,PRIF-PL","NYSE,NYSE,NYSE",non_traded,closed_end_or_interval_fund,2020-12-10,2021-01-18,nav_based,,,,,,,,,,,,,,,,,,,common_or_unspecified,yes,,yes,"Odd lots will be accepted for payment before any proration of the purchase of other tendered Shares, provided that (a) this priority is not available to partial tenders or to beneficial or record holders of 100 or more Shares in the aggregate, even if these holders have separate accounts or certificates representing fewer than 100 Shares, and (b) to qualify for this priority, an Odd Lot Holder must tender all Shares owned by the Odd Lot Holder in accordance with the procedures described in Section 4.","Odd Lot Holders who tender all of their Shares must also check the ""Full Odd Lot Redemption (100 shares or less)"" box in to the Letter of Transmittal to qualify for the priority treatment available to Odd Lot Holders as set forth in Section 1.",odd-lot -> no-proration/priority: 'Odd lots will be accepted for payment before any prorat' (<100-share threshold stated in the document),0001554625-20-000123,0001554625-20-000123,https://www.sec.gov/Archives/edgar/data/1554625/000155462520000123/exhibit99a1a122020.htm,52592fbd1ab8295b68b0a56e3145c17c01d8a8c389bbae953728c92196ea7c04,https://www.sec.gov/Archives/edgar/data/1554625/000155462521000007/a20210126-prisxscheduletoa.htm,2021-01-26,2,3,False,"document: 'there is no public market for our Shares. See Section 2 below. The offer is made upon the terms and subject to the conditions set forth in t' [submissions index also lists ['PRIF-PD', 'PRIF-PK', 'PRIF-PL'] on ['NYSE', 'NYSE', 'NYSE'] - other class or later]",not exchange-listed / no ticker in the submissions index,0001554625-21-000007,190741,a20201210-prisxscheduletoxi.htm
"Priority Income Fund, Inc.",0001554625,"PRIF-PD,PRIF-PK,PRIF-PL","NYSE,NYSE,NYSE",non_traded,closed_end_or_interval_fund,2021-03-12,2021-04-19,nav_based,,,,,,,,,,,,,,,,,,,common_or_unspecified,yes,,yes,"Odd lots will be accepted for payment before any proration of the purchase of other tendered Shares, provided that (a) this priority is not available to partial tenders or to beneficial or record holders of 100 or more Shares in the aggregate, even if these holders have separate accounts or certificates representing fewer than 100 Shares, and (b) to qualify for this priority, an Odd Lot Holder must tender all Shares owned by the Odd Lot Holder in accordance with the procedures described in Section 4.","Odd Lot Holders who tender all of their Shares must also check the ""Full Odd Lot Redemption (100 shares or less)"" box in to the Letter of Transmittal to qualify for the priority treatment available to Odd Lot Holders as set forth in Section 1.",odd-lot -> no-proration/priority: 'Odd lots will be accepted for payment before any prorat' (<100-share threshold stated in the document),0001554625-21-000041,0001554625-21-000041,https://www.sec.gov/Archives/edgar/data/1554625/000155462521000041/exhibit99a1a032021.htm,898ff671600c07c04e09138b1a0c9e2b583ecb651a4ee200cebf3cb3877c820a,https://www.sec.gov/Archives/edgar/data/1554625/000155462521000073/a20210428-prisxscheduletoa.htm,2021-04-28,2,2,False,"document: 'there is no public market for our Shares. See Section 2 below. The offer is made upon the terms and subject to the conditions set forth in t' [submissions index also lists ['PRIF-PD', 'PRIF-PK', 'PRIF-PL'] on ['NYSE', 'NYSE', 'NYSE'] - other class or later]",not exchange-listed / no ticker in the submissions index,0001554625-21-000073,175736,a20210312-prisxscheduletoxi.htm
"Priority Income Fund, Inc.",0001554625,"PRIF-PD,PRIF-PK,PRIF-PL","NYSE,NYSE,NYSE",non_traded,closed_end_or_interval_fund,2021-06-11,2021-07-19,nav_based,,,,,,,,,,,,,,,,,,,common_or_unspecified,yes,,yes,"Odd lots will be accepted for payment before any proration of the purchase of other tendered Shares, provided that (a) this priority is not available to partial tenders or to beneficial or record holders of 100 or more Shares in the aggregate, even if these holders have separate accounts or certificates representing fewer than 100 Shares, and (b) to qualify for this priority, an Odd Lot Holder must tender all Shares owned by the Odd Lot Holder in accordance with the procedures described in Section 4.","Odd Lot Holders who tender all of their Shares must also check the ""Full Odd Lot Redemption (100 shares or less)"" box in to the Letter of Transmittal to qualify for the priority treatment available to Odd Lot Holders as set forth in Section 1.",odd-lot -> no-proration/priority: 'Odd lots will be accepted for payment before any prorat' (<100-share threshold stated in the document),0001554625-21-000109,0001554625-21-000109,https://www.sec.gov/Archives/edgar/data/1554625/000155462521000109/exhibit99a1a062021.htm,afe913f401df68391ada72528b51765e4470a0cce45fa8bb8f6462d721ff56ca,https://www.sec.gov/Archives/edgar/data/1554625/000155462521000161/a20210813-prisxscheduletoa2.htm,2021-08-13,2,3,False,"document: 'there is no public market for our Shares. See Section 2 below. The offer is made upon the terms and subject to the conditions set forth in t' [submissions index also lists ['PRIF-PD', 'PRIF-PK', 'PRIF-PL'] on ['NYSE', 'NYSE', 'NYSE'] - other class or later]",not exchange-listed / no ticker in the submissions index,0001554625-21-000161,175801,a20210611-prisxscheduletoxi.htm
"Priority Income Fund, Inc.",0001554625,"PRIF-PD,PRIF-PK,PRIF-PL","NYSE,NYSE,NYSE",non_traded,closed_end_or_interval_fund,2021-09-10,2021-10-18,nav_based,,,,,,,,,,,,,,,,,,,common_or_unspecified,yes,,yes,"Odd lots will be accepted for payment before any proration of the purchase of other tendered Shares, provided that (a) this priority is not available to partial tenders or to beneficial or record holders of 100 or more Shares in the aggregate, even if these holders have separate accounts or certificates representing fewer than 100 Shares, and (b) to qualify for this priority, an Odd Lot Holder must tender all Shares owned by the Odd Lot Holder in accordance with the procedures described in Section 4.","Odd Lot Holders who tender all of their Shares must also check the ""Full Odd Lot Redemption (100 shares or less)"" box in to the Letter of Transmittal to qualify for the priority treatment available to Odd Lot Holders as set forth in Section 1.",odd-lot -> no-proration/priority: 'Odd lots will be accepted for payment before any prorat' (<100-share threshold stated in the document),0001554625-21-000177,0001554625-21-000177,https://www.sec.gov/Archives/edgar/data/1554625/000155462521000177/exhibit99a1a092021.htm,4bef071c8fb5b9992c2ced9b442d74beacb31d94274aaa1070142ffac02e1436,https://www.sec.gov/Archives/edgar/data/1554625/000155462521000229/a20211206-prisxscheduletoa.htm,2021-12-07,2,4,False,"document: 'there is no public market for our Shares. See Section 2 below. The offer is made upon the terms and subject to the conditions set forth in t' [submissions index also lists ['PRIF-PD', 'PRIF-PK', 'PRIF-PL'] on ['NYSE', 'NYSE', 'NYSE'] - other class or later]",not exchange-listed / no ticker in the submissions index,0001554625-21-000229,174892,a20210910-prisxscheduletoxi.htm
"Priority Income Fund, Inc.",0001554625,"PRIF-PD,PRIF-PK,PRIF-PL","NYSE,NYSE,NYSE",non_traded,closed_end_or_interval_fund,2021-12-10,2022-01-21,nav_based,,,,,,,,,,,,,,,,,,,common_or_unspecified,yes,,yes,"Odd lots will be accepted for payment before any proration of the purchase of other tendered Shares, provided that (a) this priority is not available to partial tenders or to beneficial or record holders of 100 or more Shares in the aggregate, even if these holders have separate accounts or certificates representing fewer than 100 Shares, and (b) to qualify for this priority, an Odd Lot Holder must tender all Shares owned by the Odd Lot Holder in accordance with the procedures described in Section 4.","Odd Lot Holders who tender all of their Shares must also check the ""Full Odd Lot Redemption (100 shares or less)"" box in to the Letter of Transmittal to qualify for the priority treatment available to Odd Lot Holders as set forth in Section 1.",odd-lot -> no-proration/priority: 'Odd lots will be accepted for payment before any prorat' (<100-share threshold stated in the document),0001554625-21-000233,0001554625-21-000233,https://www.sec.gov/Archives/edgar/data/1554625/000155462521000233/exhibit99a1a122021.htm,de05087bc63ecd13770b584cd74cd72ba52b2b0a951d5ecb5dec79c4c7b8dbe5,https://www.sec.gov/Archives/edgar/data/1554625/000155462522000038/a20220216-prisxscheduletoa.htm,2022-02-16,2,4,False,"document: 'there is no public market for our Shares. See Section 2 below. The offer is made upon the terms and subject to the conditions set forth in t' [submissions index also lists ['PRIF-PD', 'PRIF-PK', 'PRIF-PL'] on ['NYSE', 'NYSE', 'NYSE'] - other class or later]",not exchange-listed / no ticker in the submissions index,0001554625-22-000038,175344,a20211210-prisxscheduletoxi.htm
"Priority Income Fund, Inc.",0001554625,"PRIF-PD,PRIF-PK,PRIF-PL","NYSE,NYSE,NYSE",non_traded,closed_end_or_interval_fund,2022-03-11,2022-04-19,nav_based,,,,,,,,,,,,,,,,,,,common_or_unspecified,yes,,yes,"Odd lots will be accepted for payment before any proration of the purchase of other tendered Shares, provided that (a) this priority is not available to partial tenders or to beneficial or record holders of 100 or more Shares in the aggregate, even if these holders have separate accounts or certificates representing fewer than 100 Shares, and (b) to qualify for this priority, an Odd Lot Holder must tender all Shares owned by the Odd Lot Holder in accordance with the procedures described in Section 4.","Odd Lot Holders who tender all of their Shares must also check the ""Full Odd Lot Redemption (100 shares or less)"" box in to the Letter of Transmittal to qualify for the priority treatment available to Odd Lot Holders as set forth in Section 1.",odd-lot -> no-proration/priority: 'Odd lots will be accepted for payment before any prorat' (<100-share threshold stated in the document),0001554625-22-000079,0001554625-22-000079,https://www.sec.gov/Archives/edgar/data/1554625/000155462522000079/exhibit99a1a032022.htm,c400ae25bd0a95d6b1379c4cc352c3e7108f72c2e6ef74b4cef55c1fb4cd3fc1,https://www.sec.gov/Archives/edgar/data/1554625/000155462522000103/a20220425-prisxscheduletoa.htm,2022-04-25,2,2,False,"document: 'there is no public market for our Shares. See Section 2 below. The offer is made upon the terms and subject to the conditions set forth in t' [submissions index also lists ['PRIF-PD', 'PRIF-PK', 'PRIF-PL'] on ['NYSE', 'NYSE', 'NYSE'] - other class or later]",not exchange-listed / no ticker in the submissions index,0001554625-22-000103,175262,a20220311-prisxscheduletoxi.htm
"Priority Income Fund, Inc.",0001554625,"PRIF-PD,PRIF-PK,PRIF-PL","NYSE,NYSE,NYSE",non_traded,closed_end_or_interval_fund,2022-06-17,2022-07-26,nav_based,,,,,,,,,,,,,,,,,,,common_or_unspecified,yes,,yes,"Odd lots will be accepted for payment before any proration of the purchase of other tendered Shares, provided that (a) this priority is not available to partial tenders or to beneficial or record holders of 100 or more Shares in the aggregate, even if these holders have separate accounts or certificates representing fewer than 100 Shares, and (b) to qualify for this priority, an Odd Lot Holder must tender all Shares owned by the Odd Lot Holder in accordance with the procedures described in Section 4.","Odd Lot Holders who tender all of their Shares must also check the ""Full Odd Lot Redemption (100 shares or less)"" box in to the Letter of Transmittal to qualify for the priority treatment available to Odd Lot Holders as set forth in Section 1.",odd-lot -> no-proration/priority: 'Odd lots will be accepted for payment before any prorat' (<100-share threshold stated in the document),0001554625-22-000109,0001554625-22-000109,https://www.sec.gov/Archives/edgar/data/1554625/000155462522000109/exhibit99a1a062022.htm,de87f6845f6ed7c409cebe8028f3d1b6437de2cb77504a03a4230637ec06fbe9,https://www.sec.gov/Archives/edgar/data/1554625/000155462522000133/a20220908-prisxscheduletoa.htm,2022-09-08,2,3,False,"document: 'there is no public market for the Shares. In our Prospectus, we indicated our intention to periodically repurchase a limited number of Share' [submissions index also lists ['PRIF-PD', 'PRIF-PK', 'PRIF-PL'] on ['NYSE', 'NYSE', 'NYSE'] - other class or later]",not exchange-listed / no ticker in the submissions index,0001554625-22-000133,168963,a20220616-prisxscheduletoxi.htm
"Priority Income Fund, Inc.",0001554625,"PRIF-PD,PRIF-PK,PRIF-PL","NYSE,NYSE,NYSE",non_traded,closed_end_or_interval_fund,2022-09-16,2022-10-26,nav_based,,,,,,,,,,,,,,,,,,,common_or_unspecified,yes,,yes,"Odd lots will be accepted for payment before any proration of the purchase of other tendered Shares, provided that (a) this priority is not available to partial tenders or to beneficial or record holders of 100 or more Shares in the aggregate, even if these holders have separate accounts or certificates representing fewer than 100 Shares, and (b) to qualify for this priority, an Odd Lot Holder must tender all Shares owned by the Odd Lot Holder in accordance with the procedures described in Section 4.","Odd Lot Holders who tender all of their Shares must also check the ""Full Odd Lot Redemption (100 shares or less)"" box in the Letter of Transmittal to qualify for the priority treatment available to Odd Lot Holders as set forth in Section 1.",odd-lot -> no-proration/priority: 'Odd lots will be accepted for payment before any prorat' (<100-share threshold stated in the document),0001554625-22-000143,0001554625-22-000143,https://www.sec.gov/Archives/edgar/data/1554625/000155462522000143/exhibit99a1a092022.htm,d8879622d043598aba1c688d396db8f50cbc836a442957bfbc46fb7e2f71aa73,https://www.sec.gov/Archives/edgar/data/1554625/000155462522000165/a20221130-prisxscheduletoa.htm,2022-12-01,2,3,False,"document: 'there is no public market for the Shares. In our Prospectus, we indicated our intention to periodically repurchase a limited number of Share' [submissions index also lists ['PRIF-PD', 'PRIF-PK', 'PRIF-PL'] on ['NYSE', 'NYSE', 'NYSE'] - other class or later]",not exchange-listed / no ticker in the submissions index,0001554625-22-000165,168805,a20220916-prisxscheduletoxi.htm
"Priority Income Fund, Inc.",0001554625,"PRIF-PD,PRIF-PK,PRIF-PL","NYSE,NYSE,NYSE",non_traded,closed_end_or_interval_fund,2022-12-23,2023-02-02,nav_based,,,,,,,,,,,,,,,,,,,common_or_unspecified,yes,,yes,"Odd lots will be accepted for payment before any proration of the purchase of other tendered Shares, provided that (a) this priority is not available to partial tenders or to beneficial or record holders of 100 or more Shares in the aggregate, even if these holders have separate accounts or certificates representing fewer than 100 Shares, and (b) to qualify for this priority, an Odd Lot Holder must tender all Shares owned by the Odd Lot Holder in accordance with the procedures described in Section 4.","Odd Lot Holders who tender all of their Shares must also check the ""Full Odd Lot Redemption (100 shares or less)"" box in the Letter of Transmittal to qualify for the priority treatment available to Odd Lot Holders as set forth in Section 1.",odd-lot -> no-proration/priority: 'Odd lots will be accepted for payment before any prorat' (<100-share threshold stated in the document),0001554625-22-000175,0001554625-22-000175,https://www.sec.gov/Archives/edgar/data/1554625/000155462522000175/exhibit99a1a122022.htm,2460b40a28a3a99a10d45bdfda324b46a065d98f796fede1c316d3a7a44cb582,https://www.sec.gov/Archives/edgar/data/1554625/000155462523000010/a20230208-prisxscheduletoa.htm,2023-02-08,2,2,False,"document: 'there is no public market for the Shares. In our Prospectus, we indicated our intention to periodically repurchase a limited number of Share' [submissions index also lists ['PRIF-PD', 'PRIF-PK', 'PRIF-PL'] on ['NYSE', 'NYSE', 'NYSE'] - other class or later]",not exchange-listed / no ticker in the submissions index,0001554625-23-000010,168823,a20221223-prisxscheduletoxi.htm
"Priority Income Fund, Inc.",0001554625,"PRIF-PD,PRIF-PK,PRIF-PL","NYSE,NYSE,NYSE",non_traded,closed_end_or_interval_fund,2023-03-27,2023-05-04,nav_based,,,,,,,,,,,,,,,,,,,common_or_unspecified,yes,,yes,"Odd lots will be accepted for payment before any proration of the purchase of other tendered Shares, provided that (a) this priority is not available to partial tenders or to beneficial or record holders of 100 or more Shares in the aggregate, even if these holders have separate accounts or certificates representing fewer than 100 Shares, and (b) to qualify for this priority, an Odd Lot Holder must tender all Shares owned by the Odd Lot Holder in accordance with the procedures described in Section 4.","Odd Lot Holders who tender all of their Shares must also check the ""Full Odd Lot Redemption (100 shares or less)"" box in the Letter of Transmittal to qualify for the priority treatment available to Odd Lot Holders as set forth in Section 1.",odd-lot -> no-proration/priority: 'Odd lots will be accepted for payment before any prorat' (<100-share threshold stated in the document),0001554625-23-000041,0001554625-23-000041,https://www.sec.gov/Archives/edgar/data/1554625/000155462523000041/exhibit99a1a32023.htm,0c1ebf23542e0ff64a9fc847653a775cf08bb8c4447c33c26a177ceba6103b3e,https://www.sec.gov/Archives/edgar/data/1554625/000155462523000054/a20230512-prisxscheduletoa.htm,2023-05-12,2,3,False,"document: 'there is no public market for the Shares. In our Prospectus, we indicated our intention to periodically repurchase a limited number of Share' [submissions index also lists ['PRIF-PD', 'PRIF-PK', 'PRIF-PL'] on ['NYSE', 'NYSE', 'NYSE'] - other class or later]",not exchange-listed / no ticker in the submissions index,0001554625-23-000054,168718,a20230324-prisxscheduletoxi.htm
"Priority Income Fund, Inc.",0001554625,"PRIF-PD,PRIF-PK,PRIF-PL","NYSE,NYSE,NYSE",non_traded,closed_end_or_interval_fund,2023-06-23,2023-08-02,nav_based,,,,,,,,,,,,,,,,,,,common_or_unspecified,yes,,yes,"Odd lots will be accepted for payment before any proration of the purchase of other tendered Shares, provided that (a) this priority is not available to partial tenders or to beneficial or record holders of 100 or more Shares in the aggregate, even if these holders have separate accounts or certificates representing fewer than 100 Shares, and (b) to qualify for this priority, an Odd Lot Holder must tender all Shares owned by the Odd Lot Holder in accordance with the procedures described in Section 4.","Odd Lot Holders who tender all of their Shares must also check the ""Full Odd Lot Redemption (100 shares or less)"" box in the Letter of Transmittal to qualify for the priority treatment available to Odd Lot Holders as set forth in Section 1.",odd-lot -> no-proration/priority: 'Odd lots will be accepted for payment before any prorat' (<100-share threshold stated in the document),0001554625-23-000060,0001554625-23-000060,https://www.sec.gov/Archives/edgar/data/1554625/000155462523000060/exhibit99a1a62023.htm,90725007f9881778000e39b3489c97b4a6a89b48020db340d073123da9cfa249,https://www.sec.gov/Archives/edgar/data/1554625/000155462523000073/a20230810-prisxscheduletoa.htm,2023-08-10,2,3,False,"document: 'there is no public market for the Shares. In our Prospectus, we indicated our intention to periodically repurchase a limited number of Share' [submissions index also lists ['PRIF-PD', 'PRIF-PK', 'PRIF-PL'] on ['NYSE', 'NYSE', 'NYSE'] - other class or later]",not exchange-listed / no ticker in the submissions index,0001554625-23-000073,168584,a20230623-prisxscheduletoxi.htm
"Priority Income Fund, Inc.",0001554625,"PRIF-PD,PRIF-PK,PRIF-PL","NYSE,NYSE,NYSE",non_traded,closed_end_or_interval_fund,2023-09-22,2023-11-01,nav_based,,,,,,,,,,,,,,,,,,,common_or_unspecified,yes,,yes,"Odd lots will be accepted for payment before any proration of the purchase of other tendered Shares, provided that (a) this priority is not available to partial tenders or to beneficial or record holders of 100 or more Shares in the aggregate, even if these holders have separate accounts or certificates representing fewer than 100 Shares, and (b) to qualify for this priority, an Odd Lot Holder must tender all Shares owned by the Odd Lot Holder in accordance with the procedures described in Section 4.","Odd Lot Holders who tender all of their Shares must also check the ""Full Odd Lot Redemption (100 shares or less)"" box in the Letter of Transmittal to qualify for the priority treatment available to Odd Lot Holders as set forth in Section 1.",odd-lot -> no-proration/priority: 'Odd lots will be accepted for payment before any prorat' (<100-share threshold stated in the document),0001554625-23-000098,0001554625-23-000098,https://www.sec.gov/Archives/edgar/data/1554625/000155462523000098/exhibit99a1a92023.htm,de234fbc47270acc3b681d8fb140f2d6fac2f3fa3018d734ca5d75a99019368d,https://www.sec.gov/Archives/edgar/data/1554625/000155462523000120/a20231113-prisxscheduletoa.htm,2023-11-13,2,2,False,"document: 'there is no public market for the Shares. In our Prospectus, we indicated our intention to periodically repurchase a limited number of Share' [submissions index also lists ['PRIF-PD', 'PRIF-PK', 'PRIF-PL'] on ['NYSE', 'NYSE', 'NYSE'] - other class or later]",not exchange-listed / no ticker in the submissions index,0001554625-23-000120,168728,a20230922-prisxscheduletoxi.htm
"Priority Income Fund, Inc.",0001554625,"PRIF-PD,PRIF-PK,PRIF-PL","NYSE,NYSE,NYSE",non_traded,closed_end_or_interval_fund,2023-12-22,2024-02-01,nav_based,,,,,,,,,,,,,,,,,,,common_or_unspecified,yes,,yes,"Odd lots will be accepted for payment before any proration of the purchase of other tendered Shares, provided that (a) this priority is not available to partial tenders or to beneficial or record holders of 100 or more Shares in the aggregate, even if these holders have separate accounts or certificates representing fewer than 100 Shares, and (b) to qualify for this priority, an Odd Lot Holder must tender all Shares owned by the Odd Lot Holder in accordance with the procedures described in Section 4.","Odd Lot Holders who tender all of their Shares must also check the ""Full Odd Lot Redemption (100 shares or less)"" box in the Letter of Transmittal to qualify for the priority treatment available to Odd Lot Holders as set forth in Section 1.",odd-lot -> no-proration/priority: 'Odd lots will be accepted for payment before any prorat' (<100-share threshold stated in the document),0001554625-23-000129,0001554625-23-000129,https://www.sec.gov/Archives/edgar/data/1554625/000155462523000129/exhibit99a1a122023.htm,89ce227d4e1a7e9513fb46bda5ba8c3f1d4e8cc84f36eecdbd6f041d36c9cf3e,https://www.sec.gov/Archives/edgar/data/1554625/000155462524000007/a2024214-prisxscheduletoa.htm,2024-02-14,2,2,False,"document: 'there is no public market for the Shares. In our Prospectus, we indicated our intention to periodically repurchase a limited number of Share' [submissions index also lists ['PRIF-PD', 'PRIF-PK', 'PRIF-PL'] on ['NYSE', 'NYSE', 'NYSE'] - other class or later]",not exchange-listed / no ticker in the submissions index,0001554625-24-000007,168552,a20231222-prisxscheduletoxi.htm
"Priority Income Fund, Inc.",0001554625,"PRIF-PD,PRIF-PK,PRIF-PL","NYSE,NYSE,NYSE",non_traded,closed_end_or_interval_fund,2024-03-22,2024-05-01,nav_based,,,,,,,,,,,,,,,,,,,common_or_unspecified,yes,,yes,"Odd lots will be accepted for payment before any proration of the purchase of other tendered Shares, provided that (a) this priority is not available to partial tenders or to beneficial or record holders of 100 or more Shares in the aggregate, even if these holders have separate accounts or certificates representing fewer than 100 Shares, and (b) to qualify for this priority, an Odd Lot Holder must tender all Shares owned by the Odd Lot Holder in accordance with the procedures described in Section 4.","Odd Lot Holders who tender all of their Shares must also check the ""Full Odd Lot Redemption (100 shares or less)"" box in the Letter of Transmittal to qualify for the priority treatment available to Odd Lot Holders as set forth in Section 1.",odd-lot -> no-proration/priority: 'Odd lots will be accepted for payment before any prorat' (<100-share threshold stated in the document),0001554625-24-000014,0001554625-24-000014,https://www.sec.gov/Archives/edgar/data/1554625/000155462524000014/exhibit99a1a032024.htm,eaeb2d1b081861d4188b895834dacd7b7ab92d27fe024eabe77ae8f91b66f8bb,https://www.sec.gov/Archives/edgar/data/1554625/000155462524000021/a2024515-prisxscheduletoa.htm,2024-05-30,2,2,False,"document: 'there is no public market for the Shares. In our Prospectus, we indicated our intention to periodically repurchase a limited number of Share' [submissions index also lists ['PRIF-PD', 'PRIF-PK', 'PRIF-PL'] on ['NYSE', 'NYSE', 'NYSE'] - other class or later]",not exchange-listed / no ticker in the submissions index,0001554625-24-000021,168476,a20240322-prisxscheduletoxi.htm
"Priority Income Fund, Inc.",0001554625,"PRIF-PD,PRIF-PK,PRIF-PL","NYSE,NYSE,NYSE",non_traded,closed_end_or_interval_fund,2024-06-21,2024-07-31,nav_based,,,,,,,,,,,,,,,,,,,common_or_unspecified,yes,,yes,"Odd lots will be accepted for payment before any proration of the purchase of other tendered Shares, provided that (a) this priority is not available to partial tenders or to beneficial or record holders of 100 or more Shares in the aggregate, even if these holders have separate accounts or certificates representing fewer than 100 Shares, and (b) to qualify for this priority, an Odd Lot Holder must tender all Shares owned by the Odd Lot Holder in accordance with the procedures described in Section 4.","Odd Lot Holders who tender all of their Shares must also check the ""Full Odd Lot Redemption (100 shares or less)"" box in the Letter of Transmittal to qualify for the priority treatment available to Odd Lot Holders as set forth in Section 1.",odd-lot -> no-proration/priority: 'Odd lots will be accepted for payment before any prorat' (<100-share threshold stated in the document),0001554625-24-000026,0001554625-24-000026,https://www.sec.gov/Archives/edgar/data/1554625/000155462524000026/exhibit99a1a062024.htm,e285c45cd5a3d87357b3b944fc7193dc304292f46d699a2af9f2c8302c336a01,https://www.sec.gov/Archives/edgar/data/1554625/000155462524000045/a2024917-prisxscheduletoa.htm,2024-09-17,2,3,False,"document: 'there is no public market for the Shares. In our Prospectus, we indicated our intention to periodically repurchase a limited number of Share' [submissions index also lists ['PRIF-PD', 'PRIF-PK', 'PRIF-PL'] on ['NYSE', 'NYSE', 'NYSE'] - other class or later]",not exchange-listed / no ticker in the submissions index,0001554625-24-000045,168445,a20240621-prisxscheduletoxi.htm
"Priority Income Fund, Inc.",0001554625,"PRIF-PD,PRIF-PK,PRIF-PL","NYSE,NYSE,NYSE",non_traded,closed_end_or_interval_fund,2024-09-19,2024-10-31,nav_based,,,,,,,,,,,,,,,,,,,common_or_unspecified,yes,,yes,"Odd lots will be accepted for payment before any proration of the purchase of other tendered Shares, provided that (a) this priority is not available to partial tenders or to beneficial or record holders of 100 or more Shares in the aggregate, even if these holders have separate accounts or certificates representing fewer than 100 Shares, and (b) to qualify for this priority, an Odd Lot Holder must tender all Shares owned by the Odd Lot Holder in accordance with the procedures described in Section 4.","Odd Lot Holders who tender all of their Shares must also check the ""Full Odd Lot Redemption (100 shares or less)"" box in the Letter of Transmittal to qualify for the priority treatment available to Odd Lot Holders as set forth in Section 1.",odd-lot -> no-proration/priority: 'Odd lots will be accepted for payment before any prorat' (<100-share threshold stated in the document),0001554625-24-000048,0001554625-24-000048,https://www.sec.gov/Archives/edgar/data/1554625/000155462524000048/exhibit99a1a092024.htm,7cc9c2ae36c19786ef8897f54dbbfef71a7aeb013a4dcf8becf8a4144549a270,https://www.sec.gov/Archives/edgar/data/1554625/000155462524000083/a20241219-prisxscheduletoa2.htm,2024-12-19,2,3,False,"document: 'there is no public market for the Shares. In our Prospectus, we indicated our intention to periodically repurchase a limited number of Share' [submissions index also lists ['PRIF-PD', 'PRIF-PK', 'PRIF-PL'] on ['NYSE', 'NYSE', 'NYSE'] - other class or later]",not exchange-listed / no ticker in the submissions index,0001554625-24-000083,168515,a20240919-prisxscheduletoxi.htm
"Priority Income Fund, Inc.",0001554625,"PRIF-PD,PRIF-PK,PRIF-PL","NYSE,NYSE,NYSE",non_traded,closed_end_or_interval_fund,2024-12-23,2025-01-31,nav_based,,,,,,,,,,,,,,,,,,,common_or_unspecified,yes,,yes,"Odd lots will be accepted for payment before any proration of the purchase of other tendered Shares, provided that (a) this priority is not available to partial tenders or to beneficial or record holders of 100 or more Shares in the aggregate, even if these holders have separate accounts or certificates representing fewer than 100 Shares, and (b) to qualify for this priority, an Odd Lot Holder must tender all Shares owned by the Odd Lot Holder in accordance with the procedures described in Section 4.","Odd Lot Holders who tender all of their Shares must also check the ""Full Odd Lot Redemption (100 shares or less)"" box in the Letter of Transmittal to qualify for the priority treatment available to Odd Lot Holders as set forth in Section 1.",odd-lot -> no-proration/priority: 'Odd lots will be accepted for payment before any prorat' (<100-share threshold stated in the document),0001554625-24-000090,0001554625-24-000090,https://www.sec.gov/Archives/edgar/data/1554625/000155462524000090/exhibit99a1a122024.htm,4e196704dd0dac1a528f6fd63fa95a898b33548ff5c95bfa261d87c9b84a5b4c,https://www.sec.gov/Archives/edgar/data/1554625/000155462525000006/a20250213-prisxscheduletoa.htm,2025-02-13,2,2,False,"document: 'there is no public market for the Shares. In our Prospectus, we indicated our intention to periodically repurchase a limited number of Share' [submissions index also lists ['PRIF-PD', 'PRIF-PK', 'PRIF-PL'] on ['NYSE', 'NYSE', 'NYSE'] - other class or later]",not exchange-listed / no ticker in the submissions index,0001554625-25-000006,168527,a20241223-prisxscheduletoxi.htm
"Priority Income Fund, Inc.",0001554625,"PRIF-PD,PRIF-PK,PRIF-PL","NYSE,NYSE,NYSE",non_traded,closed_end_or_interval_fund,2025-03-21,2025-04-30,nav_based,,,,,,,,,,,,,,,,,,,common_or_unspecified,yes,,yes,"Odd lots will be accepted for payment before any proration of the purchase of other tendered Shares, provided that (a) this priority is not available to partial tenders or to beneficial or record holders of 100 or more Shares in the aggregate, even if these holders have separate accounts or certificates representing fewer than 100 Shares, and (b) to qualify for this priority, an Odd Lot Holder must tender all Shares owned by the Odd Lot Holder in accordance with the procedures described in Section 4.","Odd Lot Holders who tender all of their Shares must also check the ""Full Odd Lot Redemption (100 shares or less)"" box in the Letter of Transmittal to qualify for the priority treatment available to Odd Lot Holders as set forth in Section 1.",odd-lot -> no-proration/priority: 'Odd lots will be accepted for payment before any prorat' (<100-share threshold stated in the document),0001554625-25-000017,0001554625-25-000017,https://www.sec.gov/Archives/edgar/data/1554625/000155462525000017/exhibit99a1a032025.htm,e63ac954b9a89eaf36a4799e7ce6f659ac738f984362b4aca9a84ee9273c17a4,https://www.sec.gov/Archives/edgar/data/1554625/000155462525000039/a20250515-prisxscheduletoa.htm,2025-05-15,2,2,False,"document: 'there is no public market for the Shares. In our Prospectus, we indicated our intention to periodically repurchase a limited number of Share' [submissions index also lists ['PRIF-PD', 'PRIF-PK', 'PRIF-PL'] on ['NYSE', 'NYSE', 'NYSE'] - other class or later]",not exchange-listed / no ticker in the submissions index,0001554625-25-000039,168483,a20250321-prisxscheduletoxi.htm
"Priority Income Fund, Inc.",0001554625,"PRIF-PD,PRIF-PK,PRIF-PL","NYSE,NYSE,NYSE",non_traded,closed_end_or_interval_fund,2025-06-20,2025-07-31,nav_based,,,,,,,,,,,,,,,,,,,common_or_unspecified,yes,,yes,"Odd lots will be accepted for payment before any proration of the purchase of other tendered Shares, provided that (a) this priority is not available to partial tenders or to beneficial or record holders of 100 or more Shares in the aggregate, even if these holders have separate accounts or certificates representing fewer than 100 Shares, and (b) to qualify for this priority, an Odd Lot Holder must tender all Shares owned by the Odd Lot Holder in accordance with the procedures described in Section 4.","Odd Lot Holders who tender all of their Shares must also check the ""Full Odd Lot Redemption (100 shares or less)"" box in the Letter of Transmittal to qualify for the priority treatment available to Odd Lot Holders as set forth in Section 1.",odd-lot -> no-proration/priority: 'Odd lots will be accepted for payment before any prorat' (<100-share threshold stated in the document),0001554625-25-000047,0001554625-25-000047,https://www.sec.gov/Archives/edgar/data/1554625/000155462525000047/exhibit99a1a062025.htm,bc041194f1806304b2e2733b5bbc8c61a4553bedbdae99f0da3944a2f8c7cded,https://www.sec.gov/Archives/edgar/data/1554625/000155462525000083/a20251020-prisxscheduletoa.htm,2025-10-20,2,3,False,"document: 'there is no public market for the Shares. In our Prospectus, we indicated our intention to periodically repurchase a limited number of Share' [submissions index also lists ['PRIF-PD', 'PRIF-PK', 'PRIF-PL'] on ['NYSE', 'NYSE', 'NYSE'] - other class or later]",not exchange-listed / no ticker in the submissions index,0001554625-25-000083,170379,a20250620-prisxscheduletoxi.htm
"Priority Income Fund, Inc.",0001554625,"PRIF-PD,PRIF-PK,PRIF-PL","NYSE,NYSE,NYSE",non_traded,closed_end_or_interval_fund,2026-06-18,2026-07-31,nav_based,,,,,,,,,,,,,,,,,,,common_or_unspecified,yes,,yes,"Odd lots will be accepted for payment before any proration of the purchase of other tendered Shares, provided that (a) this priority is not available to partial tenders or to beneficial or record holders of 100 or more Shares in the aggregate, even if these holders have separate accounts or certificates representing fewer than 100 Shares, and (b) to qualify for this priority, an Odd Lot Holder must tender all Shares owned by the Odd Lot Holder in accordance with the procedures described in Section 4.","Odd Lot Holders who tender all of their Shares must also check the ""Full Odd Lot Redemption (100 shares or less)"" box in the Letter of Transmittal to qualify for the priority treatment available to Odd Lot Holders as set forth in Section 1.",odd-lot -> no-proration/priority: 'Odd lots will be accepted for payment before any prorat' (<100-share threshold stated in the document),0001554625-26-000011,0001554625-26-000011,https://www.sec.gov/Archives/edgar/data/1554625/000155462526000011/exhibit99a1a062026.htm,bc816cbf7dcf837292cf81d5721c49b9bf03a874e92953b4518ff0857821e39b,https://www.sec.gov/Archives/edgar/data/1554625/000155462526000016/a20260813-prisxscheduletoa.htm,2026-08-14,2,2,False,"document: 'there is no public market for the Shares and in recognition of the fact that our shares are not listed on a national securities exchange and' [submissions index also lists ['PRIF-PD', 'PRIF-PK', 'PRIF-PL'] on ['NYSE', 'NYSE', 'NYSE'] - other class or later]",not exchange-listed / no ticker in the submissions index,0001554625-26-000016,165954,a20260618-prisxscheduletoxi.htm
Western Asset Middle Market Debt Fund Inc.,0001555085,,,non_traded,operating_company,2019-06-03,2019-07-02,nav_based,,,,,,,,,,,,,,,,,,,common_or_unspecified,yes,,mentioned_no_priority_language,"What if more than 12,427 Shares are tendered (and not timely withdrawn)? The Fund will purchase duly tendered Shares from tendering Stockholders pursuant to the terms and conditions of the Offer by first purchasing shares tendered by any stockholders who own, beneficially or of record, an aggregate amount of 10 shares or less (an odd lot ) and tender all of their shares.","If more than 12,427 of the Fund s Shares are duly tendered pursuant to the Offer (and not withdrawn as provided in Section 4), unless the Fund determines not to purchase any Shares in the event that the conditions described in Section 12 of this Offer to Purchase are not met, the Fund will purchase Shares from tendering Stockholders, in accordance with the terms and conditions specified in the Offer, by first purchasing shares tendered by any stockholders who own, beneficially or of record, an aggregate amount of 10 shares or less (an odd lot ) and tender all of their shares.","phrase present, no grant and no denial matched",0001193125-19-163560,0001193125-19-163560,https://www.sec.gov/Archives/edgar/data/1555085/000119312519163560/d737157dex99a1i.htm,380db05a5d729c99e0ad32eb522f44f37ccde2b5638eca4556965b5e40d979ed,https://www.sec.gov/Archives/edgar/data/1555085/000119312519191167/d768282dsctoia.htm,2019-07-09,3,2,False,"document: 'Shares are not listed on a national securities exchange. Instead, the Fund expects to provide Stockholders with limited liquidity through te'",not exchange-listed / no ticker in the submissions index,0001193125-19-191167,133336,d737157dsctoi.htm
Western Asset Middle Market Debt Fund Inc.,0001555085,,,non_traded,operating_company,2020-06-03,2020-07-02,nav_based,,,,,,,,,,,,,,,,,,,common_or_unspecified,yes,,mentioned_no_priority_language,"What if more than 11,187 Shares are tendered (and not timely withdrawn)? The Fund will purchase duly tendered Shares from tendering Stockholders pursuant to the terms and conditions of the Offer by first purchasing shares tendered by any stockholders who own, beneficially or of record, an aggregate amount of 10 shares or less (an odd lot ) and tender all of their shares.","If more than 11,187 of the Fund s Shares are duly tendered pursuant to the Offer (and not withdrawn as provided in Section 4), unless the Fund determines not to purchase any Shares in the event that the conditions described in Section 12 of this Offer to Purchase are not met, the Fund will purchase Shares from tendering Stockholders, in accordance with the terms and conditions specified in the Offer, by first purchasing shares tendered by any stockholders who own, beneficially or of record, an aggregate amount of 10 shares or less (an odd lot ) and tender all of their shares.","phrase present, no grant and no denial matched",0001193125-20-159240,0001193125-20-159240,https://www.sec.gov/Archives/edgar/data/1555085/000119312520159240/d919611dex99a1i.htm,17bd388aff42a4e9734cf7793537c7472bc87b98c8ed84c4e62dcf0fd793a61c,https://www.sec.gov/Archives/edgar/data/1555085/000119312520190195/d11520dsctoia.htm,2020-07-09,3,2,False,"document: 'Shares are not listed on a national securities exchange. Instead, the Fund expects to provide Stockholders with limited liquidity through te'",not exchange-listed / no ticker in the submissions index,0001193125-20-190195,134590,d919611dsctoi.htm
"National Healthcare Properties, Inc.",0001561032,"NHP,HLTC,NHPAP,NHPBP","Nasdaq,OTC,Nasdaq,Nasdaq",non_traded,REIT,2020-01-09,,nav_based,,,,,,,,,,,,,,,,,,,common_or_unspecified,yes,"proration factor for the Offer, after giving effect to the priority of odd lots, is approximately 52",yes,"See ""The Offer - Section 16."" If I own fewer than 100 Shares and I tender all of my Shares, will I be subject to proration? If you own beneficially or of record fewer than 100 Shares in the aggregate, you will not be subject to proration if: (1) you properly tender all of these Shares, (2) you do not properly withdraw them before the Expiration Date, and (3) you complete the Letter of Transmittal included with this Offer to Purchase and the Odd Lot Certification Form.","Because of the proration and ""odd lot"" priority provisions described in this Offer to Purchase, it is possible that we will not purchase all of the Shares that you tender.","odd-lot -> no-proration/priority: 'odd lot"" priority' (<100-share threshold stated in the document)",0001104659-20-002682,0001104659-20-002682,https://www.sec.gov/Archives/edgar/data/1561032/000110465920002682/tv536111-ex99a1a.htm,d251923edecae1b13fb0eae3880735127bd410ec35d50555bd75a20eaa8d6298,https://www.sec.gov/Archives/edgar/data/1561032/000110465920016768/tm207542-1_sctoia.htm,2020-02-11,1,2,False,"document: 'Shares are not listed on a national securities exchange and there is no established trading market for the Shares, Estimated Per-Share NAV d' [submissions index also lists ['NHP', 'HLTC', 'NHPAP', 'NHPBP'] on ['Nasdaq', 'OTC', 'Nasdaq', 'Nasdaq'] - other class or later]",not exchange-listed / no ticker in the submissions index,0001104659-20-016768,414939,tv536111-sctoi.htm
"National Healthcare Properties, Inc.",0001561032,"NHP,HLTC,NHPAP,NHPBP","Nasdaq,OTC,Nasdaq,Nasdaq",listed,REIT,2026-05-18,,fixed_price,22.5,,,,22.5,22.5,,14.859999656677246,2026-05-15,14.369999885559082,2026-06-18,1.0,21.65,last reported sale price of the Series A Shares was $21.65,0.03926096997690531,0.5141319326942089,0.6863741180913278,offer price / the price the OFFER DOCUMENT itself states,preferred,yes,,yes,"In that event, Series B Shares that will be accepted for purchase will be subject to proration (after taking into account the priority given to holders of ""odd lots"" (holders of fewer than 100 Series B Shares)), as further described in this Offer to Purchase.","In that event, Series B Shares that will be accepted for purchase will be subject to proration (after taking into account the priority given to holders of ""odd lots"" (holders of fewer than 100 Series B Shares)), as further described under ""Proration"" below in this Offer to Purchase.","odd-lot -> no-proration/priority: 'odd lot"" (holders of fewer than 100 Series A Shares or Series B Shares) priority' (threshold not restated in this document)",0001140361-26-021793,0001140361-26-021793,https://www.sec.gov/Archives/edgar/data/1561032/000114036126021793/ny20073867x1_exa1i.htm,efa4bb4da0c5dc4597bfbc5777c8989a47e15b927bce54f41d7954e3d4461fc6,https://www.sec.gov/Archives/edgar/data/1561032/000114036126025965/ny20076539x1_sctoia.htm,2026-06-22,2,3,False,"submissions index: ['NHP', 'HLTC', 'NHPAP', 'NHPBP'] on ['Nasdaq', 'OTC', 'Nasdaq', 'Nasdaq']; no non-traded language in doc","yfinance Close, dividends unadjusted, split basis restored to the offer date",0001140361-26-025965,375399,ny20073867x1_sctoi.htm
QIWI,0001561566,,,unknown,operating_company,2022-07-07,2022-08-03,dutch_auction,,2.2,2.7,,,2.45,range_midpoint,,,,,,5.67,last reported sale price of the Company's ADSs on Nasdaq was $5.67,-0.5679012345679012,,,offer price / the price the OFFER DOCUMENT itself states,preferred,yes,,yes,"If, based on the Purchase Price we determine, more than $25.0 million in value of Shares (including Shares represented by ADSs) are validly tendered and not validly withdrawn, we will purchase all Shares (including Shares represented by ADSs) tendered at or below the Purchase Price on a pro rata basis, except for ""odd lots"" (of less than 100 Shares), which we will purchase on a priority basis (though tenders of less than all of the Shares (including Shares represented by ADSs) owned by an Odd Lot Holder (as defined herein) will not qualify for this priority), and except for each conditional tender whose condition was not met, which we will not purchase (except as described in Section 6).","8 TABLE OF CONTENTS If I own fewer than 100 Shares (including Shares represented by ADSs)and I tender all of my Shares (including Shares represented by ADSs), will I be subject to proration? Upon the terms and subject to the conditions of the Offer, if you own beneficially or of record fewer than 100 Shares (including Shares represented by ADSs) in the aggregate, validly tender all of these Shares at or below the Purchase Price determined by us, do not withdraw such Shares (including Shares represented by ADSs) before the Offer expires and complete the section entitled ""Odd Lots"" in the Letter of Transmittal, we will purchase all of your Shares (including Shares represented by ADSs) without subjecting them to the proration procedure.","odd-lot -> no-proration/priority: 'odd lots"" (of less than 100 Shares), which we will purchase on a priority basis' (<100-share threshold stated in the document)",0001104659-22-077908,0001104659-22-077908,https://www.sec.gov/Archives/edgar/data/1561566/000110465922077908/tm2220397d1_ex99-a1a.htm,40d143ef5cc7099df877aadf42b0df2deca43b9d58006fc4936b6d752a159a02,https://www.sec.gov/Archives/edgar/data/1561566/000110465922078412/tm2220397d5_sctoia.htm,2022-07-08,3,2,False,"no ticker in submissions index, no non-traded language matched",not exchange-listed / no ticker in the submissions index,0001104659-22-078412,511394,tm2220397-1_sctoi.htm
"Truett-Hurst, Inc.",0001564709,,,unknown,operating_company,2019-01-14,2019-02-11,fixed_price,2.4,,,,2.4,2.4,,,,,,,1.81,last reported sale price of the Shares was $1.81,0.3259668508287292,,,offer price / the price the OFFER DOCUMENT itself states,common_or_unspecified,yes,,yes,"If I own fewer than 100 Shares and I tender all of my Shares, will I be subject to proration? If you own, beneficially or of record, fewer than 100 Shares in the aggregate, you properly tender all of these Shares and do not properly withdraw them before the Expiration Date, and you complete the section entitled ""Odd Lots"" in the Letter of Transmittal (if you are a registered holder) and, if applicable, in the Notice of Guaranteed Delivery, we will purchase all of your Shares without subjecting them to the proration procedure.","In what order will you purchase the tendered Shares (including Shares issued upon exchange of LLC Units)? We will purchase Shares on the following basis: first, we will purchase all Odd Lots (as defined in Section 1) of less than 100 Shares from stockholders who properly tender all of their Shares and who do not properly withdraw them before the Expiration Date (tenders of less than all of the Shares owned, beneficially or of record, by such Odd Lot Holder (as defined in Section 1) will not qualify for this preference); and second, after purchasing all the Odd Lots that were properly tendered, subject to the conditional tender provisions described in Section 6 (whereby a holder may specify a minimum number of such holder's Shares that must be purchased if any such Shares are purchased), we will purchase all Shares properly tendered on a pro rata basis with appropriate adjustment to avoid purchases of fractional Shares.",odd-lot -> no-proration/priority: 'Odd Lots (as defined in Section 1) of less than 100 Shares from stockholders who properly tender all of their Shares and who do not properly withdraw them before the Expiration Date (tenders of less t' (<100-share threshold stated in the document),0001144204-19-001580,0001144204-19-001580,https://www.sec.gov/Archives/edgar/data/1564709/000114420419001580/tv510909-exa1i.htm,8e837d01ef4e74d057084de6a6e0835f125c999cf52056a48b1cdb0696554795,https://www.sec.gov/Archives/edgar/data/1564709/000114420419011067/tv515011_sctoia.htm,2019-02-28,5,4,False,"no ticker in submissions index, no non-traded language matched",not exchange-listed / no ticker in the submissions index,0001144204-19-011067,856656,tv510909-sctoi.htm
"Sila Realty Trust, Inc.",0001567925,,,unknown,REIT,2024-06-13,,dutch_auction,,22.6,24.0,,22.6,,,,,,,,,,,,,,common_or_unspecified,yes,,yes,"If I own fewer than 100 Shares and I tender all of my Shares, will I be subject to proration If you own beneficially or of record fewer than 100 Shares in the aggregate, you will not be subject to proration if (1) you properly tender all of these Shares at or below the price that is ultimately determined to be the Purchase Price, (2) you do not properly withdraw them before the Expiration Time, and (3) you either (i) complete the Letter of Transmittal included with this Offer to Purchase and the Odd Lot certification form attached hereto, or (ii) electronically complete and submit the information requested on the Company's secured, online portal at silarealtytrustdutchauction.computersharecas.com.","Because of the proration and ""odd lot"" priority provisions described in this Offer to Purchase, it is possible that we will not purchase all the Shares that you tender even if you tender them at or below the Purchase Price.","odd-lot -> no-proration/priority: 'odd lot"" priority' (<100-share threshold stated in the document)",0001567925-24-000051,0001567925-24-000051,https://www.sec.gov/Archives/edgar/data/1567925/000156792524000051/ex-99a1axoffertopurchase.htm,207f86175ef48d99f26355825e702cadf37f0902c089ffc5ddce911dae6e2ba1,https://www.sec.gov/Archives/edgar/data/1567925/000156792524000077/amendmentno6toscheduleto-i.htm,2024-07-24,17,7,False,"no ticker in submissions index, no non-traded language matched",not exchange-listed / no ticker in the submissions index,0001567925-24-000077,322081,scheduleto-i06132024.htm
Liberty Global Ltd.,0001570585,"LBTYA,LBTYB,LBTYK","Nasdaq,Nasdaq,Nasdaq",listed,operating_company,2019-08-12,,dutch_auction,,25.25,29.0,,,27.125,range_midpoint,25.98000037765503,2019-08-09,28.269999647140505,2019-09-12,1.941,25.98,last reported sale price of the Class A Shares was $25.98,0.044072363356427946,0.04407234817940053,1.0000000145363752,offer price / the price the OFFER DOCUMENT itself states,common_or_unspecified,yes,,yes,"The Odd Lot preference is not available to partial tenders or beneficial or record holders of 100 or more Class A Shares, in the case of the Class A Offer, or 100 or more Class C Shares, in the case of the Class C Offer, even if such holders have separate accounts or certificates representing fewer than 100 Class A Shares or Class C Shares, as the case may be.","20 Table of Contents If I own fewer than 100 Class A Shares and/or fewer than 100 Class C Shares and I tender all of my Shares, will I be subject to proration? If you (i) own, beneficially or of record, fewer than 100 Class A Shares or 100 Class C Shares, in each case, in the aggregate; (ii) properly tender all of these Shares at or below the applicable Final Purchase Price and do not properly withdraw them before the applicable Expiration Date; and (iii) complete the section(s) entitled Odd Lots in the applicable Letter of Transmittal and, if applicable, in the Notice of Guaranteed Delivery, we will purchase, through the Counterparty Banks, all of your Shares without subjecting them to the proration procedure.",odd-lot -> no-proration/priority: 'Odd Lot preference' (threshold not restated in this document),0001193125-19-218521,0001193125-19-218521,https://www.sec.gov/Archives/edgar/data/1570585/000119312519218521/d777794dex99a1a.htm,23c0643af431822704769526f07bfe508789d231c4554cb7898e614d9ceb3064,https://www.sec.gov/Archives/edgar/data/1570585/000119312519245877/d805416dsctoia.htm,2019-09-16,9,6,False,"submissions index: ['LBTYA', 'LBTYB', 'LBTYK'] on ['Nasdaq', 'Nasdaq', 'Nasdaq']; no non-traded language in doc","yfinance Close, dividends unadjusted, split basis restored to the offer date",0001193125-19-245877,656447,d777794dsctoi.htm
Wix.com Ltd.,0001576789,WIX,Nasdaq,listed,operating_company,2026-03-05,,dutch_auction,,80.0,92.0,,,86.0,range_midpoint,83.77999877929688,2026-03-04,84.25,2026-04-06,1.0,83.78,last reported sale price of the Shares was $83.78,0.02649797087610417,0.02649798583252916,0.9999999854296595,offer price / the price the OFFER DOCUMENT itself states,common_or_unspecified,yes,,yes,"If I own fewer than 100 Shares and I tender all of my Shares, will I be subject to proration? If you (i) own, beneficially or of record, fewer than 100 Shares in the aggregate (ii) properly tender all of these Shares at or below the Final Purchase Price and do not properly withdraw them before the Expiration Date and (iii) complete the section(s) entitled ""Odd Lots"" in the Letter of Transmittal and, if applicable, in the Notice of Guaranteed Delivery, we will purchase all of your Shares without subjecting them to the proration procedure.","We may not purchase all of the Shares tendered at or below the Final Purchase Price because of proration, ""Odd Lot"" priority and conditional tender provisions described in this Offer to Purchase.","odd-lot -> no-proration/priority: 'Odd Lot"" priority' (<100-share threshold stated in the document)",0001178913-26-000759,0001178913-26-000759,https://www.sec.gov/Archives/edgar/data/1576789/000117891326000759/exhibit_99a-1a.htm,071cde5adbd0edcabcc7f0e42908e4a159e316b4d82bfec6ae8147c541611f03,https://www.sec.gov/Archives/edgar/data/1576789/000117891326001986/zk2635022.htm,2026-04-03,4,3,False,submissions index: ['WIX'] on ['Nasdaq']; no non-traded language in doc,"yfinance Close, dividends unadjusted, split basis restored to the offer date",0001178913-26-001986,467187,zk2634466.htm
Santander Consumer USA Holdings Inc.,0001580608,,,unknown,operating_company,2020-01-30,2020-02-27,dutch_auction,,23.0,26.0,,,24.5,range_midpoint,,,,,,26.1,last reported sale price of the shares on the NYSE was $26.10,-0.06130268199233724,,,offer price / the price the OFFER DOCUMENT itself states,common_or_unspecified,yes,,yes,"-5- Table of Contents If I own fewer than 100 shares and I tender all of my shares, will I be subject to proration? If you own, beneficially or of record, fewer than an aggregate of 100 shares, you properly tender all of such shares at or below the Purchase Price prior to the Expiration Date (and do not properly withdraw such shares) and you complete the section entitled Odd Lots in the Letter of Transmittal and, if applicable, in the Notice of Guaranteed Delivery, and all conditions to the tender offer are satisfied or waived, we will purchase all of your shares without subjecting them to proration.","If the conditions to the tender offer have been satisfied or waived and shares having an aggregate purchase price in excess of $1,000,000,000, measured at the maximum price at which such shares were properly tendered, have been properly tendered and not properly withdrawn prior to the Expiration Date, we will buy shares in the following order of priority: first, from all holders of odd lots (holders of fewer than 100 shares) who properly tender all their shares at or below the Purchase Price and do not properly withdraw them before the Expiration Date; second, on a pro rata basis from all other stockholders who properly tender shares at or below the Purchase Price, other than stockholders who tender conditionally and whose conditions are not satisfied; and third, if necessary to permit us to purchase shares having an aggregate purchase price of $1,000,000,000 (or such greater amount as we may elect to purchase, subject to applicable law), from stockholders who have tendered shares at or below the Purchase Price subject to the condition that a specified minimum number of the stockholder s shares be purchased if any of the stockholder s shares are purchased in the tender offer (for which the condition was not initially satisfied) by random lot, to the extent feasible.",odd-lot -> no-proration/priority: 'odd lot priority' (<100-share threshold stated in the document),0001193125-20-018964,0001193125-20-018964,https://www.sec.gov/Archives/edgar/data/1580608/000119312520018964/d862961dex99a1i.htm,d7411ea1f2195aa32eb4f65f78f1e48403593c40b933204fdc6cf9bb088b5f88,https://www.sec.gov/Archives/edgar/data/1580608/000119312520059647/d895106dsctoia.htm,2020-03-03,4,4,False,"no ticker in submissions index, no non-traded language matched",not exchange-listed / no ticker in the submissions index,0001193125-20-059647,391581,d862961dsctoi.htm
"Theravance Biopharma, Inc.",0001583107,TBPH,Nasdaq,listed,operating_company,2022-09-28,2022-11-10,dutch_auction,,9.75,10.5,,,10.125,range_midpoint,10.020000457763672,2022-09-27,11.270000457763672,2022-11-11,1.0,10.02,last reported sale price of the Shares on the Nasdaq was $10.02,0.010479041916167775,0.010478995752437603,1.0000000456849973,offer price / the price the OFFER DOCUMENT itself states,common_or_unspecified,yes,,yes,"Oversubscription and Proration In the event that more than $95 million of Shares (or such greater value as the Company may elect to purchase, subject to applicable law) are validly tendered at or below the Purchase Price and not validly withdrawn, the Company will accept Shares for purchase in the following order of priority: First , the Company will purchase all ""odd lots"" of less than 100 Shares at the Purchase Price from shareholders who validly tender all of their Shares at or below the Purchase Price and who do not validly withdraw them before the Expiration Time; and Second , after purchasing all the ""odd lots"" that were validly tendered at or below the Purchase Price, the Company will purchase Shares at the Purchase Price from all other holders who validly tender Shares at or 2 TABLE OF CONTENTS below the Purchase Price and who do not validly withdraw them before the Expiration Time, on a pro rata basis, with appropriate adjustments to avoid purchases of fractional Shares, until the Company has acquired the value of Shares representing more than $95 million in value (or such greater value as we may elect to purchase, subject to applicable law).","""Odd Lots"" If you own beneficially or of record fewer than 100 Shares in the aggregate, validly tender all of your Shares at or below the Purchase Price and do not validly withdraw them before the Expiration Time, and complete the section entitled Odd Lots in the Letter of Transmittal and, if applicable, in the Notice of Guaranteed Delivery, we will purchase all of your Shares without subjecting them to the proration procedure.","odd-lot -> no-proration/priority: 'odd lot"" priority' (<100-share threshold stated in the document)",0001104659-22-103472,0001104659-22-103472,https://www.sec.gov/Archives/edgar/data/1583107/000110465922103472/tm2226621d1_exhiai.htm,d6ffc8ff167506aa339ee5018a8f1c3f7cc7fe9f685f939ba9b70698a083d735,https://www.sec.gov/Archives/edgar/data/1583107/000110465922121239/tm2229804d6_sctoia.htm,2022-11-22,4,6,False,submissions index: ['TBPH'] on ['Nasdaq']; no non-traded language in doc,"yfinance Close, dividends unadjusted, split basis restored to the offer date",0001104659-22-121239,408750,tm2226621-1_sctoi.htm
American Strategic Investment Co.,0001595527,NYC,NYSE,non_traded,REIT,2020-12-28,2021-02-05,fixed_price,7.0,,,,,7.0,,,,,,,7.91,closing price of the Class A Shares on the NYSE was $7.91,-0.11504424778761069,,,offer price / the price the OFFER DOCUMENT itself states,common_or_unspecified,yes,,yes,"See ""The Offer - Section 16."" If I own fewer than 100 Class B Shares and I tender all of my Class B Shares, will I be subject to proration? If you own beneficially or of record fewer than 100 Class B Shares in the aggregate, you will not be subject to proration if: (1) you properly tender all of these Class B Shares, (2) you do not properly withdraw them before the Expiration Date, and (3) you complete the Letter of Transmittal included with this Offer to Purchase and the Odd Lot Certification Form.","Because of the proration and ""odd lot"" priority provisions described in this Offer to Purchase, it is possible that we will not purchase all of the Class B Shares that you tender.","odd-lot -> no-proration/priority: 'odd lot"" priority' (threshold not restated in this document)",0001104659-20-139425,0001104659-20-139425,https://www.sec.gov/Archives/edgar/data/1595527/000110465920139425/tm2039343-1_exa1a.htm,b3c8af22b7f93538782bb6d6e07816b36a63a24f34c42ebc0ee6674d1d905ddc,https://www.sec.gov/Archives/edgar/data/1595527/000110465921009411/tm214615d1_sctoia.htm,2021-01-29,1,4,False,document: 'Shares are not listed on the NYSE and there is no established trading market or value for the Class B Shares. As discussed in more detail he' [submissions index also lists ['NYC'] on ['NYSE'] - other class or later],not exchange-listed / no ticker in the submissions index,0001104659-21-009411,360702,tm2039343-1_sctoi.htm
Peakstone Realty Trust,0001600626,PKST,NYSE,non_traded,REIT,2019-05-06,,nav_based,,,,,,,,,,,,,,,,,,,common_or_unspecified,yes,,yes,"1 Because of the ""odd lot"" priority and proration provisions described in this Offer to Purchase, less than all of the Shares tendered may be purchased if more than 100 Shares are properly tendered and not properly withdrawn.","See ""The Offer - Section 1."" 7 If I own fewer than 100 Shares and I tender all of my Shares, will I be subject to proration? If you own beneficially or of record fewer than 100 Shares in the aggregate, you will not be subject to proration if: (1) you properly tender all of your Shares, (2) you do not properly withdraw them before the Expiration Date, and (3) you complete the Letter of Transmittal included with this Offer to Purchase and the Odd Lot Certification Form.","odd-lot -> no-proration/priority: 'odd lot"" priority' (<100-share threshold stated in the document)",0001600626-19-000108,0001600626-19-000108,https://www.sec.gov/Archives/edgar/data/1600626/000160062619000108/ex99a1offertopurchase.htm,2651f45c60cfb194cddbf226d8ea2ba5f746c34def339f371f904467b7a90cc7,https://www.sec.gov/Archives/edgar/data/1600626/000160062619000173/gcear2amendmentno3toschedu.htm,2019-06-14,11,4,False,"document: 'there is no public trading market for the Shares, we cannot provide a market price for the Shares. In accordance with our valuation procedur' [submissions index also lists ['PKST'] on ['NYSE'] - other class or later]",not exchange-listed / no ticker in the submissions index,0001600626-19-000173,543414,gcear2scheduletoi.htm
"Yext, Inc.",0001614178,YEXT,NYSE,listed,operating_company,2026-02-10,,dutch_auction,,5.75,6.5,,,6.125,range_midpoint,4.909999847412109,2026-02-09,5.230000019073486,2026-03-13,1.0,4.91,last reported sale price of our Shares on the NYSE was $4.91,0.24745417515274948,0.24745421391983857,0.9999999689230366,offer price / the price the OFFER DOCUMENT itself states,common_or_unspecified,yes,,yes,"If, based on the Purchase Price we determine, more than $180 million in value of Shares are validly tendered and not validly withdrawn, we 2 TABLE OF CONTENTS will purchase all Shares tendered at or below the Purchase Price on a pro rata basis, except for ""odd lots"" (of less than 100 Shares), which we will purchase on a priority basis (though tenders of less than all of the Shares owned by an Odd Lot Holder (as defined herein) will not qualify for this priority), and except for each conditional tender whose condition was not met, which we will not purchase (except as described in Section 6).","8 TABLE OF CONTENTS If I own fewer than 100 Shares and I tender all of my Shares, will I be subject to proration? Upon the terms and subject to the conditions of the Offer, if you own beneficially or of record fewer than 100 Shares in the aggregate, validly tender all of these Shares at or below the Purchase Price determined by us, do not withdraw such Shares before the Offer expires and complete the section entitled ""Odd Lots"" in the Letter of Transmittal, and, if applicable, in the Notice of Guaranteed Delivery, we will purchase all of your Shares without subjecting them to the proration procedure.","odd-lot -> no-proration/priority: 'odd lots"" (of less than 100 Shares), which we will purchase on a priority basis' (<100-share threshold stated in the document)",0001104659-26-012359,0001104659-26-012359,https://www.sec.gov/Archives/edgar/data/1614178/000110465926012359/tm265607d1_ex99-a1a.htm,707f80c807468f7d126f9c235bdae29c9a88691f8feddc1cbabec33a2955ae79,https://www.sec.gov/Archives/edgar/data/1614178/000110465926032449/tm265607d12_sctoia.htm,2026-03-20,4,5,False,submissions index: ['YEXT'] on ['NYSE']; no non-traded language in doc,"yfinance Close, dividends unadjusted, split basis restored to the offer date",0001104659-26-032449,585385,tm265607-1_sctoi.htm
GUGGENHEIM CREDIT INCOME FUND 2016 T,0001618694,,,non_traded,BDC,2020-11-02,,nav_based,,,,,7.96,,,,,,,,,,,,,,common_or_unspecified,yes,,yes,"The term ""odd lots"" means all Shares tendered by any person who owned beneficially or of record a total of fewer than 100 Shares.","If the total number of shares tendered in the Offer exceeds the maximum number of Shares we seek to repurchase, then we will repurchase Shares first from all Shareholders of "" odd lots "" (persons who own fewer than 100 Shares) and second on a pro rata basis.",odd-lot -> no-proration/priority: 'odd lot preference' (<100-share threshold stated in the document),0001618694-20-000042,0001618694-20-000042,https://www.sec.gov/Archives/edgar/data/1618694/000161869420000042/gcif2016tq32020sctoex99a1a.htm,84e9ec12eea7872ef04b7a5ae070b45aa67657eafd17579d9d4d598c06d4f741,https://www.sec.gov/Archives/edgar/data/1618694/000161869420000054/gcif2016tq32020scheduleto-.htm,2020-12-18,2,2,False,"document: 'there is no public market for the Shares. Under our Share Repurchase Program, we plan to conduct quarterly tender offers. We will repurchase'",not exchange-listed / no ticker in the submissions index,0001618694-20-000054,137128,gcif2016tq32020scto.htm
GUGGENHEIM CREDIT INCOME FUND 2016 T,0001618694,,,non_traded,BDC,2021-02-01,,nav_based,,,,,8.21,,,,,,,,,,,,,,common_or_unspecified,yes,,yes,"The term ""odd lots"" means all Shares tendered by any person who owned beneficially or of record a total of fewer than 100 Shares.","If the total number of shares tendered in the Offer exceeds the maximum number of Shares we seek to repurchase, then we will repurchase Shares first from all Shareholders of "" odd lots "" (persons who own fewer than 100 Shares) and second on a pro rata basis.",odd-lot -> no-proration/priority: 'odd lot preference' (<100-share threshold stated in the document),0001618694-21-000002,0001618694-21-000002,https://www.sec.gov/Archives/edgar/data/1618694/000161869421000002/gcif2016tq42020sctoex99a1a.htm,06f522f2660269a6d244db02f85c304b2bdbb9bb696526f41606f9686bc7adc1,https://www.sec.gov/Archives/edgar/data/1618694/000161869421000010/gcif2016tq42020scheduleto-.htm,2021-03-17,2,2,False,"document: 'there is no public market for the Shares. Under our Share Repurchase Program, we plan to conduct quarterly tender offers for approximately 2'",not exchange-listed / no ticker in the submissions index,0001618694-21-000010,136436,gcif2016tq42020scto.htm
GUGGENHEIM CREDIT INCOME FUND 2019,0001618696,,,non_traded,BDC,2020-11-02,,nav_based,,,,,22.62,,,,,,,,,,,,,,common_or_unspecified,yes,,yes,"The term ""odd lots"" means all Shares tendered by any person who owned beneficially or of record a total of fewer than 100 Shares.","If the total number of shares tendered in the Offer exceeds the maximum number of Shares we seek to repurchase, then we will repurchase Shares first from all Shareholders of odd lots (persons who own fewer than 100 Shares) and second on a pro rata basis.",odd-lot -> no-proration/priority: 'odd lot preference' (<100-share threshold stated in the document),0001618696-20-000057,0001618696-20-000057,https://www.sec.gov/Archives/edgar/data/1618696/000161869620000057/gcif2019q32020sctoex99a1a.htm,e6253f61674f32db5ccd7927ba7b2f61316f5a95145d5ee7d01056a16af2997f,https://www.sec.gov/Archives/edgar/data/1618696/000161869620000069/gcif2019q32020scheduleto-ia.htm,2020-12-18,2,2,False,"document: 'there is no public market for the Shares. Under our Share Repurchase Program, we plan to conduct quarterly tender offers. We will repurchase'",not exchange-listed / no ticker in the submissions index,0001618696-20-000069,136657,gcif2019q32020scto.htm
GUGGENHEIM CREDIT INCOME FUND 2019,0001618696,,,non_traded,BDC,2021-02-01,,nav_based,,,,,23.29,,,,,,,,,,,,,,common_or_unspecified,yes,,yes,"The term ""odd lots"" means all Shares tendered by any person who owned beneficially or of record a total of fewer than 100 Shares.","If the total number of shares tendered in the Offer exceeds the maximum number of Shares we seek to repurchase, then we will repurchase Shares first from all Shareholders of odd lots (persons who own fewer than 100 Shares) and second on a pro rata basis.",odd-lot -> no-proration/priority: 'odd lot preference' (<100-share threshold stated in the document),0001618696-21-000002,0001618696-21-000002,https://www.sec.gov/Archives/edgar/data/1618696/000161869621000002/gcif2019q42020sctoex99a1a.htm,696aeb631842df05685661d7b11b2b7077f2df89c8c82bc93842d6eb4ee980ed,https://www.sec.gov/Archives/edgar/data/1618696/000161869621000009/gcif2019q42020scheduleto-ia.htm,2021-03-17,2,2,False,"document: 'there is no public market for the Shares. Under our Share Repurchase Program, we plan to conduct quarterly tender offers for approximately 2'",not exchange-listed / no ticker in the submissions index,0001618696-21-000009,135440,gcif2019q42020scto.htm
GUGGENHEIM CREDIT INCOME FUND,0001618697,,,non_traded,BDC,2020-11-02,,nav_based,,,,,7.55,,,,,,,,,,,,,,common_or_unspecified,yes,,yes,"The term ""odd lots"" means all Shares tendered by any person who owned beneficially or of record a total of fewer than 100 Shares.","If the total number of shares tendered in the Offer exceeds the maximum number of Shares we seek to repurchase, then we will repurchase Shares first from all Shareholders of "" odd lots "" (persons who own fewer than 100 Shares) and second on a pro rata basis.",odd-lot -> no-proration/priority: 'odd lot preference' (<100-share threshold stated in the document),0001618697-20-000036,0001618697-20-000036,https://www.sec.gov/Archives/edgar/data/1618697/000161869720000036/gcifq32020sctoex99a1a.htm,60f00bff06289226daa5ffc7e928ff8287a0f493b083b7163da4202a2b520b23,https://www.sec.gov/Archives/edgar/data/1618697/000161869720000049/gcifq32020scheduleto-ia.htm,2020-12-16,1,2,False,"document: 'there is no public market for the Shares. Under our Share Repurchase Program, we plan to conduct quarterly tender offers. We will repurchase'",not exchange-listed / no ticker in the submissions index,0001618697-20-000049,134211,gcifq32020scto.htm
GUGGENHEIM CREDIT INCOME FUND,0001618697,,,non_traded,BDC,2021-02-01,,nav_based,,,,,7.78,,,,,,,,,,,,,,common_or_unspecified,yes,,yes,"The term ""odd lots"" means all Shares tendered by any person who owned beneficially or of record a total of fewer than 100 Shares.","If the total number of shares tendered in the Offer exceeds the maximum number of Shares we seek to repurchase, then we will repurchase Shares first from all Shareholders of "" odd lots "" (persons who own fewer than 100 Shares) and second on a pro rata basis.",odd-lot -> no-proration/priority: 'odd lot preference' (<100-share threshold stated in the document),0001618697-21-000004,0001618697-21-000004,https://www.sec.gov/Archives/edgar/data/1618697/000161869721000004/gcifq42020sctoex99a1a.htm,0227c196b2d4e97aa2c168a0445b155afffec8b7a9b35afb04ed6312889c3791,https://www.sec.gov/Archives/edgar/data/1618697/000161869721000006/gcifq42020scheduleto-ia.htm,2021-03-15,1,2,False,"document: 'there is no public market for the Shares. Under our Share Repurchase Program, we plan to conduct quarterly tender offers for approximately 2'",not exchange-listed / no ticker in the submissions index,0001618697-21-000006,134246,gcifq42020scto.htm
XBiotech Inc.,0001626878,XBIT,Nasdaq,listed,operating_company,2020-01-14,2019-11-30,dutch_auction,,30.0,33.0,,,31.5,range_midpoint,18.6200008392334,2020-01-13,15.0600004196167,2020-02-14,1.0,18.62,last reported sale price of the Shares was $ 18.62,0.6917293233082706,0.6917292470593079,1.000000045071611,offer price / the price the OFFER DOCUMENT itself states,common_or_unspecified,yes,,yes,"If I own fewer than 100 Shares and I tender all of my Shares, will I be subject to proration? If you own, beneficially or of record, fewer than 100 Shares in the aggregate, you properly tender all of these Shares at or below the Final Purchase Price and do not properly withdraw them before the Expiration Date, and you complete the section entitled ""Odd Lots"" in the Letter of Transmittal (if you are a registered holder) and, if applicable, in the Notice of Guaranteed Delivery, we will purchase all of your Shares without subjecting them to the proration procedure.","On the terms and subject to the conditions of the Offer, if, based on the Final Purchase Price, Shares having an aggregate value in excess of $ 420,000,000, (or such greater amount as we may elect to pay, subject to applicable law), have been properly tendered at prices at or below the Final Purchase Price and not properly withdrawn before the Expiration Date, we will purchase properly tendered Shares on the basis set forth below: first , we will purchase all Odd Lots of less than 100 Shares at the Final Purchase Price from shareholders who properly tender all of their Shares at or below the Final Purchase Price and who do not properly withdraw them before the Expiration Date (tenders of less than all of the Shares owned, beneficially or of record, by such Odd Lot Holders will not qualify for this preference);",odd-lot -> no-proration/priority: 'Odd Lots of less than 100 Shares at the Final Purchase Price from shareholders who properly tender all of their Shares at or below the Final Purchase Price and who do not properly withdraw them before' (<100-share threshold stated in the document),0001387131-20-000238,0001387131-20-000238,https://www.sec.gov/Archives/edgar/data/1626878/000138713120000238/ex99-a1i.htm,8ef91f1a4536f271403bdb3dbd970baf1ef5590c6557159dcbffd70b56e27a15,https://www.sec.gov/Archives/edgar/data/1626878/000117184320001053/sctoia_021820.htm,2020-02-19,5,5,False,submissions index: ['XBIT'] on ['Nasdaq']; no non-traded language in doc,"yfinance Close, dividends unadjusted, split basis restored to the offer date",0001171843-20-001053,1278122,xbit-sctoi_011420.htm
Nomad Foods Ltd,0001651717,NOMD,NYSE,listed,operating_company,2020-08-11,2022-03-13,dutch_auction,,23.0,25.5,,23.0,23.0,,24.149999618530273,2020-08-10,19.8700008392334,2022-03-14,1.0,24.15,closing price of our ordinary shares on the NYSE was $24.15,-0.04761904761904756,-0.04761903257538269,0.9999999842041521,offer price / the price the OFFER DOCUMENT itself states,common_or_unspecified,yes,,yes,"If I own fewer than 100 shares and I tender all of my shares, will I be subject to proration? If you own, beneficially or of record, fewer than 100 shares in the aggregate, you validly tender all of these shares at or below the Purchase Price prior to the Expiration Time (and do not validly withdraw such shares) and you complete the section entitled Odd Lots in the Letter of Transmittal and, if applicable, in the Notice of Guaranteed Delivery, and all conditions to the Offer are satisfied or waived, we will purchase all of your shares without subjecting them to proration.","If the conditions to the Offer have been satisfied or waived and shares validly tendered at or below the Purchase Price and not validly withdrawn prior to the Expiration Time would result in an aggregate Purchase Price of more than $500 million, we will purchase shares in the following order of priority: first, all shares owned in odd lots (less than 100 shares) that have been validly tendered at or below the Purchase Price (and not validly withdrawn prior to the Expiration Time), as indicated by completing the section entitled Odd Lots in the Letter of Transmittal or, in the case of a book-entry transfer, an Agent s Message (as defined below) and, if applicable, in the Notice of G",odd-lot -> no-proration/priority: 'odd lot priority' (<100-share threshold stated in the document),0001193125-20-215627,0001193125-20-215627,https://www.sec.gov/Archives/edgar/data/1651717/000119312520215627/d45953dex99a1a.htm,5fcb136ba51f4325c4926f04a33b04142db0d9b635cce4b005364c88a4bf2859,https://www.sec.gov/Archives/edgar/data/1651717/000119312520245275/d29081dsctoia.htm,2020-09-14,3,4,False,submissions index: ['NOMD'] on ['NYSE']; no non-traded language in doc,"yfinance Close, dividends unadjusted, split basis restored to the offer date",0001193125-20-245275,402504,d45953dsctoi.htm
"Red Rock Resorts, Inc.",0001653653,RRR,Nasdaq,listed,operating_company,2021-11-10,2021-12-09,dutch_auction,,46.0,53.0,,,49.5,range_midpoint,48.9900016784668,2021-11-09,51.939998626708984,2021-12-10,1.0,48.99,last reported sale price of the Shares was $48.99,0.010410287813839458,0.01041025319575306,1.0000000342614166,offer price / the price the OFFER DOCUMENT itself states,common_or_unspecified,yes,,yes,"However, to qualify for the priority in case of proration, an Odd Lot Holder must tender all Shares owned by any such Odd Lot Holder, as described in Section 1.","We may not purchase all of the Shares tendered at or below the Final Purchase Price because of proration, Odd Lot priority and conditional tender provisions described in this Offer to Purchase.",odd-lot -> no-proration/priority: 'Odd Lot priority' (<100-share threshold stated in the document),0001193125-21-325421,0001193125-21-325421,https://www.sec.gov/Archives/edgar/data/1653653/000119312521325421/d109334dex99a1a.htm,9814e762c91e311ee99351befb0ece9efe09777837bb0f7ae4c203e87c54c616,https://www.sec.gov/Archives/edgar/data/1653653/000119312521356265/d210730dsctoia.htm,2021-12-14,6,4,False,submissions index: ['RRR'] on ['Nasdaq']; no non-traded language in doc,"yfinance Close, dividends unadjusted, split basis restored to the offer date",0001193125-21-356265,450623,d109334dsctoi.htm
"Armstrong Flooring, Inc.",0001655075,,,unknown,operating_company,2019-05-17,,dutch_auction,,10.2,11.7,,10.2,10.2,,,,,,,10.52,closing price of the Shares on the NYSE was $10.52,-0.03041825095057038,,,offer price / the price the OFFER DOCUMENT itself states,common_or_unspecified,yes,,yes,"Upon the terms and subject to the conditions of the Offer, all of the Shares tendered and not properly withdrawn will be subject to the odd lot priority, proration and conditional tender provisions described herein.","However, because of the odd lot priority, proration and conditional tender provisions described in this Offer to Purchase, all of the Shares tendered at or below the Purchase Price may not be purchased if Shares are properly tendered and not properly withdrawn at or below the Purchase Price having an aggregate purchase price greater than $50,000,000.",odd-lot -> no-proration/priority: 'odd lot priority' (threshold not restated in this document),0001193125-19-149955,0001193125-19-149955,https://www.sec.gov/Archives/edgar/data/1655075/000119312519149955/d48911dex99a1a.htm,f2630f0206d6d937c2665126ab215bca2fb97ff5cf386c98916668d0c96b8877,https://www.sec.gov/Archives/edgar/data/1655075/000119312519178883/d768725dsctoia.htm,2019-06-21,6,3,False,"no ticker in submissions index, no non-traded language matched",not exchange-listed / no ticker in the submissions index,0001193125-19-178883,335536,d48911dsctoi.htm
"Hancock Park Corporate Income, Inc.",0001661306,,,unknown,REIT,2023-05-24,,nav_based,,,,,,,,,,,,,,,,,,,common_or_unspecified,yes,,yes,"To qualify for this priority, an Odd Lot Holder must tender (and not withdraw) all Shares owned by such Odd Lot Holder in accordance with the procedures described in Section 4 below.","Odd Lot Holders must properly tender all of their Shares, not withdraw any such Shares and complete the section entitled ""Odd Lots"" in the Letter of Transmittal to qualify for the priority treatment available to Odd Lot Holders set forth in Section 1.","odd-lot -> no-proration/priority: 'Odd Lot Holders must properly tender all of their Shares, not withdraw any such Shares and complete the section entitled ""Odd Lots"" in the Letter of Transmittal to qualify for the priority' (threshold not restated in this document)",0001661306-23-000044,0001661306-23-000044,https://www.sec.gov/Archives/edgar/data/1661306/000166130623000044/hpciq223-scheduletoex99a1a.htm,b725f2ea8c5a33b3adc9082ce8b4c3194752d3ea07dd373033ed3ff5e18582e8,https://www.sec.gov/Archives/edgar/data/1661306/000166130623000052/hpcitenderofferamendment1q.htm,2023-07-05,3,2,False,"no ticker in submissions index, no non-traded language matched",not exchange-listed / no ticker in the submissions index,0001661306-23-000052,162243,hpciq223scheduleto52423.htm
"Hancock Park Corporate Income, Inc.",0001661306,,,unknown,REIT,2023-08-23,,nav_based,,,,,,,,,,,,,,,,,,,common_or_unspecified,yes,,yes,"To qualify for this priority, an Odd Lot Holder must tender (and not withdraw) all Shares owned by such Odd Lot Holder in accordance with the procedures described in Section 4 below.","Odd Lot Holders must properly tender all of their Shares, not withdraw any such Shares and complete the section entitled ""Odd Lots"" in the Letter of Transmittal to qualify for the priority treatment available to Odd Lot Holders set forth in Section 1.","odd-lot -> no-proration/priority: 'Odd Lot Holders must properly tender all of their Shares, not withdraw any such Shares and complete the section entitled ""Odd Lots"" in the Letter of Transmittal to qualify for the priority' (threshold not restated in this document)",0001661306-23-000060,0001661306-23-000060,https://www.sec.gov/Archives/edgar/data/1661306/000166130623000060/hpciq323-scheduletoex99a1a.htm,908aa74f562cd796e733ff576cff59819152038a18eba399db48f4531b017b25,https://www.sec.gov/Archives/edgar/data/1661306/000166130623000080/hpcitenderofferamendment1q.htm,2023-10-03,3,2,False,"no ticker in submissions index, no non-traded language matched",not exchange-listed / no ticker in the submissions index,0001661306-23-000080,166342,hpciq323scheduleto82323.htm
"Hancock Park Corporate Income, Inc.",0001661306,,,unknown,REIT,2023-11-22,,nav_based,,,,,,,,,,,,,,,,,,,common_or_unspecified,yes,,yes,"To qualify for this priority, an Odd Lot Holder must tender (and not withdraw) all Shares owned by such Odd Lot Holder in accordance with the procedures described in Section 4 below.","Odd Lot Holders must properly tender all of their Shares, not 10 withdraw any such Shares and complete the section entitled ""Odd Lots"" in the Letter of Transmittal to qualify for the priority treatment available to Odd Lot Holders set forth in Section 1.","odd-lot -> no-proration/priority: 'Odd Lot Holders must properly tender all of their Shares, not 10 withdraw any such Shares and complete the section entitled ""Odd Lots"" in the Letter of Transmittal to qualify for the priority' (threshold not restated in this document)",0001661306-23-000099,0001661306-23-000099,https://www.sec.gov/Archives/edgar/data/1661306/000166130623000099/hpciq423-scheduletoex99a1a.htm,6d13142d143ba03c25be1e16d6602dcbd07b0af657bf1b90a01ed70b07e38c5b,https://www.sec.gov/Archives/edgar/data/1661306/000166130624000002/hpcitenderofferamendment1q.htm,2024-01-03,3,2,False,"no ticker in submissions index, no non-traded language matched",not exchange-listed / no ticker in the submissions index,0001661306-24-000002,166093,hpciq423scheduleto112223.htm
"Hancock Park Corporate Income, Inc.",0001661306,,,unknown,REIT,2024-02-22,,nav_based,,,,,,,,,,,,,,,,,,,common_or_unspecified,yes,,yes,"To qualify for this priority, an Odd Lot Holder must tender (and not withdraw) all Shares owned by such Odd Lot Holder in accordance with the procedures described in Section 4 below.","Odd Lot Holders must properly tender all of their Shares, not 10 withdraw any such Shares and complete the section entitled ""Odd Lots"" in the Letter of Transmittal to qualify for the priority treatment available to Odd Lot Holders set forth in Section 1.","odd-lot -> no-proration/priority: 'Odd Lot Holders must properly tender all of their Shares, not 10 withdraw any such Shares and complete the section entitled ""Odd Lots"" in the Letter of Transmittal to qualify for the priority' (threshold not restated in this document)",0001661306-24-000009,0001661306-24-000009,https://www.sec.gov/Archives/edgar/data/1661306/000166130624000009/hpciq124-scheduletoex99a1a.htm,4ce7e9c8e43e1b378380caafd74e98a1eb52e263ea5c26b7d4714bf8848cb205,https://www.sec.gov/Archives/edgar/data/1661306/000166130624000020/hpcitenderofferamendment1q.htm,2024-04-02,3,2,False,"no ticker in submissions index, no non-traded language matched",not exchange-listed / no ticker in the submissions index,0001661306-24-000020,164776,hpciq124scheduleto22224.htm
"Hancock Park Corporate Income, Inc.",0001661306,,,unknown,REIT,2024-05-22,,nav_based,,,,,,,,,,,,,,,,,,,common_or_unspecified,yes,,yes,"To qualify for this priority, an Odd Lot Holder must tender (and not withdraw) all Shares owned by such Odd Lot Holder in accordance with the procedures described in Section 4 below.","Odd Lot Holders must properly tender all of their Shares, not 10 withdraw any such Shares and complete the section entitled ""Odd Lots"" in the Letter of Transmittal to qualify for the priority treatment available to Odd Lot Holders set forth in Section 1.","odd-lot -> no-proration/priority: 'Odd Lot Holders must properly tender all of their Shares, not 10 withdraw any such Shares and complete the section entitled ""Odd Lots"" in the Letter of Transmittal to qualify for the priority' (threshold not restated in this document)",0001661306-24-000027,0001661306-24-000027,https://www.sec.gov/Archives/edgar/data/1661306/000166130624000027/hpciq224-scheduletoex99a1a.htm,29156d0e76660e9825db6fec5b79144b84bf5f8bdcb1c0d376b567b1215878e5,https://www.sec.gov/Archives/edgar/data/1661306/000166130624000033/hpcitenderofferamendment1q.htm,2024-07-01,2,2,False,"no ticker in submissions index, no non-traded language matched",not exchange-listed / no ticker in the submissions index,0001661306-24-000033,164750,hpciq224scheduleto52224.htm
"Hancock Park Corporate Income, Inc.",0001661306,,,unknown,REIT,2024-08-22,,nav_based,,,,,,,,,,,,,,,,,,,common_or_unspecified,yes,,yes,"To qualify for this priority, an Odd Lot Holder must tender (and not withdraw) all Shares owned by such Odd Lot Holder in accordance with the procedures described in Section 4 below.","Odd Lot Holders must properly tender all of their Shares, not withdraw any such 10 Shares and complete the section entitled ""Odd Lots"" in the Letter of Transmittal to qualify for the priority treatment available to Odd Lot Holders set forth in Section 1.","odd-lot -> no-proration/priority: 'Odd Lot Holders must properly tender all of their Shares, not withdraw any such 10 Shares and complete the section entitled ""Odd Lots"" in the Letter of Transmittal to qualify for the priority' (threshold not restated in this document)",0001661306-24-000043,0001661306-24-000043,https://www.sec.gov/Archives/edgar/data/1661306/000166130624000043/hpciq324-scheduletoex99a1a.htm,95ca9d0c45500bdcbd7399ffa8ae2c2c22302f12e789b8f6f32ef2676fa26697,https://www.sec.gov/Archives/edgar/data/1661306/000166130624000062/hpcitenderofferamendment1q.htm,2024-10-01,2,2,False,"no ticker in submissions index, no non-traded language matched",not exchange-listed / no ticker in the submissions index,0001661306-24-000062,168284,hpciq324scheduleto-i82224.htm
"Hancock Park Corporate Income, Inc.",0001661306,,,unknown,REIT,2024-11-20,,nav_based,,,,,,,,,,,,,,,,,,,common_or_unspecified,yes,,yes,"To qualify for this priority, an Odd Lot Holder must tender (and not withdraw) all Shares owned by such Odd Lot Holder in accordance with the procedures described in Section 4 below.","Odd Lot Holders must properly tender all of their Shares, not withdraw any such 10 Shares and complete the section entitled ""Odd Lots"" in the Letter of Transmittal to qualify for the priority treatment available to Odd Lot Holders set forth in Section 1.","odd-lot -> no-proration/priority: 'Odd Lot Holders must properly tender all of their Shares, not withdraw any such 10 Shares and complete the section entitled ""Odd Lots"" in the Letter of Transmittal to qualify for the priority' (threshold not restated in this document)",0001661306-24-000076,0001661306-24-000076,https://www.sec.gov/Archives/edgar/data/1661306/000166130624000076/hpciq424-scheduletoex99a1a.htm,352bcaeb191f0a9bdb88f3dabd0385e58f5b3e082e4980e94df10617aa83c2c6,https://www.sec.gov/Archives/edgar/data/1661306/000166130625000002/hpcitenderofferamendment1q.htm,2025-01-03,2,2,False,"no ticker in submissions index, no non-traded language matched",not exchange-listed / no ticker in the submissions index,0001661306-25-000002,168444,hpciq424scheduleto-i112024.htm
"Hancock Park Corporate Income, Inc.",0001661306,,,unknown,REIT,2025-02-21,,nav_based,,,,,,,,,,,,,,,,,,,common_or_unspecified,yes,,yes,"withdrawn) exceed the number of Shares offered for repurchase, all of the Shares of Odd Lot Holders will be accepted for payment before any pro rata reduction of the repurchase of Shares properly tendered and not withdrawn by stockholders who are not Odd Lot Holders, provided that this priority to Odd Lot Holders is not available to partial tenders or to beneficial or record holders of 100 or more Shares in the aggregate, even if such holders have separate accounts or certificates representing fewer than 100 Shares.","Any stockholder who owns, beneficially or of record, fewer than 100 Shares in the aggregate (an "" odd lot ""), properly tenders all, but not less than all, of its odd lot Shares, completes the section entitled ""Odd Lots"" in the Letter of Transmittal, and does not properly withdraw any of the tendered Shares before the Expiration Date is referred to herein as an "" Odd Lot Holder ."" To the extent that the number of Shares duly tendered (and not withdrawn) exceed the number of Shares offered for repurchase, all of the Shares of Odd Lot Holders will be accepted for payment before any pro rata reduction of the repurchase of Shares properly tendered and not withdrawn by stockholders who are not Odd Lot Holders, provided that this priority to Odd Lot Holders is not available to partial tenders or to beneficial or record holders of 100 or more Shares in the aggregate, even if such holders have separate accounts or certificates representing fewer than 100 Shares.","odd-lot -> no-proration/priority: 'Odd Lot Holders will be accepted for payment before any pro rata reduction of the repurchase of Shares properly tendered and not withdrawn by stockholders who are not Odd Lot Holders, provided that th' (<100-share threshold stated in the document)",0001661306-25-000008,0001661306-25-000008,https://www.sec.gov/Archives/edgar/data/1661306/000166130625000008/hpciq125-scheduletoex99a1a.htm,ef1702e88472ecfee01408687d084e0058ba9a384c5b5c3f7774e2ccff4f729f,https://www.sec.gov/Archives/edgar/data/1661306/000166130625000019/hpciq125tenderofferamendme.htm,2025-04-01,3,2,False,"no ticker in submissions index, no non-traded language matched",not exchange-listed / no ticker in the submissions index,0001661306-25-000019,169599,hpciq125scheduleto-i22125.htm
"Hancock Park Corporate Income, Inc.",0001661306,,,unknown,REIT,2025-05-22,,nav_based,,,,,,,,,,,,,,,,,,,common_or_unspecified,yes,,yes,"withdrawn) exceed the number of Shares offered for repurchase, all of the Shares of Odd Lot Holders will be accepted for payment before any pro rata reduction of the repurchase of Shares properly tendered and not withdrawn by stockholders who are not Odd Lot Holders, provided that this priority to Odd Lot Holders is not available to partial tenders or to beneficial or record holders of 100 or more Shares in the aggregate, even if such holders have separate accounts or certificates representing fewer than 100 Shares.","Any stockholder who owns, beneficially or of record, fewer than 100 Shares in the aggregate (an "" odd lot ""), properly tenders all, but not less than all, of its odd lot Shares, completes the section entitled ""Odd Lots"" in the Letter of Transmittal, and does not properly withdraw any of the tendered Shares before the Expiration Date is referred to herein as an "" Odd Lot Holder ."" To the extent that the number of Shares duly tendered (and not withdrawn) exceed the number of Shares offered for repurchase, all of the Shares of Odd Lot Holders will be accepted for payment before any pro rata reduction of the repurchase of Shares properly tendered and not withdrawn by stockholders who are not Odd Lot Holders, provided that this priority to Odd Lot Holders is not available to partial tenders or to beneficial or record holders of 100 or more Shares in the aggregate, even if such holders have separate accounts or certificates representing fewer than 100 Shares.","odd-lot -> no-proration/priority: 'Odd Lot Holders will be accepted for payment before any pro rata reduction of the repurchase of Shares properly tendered and not withdrawn by stockholders who are not Odd Lot Holders, provided that th' (<100-share threshold stated in the document)",0001661306-25-000031,0001661306-25-000031,https://www.sec.gov/Archives/edgar/data/1661306/000166130625000031/hpciq225-scheduletoex99a1a.htm,6e432d46bf3db2278e9d8f6977afa88b646892cccd609ded425fdb6579a69b2d,https://www.sec.gov/Archives/edgar/data/1661306/000166130625000041/hpciq225tenderofferamendme.htm,2025-07-02,3,2,False,"no ticker in submissions index, no non-traded language matched",not exchange-listed / no ticker in the submissions index,0001661306-25-000041,167251,hpciq225scheduleto-i52225.htm
"Hancock Park Corporate Income, Inc.",0001661306,,,unknown,BDC,2025-08-22,,nav_based,,,,,,,,,,,,,,,,,,,common_or_unspecified,yes,,yes,"ODD LOTS As described in Section 1 of the Offer to Purchase, under certain conditions, stockholders holding fewer than 100 Shares (an "" odd lot "") who tender (and do not withdraw) all of their Shares (also known as "" Odd Lot Holders "") may have their Shares accepted for payment before any pro-rata reduction in the repurchase of other tendered Shares if the Offer to Purchase is oversubscribed.","NUMBER OF SHARES BEING TENDERED (select one option) All Shares owned as of the Expiration Date Other number of Shares NOTE If the aggregate amount of Shares tendered for repurchase exceeds the number of Shares the Company seeks to repurchase, the Company will repurchase Shares on a pro-rata basis, subject to ""odd lot"" priority, in accordance with the number of Shares duly tendered by or on behalf of each stockholder.","odd-lot -> no-proration/priority: 'odd lot"" priority' (<100-share threshold stated in the document)",0001661306-25-000051,0001661306-25-000051,https://www.sec.gov/Archives/edgar/data/1661306/000166130625000051/hpciq325-scheduletoex99a1b.htm,48742b6d3321d4ebd2124fdb5a05259b73801c5af76b0b8fc3410097da033e76,https://www.sec.gov/Archives/edgar/data/1661306/000166130625000074/hpciq325tenderofferamendme.htm,2025-10-02,3,2,False,"no ticker in submissions index, no non-traded language matched",not exchange-listed / no ticker in the submissions index,0001661306-25-000074,169856,hpciq325scheduleto-i82225.htm
"Hancock Park Corporate Income, Inc.",0001661306,,,unknown,BDC,2025-11-21,,nav_based,,,,,,,,,,,,,,,,,,,common_or_unspecified,yes,,yes,"ODD LOTS As described in Section 1 of the Offer to Purchase, under certain conditions, stockholders holding fewer than 100 Shares (an "" odd lot "") who tender (and do not withdraw) all of their Shares (also known as "" Odd Lot Holders "") may have their Shares accepted for payment before any pro-rata reduction in the repurchase of other tendered Shares if the Offer to Purchase is oversubscribed.","NUMBER OF SHARES BEING TENDERED (select one option) All Shares owned as of the Expiration Date Other number of Shares NOTE If the aggregate amount of Shares tendered for repurchase exceeds the number of Shares the Company seeks to repurchase, the Company will repurchase Shares on a pro-rata basis, subject to ""odd lot"" priority, in accordance with the number of Shares duly tendered by or on behalf of each stockholder.","odd-lot -> no-proration/priority: 'odd lot"" priority' (<100-share threshold stated in the document)",0001661306-25-000092,0001661306-25-000092,https://www.sec.gov/Archives/edgar/data/1661306/000166130625000092/hpciq425-scheduletoex99a1b.htm,8242e8aa90610cc669d4ece05108eece4edfcbdb5c06ad5774293fea4267cdab,https://www.sec.gov/Archives/edgar/data/1661306/000166130626000002/hpciq425tenderofferamendme.htm,2026-01-02,2,2,False,"no ticker in submissions index, no non-traded language matched",not exchange-listed / no ticker in the submissions index,0001661306-26-000002,175518,hpciq425scheduleto-i112125.htm
"Hancock Park Corporate Income, Inc.",0001661306,,,unknown,BDC,2026-02-24,,nav_based,,,,,,,,,,,,,,,,,,,common_or_unspecified,yes,,yes,"ODD LOTS As described in Section 1 of the Offer to Purchase, under certain conditions, stockholders holding fewer than 100 Shares (an "" odd lot "") who tender (and do not withdraw) all of their Shares (also known as "" Odd Lot Holders "") may have their Shares accepted for payment before any pro-rata reduction in the repurchase of other tendered Shares if the Offer to Purchase is oversubscribed.","NUMBER OF SHARES BEING TENDERED (select one option) All Shares owned as of the Expiration Date Other number of Shares NOTE If the aggregate amount of Shares tendered for repurchase exceeds the number of Shares the Company seeks to repurchase, the Company will repurchase Shares on a pro-rata basis, subject to ""odd lot"" priority, in accordance with the number of Shares duly tendered by or on behalf of each stockholder.","odd-lot -> no-proration/priority: 'odd lot"" priority' (<100-share threshold stated in the document)",0001661306-26-000016,0001661306-26-000016,https://www.sec.gov/Archives/edgar/data/1661306/000166130626000016/hpciq126-scheduletoex99a1b.htm,772676b3bf450c2158bbf20f8a91c3736c7d4b0a0295f8c5ba5e29cbebbe5646,https://www.sec.gov/Archives/edgar/data/1661306/000166130626000029/hpciq126tenderofferamendme.htm,2026-04-02,3,2,False,"no ticker in submissions index, no non-traded language matched",not exchange-listed / no ticker in the submissions index,0001661306-26-000029,174373,hpciq126scheduleto-i22426.htm
"Hancock Park Corporate Income, Inc.",0001661306,,,unknown,BDC,2026-05-22,,nav_based,,,,,,,,,,,,,,,,,,,common_or_unspecified,yes,,yes,"ODD LOTS As described in Section 1 of the Offer to Purchase, under certain conditions, stockholders holding fewer than 100 Shares (an &#x201c; odd lot &#x201d;) who tender (and do not withdraw) all of their Shares (also known as &#x201c; Odd Lot Holders &#x201d;) may have their Shares accepted for payment before any pro-rata reduction in the repurchase of other tendered Shares if the Offer to Purchase is oversubscribed.","NUMBER OF SHARES BEING TENDERED (select one option) &#xf06f; All Shares owned as of the Expiration Date &#xf06f; Other number of Shares: x NOTE: If the aggregate number of Shares tendered for repurchase exceeds the number of Shares the Company seeks to repurchase, the Company will repurchase Shares on a pro-rata basis, subject to &#x201c;odd lot&#x201d; priority, in accordance with the number of Shares duly tendered by or on behalf of each stockholder.",odd-lot -> no-proration/priority: 'odd lot&#x201d; priority' (<100-share threshold stated in the document),0001661306-26-000041,0001661306-26-000041,https://www.sec.gov/Archives/edgar/data/1661306/000166130626000041/ck0001661306-ex99_a1b.htm,897ff969e964d18d21c5c6462af3af4ff294f23f6b7783ee58649e08864053f6,https://www.sec.gov/Archives/edgar/data/1661306/000166130626000051/hpci_q2_26_to-ia_7.2.26.htm,2026-07-06,3,2,False,"no ticker in submissions index, no non-traded language matched",not exchange-listed / no ticker in the submissions index,0001661306-26-000051,240893,ck0001661306-20260521.htm
"Highlands REIT, Inc.",0001661458,,,non_traded,REIT,2023-10-24,,dutch_auction,,0.12,0.17,,0.14,,,,,,,,,,,,,,common_or_unspecified,yes,,yes,"If I own fewer than 100 Shares and I tender all my Shares, will I be subject to proration? If you own beneficially or of record fewer than 100 Shares in the aggregate, you will not be subject to proration if: (1) you properly tender all these Shares at or below the price that is ultimately determined to be the Purchase Price, (2) you do not properly withdraw them before the Expiration Time, and (3) you either (i) complete the Letter of Transmittal included with this Offer to Purchase and the Odd Lot certification form attached hereto, or (ii) electronically complete and submit the information requested on the Company's secured, online portal at https://highlandsreit.computersharecas.com.","Because of the proration and &ldquo;odd lot&rdquo; priority provisions described in this Offer to Purchase, it is possible that we will not purchase all the Shares that you tender even if you tender them at or below the Purchase Price.",odd-lot -> no-proration/priority: 'odd lot&rdquo; priority' (<100-share threshold stated in the document),0001104659-23-110955,0001104659-23-110955,https://www.sec.gov/Archives/edgar/data/1661458/000110465923110955/tm2328921d1_ex99-a1a.htm,489ffda02c3c083b77e8eabf8c5ce4ac3dbdce1e6ec895ce9181346aedaf4dc6,https://www.sec.gov/Archives/edgar/data/1661458/000110465923124544/tm2330173d5_sctoia.htm,2023-12-08,13,4,False,"document: 'non-traded public company with a portfolio of assets including multi-family, retail, office and industrial properties, a correctional facili'",not exchange-listed / no ticker in the submissions index,0001104659-23-124544,286461,tm2328921d1_sctoi.htm
"Highlands REIT, Inc.",0001661458,,,non_traded,REIT,2026-09-01,,fixed_price,0.2,,,,,,,,,,,,,,,,,,common_or_unspecified,no_amendment_found,,yes,"If I own fewer than 100 Shares and I tender all my Shares, will I be subject to proration? If you own beneficially or of record fewer than 100 Shares in the aggregate, you will not be subject to proration if: (1) you properly tender all of these Shares, (2) you do not properly withdraw them before the Expiration Time, and (3) you either (i) complete the Letter of Transmittal and the related Odd Lot certification form, or (ii) electronically complete and submit the information requested on the Company's secured, online portal at https://www.computershareCAS.com/Highlands2.","Because of the proration and ""odd lot"" priority provisions described in this Offer to Purchase, it is possible that we will not purchase all the Shares that you tender.","odd-lot -> no-proration/priority: 'odd lot"" priority' (<100-share threshold stated in the document)",0001104659-26-104051,0001104659-26-104051,https://www.sec.gov/Archives/edgar/data/1661458/000110465926104051/tm2623323d1_ex99-a1a.htm,7907f1536aa2644fa5d6f89259bf0d9129da656dbef861e70ff8d79a2b75bef7,,,8,1,False,"document: 'non-traded public company with a portfolio of assets including multi-family, retail, office and industrial properties, a correctional facili'",not exchange-listed / no ticker in the submissions index,,335964,tm2623323-1_sctoi.htm
"DuPont de Nemours, Inc.",0001666700,DD,NYSE,listed,operating_company,2020-12-31,,split_off_exchange_offer,,,,,,,,70.29999837239583,2020-12-30,73.14000150044758,2021-02-01,0.7966666666666666,,,,,,,common_or_unspecified,yes,proration factor of 52,mentioned_no_priority_language,Please note that the provisions described under Tenders for Exchange by Holders of Fewer than 100 Shares of DuPont Common Stock (the Odd Lot Provisions ) are not applicable to participants in the SIP or to shares held in the DuPont Share Shop.,"Please note in particular that: You may elect to exchange all or any portion of the shares of DuPont common stock which are held by Computershare for you, but cannot exchange any shares of DuPont which are still within their Holding Period for the purposes of the SIP; The Offer is subject to certain conditions; As discussed below the Odd Lot provisions of the Offer described in the Prospectus are not applicable to participants in the SIP or to shares held in the DuPont Share Shop; and Any shares of N&B common stock received will convert into the right to receive shares of IFF common stock in the Merger and therefore you will receive shares of IFF common stock.","phrase present, no grant and no denial matched",0001193125-20-330602,0001193125-20-330602,https://www.sec.gov/Archives/edgar/data/1666700/000119312520330602/d85420dex99a1ix.htm,36c964321eae6d5aa9718889403fbd4c1a9d20c6366de58b8d2a48f58bbed012,https://www.sec.gov/Archives/edgar/data/1666700/000119312521027295/d125432dsctoia.htm,2021-02-03,5,7,False,submissions index: ['DD'] on ['NYSE']; no non-traded language in doc,"yfinance Close, dividends unadjusted, split basis restored to the offer date",0001193125-21-027295,103766,d85420dsctoi.htm
VALVOLINE INC,0001674910,VVV,NYSE,listed,operating_company,2023-05-11,,dutch_auction,,35.0,40.0,,,37.5,range_midpoint,38.45000076293945,2023-05-10,37.38999938964844,2023-06-12,1.0,38.45,closing price per share of our shares was $38.45,-0.024707412223667125,-0.02470743157579136,1.0000000198423784,offer price / the price the OFFER DOCUMENT itself states,common_or_unspecified,yes,,yes,"If more than $1.0 billion of the Company s shares are properly tendered at or below the Final Purchase Price, we will purchase all shares properly tendered on a pro rata basis, except for odd lots (lots held by owners of fewer than 100 shares), which we will purchase on a priority basis, and conditional tenders whose condition was not met, which we will not purchase (except as described in Section 6).","If I own fewer than 100 shares and I tender all of my shares, will I be subject to proration? If you own, beneficially or of record, fewer than 100 shares in the aggregate, you properly tender all of those shares at or below the Final Purchase Price before the Offer expires and you complete the section entitled Odd Lots in the Letter of Transmittal and, if applicable, in the Notice of Guaranteed Delivery, we will purchase all of your shares without subjecting them to the proration procedure.","odd-lot -> no-proration/priority: 'odd lots (lots held by owners of fewer than 100 shares), which we will purchase on a priority basis' (<100-share threshold stated in the document)",0001193125-23-141428,0001193125-23-141428,https://www.sec.gov/Archives/edgar/data/1674910/000119312523141428/d419606dex99a1a.htm,b387360e024e0f9d140d20917b91676822b141995c96afc8dce5e3261b172a56,https://www.sec.gov/Archives/edgar/data/1674910/000119312523165709/d419606dsctoia.htm,2023-06-13,8,3,False,submissions index: ['VVV'] on ['NYSE']; no non-traded language in doc,"yfinance Close, dividends unadjusted, split basis restored to the offer date",0001193125-23-165709,355423,d419606dsctoi.htm
High Templar Tech Ltd,0001692705,HTT,NYSE,listed,operating_company,2026-05-26,,unknown,,,,,,,,2.440000057220459,2026-05-22,2.509999990463257,2026-06-26,1.0,2.44,last reported sale price of the ADSs on NYSE was US$2.44,,,1.0000000234510078,,preferred,yes,,yes,"Priority of Purchases In the event that more than 39 million ADSs (or such greater number of ADSs as we may elect to purchase, subject to applicable law) are properly tendered at or below the Purchase Price and not properly withdrawn, we will accept ADSs for purchase in the following order of priority: first, we will purchase Odd Lots (as defined below) of fewer than 100 ADSs at the Purchase Price from securityholders who validly tender all of their ADSs at or below the Purchase Price (including ADSs tendered by Purchase Price Tender) and who do not validly withdraw them before the Expiration Date (tenders of less than all of the ADSs owned, beneficially or of record, by such","In what order will you purchase the tendered ADSs? In the event that more than 39 million ADSs (or such greater number of ADSs as we may elect to purchase, subject to applicable law) are properly tendered at or below the Purchase Price and not properly withdrawn, we will accept ADSs for purchase in the following order of priority: first, we will purchase Odd Lots (as defined in Section 1) of fewer than 100 ADSs at the Purchase Price from securityholders who validly tender all of their ADSs at or below the Purchase Price (including ADSs tendered by Purchase Price Tender) and who do not validly withdraw them before the Expiration Date (tenders of less than all of the ADSs owned, beneficially or of record, b",odd-lot -> no-proration/priority: 'Odd Lots (as defined in Section 1) of fewer than 100 ADSs at the Purchase Price from securityholders who validly tender all of their ADSs at or below the Purchase Price (including ADSs tendered by Pur' (threshold not restated in this document),0001104659-26-065886,0001104659-26-065886,https://www.sec.gov/Archives/edgar/data/1692705/000110465926065886/tm2615461d1_ex99-a1a.htm,c668bcb5ccef9b43718f31b07f4ba58eb8962a85eb8c438912dce1b0f2ac1254,https://www.sec.gov/Archives/edgar/data/1692705/000110465926078464/tm2618847d2_sctoi.htm,2026-06-29,5,3,False,submissions index: ['HTT'] on ['NYSE']; no non-traded language in doc,"yfinance Close, dividends unadjusted, split basis restored to the offer date",0001104659-26-078464,512370,tm2615461-1_sctoi.htm
"Optimum Communications, Inc.",0001702780,OPTU,NYSE,listed,operating_company,2020-11-23,,dutch_auction,,32.25,36.0,,,34.125,range_midpoint,32.27000045776367,2020-11-20,36.029998779296875,2020-12-24,1.0,32.27,closing price per share of our Class A shares was $32.27,0.057483731019522644,0.05748371601866653,1.000000014185425,offer price / the price the OFFER DOCUMENT itself states,common_or_unspecified,yes,,yes,"If more than $2.5 billion of the Company's shares are properly tendered at or below the Final Purchase Price, we will purchase all shares properly tendered on a pro rata basis, except for ""odd lots"" (lots held by owners of fewer than 100 shares), which we will purchase on a priority basis, and conditional tenders whose condition was not met, which we will not purchase (except as described in Section 6).","If I own fewer than 100 shares and I tender all of my shares, will I be subject to proration? If you own, beneficially or of record, fewer than 100 shares in the aggregate, you properly tender all of those shares at or below the Final Purchase Price before the Offer expires and you complete the section entitled ""Odd Lots"" in the Letter of Transmittal and, if applicable, in the Notice of Guaranteed Delivery, we will purchase all of your shares without subjecting them to the proration procedure.","odd-lot -> no-proration/priority: 'odd lots"" (lots held by owners of fewer than 100 shares), which we will purchase on a priority basis' (<100-share threshold stated in the document)",0001104659-20-128206,0001104659-20-128206,https://www.sec.gov/Archives/edgar/data/1702780/000110465920128206/tm2036545-1_exha1a.htm,c87494245c2e02ed343d791f544d8faa50a9c9020b626d1e75a56c90a3f20235,https://www.sec.gov/Archives/edgar/data/1702780/000110465920139469/tm2038940d2_sctoia.htm,2020-12-28,7,5,False,submissions index: ['OPTU'] on ['NYSE']; no non-traded language in doc,"yfinance Close, dividends unadjusted, split basis restored to the offer date",0001104659-20-139469,532074,tm2036545-1_sctoi.htm
"Optimum Communications, Inc.",0001702780,OPTU,NYSE,listed,operating_company,2026-06-01,,fixed_price,2.5,,,,,2.5,,0.6579999923706055,2026-05-29,1.159999966621399,2026-07-02,1.0,0.65,closing price of Optimum&#x2019;s Class&#x00a0;A Common Stock on the NYSE was $0.65,2.846153846153846,2.799392141317723,1.0123076805701623,offer price / the price the OFFER DOCUMENT itself states,common_or_unspecified,yes,proration factor for the shares of the Class A Common Stock that the Company accepted pursuant to the Offer is 48,yes,"If&#x00a0;I own fewer than 100 shares and&#x00a0;I tender all of my shares, will&#x00a0;I be subject to proration? If you own, beneficially or of record, fewer than 100 shares in the aggregate, you validly tender all of these shares prior to the Expiration Time (and do not validly withdraw such shares before the Expiration Time) and you complete the section entitled &#x201c;Odd Lots&#x201d; in the Letter of Transmittal and, if applicable, in the Notice of Guaranteed Delivery, and all conditions to the Offer are satisfied or waived, we will purchase all of your shares without subjecting them to proration.","If the terms and conditions of the Offer have been satisfied or waived and more than 120,000,000 shares of Class&#x00a0;A Common Stock are validly tendered, and not validly withdrawn prior to the Expiration Time, we will purchase shares of Class&#x00a0;A Common Stock in the following order of priority: &#x2022; &#x00a0;&#x00a0;&#x00a0;&#x00a0;&#x00a0;&#x00a0;&#x00a0;&#x00a0; First, all shares owned in &#x201c;odd lots&#x201d; (less than 100 shares) that have been validly tendered and not validly withdrawn prior to the Expiration Time (tenders of less than all of the shares owned by an odd lot holder will not qualify for this preference); &#x2022; &#x00a0;&#x00a0;&#x00a0;&#x00a0;&#x00a0;&#x00a0;&#x00a0;&#x00a0; Second, all other tendered shares (other than cond",odd-lot -> no-proration/priority: 'odd lots&#x201d; (less than 100 shares) that have been validly tendered and not validly withdrawn prior to the Expiration Time (tenders of less than all of the shares owned by an odd lot holder will n' (<100-share threshold stated in the document),0001213900-26-063179,0001213900-26-063179,https://www.sec.gov/Archives/edgar/data/1702780/000121390026063179/ea029202901ex99a1a.htm,ea2ab9180b732dc1da161a331b08b7b485063d5fda1139cfa2e7df1d26d53b2d,https://www.sec.gov/Archives/edgar/data/1702780/000121390026075249/ea0292029-04.htm,2026-07-06,3,4,False,submissions index: ['OPTU'] on ['NYSE']; no non-traded language in doc,"yfinance Close, dividends unadjusted, split basis restored to the offer date",0001213900-26-075249,835357,ea0292029-01.htm
ADT Inc.,0001703056,ADT,NYSE,non_traded,operating_company,2022-09-12,2022-10-20,fixed_price,9.0,,,,9.0,9.0,,,,,,,8.39,closing price of our shares of Common Stock on the NYSE was $8.39,0.07270560190703201,,,offer price / the price the OFFER DOCUMENT itself states,common_or_unspecified,yes,,yes,"In the event of an over-subscription of the Offer, we will purchase all Shares validly tendered and not validly withdrawn on a pro rata basis, except for odd lots of less than 100 Shares, which we will purchase on a priority basis (though tenders of less than all of the Shares owned by an Odd Lot Holder (as defined herein) will not qualify for this priority).","If I own fewer than 100 Shares and I tender all of my Shares, will I be subject to proration? Upon the terms and subject to the conditions of the Offer, if you own beneficially or of record fewer than 100 Shares in the aggregate, you validly tender all of these Shares, you do not withdraw such Shares before the Offer expires and you complete the section entitled Odd Lots in the Letter of Transmittal, and, if applicable, in the Notice of Guaranteed Delivery, we will purchase all of your Shares without subjecting them to the proration procedure.","odd-lot -> no-proration/priority: 'odd lots of less than 100 Shares, which we will purchase on a priority basis' (<100-share threshold stated in the document)",0001193125-22-242339,0001193125-22-242339,https://www.sec.gov/Archives/edgar/data/1703056/000119312522242339/d304311dex99a1a.htm,28a4671ebb4ec38a049562e417e83f2ef2e9bc855aebab39289aed46e23c757e,https://www.sec.gov/Archives/edgar/data/1703056/000119312522269117/d372018dsctoia.htm,2022-10-26,6,5,False,"document: 'There is no established public trading market for shares of Class B Common Stock, and Google (as defined herein) is the only stockholder of ' [submissions index also lists ['ADT'] on ['NYSE'] - other class or later]",not exchange-listed / no ticker in the submissions index,0001193125-22-269117,413747,d304311dsctoi.htm
"Cannae Holdings, Inc.",0001704720,CNNE,NYSE,listed,operating_company,2024-03-01,2024-04-01,dutch_auction,,20.75,23.75,,,22.25,range_midpoint,21.81999969482422,2024-02-29,22.440000534057617,2024-04-02,1.0,20.08,last reported sale price of the Shares was $20.08,0.10806772908366535,0.019706705370751143,1.0866533712561863,offer price / the price the OFFER DOCUMENT itself states,common_or_unspecified,yes,,yes,"If I own fewer than 100 Shares and I tender all of my Shares, will I be subject to proration? If you own, beneficially or of record, fewer than 100 Shares in the aggregate, you validly tender all of these Shares at or below the Final Purchase Price and do not validly withdraw them before the Expiration Date, and you complete the section entitled Odd Lots in the Letter of Transmittal and, if applicable, in the Notice of Guaranteed Delivery, we will purchase all of your Shares without subjecting them to the proration procedure.","dd lots of less than 100 Shares at the Final Purchase Price from stockholders who validly tender all of their Shares at or below the Final Purchase Price and who do not validly withdraw them before the Expiration Date (tenders of less than all of the Shares owned, beneficially or of record, by such Odd Lot Holder (as defined below) will not qualify for this preference); second , after purchasing all the odd lots that were validly tendered at or below the Final Purchase Price, subject to the conditional tender provisions described in Section 6 (whereby a holder may specify a minimum number of such holder s Shares that must be purchased if any such Sh",odd-lot -> no-proration/priority: 'Odd Lot Holder (as defined below) will not qualify for this preference' (<100-share threshold stated in the document),0001193125-24-054315,0001193125-24-054315,https://www.sec.gov/Archives/edgar/data/1704720/000119312524054315/d752033dex99a1i.htm,a97e7897799eb539795654b3c7f016bf59698b6ed9bab043b610bdb54320607c,https://www.sec.gov/Archives/edgar/data/1704720/000119312524087503/d752033dsctoia.htm,2024-04-05,5,3,False,submissions index: ['CNNE'] on ['NYSE']; no non-traded language in doc,"yfinance Close, dividends unadjusted, split basis restored to the offer date",0001193125-24-087503,341418,d752033dsctoi.htm
Amerant Bancorp Inc.,0001734342,AMTB,NYSE,listed,operating_company,2020-11-20,,dutch_auction,,9.65,12.55,,12.55,12.55,,12.930000305175781,2020-11-19,14.729999542236328,2020-12-21,1.0,11.9,last reported sale price of the Shares on the Nasdaq was $11.90,0.054621848739495826,-0.02938904069659376,1.086554647493763,offer price / the price the OFFER DOCUMENT itself states,common_or_unspecified,yes,,yes,"Odd lots will be accepted for payment before any proration of the purchase of other tendered Shares, provided that (a) this priority is not available to partial tenders or to beneficial or record holders of 100 or more Shares in the aggregate, even if these holders have separate accounts or certificates representing fewer than 100 Shares, and (b) to qualify for this priority, an Odd Lot Holder must tender all Shares owned by the Odd Lot Holder in accordance with the procedures described in Section 3.","If I own fewer than 100 Shares and I tender all of my Shares, will I be subject to proration? If you own, beneficially or of record, fewer than 100 Shares in the aggregate, you properly tender all of these Shares at or below the Purchase Price and do not properly withdraw them before the Expiration Date, and you complete the section titled Odd Lots in the Letter of Transmittal and, if applicable, in the Notice of Guaranteed Delivery, we will purchase all of your Shares without subjecting them to the proration procedure, upon the terms and subject to the conditions of the Offer.",odd-lot -> no-proration/priority: 'Odd lots will be accepted for payment before any prorat' (<100-share threshold stated in the document),0001193125-20-298747,0001193125-20-298747,https://www.sec.gov/Archives/edgar/data/1734342/000119312520298747/d79766dex99a1a.htm,336bcfd1378ca8a3dcea9e0a1ecc3585f53ec4899f3505a66c037c2ff5dbc7df,https://www.sec.gov/Archives/edgar/data/1734342/000119312520325243/d309821dsctoia.htm,2020-12-23,9,5,False,submissions index: ['AMTB'] on ['NYSE']; no non-traded language in doc,"yfinance Close, dividends unadjusted, split basis restored to the offer date",0001193125-20-325243,383144,d79766dsctoi.htm
Bally's Corp,0001747079,BALY,NYSE,listed,operating_company,2019-06-25,,dutch_auction,,29.5,33.0,,29.5,29.5,,,,,,,29.17,last reported sale price of the Shares on the NYSE was $29.17,0.011312992800822652,,,offer price / the price the OFFER DOCUMENT itself states,common_or_unspecified,yes,"proration factor included in the Company's July 31, 2019 press release has been recalculated and increased to 6",yes,"If I own fewer than 100 Shares and I tender all of my Shares, will I be subject to proration? If you are the owner of fewer than 100 Shares in the aggregate, whether such Shares are owned beneficially or of record, if you validly tender all of these Shares at or below the Purchase Price (including Shares tendered without a price specified) prior to the Expiration Time (and do not validly withdraw such Shares) and you complete the section entitled ""Odd Lots"" in the Letter of Transmittal and, if applicable, in the Notice of Guaranteed Delivery, and all conditions to the Offer are satisfied or waived, we will purchase all of your Shares without subjecting them to proration.","On the terms and subject to the conditions of the Offer, if the number of Shares validly tendered at or below the Purchase Price (including Shares tendered without a price specified) and not validly withdrawn prior to the Expiration Time would result in an aggregate purchase price of more than $75 million, we will purchase Shares: first , from all holders of ""odd lots"" (persons who own fewer than 100 Shares) who validly tender all of their Shares at or below the Purchase Price (including Shares tendered without a price specified) and do not validly withdraw them prior to the Expiration Time, except that tenders of less than all of the Shares owned by an ""odd lot"" holder will not qualify for this preference; se","odd-lot -> no-proration/priority: 'odd lots"" (persons who own fewer than 100 Shares) who validly tender all of their Shares at or below the Purchase Price (including Shares tendered without a price specified) and do not validly withdra' (<100-share threshold stated in the document)",0001144204-19-032320,0001144204-19-032320,https://www.sec.gov/Archives/edgar/data/1747079/000114420419032320/tv524062_exa1a.htm,0030c27dec30cb8d4e9cf48181ebc23b10e500fd7c634443d47af826071dc381,https://www.sec.gov/Archives/edgar/data/1747079/000114420419036962/tv526371_sctoia.htm,2019-08-01,7,7,False,submissions index: ['BALY'] on ['NYSE']; no non-traded language in doc,"no bars (delisted, renamed ticker, or not on the free feed)",0001144204-19-036962,375361,tv524062_scoti.htm
Bally's Corp,0001747079,BALY,NYSE,listed,operating_company,2022-06-24,2022-07-22,dutch_auction,,19.25,22.0,,,20.625,range_midpoint,,,,,,18.87,last reported sale price of the Shares on the NYSE was $18.87,0.09300476947535774,,,offer price / the price the OFFER DOCUMENT itself states,common_or_unspecified,yes,,yes,"If I own fewer than 100 Shares and I tender all of my Shares, will I be subject to proration? If you are the owner of fewer than 100 Shares in the aggregate, whether such Shares are owned beneficially or of record, if you validly tender all of these Shares at or below the Purchase Price prior to the Expiration Time (and do not validly withdraw such Shares) and you complete the section entitled ""Odd Lots"" in the Letter of Transmittal and, if applicable, in the Notice of Guaranteed Delivery, and all conditions to the Offer are satisfied or waived, we will purchase all of your Shares without subjecting them to proration.","On the terms and subject to the conditions of the Offer, if the number of Shares validly tendered at or below the Purchase Price and not validly withdrawn prior to the Expiration Time would result in an aggregate purchase price of more than $190 million, we will purchase Shares: first , from all holders of ""odd lots"" (persons who own fewer than 100 Shares) who validly tender all of their Shares at or below the Purchase Price and do not validly withdraw them prior to the Expiration Time, except that tenders of less than all of the Shares owned by an ""odd lot"" holder will not qualify for this preference; second , subject to the conditional tender provisions de","odd-lot -> no-proration/priority: 'odd lots"" (persons who own fewer than 100 Shares) who validly tender all of their Shares at or below the Purchase Price and do not validly withdraw them prior to the Expiration Time, except that tende' (<100-share threshold stated in the document)",0001104659-22-074102,0001104659-22-074102,https://www.sec.gov/Archives/edgar/data/1747079/000110465922074102/tm2217344d1_exha1a.htm,05f3150aa93c7687160259ee50a1c20d8fe85d9ca4783261605817c5ef1d24dd,https://www.sec.gov/Archives/edgar/data/1747079/000110465922082962/tm2221894d1_sctoia.htm,2022-07-27,5,5,False,submissions index: ['BALY'] on ['NYSE']; no non-traded language in doc,"no bars (delisted, renamed ticker, or not on the free feed)",0001104659-22-082962,484872,tm2217344-1_sctoi.htm
Acadian Asset Management Inc.,0001748824,AAMI,NYSE,listed,operating_company,2021-11-04,,fixed_price,31.5,,,,31.5,31.5,,30.1299991607666,2021-11-03,28.139999389648438,2021-12-06,1.0,30.13,last reported sale price of the Shares was $30.13,0.045469631596415594,0.04546966071666292,0.999999972146253,offer price / the price the OFFER DOCUMENT itself states,common_or_unspecified,yes,,yes,"If I own fewer than 100 Shares and I tender all of my Shares, will I be subject to proration? If you own, beneficially or of record, fewer than 100 Shares in the aggregate, you properly tender all of these Shares at or below the Purchase Price and do not properly withdraw them before the Expiration Date, and you complete the section entitled ""Odd Lots"" in the Letter of Transmittal, we will purchase all of your Shares without subjecting them to the proration procedure.","4 TABLE OF CONTENTS In what order will you purchase the tendered Shares? We will purchase Shares on the following basis: first , we will purchase all Odd Lots (as defined in Section 1) of less than 100 Shares from shareholders who properly tender all of their Shares and who do not properly withdraw them before the Expiration Date (tenders of less than all of the Shares owned, beneficially or of record, by such Odd Lot Holder (as defined in Section 1) will not qualify for this preference); second , afte",odd-lot -> no-proration/priority: 'Odd Lots (as defined in Section 1) of less than 100 Shares from shareholders who properly tender all of their Shares and who do not properly withdraw them before the Expiration Date (tenders of less t' (<100-share threshold stated in the document),0001104659-21-134052,0001104659-21-134052,https://www.sec.gov/Archives/edgar/data/1748824/000110465921134052/tm2117471-1_exh99a1i.htm,68b9537f53756e12ea79cc4916b15e6416952368565911e3dd81020968b4cee9,https://www.sec.gov/Archives/edgar/data/1748824/000110465921147893/tm2134942d1_sctoia.htm,2021-12-09,7,4,False,submissions index: ['AAMI'] on ['NYSE']; no non-traded language in doc,"yfinance Close, dividends unadjusted, split basis restored to the offer date",0001104659-21-147893,435871,tm2117471-1_sctoi.htm
Yieldstreet Alternative Income Fund Inc.,0001762229,,,non_traded,closed_end_or_interval_fund,2021-05-04,2021-06-01,nav_based,,,,,,,,,,,,,,,,,,,common_or_unspecified,yes,,yes,"Odd lots will be accepted for payment before any proration of the purchase of other tendered Shares, provided that (a) this priority is not available to partial tenders or to beneficial or record holders of 100 or more Shares in the aggregate, even if these holders have separate accounts or certificates representing fewer than 100 Shares, and (b) to qualify for this priority, an Odd Lot Holder must tender all Shares owned by the Odd Lot Holder in accordance with the procedures described in Section 4.","However, to qualify for the priority in case of proration, an Odd Lot Holder must tender all Shares owned by any such Odd Lot Holder.",odd-lot -> no-proration/priority: 'Odd lots will be accepted for payment before any prorat' (<100-share threshold stated in the document),0001104659-21-060719,0001104659-21-060719,https://www.sec.gov/Archives/edgar/data/1762229/000110465921060719/tm2115073d1_ex99-a1a.htm,427ef954340395d50713cd2ee8e40f746595c43259d9778c42811cdc81c7cd5c,https://www.sec.gov/Archives/edgar/data/1762229/000110465921075703/tm2118294-1_sctoia.htm,2021-06-02,1,2,False,document: 'there is no public market for our Shares. See Section 2 below. The offer is made upon the terms and subject to the conditions set forth in t',not exchange-listed / no ticker in the submissions index,0001104659-21-075703,152652,tm2115073d1_sctoi.htm
Yieldstreet Alternative Income Fund Inc.,0001762229,,,non_traded,closed_end_or_interval_fund,2021-08-05,2021-09-01,nav_based,,,,,,,,,,,,,,,,,,,common_or_unspecified,yes,,yes,"Odd lots will be accepted for payment before any proration of the purchase of other tendered Shares, provided that (a) this priority is not available to partial tenders or to beneficial or record holders of 100 or more Shares in the aggregate, even if these holders have separate accounts or certificates representing fewer than 100 Shares, and (b) to qualify for this priority, an Odd Lot Holder must tender all Shares owned by the Odd Lot Holder in accordance with the procedures described in Section 4.","However, to qualify for the priority in case of proration, an Odd Lot Holder must tender all Shares owned by any such Odd Lot Holder.",odd-lot -> no-proration/priority: 'Odd lots will be accepted for payment before any prorat' (<100-share threshold stated in the document),0001104659-21-100565,0001104659-21-100565,https://www.sec.gov/Archives/edgar/data/1762229/000110465921100565/tm2124013d1_ex99a1a.htm,d05659d1ac5a7fd7532a003b7781f8b4d73181479095203b5a0ae150afd89a9e,https://www.sec.gov/Archives/edgar/data/1762229/000110465921112504/tm2126814-1_sctoia.htm,2021-09-02,1,2,False,document: 'there is no public market for our Shares. See Section 2 below. The offer is made upon the terms and subject to the conditions set forth in t',not exchange-listed / no ticker in the submissions index,0001104659-21-112504,151780,tm2124013d1_sctoi.htm
Yieldstreet Alternative Income Fund Inc.,0001762229,,,non_traded,closed_end_or_interval_fund,2021-11-02,2021-11-30,nav_based,,,,,,,,,,,,,,,,,,,common_or_unspecified,yes,,yes,"Odd lots will be accepted for payment before any proration of the purchase of other tendered Shares, provided that (a) this priority is not available to partial tenders or to beneficial or record holders of 100 or more Shares in the aggregate, even if these holders have separate accounts or certificates representing fewer than 100 Shares, and (b) to qualify for this priority, an Odd Lot Holder must tender all Shares owned by the Odd Lot Holder in accordance with the procedures described in Section 4.","However, to qualify for the priority in case of proration, an Odd Lot Holder must tender all Shares owned by any such Odd Lot Holder.",odd-lot -> no-proration/priority: 'Odd lots will be accepted for payment before any prorat' (<100-share threshold stated in the document),0001104659-21-132806,0001104659-21-132806,https://www.sec.gov/Archives/edgar/data/1762229/000110465921132806/tm2131252d1_ex99a1a.htm,30dc9042d3a0da5adc19e6598ca96da04563c7db9b6cca0dd20db653919a3b20,https://www.sec.gov/Archives/edgar/data/1762229/000110465921145523/tm2134364d1_sctoia.htm,2021-12-01,2,2,False,document: 'there is no public market for our Shares. See Section 2 below. The offer is made upon the terms and subject to the conditions set forth in t',not exchange-listed / no ticker in the submissions index,0001104659-21-145523,153117,tm2131252d1_sctoi.htm
Yieldstreet Alternative Income Fund Inc.,0001762229,,,non_traded,closed_end_or_interval_fund,2022-03-02,2022-03-29,nav_based,,,,,,,,,,,,,,,,,,,common_or_unspecified,yes,,yes,"Odd lots will be accepted for payment before any proration of the purchase of other tendered Shares, provided that (a) this priority is not available to partial tenders or to beneficial or record holders of 100 or more Shares in the aggregate, even if these holders have separate accounts or certificates representing fewer than 100 Shares, and (b) to qualify for this priority, an Odd Lot Holder must tender all Shares owned by the Odd Lot Holder in accordance with the procedures described in Section 4.","However, to qualify for the priority in case of proration, an Odd Lot Holder (as defined below) must tender all Shares owned by any such Odd Lot Holder.",odd-lot -> no-proration/priority: 'Odd lots will be accepted for payment before any prorat' (<100-share threshold stated in the document),0001104659-22-029322,0001104659-22-029322,https://www.sec.gov/Archives/edgar/data/1762229/000110465922029322/tm227796d1_ex99a1a.htm,c3a2f16180a8266d152d77b308a6b53570d7761a9b273585c29f5fac6b118a71,https://www.sec.gov/Archives/edgar/data/1762229/000110465922040931/tm2210888d1_sctoia.htm,2022-03-31,1,2,False,document: 'there is no public market for our Shares. See Section 2 below. The offer is made upon the terms and subject to the conditions set forth in t',not exchange-listed / no ticker in the submissions index,0001104659-22-040931,155025,tm227796d1_sctoi.htm
Yieldstreet Alternative Income Fund Inc.,0001762229,,,non_traded,closed_end_or_interval_fund,2022-05-04,2022-06-02,nav_based,,,,,,,,,,,,,,,,,,,common_or_unspecified,yes,,yes,"Odd lots will be accepted for payment before any proration of the purchase of other tendered Shares, provided that (a) this priority is not available to partial tenders or to beneficial or record holders of 100 or more Shares in the aggregate, even if these holders have separate accounts or certificates representing fewer than 100 Shares, and (b) to qualify for this priority, an Odd Lot Holder must tender all Shares owned by the Odd Lot Holder in accordance with the procedures described in Section 4.","However, to qualify for the priority in case of proration, an Odd Lot Holder (as defined below) must tender all Shares owned by any such Odd Lot Holder.",odd-lot -> no-proration/priority: 'Odd lots will be accepted for payment before any prorat' (<100-share threshold stated in the document),0001104659-22-055731,0001104659-22-055731,https://www.sec.gov/Archives/edgar/data/1762229/000110465922055731/tm2214360d1_ex99a1a.htm,d18271cc279d28c8876374a011249269b27961620a84e71a528cf8b7ee612494,https://www.sec.gov/Archives/edgar/data/1762229/000110465922067919/tm2217340d1_sctoia.htm,2022-06-03,1,2,False,document: 'there is no public market for our Shares. See Section 2 below. The offer is made upon the terms and subject to the conditions set forth in t',not exchange-listed / no ticker in the submissions index,0001104659-22-067919,153622,tm2214360d1_sctoi.htm
Yieldstreet Alternative Income Fund Inc.,0001762229,,,non_traded,closed_end_or_interval_fund,2022-08-03,2022-08-30,nav_based,,,,,,,,,,,,,,,,,,,common_or_unspecified,yes,,yes,"Odd lots will be accepted for payment before any proration of the purchase of other tendered Shares, provided that (a) this priority is not available to partial tenders or to beneficial or record holders of 100 or more Shares in the aggregate, even if these holders have separate accounts or certificates representing fewer than 100 Shares, and (b) to qualify for this priority, an Odd Lot Holder must tender all Shares owned by the Odd Lot Holder in accordance with the procedures described in Section 4.","However, to qualify for the priority in case of proration, an Odd Lot Holder (as defined below) must tender all Shares owned by any such Odd Lot Holder.",odd-lot -> no-proration/priority: 'Odd lots will be accepted for payment before any prorat' (<100-share threshold stated in the document),0001398344-22-014706,0001398344-22-014706,https://www.sec.gov/Archives/edgar/data/1762229/000139834422014706/fp0078407_ex99a1a.htm,a38723a42de721397fbb3a2d20e834392e6cf8448b275247c72456f3c0a3a72a,https://www.sec.gov/Archives/edgar/data/1762229/000139834422017798/fp0079298_sctoia.htm,2022-09-01,1,3,False,document: 'there is no public market for our Shares. See Section 2 below. The offer is made upon the terms and subject to the conditions set forth in t',not exchange-listed / no ticker in the submissions index,0001398344-22-017798,147558,fp0078407_sctoi.htm
Yieldstreet Alternative Income Fund Inc.,0001762229,,,non_traded,closed_end_or_interval_fund,2022-11-02,2022-12-02,nav_based,,,,,,,,,,,,,,,,,,,common_or_unspecified,yes,,yes,"Odd lots will be accepted for payment before any proration of the purchase of other tendered Shares, provided that (a) this priority is not available to partial tenders or to beneficial or record holders of 100 or more Shares in the aggregate, even if these holders have separate accounts or certificates representing fewer than 100 Shares, and (b) to qualify for this priority, an Odd Lot Holder must tender all Shares owned by the Odd Lot Holder in accordance with the procedures described in Section 4.","However, to qualify for the priority in case of proration, an Odd Lot Holder (as defined below) must tender all Shares owned by any such Odd Lot Holder.",odd-lot -> no-proration/priority: 'Odd lots will be accepted for payment before any prorat' (<100-share threshold stated in the document),0001398344-22-021280,0001398344-22-021280,https://www.sec.gov/Archives/edgar/data/1762229/000139834422021280/fp0080621-1_ex99a1a.htm,9955fd4130a133a021b14cce02cff2547aa4ef716d8ad38dce9fa81cc3f1ac96,https://www.sec.gov/Archives/edgar/data/1762229/000110465922124936/tm2232096d1_sctoia.htm,2022-12-06,1,2,False,document: 'there is no public market for our Shares. See Section 2 below. The offer is made upon the terms and subject to the conditions set forth in t',not exchange-listed / no ticker in the submissions index,0001104659-22-124936,140367,fp0080621-1_sctoi.htm
Yieldstreet Alternative Income Fund Inc.,0001762229,,,non_traded,closed_end_or_interval_fund,2023-03-30,2023-04-28,nav_based,,,,,,,,,,,,,,,,,,,common_or_unspecified,yes,,yes,"Odd lots will be accepted for payment before any proration of the purchase of other tendered Shares, provided that (a) this priority is not available to partial tenders or to beneficial or record holders of 100 or more Shares in the aggregate, even if these holders have separate accounts or certificates representing fewer than 100 Shares, and (b) to qualify for this priority, an Odd Lot Holder must tender all Shares owned by the Odd Lot Holder in accordance with the procedures described in Section 4.","However, to qualify for the priority in case of proration, an Odd Lot Holder (as defined below) must tender all Shares owned by any such Odd Lot Holder.",odd-lot -> no-proration/priority: 'Odd lots will be accepted for payment before any prorat' (<100-share threshold stated in the document),0001104659-23-038860,0001104659-23-038860,https://www.sec.gov/Archives/edgar/data/1762229/000110465923038860/tm238416d1_ex99-a1a.htm,5348d43939332c265dafc85771c48f81a2a238a0a0c1e5ac4c51d6aad80c7758,https://www.sec.gov/Archives/edgar/data/1762229/000110465923055318/tm2314453d1_sctoia.htm,2023-05-03,1,2,False,document: 'there is no public market for our Shares. See Section 2 below. The offer is made upon the terms and subject to the conditions set forth in t',not exchange-listed / no ticker in the submissions index,0001104659-23-055318,229553,tm238416d1_sctoi.htm
Yieldstreet Alternative Income Fund Inc.,0001762229,,,non_traded,closed_end_or_interval_fund,2023-06-27,2023-07-26,nav_based,,,,,,,,,,,,,,,,,,,common_or_unspecified,yes,,yes,"Odd lots will be accepted for payment before any proration of the purchase of other tendered Shares, provided that (a) this priority is not available to partial tenders or to beneficial or record holders of 100 or more Shares in the aggregate, even if these holders have separate accounts or certificates representing fewer than 100 Shares, and (b) to qualify for this priority, an Odd Lot Holder must tender all Shares owned by the Odd Lot Holder in accordance with the procedures described in Section 4.","However, to qualify for the priority in case of proration, an Odd Lot Holder (as defined below) must tender all Shares owned by any such Odd Lot Holder.",odd-lot -> no-proration/priority: 'Odd lots will be accepted for payment before any prorat' (<100-share threshold stated in the document),0001104659-23-075273,0001104659-23-075273,https://www.sec.gov/Archives/edgar/data/1762229/000110465923075273/tm2319752d1_ex99-a1a.htm,62619f2e0a9ac45a9ce0d6c77e6761991a489a7e41c2865a7d97a26ee65c4d51,https://www.sec.gov/Archives/edgar/data/1762229/000110465923085885/tm2322431d1_sctoia.htm,2023-07-31,1,2,False,document: 'there is no public market for our Shares. See Section 2 below. The offer is made upon the terms and subject to the conditions set forth in t',not exchange-listed / no ticker in the submissions index,0001104659-23-085885,187243,tm2319752d1_sctoi.htm
Yieldstreet Alternative Income Fund Inc.,0001762229,,,non_traded,closed_end_or_interval_fund,2023-09-01,2023-10-02,nav_based,,,,,,,,,,,,,,,,,,,common_or_unspecified,yes,,yes,"Odd lots will be accepted for payment before any proration of the purchase of other tendered Shares, provided that (a) this priority is not available to partial tenders or to beneficial or record holders of 100 or more Shares in the aggregate, even if these holders have separate accounts or certificates representing fewer than 100 Shares, and (b) to qualify for this priority, an Odd Lot Holder must tender all Shares owned by the Odd Lot Holder in accordance with the procedures described in Section 4.","However, to qualify for the priority in case of proration, an Odd Lot Holder (as defined below) must tender all Shares owned by any such Odd Lot Holder.",odd-lot -> no-proration/priority: 'Odd lots will be accepted for payment before any prorat' (<100-share threshold stated in the document),0001104659-23-097717,0001104659-23-097717,https://www.sec.gov/Archives/edgar/data/1762229/000110465923097717/tm2325367d1_ex99-a1a.htm,6b2348a9c92c578c4c2d396b7277462a6b5b148e701725c15346a34cdc6923a8,https://www.sec.gov/Archives/edgar/data/1762229/000110465923107228/tm2327885d1_sctoia.htm,2023-10-05,1,2,False,document: 'there is no public market for our Shares. See Section 2 below. The offer is made upon the terms and subject to the conditions set forth in t',not exchange-listed / no ticker in the submissions index,0001104659-23-107228,134990,tm2325367d1_sctoi.htm
Yieldstreet Alternative Income Fund Inc.,0001762229,,,non_traded,closed_end_or_interval_fund,2023-11-13,2023-12-11,nav_based,,,,,,,,,,,,,,,,,,,common_or_unspecified,yes,,yes,"Odd lots will be accepted for payment before any proration of the purchase of other tendered Shares, provided that (a) this priority is not available to partial tenders or to beneficial or record holders of 100 or more Shares in the aggregate, even if these holders have separate accounts or certificates representing fewer than 100 Shares, and (b) to qualify for this priority, an Odd Lot Holder must tender all Shares owned by the Odd Lot Holder in accordance with the procedures described in Section 4.","However, to qualify for the priority in case of proration, an Odd Lot Holder (as defined below) must tender all Shares owned by any such Odd Lot Holder.",odd-lot -> no-proration/priority: 'Odd lots will be accepted for payment before any prorat' (<100-share threshold stated in the document),0001104659-23-116406,0001104659-23-116406,https://www.sec.gov/Archives/edgar/data/1762229/000110465923116406/tm2330355d1_ex99-a1a.htm,85b47427f99d514261489b4d0e81496937f41c17a82cbf2a619de92c56b2ad91,https://www.sec.gov/Archives/edgar/data/1762229/000110465923125923/tm2332813d1_sctoia.htm,2023-12-14,1,2,False,document: 'there is no public market for our Shares. See Section 2 below. The offer is made upon the terms and subject to the conditions set forth in t',not exchange-listed / no ticker in the submissions index,0001104659-23-125923,159497,tm2330355d1_sctoi.htm
Yieldstreet Alternative Income Fund Inc.,0001762229,,,non_traded,closed_end_or_interval_fund,2024-02-21,2024-03-22,nav_based,,,,,,,,,,,,,,,,,,,common_or_unspecified,yes,,yes,"Odd lots will be accepted for payment before any proration of the purchase of other tendered Shares, provided that (a) this priority is not available to partial tenders or to beneficial or record holders of 100 or more Shares in the aggregate, even if these holders have separate accounts or certificates representing fewer than 100 Shares, and (b) to qualify for this priority, an Odd Lot Holder must tender all Shares owned by the Odd Lot Holder in accordance with the procedures described in Section 4.","However, to qualify for the priority in case of proration, an Odd Lot Holder (as defined below) must tender all Shares owned by any such Odd Lot Holder.",odd-lot -> no-proration/priority: 'Odd lots will be accepted for payment before any prorat' (<100-share threshold stated in the document),0001104659-24-026129,0001104659-24-026129,https://www.sec.gov/Archives/edgar/data/1762229/000110465924026129/tm246873d1_ex99-a1a.htm,1a6a737f9d888e422ff28ce6234d1112b144073ad41660782aedb97f042882b6,https://www.sec.gov/Archives/edgar/data/1762229/000110465924039728/tm249981d1_sctoia.htm,2024-03-27,1,2,False,document: 'there is no public market for our Shares. See Section 2 below. The offer is made upon the terms and subject to the conditions set forth in t',not exchange-listed / no ticker in the submissions index,0001104659-24-039728,159904,tm246873d1_sctoi.htm
Yieldstreet Alternative Income Fund Inc.,0001762229,,,non_traded,closed_end_or_interval_fund,2024-05-08,2024-06-07,nav_based,,,,,,,,,,,,,,,,,,,common_or_unspecified,yes,,yes,"Odd lots will be accepted for payment before any proration of the purchase of other tendered Shares, provided that (a) this priority is not available to partial tenders or to beneficial or record holders of 100 or more Shares in the aggregate, even if these holders have separate accounts or certificates representing fewer than 100 Shares, and (b) to qualify for this priority, an Odd Lot Holder must tender all Shares owned by the Odd Lot Holder in accordance with the procedures described in Section 4.","However, to qualify for the priority in case of proration, an Odd Lot Holder (as defined below) must tender all Shares owned by any such Odd Lot Holder.",odd-lot -> no-proration/priority: 'Odd lots will be accepted for payment before any prorat' (<100-share threshold stated in the document),0001104659-24-058855,0001104659-24-058855,https://www.sec.gov/Archives/edgar/data/1762229/000110465924058855/tm2413889d1_ex99-a1a.htm,1f5369d279c08c8ef0df23e7e53cb536df8cc413c4efc21992927d8c0b1d020a,https://www.sec.gov/Archives/edgar/data/1762229/000110465924070821/tm2417069d1_sctoia.htm,2024-06-12,1,2,False,document: 'there is no public market for our Shares. See Section 2 below. The offer is made upon the terms and subject to the conditions set forth in t',not exchange-listed / no ticker in the submissions index,0001104659-24-070821,158872,tm2413889d1_sctoi.htm
Yieldstreet Alternative Income Fund Inc.,0001762229,,,non_traded,closed_end_or_interval_fund,2024-08-07,2024-09-06,nav_based,,,,,,,,,,,,,,,,,,,common_or_unspecified,yes,,yes,"Odd lots will be accepted for payment before any proration of the purchase of other tendered Shares, provided that (a) this priority is not available to partial tenders or to beneficial or record holders of 100 or more Shares in the aggregate, even if these holders have separate accounts or certificates representing fewer than 100 Shares, and (b) to qualify for this priority, an Odd Lot Holder must tender all Shares owned by the Odd Lot Holder in accordance with the procedures described in Section 4.","However, to qualify for the priority in case of proration, an Odd Lot Holder (as defined below) must tender all Shares owned by any such Odd Lot Holder.",odd-lot -> no-proration/priority: 'Odd lots will be accepted for payment before any prorat' (<100-share threshold stated in the document),0001104659-24-086780,0001104659-24-086780,https://www.sec.gov/Archives/edgar/data/1762229/000110465924086780/tm2421108d1_ex99-a1a.htm,d9f6530faf6dc930cafbe8b95fc23005ae988b37448b9ffbc1e1e732b1ec0837,https://www.sec.gov/Archives/edgar/data/1762229/000110465924098937/tm2423760d1_sctoia.htm,2024-09-11,1,2,False,document: 'there is no public market for our Shares. See Section 2 below. The offer is made upon the terms and subject to the conditions set forth in t',not exchange-listed / no ticker in the submissions index,0001104659-24-098937,149327,tm2421108d1_sctoi.htm
Yieldstreet Alternative Income Fund Inc.,0001762229,,,non_traded,closed_end_or_interval_fund,2024-11-07,2024-12-09,nav_based,,,,,,,,,,,,,,,,,,,common_or_unspecified,yes,,yes,"Odd lots will be accepted for payment before any proration of the purchase of other tendered Shares, provided that (a) this priority is not available to partial tenders or to beneficial or record holders of 100 or more Shares in the aggregate, even if these holders have separate accounts or certificates representing fewer than 100 Shares, and (b) to qualify for this priority, an Odd Lot Holder must tender all Shares owned by the Odd Lot Holder in accordance with the procedures described in Section 4.","However, to qualify for the priority in case of proration, an Odd Lot Holder (as defined below) must tender all Shares owned by any such Odd Lot Holder.",odd-lot -> no-proration/priority: 'Odd lots will be accepted for payment before any prorat' (<100-share threshold stated in the document),0001104659-24-115373,0001104659-24-115373,https://www.sec.gov/Archives/edgar/data/1762229/000110465924115373/tm2427847d1_ex99-a1a.htm,cc95dc36ac9c7f9c23c6faf06a414f5a6ce2007370ada8f022cad11d506b4010,https://www.sec.gov/Archives/edgar/data/1762229/000110465924127933/tm2430901d1_sctoia.htm,2024-12-12,1,2,False,document: 'there is no public market for our Shares. See Section 2 below. The offer is made upon the terms and subject to the conditions set forth in t',not exchange-listed / no ticker in the submissions index,0001104659-24-127933,150473,tm2427847d1_sctoi.htm
Yieldstreet Alternative Income Fund Inc.,0001762229,,,non_traded,closed_end_or_interval_fund,2025-02-19,2025-03-20,nav_based,,,,,,,,,,,,,,,,,,,common_or_unspecified,yes,,yes,"Odd lots will be accepted for payment before any proration of the purchase of other tendered Shares, provided that (a) this priority is not available to partial tenders or to beneficial or record holders of 100 or more Shares in the aggregate, even if these holders have separate accounts or certificates representing fewer than 100 Shares, and (b) to qualify for this priority, an Odd Lot Holder must tender all Shares owned by the Odd Lot Holder in accordance with the procedures described in Section 4.","However, to qualify for the priority in case of proration, an Odd Lot Holder (as defined below) must tender all Shares owned by any such Odd Lot Holder.",odd-lot -> no-proration/priority: 'Odd lots will be accepted for payment before any prorat' (<100-share threshold stated in the document),0001104659-25-015175,0001104659-25-015175,https://www.sec.gov/Archives/edgar/data/1762229/000110465925015175/tm257085d1_ex99-xax1xa.htm,c4a27c646a0a18904833176a225851c1f46800746a3b880b734ee84238cb283c,https://www.sec.gov/Archives/edgar/data/1762229/000110465925027700/tm2510172d1_sctoia.htm,2025-03-25,1,2,False,document: 'there is no public market for our Shares. See Section 2 below. The offer is made upon the terms and subject to the conditions set forth in t',not exchange-listed / no ticker in the submissions index,0001104659-25-027700,155200,tm257085d1_sctoi.htm
Yieldstreet Alternative Income Fund Inc.,0001762229,,,non_traded,closed_end_or_interval_fund,2025-05-08,2025-06-11,nav_based,,,,,,,,,,,,,,,,,,,common_or_unspecified,yes,,yes,"Odd lots will be accepted for payment before any proration of the purchase of other tendered Shares, provided that (a) this priority is not available to partial tenders or to beneficial or record holders of 100 or more Shares in the aggregate, even if these holders have separate accounts or certificates representing fewer than 100 Shares, and (b) to qualify for this priority, an Odd Lot Holder must tender all Shares owned by the Odd Lot Holder in accordance with the procedures described in Section 4.","However, to qualify for the priority in case of proration, an Odd Lot Holder (as defined below) must tender all Shares owned by any such Odd Lot Holder.",odd-lot -> no-proration/priority: 'Odd lots will be accepted for payment before any prorat' (<100-share threshold stated in the document),0001104659-25-046118,0001104659-25-046118,https://www.sec.gov/Archives/edgar/data/1762229/000110465925046118/tm2514508d1_ex99-xax1xa.htm,7851e92e6ca4dc58a877feca690d9acb001ba020dc9fcf299e6c388204d8f992,https://www.sec.gov/Archives/edgar/data/1762229/000110465925059381/tm2517975d1_sctoia.htm,2025-06-13,1,2,False,document: 'there is no public market for our Shares. See Section 2 below. The offer is made upon the terms and subject to the conditions set forth in t',not exchange-listed / no ticker in the submissions index,0001104659-25-059381,137096,tm2514508d1_sctoi.htm
Yieldstreet Alternative Income Fund Inc.,0001762229,,,non_traded,closed_end_or_interval_fund,2025-08-07,2025-09-09,nav_based,,,,,,,,,,,,,,,,,,,common_or_unspecified,yes,,yes,"Odd lots will be accepted for payment before any proration of the purchase of other tendered Shares, provided that (a) this priority is not available to partial tenders or to beneficial or record holders of 100 or more Shares in the aggregate, even if these holders have separate accounts or certificates representing fewer than 100 Shares, and (b) to qualify for this priority, an Odd Lot Holder must tender all Shares owned by the Odd Lot Holder in accordance with the procedures described in Section 4.","However, to qualify for the priority in case of proration, an Odd Lot Holder (as defined below) must tender all Shares owned by any such Odd Lot Holder.",odd-lot -> no-proration/priority: 'Odd lots will be accepted for payment before any prorat' (<100-share threshold stated in the document),0001104659-25-075213,0001104659-25-075213,https://www.sec.gov/Archives/edgar/data/1762229/000110465925075213/tm2522882d1_ex99-xax1xa.htm,ef6123d45400a7f978897fddcc57631c6cc1054a1661af77e5fda5d621da3af2,https://www.sec.gov/Archives/edgar/data/1762229/000110465925089462/tm2525995d1_sctoia.htm,2025-09-12,1,2,False,document: 'there is no public market for our Shares. See Section 2 below. The offer is made upon the terms and subject to the conditions set forth in t',not exchange-listed / no ticker in the submissions index,0001104659-25-089462,138364,tm2522882d1_sctoi.htm
Yieldstreet Alternative Income Fund Inc.,0001762229,,,non_traded,closed_end_or_interval_fund,2025-11-06,2025-12-09,nav_based,,,,,,,,,,,,,,,,,,,common_or_unspecified,yes,,yes,"Odd lots will be accepted for payment before any proration of the purchase of other tendered Shares, provided that (a) this priority is not available to partial tenders or to beneficial or record holders of 100 or more Shares in the aggregate, even if these holders have separate accounts or certificates representing fewer than 100 Shares, and (b) to qualify for this priority, an Odd Lot Holder must tender all Shares owned by the Odd Lot Holder in accordance with the procedures described in Section 4.","However, to qualify for the priority in case of proration, an Odd Lot Holder (as defined below) must tender all Shares owned by any such Odd Lot Holder.",odd-lot -> no-proration/priority: 'Odd lots will be accepted for payment before any prorat' (<100-share threshold stated in the document),0001104659-25-107700,0001104659-25-107700,https://www.sec.gov/Archives/edgar/data/1762229/000110465925107700/tm2530483d1_ex99-xax1xa.htm,7c82fe8bd219aac90748b16e00ce24c4ae35d6b533f021e2c13822a3e25b93a5,https://www.sec.gov/Archives/edgar/data/1762229/000110465925120533/tm2533273d1_sctoia.htm,2025-12-12,1,2,False,document: 'there is no public market for our Shares. See Section 2 below. The offer is made upon the terms and subject to the conditions set forth in t',not exchange-listed / no ticker in the submissions index,0001104659-25-120533,134815,tm2530483d1_sctoi.htm
Yieldstreet Alternative Income Fund Inc.,0001762229,,,non_traded,closed_end_or_interval_fund,2026-02-19,2026-03-20,nav_based,,,,,,,,,,,,,,,,,,,common_or_unspecified,yes,,yes,"Odd lots will be accepted for payment before any proration of the purchase of other tendered Shares, provided that (a) this priority is not available to partial tenders or to beneficial or record holders of 100 or more Shares in the aggregate, even if these holders have separate accounts or certificates representing fewer than 100 Shares, and (b) to qualify for this priority, an Odd Lot Holder must tender all Shares owned by the Odd Lot Holder in accordance with the procedures described in Section 4.","However, to qualify for the priority in case of proration, an Odd Lot Holder (as defined below) must tender all Shares owned by any such Odd Lot Holder.",odd-lot -> no-proration/priority: 'Odd lots will be accepted for payment before any prorat' (<100-share threshold stated in the document),0001104659-26-017576,0001104659-26-017576,https://www.sec.gov/Archives/edgar/data/1762229/000110465926017576/tm266852d1_ex99-xax1xa.htm,f85c17296cd8792dee0915c8f5b024d54d6227e13ea3e619aaaa18267792b51c,https://www.sec.gov/Archives/edgar/data/1762229/000110465926041320/tm2611403d1_sctoia.htm,2026-04-09,1,3,False,document: 'there is no public market for our Shares. See Section 2 below. The offer is made upon the terms and subject to the conditions set forth in t',not exchange-listed / no ticker in the submissions index,0001104659-26-041320,131434,tm266852d1_sctoi.htm
Clarion Partners Real Estate Income Fund Inc.,0001762562,,,non_traded,REIT,2019-12-19,2020-01-21,nav_based,,,,,,,,,,,,,,,,,,,common_or_unspecified,yes,,mentioned_no_priority_language,"What if more than 105,945 Shares are tendered (and not timely withdrawn)? The Fund will purchase duly tendered Shares from tendering Stockholders pursuant to the terms and conditions of the Offer by first purchasing shares tendered by any stockholders who own, beneficially or of record, an aggregate amount of 99 shares or less (an odd lot ) and tender all of their shares.","If more than the Offer Amount of the Fund s Shares are duly tendered pursuant to the Offer (and not withdrawn as provided in Section 4), unless the Fund determines not to purchase any Shares in the event that the conditions described in Section 12 of this Offer to Purchase are not met, the Fund will purchase Shares from tendering Stockholders in accordance with the terms and conditions specified in the Offer, by first purchasing shares tendered by any stockholders who own, beneficially or of record, an aggregate amount of 99 shares or less (an odd lot ) and tender all of their shares.","phrase present, no grant and no denial matched",0001193125-19-318511,0001193125-19-318511,https://www.sec.gov/Archives/edgar/data/1762562/000119312519318511/d852416dex99a1i.htm,5c32e7966bdee2ac528102c76e7e24c5b620bff540bbd4afe780f59d541a358f,https://www.sec.gov/Archives/edgar/data/1762562/000119312520015231/d872862dsctoia.htm,2020-01-27,1,2,False,"document: 'Shares are not listed on a national securities exchange. Instead, the Fund expects to provide Stockholders with limited liquidity through te'",not exchange-listed / no ticker in the submissions index,0001193125-20-015231,137536,d852416dsctoi.htm
Clarion Partners Real Estate Income Fund Inc.,0001762562,,,non_traded,REIT,2020-03-18,2020-04-16,nav_based,,,,,,,,,,,,,,,,,,,common_or_unspecified,yes,,mentioned_no_priority_language,"What if more than 123,673 Shares are tendered (and not timely withdrawn)? The Fund will purchase duly tendered Shares from tendering Stockholders pursuant to the terms and conditions of the Offer by first purchasing shares tendered by any stockholders who own, beneficially or of record, an aggregate amount of 99 shares or less (an odd lot ) and tender all of their shares.","If more than the Offer Amount of the Fund s Shares are duly tendered pursuant to the Offer (and not withdrawn as provided in Section 4), unless the Fund determines not to purchase any Shares in the event that the conditions described in Section 12 of this Offer to Purchase are not met, the Fund will purchase Shares from tendering Stockholders in accordance with the terms and conditions specified in the Offer, by first purchasing shares tendered by any stockholders who own, beneficially or of record, an aggregate amount of 99 shares or less (an odd lot ) and tender all of their shares.","phrase present, no grant and no denial matched",0001193125-20-076903,0001193125-20-076903,https://www.sec.gov/Archives/edgar/data/1762562/000119312520076903/d878841dex99a1i.htm,a0316b7f4871b5716d3eea2b4b75f6f32eaa0f29ce88af42540376c60f6cd9eb,https://www.sec.gov/Archives/edgar/data/1762562/000119312520114462/d883848dsctoia.htm,2020-04-22,1,2,False,"document: 'Shares are not listed on a national securities exchange. Instead, the Fund expects to provide Stockholders with limited liquidity through te'",not exchange-listed / no ticker in the submissions index,0001193125-20-114462,139353,d878841dsctoi.htm
Clarion Partners Real Estate Income Fund Inc.,0001762562,,,non_traded,REIT,2020-06-16,2020-07-16,nav_based,,,,,,,,,,,,,,,,,,,common_or_unspecified,yes,,mentioned_no_priority_language,"What if Shares representing in excess of $2,272,312 in aggregate net asset value are tendered (and not timely withdrawn)? The Fund will purchase duly tendered Shares from tendering Stockholders pursuant to the terms and conditions of the Offer by first purchasing shares tendered by any stockholders who own, beneficially or of record, an aggregate amount of 99 shares or less (an odd lot ) and tender all of their shares.","If more than the Offer Amount of the Fund s Shares are duly tendered pursuant to the Offer (and not withdrawn as provided in Section 4), unless the Fund determines not to purchase any Shares in the event that the conditions described in Section 12 of this Offer to Purchase are not met, the Fund will purchase Shares from tendering Stockholders in accordance with the terms and conditions specified in the Offer, by first purchasing shares tendered by any stockholders who own, beneficially or of record, an aggregate amount of 99 shares or less (an odd lot ) and tender all of their shares.","phrase present, no grant and no denial matched",0001193125-20-170072,0001193125-20-170072,https://www.sec.gov/Archives/edgar/data/1762562/000119312520170072/d830877dex99a1i.htm,eca7c5d882a9463dca800526a071f543ed6c4882c461748843b11e440741b121,https://www.sec.gov/Archives/edgar/data/1762562/000119312520196872/d37807dsctoia.htm,2020-07-22,1,2,False,"document: 'Shares are not listed on a national securities exchange. Instead, the Fund expects to provide Stockholders with limited liquidity through te'",not exchange-listed / no ticker in the submissions index,0001193125-20-196872,141638,d830877dsctoi.htm
Clarion Partners Real Estate Income Fund Inc.,0001762562,,,non_traded,REIT,2020-09-16,2020-10-15,nav_based,,,,,,,,,,,,,,,,,,,common_or_unspecified,yes,,mentioned_no_priority_language,"What if Shares representing in excess of $2,497,324 in aggregate net asset value are tendered (and not timely withdrawn)? The Fund will purchase duly tendered Shares from tendering Stockholders pursuant to the terms and conditions of the Offer by first purchasing shares tendered by any stockholders who own, beneficially or of record, an aggregate amount of 99 shares or less (an odd lot ) and tender all of their shares.","If more than the Offer Amount of the Fund s Shares are duly tendered pursuant to the Offer (and not withdrawn as provided in Section 4), unless the Fund determines not to purchase any Shares in the event that the conditions described in Section 12 of this Offer to Purchase are not met, the Fund will purchase Shares from tendering Stockholders in accordance with the terms and conditions specified in the Offer, by first purchasing shares tendered by any stockholders who own, beneficially or of record, an aggregate amount of 99 shares or less (an odd lot ) and tender all of their shares.","phrase present, no grant and no denial matched",0001193125-20-246837,0001193125-20-246837,https://www.sec.gov/Archives/edgar/data/1762562/000119312520246837/d917765dex99a1i.htm,12c94022d68ce42f13e4fccb8f8992fe21a11ee37b6809132851bcaa3ec44e5f,https://www.sec.gov/Archives/edgar/data/1762562/000119312520274072/d74533dsctoia.htm,2020-10-22,1,2,False,"document: 'Shares are not listed on a national securities exchange. Instead, the Fund expects to provide Stockholders with limited liquidity through te'",not exchange-listed / no ticker in the submissions index,0001193125-20-274072,141680,d917765dsctoi.htm
Clarion Partners Real Estate Income Fund Inc.,0001762562,,,non_traded,REIT,2020-12-14,2021-01-14,nav_based,,,,,,,,,,,,,,,,,,,common_or_unspecified,yes,,mentioned_no_priority_language,"What if Shares representing in excess of $2,726,574 in aggregate net asset value are tendered (and not timely withdrawn)? The Fund will purchase duly tendered Shares from tendering Stockholders pursuant to the terms and conditions of the Offer by first purchasing shares tendered by any stockholders who own, beneficially or of record, an aggregate amount of 99 shares or less (an odd lot ) and tender all of their shares.","If more than the Offer Amount of the Fund s Shares are duly tendered pursuant to the Offer (and not withdrawn as provided in Section 4), unless the Fund determines not to purchase any Shares in the event that the conditions described in Section 12 of this Offer to Purchase are not met, the Fund will purchase Shares from tendering Stockholders in accordance with the terms and conditions specified in the Offer, by first purchasing shares tendered by any stockholders who own, beneficially or of record, an aggregate amount of 99 shares or less (an odd lot ) and tender all of their shares.","phrase present, no grant and no denial matched",0001193125-20-316602,0001193125-20-316602,https://www.sec.gov/Archives/edgar/data/1762562/000119312520316602/d937856dex99a1i.htm,426cc1480c09180599eba28e1d66f975272e452cabd27763a93d21253e025e1e,https://www.sec.gov/Archives/edgar/data/1762562/000119312521011010/d31577dsctoia.htm,2021-01-19,1,2,False,"document: 'Shares are not listed on a national securities exchange. Instead, the Fund expects to provide Stockholders with limited liquidity through te'",not exchange-listed / no ticker in the submissions index,0001193125-21-011010,140466,d937856dsctoi.htm
Clarion Partners Real Estate Income Fund Inc.,0001762562,,,non_traded,REIT,2021-03-17,2021-04-15,nav_based,,,,,10.39,,,,,,,,,,,,,,common_or_unspecified,yes,,mentioned_no_priority_language,"What if Shares representing in excess of $3,256,613 in aggregate net asset value are tendered (and not timely withdrawn)? The Fund will purchase duly tendered Shares from tendering Stockholders pursuant to the terms and conditions of the Offer by first purchasing shares tendered by any stockholders who own, beneficially or of record, an aggregate amount of 99 shares or less (an odd lot ) and tender all of their shares.","If more than the Offer Amount of the Fund s Shares are duly tendered pursuant to the Offer (and not withdrawn as provided in Section 4), unless the Fund determines not to purchase any Shares in the event that the conditions described in Section 12 of this Offer to Purchase are not met, the Fund will purchase Shares from tendering Stockholders in accordance with the terms and conditions specified in the Offer, by first purchasing shares tendered by any stockholders who own, beneficially or of record, an aggregate amount of 99 shares or less (an odd lot ) and tender all of their shares.","phrase present, no grant and no denial matched",0001193125-21-083742,0001193125-21-083742,https://www.sec.gov/Archives/edgar/data/1762562/000119312521083742/d75027dex99a1i.htm,d9adbd08614ca1dffd9574504f389fb6e773b81912fba16fe83e95352c36bd74,https://www.sec.gov/Archives/edgar/data/1762562/000119312521120686/d130722dsctoia.htm,2021-04-19,1,2,False,"document: 'Shares are not listed on a national securities exchange. Instead, the Fund expects to provide Stockholders with limited liquidity through te'",not exchange-listed / no ticker in the submissions index,0001193125-21-120686,140089,d75027dsctoi.htm
Clarion Partners Real Estate Income Fund Inc.,0001762562,,,non_traded,REIT,2021-06-15,2021-07-15,nav_based,,,,,10.83,,,,,,,,,,,,,,common_or_unspecified,yes,,mentioned_no_priority_language,"What if Shares representing in excess of $4,629,852 in aggregate net asset value are tendered (and not timely withdrawn)? The Fund will purchase duly tendered Shares from tendering Stockholders pursuant to the terms and conditions of the Offer by first purchasing shares tendered by any stockholders who own, beneficially or of record, an aggregate amount of 99 shares or less (an odd lot ) and tender all of their shares.","If more than the Offer Amount of the Fund s Shares are duly tendered pursuant to the Offer (and not withdrawn as provided in Section 4), unless the Fund determines not to purchase any Shares in the event that the conditions described in Section 12 of this Offer to Purchase are not met, the Fund will purchase Shares from tendering Stockholders in accordance with the terms and conditions specified in the Offer, by first purchasing shares tendered by any stockholders who own, beneficially or of record, an aggregate amount of 99 shares or less (an odd lot ) and tender all of their shares.","phrase present, no grant and no denial matched",0001193125-21-190799,0001193125-21-190799,https://www.sec.gov/Archives/edgar/data/1762562/000119312521190799/d364345dex99a1i.htm,742440eadd4cc8cd9ac633ad5d2868ef06111bc97b3aa21de0e06a35c321e4c4,https://www.sec.gov/Archives/edgar/data/1762562/000119312521218373/d174480dsctoia.htm,2021-07-19,1,2,False,"document: 'Shares are not listed on a national securities exchange. Instead, the Fund expects to provide Stockholders with limited liquidity through te'",not exchange-listed / no ticker in the submissions index,0001193125-21-218373,141291,d364345dsctoi.htm
Clarion Partners Real Estate Income Fund Inc.,0001762562,,,non_traded,REIT,2021-09-15,2021-10-14,nav_based,,,,,11.94,,,,,,,,,,,,,,common_or_unspecified,yes,,mentioned_no_priority_language,"What if Shares representing in excess of $5,417,357 in aggregate net asset value are tendered (and not timely withdrawn)? The Fund will purchase duly tendered Shares from tendering Stockholders pursuant to the terms and conditions of the Offer by first purchasing shares tendered by any stockholders who own, beneficially or of record, an aggregate amount of 99 shares or less (an odd lot ) and tender all of their shares.","If more than the Offer Amount of the Fund s Shares are duly tendered pursuant to the Offer (and not withdrawn as provided in Section 4), unless the Fund determines not to purchase any Shares in the event that the conditions described in Section 12 of this Offer to Purchase are not met, the Fund will purchase Shares from tendering Stockholders in accordance with the terms and conditions specified in the Offer, by first purchasing shares tendered by any stockholders who own, beneficially or of record, an aggregate amount of 99 shares or less (an odd lot ) and tender all of their shares.","phrase present, no grant and no denial matched",0001193125-21-273558,0001193125-21-273558,https://www.sec.gov/Archives/edgar/data/1762562/000119312521273558/d183930dex99a1i.htm,5a47d395664ee10126a4c01211d401133648518825a69ce23ca714f170e49384,https://www.sec.gov/Archives/edgar/data/1762562/000119312521300796/d596591dsctoia.htm,2021-10-18,1,2,False,"document: 'Shares are not listed on a national securities exchange. Instead, the Fund expects to provide Stockholders with limited liquidity through te'",not exchange-listed / no ticker in the submissions index,0001193125-21-300796,143559,d183930dsctoi.htm
Clarion Partners Real Estate Income Fund Inc.,0001762562,,,non_traded,REIT,2021-12-13,2022-01-13,nav_based,,,,,12.09,,,,,,,,,,,,,,common_or_unspecified,yes,,mentioned_no_priority_language,"What if Shares representing in excess of $8,880,011 in aggregate net asset value are tendered (and not timely withdrawn)? The Fund will purchase duly tendered Shares from tendering Stockholders pursuant to the terms and conditions of the Offer by first purchasing shares tendered by any stockholders who own, beneficially or of record, an aggregate amount of 99 shares or less (an odd lot ) and tender all of their shares.","If more than the Offer Amount of the Fund s Shares are duly tendered pursuant to the Offer (and not withdrawn as provided in Section 4), unless the Fund determines not to purchase any Shares in the event that the conditions described in Section 12 of this Offer to Purchase are not met, the Fund will purchase Shares from tendering Stockholders in accordance with the terms and conditions specified in the Offer, by first purchasing shares tendered by any stockholders who own, beneficially or of record, an aggregate amount of 99 shares or less (an odd lot ) and tender all of their shares.","phrase present, no grant and no denial matched",0001193125-21-355152,0001193125-21-355152,https://www.sec.gov/Archives/edgar/data/1762562/000119312521355152/d118386dex99a1i.htm,eaffc41d0a804dd5c454c602e2909c38872ac52ca4ba39367f7b65445d2c0934,https://www.sec.gov/Archives/edgar/data/1762562/000119312522012199/d261007dsctoia.htm,2022-01-19,1,2,False,"document: 'Shares are not listed on a national securities exchange. Instead, the Fund expects to provide Stockholders with limited liquidity through te'",not exchange-listed / no ticker in the submissions index,0001193125-22-012199,143837,d118386dsctoi.htm
Clarion Partners Real Estate Income Fund Inc.,0001762562,,,non_traded,REIT,2022-03-16,2022-04-14,nav_based,,,,,,,,,,,,,,,,,,,common_or_unspecified,yes,,mentioned_no_priority_language,"What if Shares representing in excess of $10,710,974 in aggregate net asset value are tendered (and not timely withdrawn)? The Fund will purchase duly tendered Shares from tendering Stockholders pursuant to the terms and conditions of the Offer by first purchasing shares tendered by any stockholders who own, beneficially or of record, an aggregate amount of 99 shares or less (an odd lot ) and tender all of their shares.","If more than the Offer Amount of the Fund s Shares are duly tendered pursuant to the Offer (and not withdrawn as provided in Section 4), unless the Fund determines not to purchase any Shares in the event that the conditions described in Section 12 of this Offer to Purchase are not met, the Fund will purchase Shares from tendering Stockholders in accordance with the terms and conditions specified in the Offer, by first purchasing shares tendered by any stockholders who own, beneficially or of record, an aggregate amount of 99 shares or less (an odd lot ) and tender all of their shares.","phrase present, no grant and no denial matched",0001193125-22-076863,0001193125-22-076863,https://www.sec.gov/Archives/edgar/data/1762562/000119312522076863/d311833dex99a1i.htm,e9d487a6ee1fd78a4942ead135cabb636c97cf4a9950a9149d60dd34ce96c875,https://www.sec.gov/Archives/edgar/data/1762562/000119312522114816/d352153dsctoia.htm,2022-04-22,1,2,False,"document: 'Shares are not listed on a national securities exchange. Instead, the Fund expects to provide Stockholders with limited liquidity through te'",not exchange-listed / no ticker in the submissions index,0001193125-22-114816,143501,d311833dsctoi.htm
Clarion Partners Real Estate Income Fund Inc.,0001762562,,,non_traded,REIT,2022-06-14,2022-07-14,nav_based,,,,,,,,,,,,,,,,,,,common_or_unspecified,yes,,mentioned_no_priority_language,"What if Shares representing in excess of $14,975,549 in aggregate net asset value are tendered (and not timely withdrawn)? The Fund will purchase duly tendered Shares from tendering Stockholders pursuant to the terms and conditions of the Offer by first purchasing shares tendered by any stockholders who own, beneficially or of record, an aggregate amount of 99 shares or less (an odd lot ) and tender all of their shares.","If more than the Offer Amount of the Fund s Shares are duly tendered pursuant to the Offer (and not withdrawn as provided in Section 4), unless the Fund determines not to purchase any Shares in the event that the conditions described in Section 12 of this Offer to Purchase are not met, the Fund will purchase Shares from tendering Stockholders in accordance with the terms and conditions specified in the Offer, by first purchasing shares tendered by any stockholders who own, beneficially or of record, an aggregate amount of 99 shares or less (an odd lot ) and tender all of their shares.","phrase present, no grant and no denial matched",0001193125-22-173568,0001193125-22-173568,https://www.sec.gov/Archives/edgar/data/1762562/000119312522173568/d325708dex99a1i.htm,96e0576b3ffb952cb231e487cf68d5e48a15178efa91cc526dd56761bd61ca97,https://www.sec.gov/Archives/edgar/data/1762562/000119312522197857/d297603dsctoia.htm,2022-07-20,1,2,False,"document: 'Shares are not listed on a national securities exchange. Instead, the Fund expects to provide Stockholders with limited liquidity through te'",not exchange-listed / no ticker in the submissions index,0001193125-22-197857,142377,d325708dsctoi.htm
Clarion Partners Real Estate Income Fund Inc.,0001762562,,,non_traded,REIT,2022-09-14,2022-10-13,nav_based,,,,,,,,,,,,,,,,,,,common_or_unspecified,yes,,mentioned_no_priority_language,"What if Shares representing in excess of $21,750,598 in aggregate net asset value are tendered (and not timely withdrawn)? The Fund will purchase duly tendered Shares from tendering Stockholders pursuant to the terms and conditions of the Offer by first purchasing shares tendered by any stockholders who own, beneficially or of record, an aggregate amount of 99 shares or less (an odd lot ) and tender all of their shares.","If more than the Offer Amount of the Fund s Shares are duly tendered pursuant to the Offer (and not withdrawn as provided in Section 4), unless the Fund determines not to purchase any Shares in the event that the conditions described in Section 12 of this Offer to Purchase are not met, the Fund will purchase Shares from tendering Stockholders in accordance with the terms and conditions specified in the Offer, by first purchasing shares tendered by any stockholders who own, beneficially or of record, an aggregate amount of 99 shares or less (an odd lot ) and tender all of their shares.","phrase present, no grant and no denial matched",0001193125-22-244542,0001193125-22-244542,https://www.sec.gov/Archives/edgar/data/1762562/000119312522244542/d378344dex99a1i.htm,a6c21499c6e1b7b1a9d37ba88d2a1d1dbe7f3f2ffd1422bf1d3ab600ff0638ee,https://www.sec.gov/Archives/edgar/data/1762562/000119312522264992/d341816dsctoia.htm,2022-10-19,1,2,False,"document: 'Shares are not listed on a national securities exchange. Instead, the Fund expects to provide Stockholders with limited liquidity through te'",not exchange-listed / no ticker in the submissions index,0001193125-22-264992,142549,d378344dsctoi.htm
Clarion Partners Real Estate Income Fund Inc.,0001762562,,,non_traded,REIT,2022-12-12,2023-01-12,nav_based,,,,,,,,,,,,,,,,,,,common_or_unspecified,yes,,mentioned_no_priority_language,"What if Shares representing in excess of $26,242,179 in aggregate net asset value are tendered (and not timely withdrawn)? The Fund will purchase duly tendered Shares from tendering Stockholders pursuant to the terms and conditions of the Offer by first purchasing shares tendered by any stockholders who own, beneficially or of record, an aggregate amount of 99 shares or less (an odd lot ) and tender all of their shares.","If more than the Offer Amount of the Fund s Shares are duly tendered pursuant to the Offer (and not withdrawn as provided in Section 4), unless the Fund determines not to purchase any Shares in the event that the conditions described in Section 12 of this Offer to Purchase are not met, the Fund will purchase Shares from tendering Stockholders in accordance with the terms and conditions specified in the Offer, by first purchasing shares tendered by any stockholders who own, beneficially or of record, an aggregate amount of 99 shares or less (an odd lot ) and tender all of their shares.","phrase present, no grant and no denial matched",0001193125-22-302538,0001193125-22-302538,https://www.sec.gov/Archives/edgar/data/1762562/000119312522302538/d382952dex99a1i.htm,cf1787f81e2595cda5fbc9b4dc0825625cbd1676e3ef399b25248254f183d1c8,https://www.sec.gov/Archives/edgar/data/1762562/000119312523010783/d422491dsctoia.htm,2023-01-19,1,2,False,"document: 'Shares are not listed on a national securities exchange. Instead, the Fund expects to provide Stockholders with limited liquidity through te'",not exchange-listed / no ticker in the submissions index,0001193125-23-010783,141356,d382952dsctoi.htm
Clarion Partners Real Estate Income Fund Inc.,0001762562,,,non_traded,REIT,2023-03-15,2023-04-14,nav_based,,,,,,,,,,,,,,,,,,,common_or_unspecified,yes,,mentioned_no_priority_language,"What if Shares representing in excess of $27,491,445 in aggregate net asset value are tendered (and not timely withdrawn)? The Fund will purchase duly tendered Shares from tendering Stockholders pursuant to the terms and conditions of the Offer by first purchasing shares tendered by any stockholders who own, beneficially or of record, an aggregate amount of 99 shares or less (an odd lot ) and tender all of their shares.","If more than the Offer Amount of the Fund s Shares are duly tendered pursuant to the Offer (and not withdrawn as provided in Section 4), unless the Fund determines not to purchase any Shares in the event that the conditions described in Section 12 of this Offer to Purchase are not met, the Fund will purchase Shares from tendering Stockholders in accordance with the terms and conditions specified in the Offer, by first purchasing shares tendered by any stockholders who own, beneficially or of record, an aggregate amount of 99 shares or less (an odd lot ) and tender all of their shares.","phrase present, no grant and no denial matched",0001193125-23-070881,0001193125-23-070881,https://www.sec.gov/Archives/edgar/data/1762562/000119312523070881/d453203dex99a1i.htm,aa077870b1c4833d13bb2d9d8f0a64a51c7aea4a29dc22760138a0311c5a6b8c,https://www.sec.gov/Archives/edgar/data/1762562/000119312523107695/d475532dsctoia.htm,2023-04-20,1,2,False,"document: 'Shares are not listed on a national securities exchange. Instead, the Fund expects to provide Stockholders with limited liquidity through te'",not exchange-listed / no ticker in the submissions index,0001193125-23-107695,141690,d453203dsctoi.htm
Clarion Partners Real Estate Income Fund Inc.,0001762562,,,non_traded,REIT,2023-06-13,2023-07-14,nav_based,,,,,,,,,,,,,,,,,,,common_or_unspecified,yes,,mentioned_no_priority_language,"What if Shares representing in excess of $28,796,831 in aggregate net asset value are tendered (and not timely withdrawn)? The Fund will purchase duly tendered Shares from tendering Stockholders pursuant to the terms and conditions of the Offer by first purchasing shares tendered by any stockholders who own, beneficially or of record, an aggregate amount of 99 shares or less (an odd lot ) and tender all of their shares.","If more than the Offer Amount of the Fund s Shares are duly tendered pursuant to the Offer (and not withdrawn as provided in Section 4), unless the Fund determines not to purchase any Shares in the event that the conditions described in Section 12 of this Offer to Purchase are not met, the Fund will purchase Shares from tendering Stockholders in accordance with the terms and conditions specified in the Offer, by first purchasing shares tendered by any stockholders who own, beneficially or of record, an aggregate amount of 99 shares or less (an odd lot ) and tender all of their shares.","phrase present, no grant and no denial matched",0001193125-23-165799,0001193125-23-165799,https://www.sec.gov/Archives/edgar/data/1762562/000119312523165799/d447326dex99a1i.htm,8fb09ebbefe5c793bd3247e213f4ed26a184a2902c8d23eb2046e7b99b84a548,https://www.sec.gov/Archives/edgar/data/1762562/000119312523189660/d515776dsctoia.htm,2023-07-19,1,2,False,"document: 'Shares are not listed on a national securities exchange. Instead, the Fund expects to provide Stockholders with limited liquidity through te'",not exchange-listed / no ticker in the submissions index,0001193125-23-189660,139759,d447326dsctoi.htm
Clarion Partners Real Estate Income Fund Inc.,0001762562,,,non_traded,REIT,2023-09-13,2023-10-12,nav_based,,,,,,,,,,,,,,,,,,,common_or_unspecified,yes,,mentioned_no_priority_language,"What if Shares representing in excess of $30,109,908 in aggregate net asset value are tendered (and not timely withdrawn)? The Fund will purchase duly tendered Shares from tendering Stockholders pursuant to the terms and conditions of the Offer by first purchasing shares tendered by any stockholders who own, beneficially or of record, an aggregate amount of 99 shares or less (an odd lot ) and tender all of their shares.","If more than the Offer Amount of the Fund s Shares are duly tendered pursuant to the Offer (and not withdrawn as provided in Section 4), unless the Fund determines not to purchase any Shares in the event that the conditions described in Section 12 of this Offer to Purchase are not met, the Fund will purchase Shares from tendering Stockholders in accordance with the terms and conditions specified in the Offer, by first purchasing shares tendered by any stockholders who own, beneficially or of record, an aggregate amount of 99 shares or less (an odd lot ) and tender all of their shares.","phrase present, no grant and no denial matched",0001193125-23-234065,0001193125-23-234065,https://www.sec.gov/Archives/edgar/data/1762562/000119312523234065/d535901dex99a1i.htm,30956fe0b1b22a5855b3f31a158316b68d5f9ec62654ef0ce5d5f0003eaf0e42,https://www.sec.gov/Archives/edgar/data/1762562/000119312523258382/d279814dsctoia.htm,2023-10-18,1,2,False,"document: 'Shares are not listed on a national securities exchange. Instead, the Fund expects to provide Stockholders with limited liquidity through te'",not exchange-listed / no ticker in the submissions index,0001193125-23-258382,140053,d535901dsctoi.htm
Clarion Partners Real Estate Income Fund Inc.,0001762562,,,non_traded,REIT,2023-12-11,2024-01-11,nav_based,,,,,,,,,,,,,,,,,,,common_or_unspecified,yes,,mentioned_no_priority_language,"What if Shares representing in excess of $31,444,022 in aggregate net asset value are tendered (and not timely withdrawn)? The Fund will purchase duly tendered Shares from tendering Stockholders pursuant to the terms and conditions of the Offer by first purchasing shares tendered by any stockholders who own, beneficially or of record, an aggregate amount of 99 shares or less (an odd lot ) and tender all of their shares.","If more than the Offer Amount of the Fund s Shares are duly tendered pursuant to the Offer (and not withdrawn as provided in Section 4), unless the Fund determines not to purchase any Shares in the event that the conditions described in Section 12 of this Offer to Purchase are not met, the Fund will purchase Shares from tendering Stockholders in accordance with the terms and conditions specified in the Offer, by first purchasing shares tendered by any stockholders who own, beneficially or of record, an aggregate amount of 99 shares or less (an odd lot ) and tender all of their shares.","phrase present, no grant and no denial matched",0001193125-23-292461,0001193125-23-292461,https://www.sec.gov/Archives/edgar/data/1762562/000119312523292461/d840672dex99a1i.htm,89c7b0e9313bd16795461c016736b7ae1266f20354456165a3d84b15cc57984a,https://www.sec.gov/Archives/edgar/data/1762562/000119312524011171/d108114dsctoia.htm,2024-01-19,1,2,False,"document: 'Shares are not listed on a national securities exchange. Instead, the Fund expects to provide Stockholders with limited liquidity through te'",not exchange-listed / no ticker in the submissions index,0001193125-24-011171,140110,d840672dsctoi.htm
Clarion Partners Real Estate Income Fund Inc.,0001762562,,,non_traded,REIT,2024-03-14,2024-04-15,nav_based,,,,,,,,,,,,,,,,,,,common_or_unspecified,yes,,mentioned_no_priority_language,"What if Shares representing in excess of $33,831,549 in aggregate net asset value are tendered (and not timely withdrawn)? The Fund will purchase duly tendered Shares from tendering Stockholders pursuant to the terms and conditions of the Offer by first purchasing shares tendered by any stockholders who own, beneficially or of record, an aggregate amount of 99 shares or less (an odd lot ) and tender all of their shares.","If more than the Offer Amount of the Fund s Shares are duly tendered pursuant to the Offer (and not withdrawn as provided in Section 4), unless the Fund determines not to purchase any Shares in the event that the conditions described in Section 12 of this Offer to Purchase are not met, the Fund will purchase Shares from tendering Stockholders in accordance with the terms and conditions specified in the Offer, by first purchasing shares tendered by any stockholders who own, beneficially or of record, an aggregate amount of 99 shares or less (an odd lot ) and tender all of their shares.","phrase present, no grant and no denial matched",0001193125-24-067682,0001193125-24-067682,https://www.sec.gov/Archives/edgar/data/1762562/000119312524067682/d63489dex99a1i.htm,f27c7a51ae8fd4f14334eebac5b7ac7544b9c7a3b2cb6c4901e56c57102dbf2f,https://www.sec.gov/Archives/edgar/data/1762562/000119312524158116/d633719dsctoia.htm,2024-06-10,1,2,False,"document: 'Shares are not listed on a national securities exchange. Instead, the Fund expects to provide Stockholders with limited liquidity through te'",not exchange-listed / no ticker in the submissions index,0001193125-24-158116,140036,d63489dsctoi.htm
Clarion Partners Real Estate Income Fund Inc.,0001762562,,,non_traded,REIT,2024-06-13,2024-07-15,nav_based,,,,,,,,,,,,,,,,,,,common_or_unspecified,yes,,mentioned_no_priority_language,"What if Shares representing in excess of $35,949,464 in aggregate net asset value are tendered (and not timely withdrawn)? The Fund will purchase duly tendered Shares from tendering Stockholders pursuant to the terms and conditions of the Offer by first purchasing shares tendered by any stockholders who own, beneficially or of record, an aggregate amount of 99 shares or less (an odd lot ) and tender all of their shares.","If more than the Offer Amount of the Fund s Shares are duly tendered pursuant to the Offer (and not withdrawn as provided in Section 4), unless the Fund determines not to purchase any Shares in the event that the conditions described in Section 12 of this Offer to Purchase are not met, the Fund will purchase Shares from tendering Stockholders in accordance with the terms and conditions specified in the Offer, by first purchasing shares tendered by any stockholders who own, beneficially or of record, an aggregate amount of 99 shares or less (an odd lot ) and tender all of their shares.","phrase present, no grant and no denial matched",0001193125-24-160671,0001193125-24-160671,https://www.sec.gov/Archives/edgar/data/1762562/000119312524160671/d800891dex99a1i.htm,c7fa2c915adf531835171b93f8f883e575dd10d577294eca28ea564dbc1bb4bc,https://www.sec.gov/Archives/edgar/data/1762562/000119312524181021/d832345dsctoia.htm,2024-07-18,1,2,False,"document: 'Shares are not listed on a national securities exchange. Instead, the Fund expects to provide Stockholders with limited liquidity through te'",not exchange-listed / no ticker in the submissions index,0001193125-24-181021,140586,d800891dsctoi.htm
Clarion Partners Real Estate Income Fund Inc.,0001762562,,,non_traded,REIT,2024-09-17,2024-10-15,nav_based,,,,,,,,,,,,,,,,,,,common_or_unspecified,yes,,mentioned_no_priority_language,"What if Shares representing in excess of $39,284,177 in aggregate net asset value are tendered (and not timely withdrawn)? The Fund will purchase duly tendered Shares from tendering Stockholders pursuant to the terms and conditions of the Offer by first purchasing shares tendered by any stockholders who own, beneficially or of record, an aggregate amount of 99 shares or less (an odd lot ) and tender all of their shares.","If more than the Offer Amount of the Fund s Shares are duly tendered pursuant to the Offer (and not withdrawn as provided in Section 4), unless the Fund determines not to purchase any Shares in the event that the conditions described in Section 12 of this Offer to Purchase are not met, the Fund will purchase Shares from tendering Stockholders in accordance with the terms and conditions specified in the Offer, by first purchasing shares tendered by any stockholders who own, beneficially or of record, an aggregate amount of 99 shares or less (an odd lot ) and tender all of their shares.","phrase present, no grant and no denial matched",0001193125-24-220241,0001193125-24-220241,https://www.sec.gov/Archives/edgar/data/1762562/000119312524220241/d882535dex99a1i.htm,c60915abe69b0f89ea66af4c224f3784238ef5368ed98cf777ea7c20e3b6ea89,https://www.sec.gov/Archives/edgar/data/1762562/000119312524240469/d837110dsctoia.htm,2024-10-21,1,2,False,"document: 'Shares are not listed on a national securities exchange. Instead, the Fund expects to provide Stockholders with limited liquidity through te'",not exchange-listed / no ticker in the submissions index,0001193125-24-240469,141547,d882535dsctoi.htm
Clarion Partners Real Estate Income Fund Inc.,0001762562,,,non_traded,REIT,2024-12-13,2025-01-14,nav_based,,,,,,,,,,,,,,,,,,,common_or_unspecified,yes,,mentioned_no_priority_language,"What if Shares representing in excess of $42,636,801 in aggregate net asset value are tendered (and not timely withdrawn)? The Fund will purchase duly tendered Shares from tendering Stockholders pursuant to the terms and conditions of the Offer by first purchasing shares tendered by any stockholders who own, beneficially or of record, an aggregate amount of 99 shares or less (an odd lot ) and tender all of their shares.","If more than the Offer Amount of the Fund s Shares are duly tendered pursuant to the Offer (and not withdrawn as provided in Section 4), unless the Fund determines not to purchase any Shares in the event that the conditions described in Section 12 of this Offer to Purchase are not met, the Fund will purchase Shares from tendering Stockholders in accordance with the terms and conditions specified in the Offer, by first purchasing shares tendered by any stockholders who own, beneficially or of record, an aggregate amount of 99 shares or less (an odd lot ) and tender all of their shares.","phrase present, no grant and no denial matched",0001193125-24-278197,0001193125-24-278197,https://www.sec.gov/Archives/edgar/data/1762562/000119312524278197/d916560dex99a1i.htm,c74b0a25fa797973aba58e3d34fb54c5458512c88afcfa16369469c0cc218a04,https://www.sec.gov/Archives/edgar/data/1762562/000119312525009598/d899847dsctoia.htm,2025-01-21,1,2,False,"document: 'Shares are not listed on a national securities exchange. Instead, the Fund expects to provide Stockholders with limited liquidity through te'",not exchange-listed / no ticker in the submissions index,0001193125-25-009598,146323,d916560dsctoi.htm
Clarion Partners Real Estate Income Fund Inc.,0001762562,,,non_traded,REIT,2025-03-14,2025-04-15,nav_based,,,,,,,,,,,,,,,,,,,common_or_unspecified,yes,,mentioned_no_priority_language,"What if Shares representing in excess of $45,719,942 in aggregate net asset value are tendered (and not timely withdrawn)? The Fund will purchase duly tendered Shares from tendering Stockholders pursuant to the terms and conditions of the Offer by first purchasing shares tendered by any stockholders who own, beneficially or of record, an aggregate amount of 99 shares or less (an odd lot ) and tender all of their shares.","If more than the Offer Amount of the Fund s Shares are duly tendered pursuant to the Offer (and not withdrawn as provided in Section 4), unless the Fund determines not to purchase any Shares in the event that the conditions described in Section 12 of this Offer to Purchase are not met, the Fund will purchase Shares from tendering Stockholders in accordance with the terms and conditions specified in the Offer, by first purchasing shares tendered by any stockholders who own, beneficially or of record, an aggregate amount of 99 shares or less (an odd lot ) and tender all of their shares.","phrase present, no grant and no denial matched",0001193125-25-054653,0001193125-25-054653,https://www.sec.gov/Archives/edgar/data/1762562/000119312525054653/d802030dex99a1i.htm,5194f3f0b150d264b38248c5c5a2e3e3fba9dd871034434c2df134aa20227215,https://www.sec.gov/Archives/edgar/data/1762562/000119312525089305/d895952dsctoia.htm,2025-04-22,1,2,False,"document: 'Shares are not listed on a national securities exchange. Instead, the Fund expects to provide Stockholders with limited liquidity through te'",not exchange-listed / no ticker in the submissions index,0001193125-25-089305,143501,d802030dsctoi.htm
Clarion Partners Real Estate Income Fund Inc.,0001762562,,,non_traded,REIT,2025-06-13,2025-07-15,nav_based,,,,,,,,,,,,,,,,,,,common_or_unspecified,yes,,mentioned_no_priority_language,"What if Shares representing in excess of $49,318,624 in aggregate net asset value are tendered (and not timely withdrawn)? The Fund will purchase duly tendered Shares from tendering Stockholders pursuant to the terms and conditions of the Offer by first purchasing shares tendered by any stockholders who own, beneficially or of record, an aggregate amount of 99 shares or less (an odd lot ) and tender all of their shares.","If more than the Offer Amount of the Fund s Shares are duly tendered pursuant to the Offer (and not withdrawn as provided in Section 4), unless the Fund determines not to purchase any Shares in the event that the conditions described in Section 12 of this Offer to Purchase are not met, the Fund will purchase Shares from tendering Stockholders in accordance with the terms and conditions specified in the Offer, by first purchasing shares tendered by any stockholders who own, beneficially or of record, an aggregate amount of 99 shares or less (an odd lot ) and tender all of their shares.","phrase present, no grant and no denial matched",0001193125-25-140513,0001193125-25-140513,https://www.sec.gov/Archives/edgar/data/1762562/000119312525140513/d906558dex99a1i.htm,a689c56758eb72c5473f707e53452ec2cc01418582056ac564412aad4e52db93,https://www.sec.gov/Archives/edgar/data/1762562/000119312525166139/d889133dsctoia.htm,2025-07-28,1,2,False,"document: 'Shares are not listed on a national securities exchange. Instead, the Fund expects to provide Stockholders with limited liquidity through te'",not exchange-listed / no ticker in the submissions index,0001193125-25-166139,143936,d906558dsctoi.htm
Clarion Partners Real Estate Income Fund Inc.,0001762562,,,non_traded,REIT,2025-09-16,2025-10-15,nav_based,,,,,,,,,,,,,,,,,,,common_or_unspecified,yes,,mentioned_no_priority_language,"What if Shares representing in excess of $53,820,520 in aggregate net asset value are tendered (and not timely withdrawn)? The Fund will purchase duly tendered Shares from tendering Stockholders pursuant to the terms and conditions of the Offer by first purchasing shares tendered by any stockholders who own, beneficially or of record, an aggregate amount of 99 shares or less (an ""odd lot"") and tender all of their shares.","If more than the Offer Amount of the Fund's Shares are duly tendered pursuant to the Offer (and not withdrawn as provided in Section 4), unless the Fund determines not to purchase any Shares in the event that the conditions described in Section 12 of this Offer to Purchase are not met, the Fund will purchase Shares from tendering Stockholders in accordance with the terms and conditions specified in the Offer, by first purchasing shares tendered by any stockholders who own, beneficially or of record, an aggregate amount of 99 shares or less (an ""odd lot"") and tender all of their shares.","phrase present, no grant and no denial matched",0001193125-25-204987,0001193125-25-204987,https://www.sec.gov/Archives/edgar/data/1762562/000119312525204987/d27283dex99a1i.htm,2ee0e01f7ea2fcf7b385d3b376437af8f34bb034f57272af1b1a80bb746707c6,https://www.sec.gov/Archives/edgar/data/1762562/000119312525246149/d27318dsctoia.htm,2025-10-22,1,2,False,"document: 'Shares are not listed on a national securities exchange. Instead, the Fund expects to provide Stockholders with limited liquidity through te'",not exchange-listed / no ticker in the submissions index,0001193125-25-246149,142264,d27283dsctoi.htm
Clarion Partners Real Estate Income Fund Inc.,0001762562,,,non_traded,REIT,2025-12-15,2026-01-14,nav_based,,,,,,,,,,,,,,,,,,,common_or_unspecified,yes,,mentioned_no_priority_language,"What if Shares representing in excess of $58,923,898 in aggregate net asset value are tendered (and not timely withdrawn)? The Fund will purchase duly tendered Shares from tendering Stockholders pursuant to the terms and conditions of the Offer by first purchasing shares tendered by any stockholders who own, beneficially or of record, an aggregate amount of 99 shares or less (an ""odd lot"") and tender all of their shares.","If more than the Offer Amount of the Fund's Shares are duly tendered pursuant to the Offer (and not withdrawn as provided in Section 4), unless the Fund determines not to purchase any Shares in the event that the conditions described in Section 12 of this Offer to Purchase are not met, the Fund will purchase Shares from tendering Stockholders in accordance with the terms and conditions specified in the Offer, by first purchasing shares tendered by any stockholders who own, beneficially or of record, an aggregate amount of 99 shares or less (an ""odd lot"") and tender all of their shares.","phrase present, no grant and no denial matched",0001193125-25-318810,0001193125-25-318810,https://www.sec.gov/Archives/edgar/data/1762562/000119312525318810/d61052dex99a1i.htm,4df9b7275668dffded229cb405e076cb0d64979a94e84c3ca892a2d6d784e617,https://www.sec.gov/Archives/edgar/data/1762562/000119312526020543/d902402dsctoia.htm,2026-01-23,1,2,False,"document: 'Shares are not listed on a national securities exchange. Instead, the Fund expects to provide Stockholders with limited liquidity through te'",not exchange-listed / no ticker in the submissions index,0001193125-26-020543,142463,d61052dsctoi.htm
BlackRock Science & Technology Term Trust,0001768666,BSTZ,NYSE,listed,closed_end_or_interval_fund,2024-07-19,,nav_based,,,,,,,,19.510000228881836,2024-07-18,19.56999969482422,2024-08-19,1.0,,,,,,,common_or_unspecified,yes,,mentioned_no_priority_language,(d) Each Conditional Tender Offer shall require odd lot tenders to be subject to the same proration terms as tenders of 100 shares or more.,,"phrase present, no grant and no denial matched",0001193125-24-181687,0001193125-24-181687,https://www.sec.gov/Archives/edgar/data/1768666/000119312524181687/d790951dex99d4.htm,1a1bb6525297a76313ee2f2aaf99a08751d23ff693f131e115006c08203fd460,https://www.sec.gov/Archives/edgar/data/1768666/000119312524204726/d869894dsctoia.htm,2024-08-22,1,3,False,submissions index: ['BSTZ'] on ['NYSE']; no non-traded language in doc,"yfinance Close, dividends unadjusted, split basis restored to the offer date",0001193125-24-204726,74018,d790951dsctoi.htm
Accordant ODCE Index Fund,0001783964,,,non_traded,REIT,2022-08-29,2022-09-26,nav_based,,,,,,,,,,,,,,,,,,,common_or_unspecified,no_amendment_found,,yes,"Odd lots will be accepted for payment before any proration of the purchase of other tendered Shares, provided that (a) this priority is not available to partial tenders or to beneficial or record holders of 100 or more Shares in the aggregate, even if these holders have separate accounts or certificates representing fewer than 100 Shares, and (b) to qualify for this priority, an Odd Lot Holder must tender all Shares owned by the Odd Lot Holder in accordance with the procedures described in Section 4.",Odd Lot Holders who tender all of their Shares must also check the &ldquo;Full Odd Lot Redemption (100 shares or less)&rdquo; box in to the Letter of Transmittal to qualify for the priority treatment available to Odd Lot Holders as set forth in Section 1.,odd-lot -> no-proration/priority: 'Odd lots will be accepted for payment before any prorat' (<100-share threshold stated in the document),0001398344-22-017511,0001398344-22-017511,https://www.sec.gov/Archives/edgar/data/1783964/000139834422017511/fp0079077_sctoi.htm,b341397d1e5d7cf024b6cf51636f1352dba94da30d24be43bf59a792d6480fa0,,,2,1,False,document: 'there is no public market for our Shares. See Section 2 below. The offer is made upon the terms and subject to the conditions set forth in t',not exchange-listed / no ticker in the submissions index,,260931,fp0079077_sctoi.htm
Accordant ODCE Index Fund,0001783964,,,non_traded,REIT,2022-11-23,2022-12-22,nav_based,,,,,,,,,,,,,,,,,,,common_or_unspecified,yes,,yes,"Odd lots will be accepted for payment before any proration of the purchase of other tendered Shares, provided that (a) this priority is not available to partial tenders or to beneficial or record holders of 100 or more Shares in the aggregate, even if these holders have separate accounts or certificates representing fewer than 100 Shares, and (b) to qualify for this priority, an Odd Lot Holder must tender all Shares owned by the Odd Lot Holder in accordance with the procedures described in Section 4.",Odd Lot Holders who tender all of their Shares must also check the &ldquo;Full Odd Lot Redemption (100 shares or less)&rdquo; box in to the Letter of Transmittal to qualify for the priority treatment available to Odd Lot Holders as set forth in Section 1.,odd-lot -> no-proration/priority: 'Odd lots will be accepted for payment before any prorat' (<100-share threshold stated in the document),0001398344-22-022579,0001398344-22-022579,https://www.sec.gov/Archives/edgar/data/1783964/000139834422022579/fp0080911-1_sctoi.htm,b4eb118c2319b6f4a3a120bf0ada4ba8d5ecec08c414e86a9365747990303cb5,https://www.sec.gov/Archives/edgar/data/1783964/000121390022080065/s146789_sctoia.htm,2022-12-15,3,2,False,document: 'there is no public market for our Shares. See Section 2 below. The offer is made upon the terms and subject to the conditions set forth in t',not exchange-listed / no ticker in the submissions index,0001213900-22-080065,264811,fp0080911-1_sctoi.htm
Accordant ODCE Index Fund,0001783964,,,non_traded,REIT,2023-03-03,2023-03-30,nav_based,,,,,,,,,,,,,,,,,,,common_or_unspecified,no_amendment_found,,yes,"Odd lots will be accepted for payment before any proration of the purchase of other tendered Shares, provided that (a) this priority is not available to partial tenders or to beneficial or record holders of 100 or more Shares in the aggregate, even if these holders have separate accounts or certificates representing fewer than 100 Shares, and (b) to qualify for this priority, an Odd Lot Holder must tender all Shares owned by the Odd Lot Holder in accordance with the procedures described in Section 4.",Odd Lot Holders who tender all of their Shares must also check the &ldquo;Full Odd Lot Redemption (100 shares or less)&rdquo; box in to the Letter of Transmittal to qualify for the priority treatment available to Odd Lot Holders as set forth in Section 1.,odd-lot -> no-proration/priority: 'Odd lots will be accepted for payment before any prorat' (<100-share threshold stated in the document),0001213900-23-017201,0001213900-23-017201,https://www.sec.gov/Archives/edgar/data/1783964/000121390023017201/ea150633_ex99a1a.htm,27d6da58584e87f25643ffe19f41d773e9f9e6241a3ce7d065fc949f52b27584,,,2,1,False,document: 'there is no public market for our Shares. See Section 2 below. The offer is made upon the terms and subject to the conditions set forth in t',not exchange-listed / no ticker in the submissions index,,146786,ea150633_sctoi.htm
Accordant ODCE Index Fund,0001783964,,,non_traded,REIT,2023-06-01,2023-06-29,nav_based,,,,,,,,,,,,,,,,,,,common_or_unspecified,no_amendment_found,,yes,"Odd lots will be accepted for payment before any proration of the purchase of other tendered Shares, provided that (a) this priority is not available to partial tenders or to beneficial or record holders of 100 or more Shares in the aggregate, even if these holders have separate accounts or certificates representing fewer than 100 Shares, and (b) to qualify for this priority, an Odd Lot Holder must tender all Shares owned by the Odd Lot Holder in accordance with the procedures described in Section 4.",Odd Lot Holders who tender all of their Shares must also check the &ldquo;Full Odd Lot Redemption (100 shares or less)&rdquo; box in to the Letter of Transmittal to qualify for the priority treatment available to Odd Lot Holders as set forth in Section 1.,odd-lot -> no-proration/priority: 'Odd lots will be accepted for payment before any prorat' (<100-share threshold stated in the document),0001213900-23-045063,0001213900-23-045063,https://www.sec.gov/Archives/edgar/data/1783964/000121390023045063/ea155678_ex99a1a.htm,ac5aeae46d0eaec6fdab820b210fae34429dcf30262bca363ca16c0e502a8509,,,2,1,False,document: 'there is no public market for our Shares. See Section 2 below. The offer is made upon the terms and subject to the conditions set forth in t',not exchange-listed / no ticker in the submissions index,,147534,ea155678_sctoi.htm
BlackRock Health Sciences Term Trust,0001785971,BMEZ,NYSE,listed,closed_end_or_interval_fund,2024-07-18,,nav_based,,,,,,,,15.920000076293945,2024-07-17,15.720000267028809,2024-08-19,1.0,,,,,,,common_or_unspecified,yes,,mentioned_no_priority_language,(d) Each Conditional Tender Offer shall require odd lot tenders to be subject to the same proration terms as tenders of 100 shares or more.,,"phrase present, no grant and no denial matched",0001193125-24-181053,0001193125-24-181053,https://www.sec.gov/Archives/edgar/data/1785971/000119312524181053/d832678dex99d4.htm,90758ee8d78d19d9e05146f817eb4e3589a4acdc4478c502c4bdf899e24283b6,https://www.sec.gov/Archives/edgar/data/1785971/000119312524203880/d857035dsctoia.htm,2024-08-21,1,3,False,submissions index: ['BMEZ'] on ['NYSE']; no non-traded language in doc,"yfinance Close, dividends unadjusted, split basis restored to the offer date",0001193125-24-203880,52766,d832678dsctoi.htm
BlackRock Health Sciences Term Trust,0001785971,BMEZ,NYSE,listed,closed_end_or_interval_fund,2025-03-21,,nav_based,,,,,,,,15.119999885559082,2025-03-20,13.479999542236328,2025-04-21,1.0,,,,,,,common_or_unspecified,yes,,mentioned_no_priority_language,"(b) the Tender Offer shall be commenced on March 21, 2025; (c) the Tender Offer shall expire or close on the twentieth (20 th ) business day after its commencement and the Fund shall pay for any of the Common Shares tendered in such Tender Offer not later than the seventh (7 th ) business day after the expiration or closing of the Tender Offer (such date of payment, the Tender Offer Payment Date ); (d) the Tender Offer shall not provide for preferential treatment for any shareholders of the Fund; and (e) the Tender Offer shall require odd lot tenders to be subject to the same proration terms as tenders of 100 Common Shares or more.",,"phrase present, no grant and no denial matched",0001193125-25-060100,0001193125-25-060100,https://www.sec.gov/Archives/edgar/data/1785971/000119312525060100/d665967dex99d5.htm,57cf1b544986079697b5ab8e23e9b78fb559a46fdaf11138bb52dc31274d69d3,https://www.sec.gov/Archives/edgar/data/1785971/000119312525087517/d926216dsctoia.htm,2025-04-22,1,3,False,submissions index: ['BMEZ'] on ['NYSE']; no non-traded language in doc,"yfinance Close, dividends unadjusted, split basis restored to the offer date",0001193125-25-087517,81486,d665967dsctoi.htm
"PROG Holdings, Inc.",0001808834,PRG,NYSE,listed,operating_company,2021-11-04,2021-12-03,dutch_auction,,44.0,50.0,,,47.0,range_midpoint,47.59000015258789,2021-11-03,43.529998779296875,2021-12-06,1.0,41.2,last reported sale price of the shares on the NYSE was $41.20,0.14077669902912615,-0.012397565679684197,1.1550970910822302,offer price / the price the OFFER DOCUMENT itself states,common_or_unspecified,yes,,yes,"If I own fewer than 100 shares and I tender all of my shares, will I be subject to proration? If you own, beneficially or of record, fewer than an aggregate of 100 shares, you properly tender all of such shares at or below the Purchase Price prior to the Expiration Date (and do not properly withdraw such shares) and you complete the section entitled Odd Lots in the Letter of Transmittal and, if applicable, in the Notice of Guaranteed Delivery, and all conditions to the tender offer are satisfied or waived, we will purchase all of your shares without subjecting them to proration.","If the conditions to the tender offer have been satisfied or waived and shares having an aggregate purchase price in excess of $425,000,000, measured at the maximum price at which such shares were properly tendered, have been properly tendered and not properly withdrawn prior to the Expiration Date, we will buy shares in the following order of priority: first , from all holders of odd lots (holders of fewer than 100 shares) who properly tender all of their shares at or below the Purchase Price and do not properly withdraw them before the Expiration Date; second , on a pro rata basis (with appropriate adjustments to avoid the purchase of fractional shares) from all other shareholders who properly tender shares at or below the Purcha",odd-lot -> no-proration/priority: 'odd lot priority' (<100-share threshold stated in the document),0001193125-21-319242,0001193125-21-319242,https://www.sec.gov/Archives/edgar/data/1808834/000119312521319242/d241938dex99a1i.htm,75f2eaf47f2f16bc14802e0f6dd75cb9ef4e170974e7b5e4eb360ce999418025,https://www.sec.gov/Archives/edgar/data/1808834/000119312521350883/d237814dsctoia.htm,2021-12-08,5,6,False,submissions index: ['PRG'] on ['NYSE']; no non-traded language in doc,"yfinance Close, dividends unadjusted, split basis restored to the offer date",0001193125-21-350883,333427,d241938dsctoi.htm
BlackRock Capital Allocation Term Trust,0001809541,BCAT,NYSE,listed,closed_end_or_interval_fund,2024-07-17,,nav_based,,,,,,,,16.700000762939453,2024-07-16,16.18000030517578,2024-08-19,1.0,,,,,,,common_or_unspecified,yes,,mentioned_no_priority_language,(d) Each Conditional Tender Offer shall require odd lot tenders to be subject to the same proration terms as tenders of 100 shares or more.,,"phrase present, no grant and no denial matched",0001193125-24-180429,0001193125-24-180429,https://www.sec.gov/Archives/edgar/data/1809541/000119312524180429/d813348dex99d6.htm,a836845b6612c14a295d44686bcafa5cad078e9da7c04ee7a05874fff31af855,https://www.sec.gov/Archives/edgar/data/1809541/000119312524203029/d801157dsctoia.htm,2024-08-20,1,3,False,submissions index: ['BCAT'] on ['NYSE']; no non-traded language in doc,"yfinance Close, dividends unadjusted, split basis restored to the offer date",0001193125-24-203029,53436,d813348dsctoi.htm
"BBX Capital, Inc.",0001814974,,,unknown,operating_company,2021-05-25,,fixed_price,6.75,,,,8.0,8.0,,,,,,,6.17,closing price of our Class A Common Stock on the OTCQX was $6.17,0.29659643435980554,,,offer price / the price the OFFER DOCUMENT itself states,common_or_unspecified,yes,,yes,"Such proration will apply to all shareholders without priority, including odd lot holders ( e.g.",,"no-proration/priority -> odd-lot: 'priority, including odd lot' (<100-share threshold stated in the document)",0001193125-21-172057,0001193125-21-172057,https://www.sec.gov/Archives/edgar/data/1814974/000119312521172057/d188394dex99a1a.htm,824aa825c4e072f12c92fc3a5b82c2b05caf1642f4f194384bec69e976351e25,https://www.sec.gov/Archives/edgar/data/1814974/000119312521215977/d194675dsctoia.htm,2021-07-15,1,7,False,"no ticker in submissions index, no non-traded language matched",not exchange-listed / no ticker in the submissions index,0001193125-21-215977,298848,d188394dsctoi.htm
"BBX Capital, Inc.",0001814974,,,unknown,operating_company,2022-11-22,,fixed_price,10.0,,,,10.0,10.0,,,,,,,7.49,closing price of our Class A Common Stock on the OTCQX was $7.49,0.33511348464619495,,,offer price / the price the OFFER DOCUMENT itself states,common_or_unspecified,yes,,yes,"Such proration will apply to all shareholders without priority, including odd lot holders ( e.g.",,"no-proration/priority -> odd-lot: 'priority, including odd lot' (<100-share threshold stated in the document)",0001193125-22-290520,0001193125-22-290520,https://www.sec.gov/Archives/edgar/data/1814974/000119312522290520/d278468dex99a1a.htm,85efa1776cf5e2ea28e274653991ea3191bd1c1b688c7c8514aec941d7f318cc,https://www.sec.gov/Archives/edgar/data/1814974/000119312522313242/d430716dsctoia.htm,2022-12-28,1,4,False,"no ticker in submissions index, no non-traded language matched",not exchange-listed / no ticker in the submissions index,0001193125-22-313242,316464,d278468dsctoi.htm
"BBX Capital, Inc.",0001814974,,,unknown,operating_company,2023-11-20,,fixed_price,8.0,,,,8.0,8.0,,,,,,,7.75,"closing price of our Class A Common Stock on the OTCQX on November 14, 2023, the last trading day before we announced our intention to commence the Offer, was $7.75",0.032258064516129004,,,offer price / the price the OFFER DOCUMENT itself states,common_or_unspecified,yes,,yes,"Such proration will apply to all shareholders without priority, including odd lot holders ( e.g.",,"no-proration/priority -> odd-lot: 'priority, including odd lot' (<100-share threshold stated in the document)",0001193125-23-280291,0001193125-23-280291,https://www.sec.gov/Archives/edgar/data/1814974/000119312523280291/d357569dex99a1a.htm,4a2dd4a4b2dd8d572bcd276b48f217e6b868533bc367535c3c12c7f0e9968740,https://www.sec.gov/Archives/edgar/data/1814974/000119312523303605/d668330dsctoia.htm,2023-12-27,1,4,False,"no ticker in submissions index, no non-traded language matched",not exchange-listed / no ticker in the submissions index,0001193125-23-303605,299833,d357569dsctoi.htm
"ATI Physical Therapy, Inc.",0001815849,,,unknown,REIT,2024-12-17,,fixed_price,2.85,,,,2.85,2.85,,,,,,,0.73,closing price of the Shares on the OTC Pink Open Market was $0.73,2.904109589041096,,,offer price / the price the OFFER DOCUMENT itself states,common_or_unspecified,yes,,yes,"See Section 4 - ""Withdrawal Rights."" In what order will tendered Shares be purchased? Will tendered Shares be prorated? What happens if more than 1,650,000 Shares are tendered? If more than 1,650,000 Shares are validly tendered at the Offer Price and not validly withdrawn, we will purchase Shares in the following order of priority: First , we will purchase all Odd Lots (as defined below in Section 1 - ""Terms of the Offer"") of less than 100 Shares from stockholders who validly tender all of their Shares at the Offer Price and who do not validly withdraw them before the Expiration Date (tenders of less than all of the Shares owned, beneficially or of record, by such Odd Lot Holder (as defined below in Section 1 - ""Terms of the Offer"") will not qualify for this preference); and Second , after purchasing all Odd Lots that were validly tendered, we will purchase Shares from all other stockholders who validly tender Shares and who do not validly withdraw them before the 7 TABLE OF CONTENTS Expiration Date, on a pro rata basis, with appropriate adjustments to avoid purchases of fractional shares, until we have acquired 1,650,000 Shares.","See Section 1 - ""Terms of the Offer."" If I own fewer than 100 Shares and I tender all of my Shares, will I be subject to proration? If (i) you own, beneficially or of record, fewer than 100 Shares in the aggregate, (ii) you validly tender all of these Shares and do not validly withdraw them before the Expiration Date, and (iii) you complete the section titled ""Odd Lots"" in the Letter of Transmittal and, if applicable, in the Notice of Guaranteed Delivery, if all offer conditions are waived or satisfied, we will purchase all of your Shares without subjecting them to the proration procedure.","odd-lot -> no-proration/priority: 'Odd Lots (as defined below in Section 1 - ""Terms of the Offer"") of less than 100 Shares from stockholders who validly tender all of their Shares at the Offer Price and who do not validly withdraw them' (<100-share threshold stated in the document)",0001104659-24-129196,0001104659-24-129196,https://www.sec.gov/Archives/edgar/data/1815849/000110465924129196/tm2430565d1_ex99-a1a.htm,342180cc079615c51a3fa9431a4608e76108bd71ce47ad80f374ed254d0ea18f,https://www.sec.gov/Archives/edgar/data/1815849/000110465925003954/tm2430565d7_sctoia.htm,2025-01-16,5,4,False,"no ticker in submissions index, no non-traded language matched",not exchange-listed / no ticker in the submissions index,0001104659-25-003954,443809,tm2430565-1_sctoi.htm
"Anebulo Pharmaceuticals, Inc.",0001815974,ANEB,OTC,listed,operating_company,2025-12-22,2025-05-07,fixed_price,3.5,,,,,3.5,,2.1700000762939453,2025-12-19,1.100000023841858,2026-01-22,1.0,1.83,closing price per Share of our common stock on Nasdaq was $1.83,0.9125683060109289,0.6129031690991953,1.1857923914174564,offer price / the price the OFFER DOCUMENT itself states,common_or_unspecified,no_amendment_found,,yes,"If I own fewer than 100 Shares and I tender all of my Shares, will I be subject to proration? If you (i) own, beneficially or of record, fewer than 100 Shares in the aggregate; (ii) properly tender all of these Shares and do not properly withdraw them before the Expiration Date; and (iii) complete the section(s) entitled &ldquo;Odd Lots&rdquo; in the Letter of Transmittal and, if applicable, in the Notice of Guaranteed Delivery, we will purchase all of your Shares without subjecting them to the proration procedure so long as the aggregate number of Shares properly tendered by Odd Lot Holders and not properly withdrawn before the Expiration Date is 300,000 or less.","If the conditions to the Offer have been satisfied or waived and more than 300,000 Shares have been properly tendered and not properly withdrawn prior to the Expiration Date by Odd Lot Holders, we will purchase Shares on the following basis: we will purchase all Shares properly tendered and not properly withdrawn before the Expiration Date on a pro rata basis with appropriate adjustment to avoid purchases of fractional shares (proration will be based on the ratio of the number of Shares properly tendered by each stockholder of Shares to the total number of Shares tendered by all stockholders of Shares) we will NOT prioritize Odd Lots The term &ldquo;Odd Lots&rdquo; means all Shares tendered by any person (such person, an &ldquo;Odd Lot Holder&rdquo;) who owned, beneficially or of record, an aggregate of fewer than 100 Shares and certifies such fact in the appropriate place on the Letter of Transmittal and, if applicable, on the Notice of Guaranteed Delivery.",odd-lot -> no-proration/priority: 'Odd Lot Holder will not qualify for this preference' (<100-share threshold stated in the document),0001493152-25-028680,0001493152-25-028680,https://www.sec.gov/Archives/edgar/data/1815974/000149315225028680/exa1-a.htm,14434afca890237e8a9bee4840d7a988d4c483e11f657e56111f053f04819a09,,,8,1,False,submissions index: ['ANEB'] on ['OTC']; no non-traded language in doc,"yfinance Close, dividends unadjusted, split basis restored to the offer date",,935971,formsc-toi.htm
Playtika Holding Corp.,0001828016,PLTK,Nasdaq,listed,operating_company,2022-08-29,,fixed_price,11.58,,,,11.58,11.58,,10.920000076293945,2022-08-26,9.680000305175781,2022-09-29,1.0,10.92,last reported sale price of the Shares was $10.92,0.06043956043956045,0.06043955303066695,1.000000006986625,offer price / the price the OFFER DOCUMENT itself states,common_or_unspecified,yes,,yes,"Such proration will apply to all stockholders without priority, including odd lot holders (e.g., stockholders who own, beneficially or of record, less than 100 Shares and who properly tender all of those Shares).",,"no-proration/priority -> odd-lot: 'priority, including odd lot' (<100-share threshold stated in the document)",0001193125-22-232038,0001193125-22-232038,https://www.sec.gov/Archives/edgar/data/1828016/000119312522232038/d328188dex99a1a.htm,6887916684bb0d51443125e13479ede9e761bdd79b7a1008b7e9557aaaead781,https://www.sec.gov/Archives/edgar/data/1828016/000119312522260236/d378155dsctoia.htm,2022-10-11,3,8,False,submissions index: ['PLTK'] on ['Nasdaq']; no non-traded language in doc,"yfinance Close, dividends unadjusted, split basis restored to the offer date",0001193125-22-260236,494912,d328188dsctoi.htm
RUM Group Inc.,0001830081,"RUM,RUMBW","Nasdaq,Nasdaq",listed,operating_company,2025-01-03,,fixed_price,7.5,,,,7.5,7.5,,12.399999618530273,2025-01-02,12.210000038146973,2025-02-03,1.0,12.4,closing price of our shares of Class&#x00a0;A Common Stock on the NASDAQ was $12.40,-0.3951612903225806,-0.39516127171551096,0.9999999692363123,offer price / the price the OFFER DOCUMENT itself states,common_or_unspecified,yes,,yes,"In the event of an over -subscription of the Offer, we will purchase all Shares validly tendered and not validly withdrawn on a pro rata basis, based on the Proration Factor (as defined herein), except for &#x201c;odd lots&#x201d; of less than 100 Shares, which we will purchase on a priority basis (though tenders of less than all of the Shares owned by an Odd Lot Holder (as defined herein) will not qualify for this priority).","If&#x00a0;I own fewer than 100 Shares and&#x00a0;I tender all of my Shares, will&#x00a0;I be subject to proration? Upon the terms and subject to the conditions of the Offer, if you own beneficially or of record fewer than 100 Shares in the aggregate, you validly tender all of these Shares, you do not withdraw such Shares before the Offer expires and you complete the section entitled &#x201c;Odd Lots&#x201d; in the Letter of Transmittal, and, if applicable, in the Notice of Guaranteed Delivery, we will purchase all of your Shares without subjecting them to the proration procedure.","odd-lot -> no-proration/priority: 'odd lots&#x201d; of less than 100 Shares, which we will purchase on a priority basis' (<100-share threshold stated in the document)",0001213900-25-000757,0001213900-25-000757,https://www.sec.gov/Archives/edgar/data/1830081/000121390025000757/sctoi_ex99a1arumble.htm,d5dc82bbf686f946c67994850b49324f06e763eccd9662d17100f0e8235a75b6,https://www.sec.gov/Archives/edgar/data/1830081/000121390025011384/sctoi0225_rumble.htm,2025-02-07,4,4,False,"submissions index: ['RUM', 'RUMBW'] on ['Nasdaq', 'Nasdaq']; no non-traded language in doc","yfinance Close, dividends unadjusted, split basis restored to the offer date",0001213900-25-011384,1050535,sctoi0125_rumble.htm
Zhihu Inc.,0001835724,"ZH,ZHIHF","NYSE,OTC",listed,REIT,2024-09-09,,unknown,,,,,,,,3.2100000381469727,2024-09-06,3.880000114440918,2024-10-10,1.0,3.21,closing price of the ADSs on the NYSE was US$3.21,,,1.0000000118837922,,preferred,yes,,mentioned_no_priority_language,Such Accepting Shareholders should note that the matching of odd lots is not guaranteed.,Such Accepting Shareholders should 36 TABLE OF CONTENTS note that the matching of odd lots is not guaranteed.,"phrase present, no grant and no denial matched",0001104659-24-097910,0001104659-24-097910,https://www.sec.gov/Archives/edgar/data/1835724/000110465924097910/tm2422796d3_ex99-a1a.htm,2230c5ba1642a77e0c9afaf8a9bd37bd33b799250b715895d8e4d1067bf0f024,https://www.sec.gov/Archives/edgar/data/1835724/000110465924112441/tm2427043d1_sctoi.htm,2024-10-30,3,4,False,"submissions index: ['ZH', 'ZHIHF'] on ['NYSE', 'OTC']; no non-traded language in doc","yfinance Close, dividends unadjusted, split basis restored to the offer date",0001104659-24-112441,2203915,tm2422796-3_sctoi.htm
BlackRock Technology & Private Equity Term Trust,0001836057,BTX,NYSE,listed,closed_end_or_interval_fund,2024-07-22,,nav_based,,,,,,,,7.309999942779541,2024-07-19,7.260000228881836,2024-08-22,1.0,,,,,,,common_or_unspecified,yes,,mentioned_no_priority_language,(d) Each Conditional Tender Offer shall require odd lot tenders to be subject to the same proration terms as tenders of 100 shares or more.,,"phrase present, no grant and no denial matched",0001193125-24-182259,0001193125-24-182259,https://www.sec.gov/Archives/edgar/data/1836057/000119312524182259/d843794dex99d4.htm,e6a6fe380430a9625ff0b27c6991913bb9c461d84db6766bd6eb136d50bd55dd,https://www.sec.gov/Archives/edgar/data/1836057/000119312524205555/d858490dsctoia.htm,2024-08-23,1,3,False,submissions index: ['BTX'] on ['NYSE']; no non-traded language in doc,"yfinance Close, dividends unadjusted, split basis restored to the offer date",0001193125-24-205555,53925,d843794dsctoi.htm
BlackRock Technology & Private Equity Term Trust,0001836057,BTX,NYSE,listed,closed_end_or_interval_fund,2025-06-09,,nav_based,,,,,,,,7.139999866485596,2025-06-06,7.199999809265137,2025-07-10,1.0,,,,,,,common_or_unspecified,yes,,mentioned_no_priority_language,"(b) the Tender Offer shall be commenced on June 9, 2025; (c) the Tender Offer shall expire or close on the twentieth (20 th ) business day after its commencement and the Fund shall pay for any of the Common Shares tendered in such Tender Offer not later than the seventh (7 th ) business day after the expiration or closing of the Tender Offer (such date of payment, the Tender Offer Payment Date ); (d) the Tender Offer shall not provide for preferential treatment for any shareholders of the Fund; and (e) the Tender Offer shall require odd lot tenders to be subject to the same proration terms as tenders of 100 Common Shares or more.",,"phrase present, no grant and no denial matched",0001193125-25-137833,0001193125-25-137833,https://www.sec.gov/Archives/edgar/data/1836057/000119312525137833/d26156dex99d5.htm,4cb607588230a88952fa73c2d2de33919767998a7f35926294932e91e4c8acd9,https://www.sec.gov/Archives/edgar/data/1836057/000119312525157195/d97211dsctoia.htm,2025-07-10,1,3,False,submissions index: ['BTX'] on ['NYSE']; no non-traded language in doc,"yfinance Close, dividends unadjusted, split basis restored to the offer date",0001193125-25-157195,78990,d26156dsctoi.htm
PMGC Holdings Inc.,0001840563,ELAB,Nasdaq,listed,operating_company,2024-10-04,,fixed_price,0.38,,,,,,,0.1319999951171875,2024-10-03,0.019999999912806918,2024-11-04,8.482142857142857e-07,,,,1.8787879852771363,,,preferred,yes,,yes,"withdrawn prior to the Expiration Time), on a pro rata basis, if necessary, with appropriate adjustments to avoid the exchange of fractional shares, until the Company has exchanged shares resulting in the exchange of 15,000,0000 shares of Common Stock; and 5 Table of Contents Because of the &#x201c;odd lot&#x201d; priority, proration and conditional tender provisions described above, the Company may not exchange all of the shares that you tender even if you validly tender them/ If I own fewer than 100 shares and I tender all of my shares, will I be subject to proration? If you own, beneficially or of record, fewer than 100 shares in the aggregate, you validly tender all of these shares prior to the Expiration Time (and do not validly withdraw such shares) and you complete the section entitled &#x201c; Odd Lots &#x201d; in the Letter of Transmittal and all conditions to the Offer are satisfied or waived, the Company will exchange all of your shares without subjecting them to proration.","and I tender all of my shares, will I be subject to proration? If you own, beneficially or of record, fewer than 100 shares in the aggregate, you validly tender all of these shares prior to the Expiration Time (and do not validly withdraw such shares) and you complete the section entitled &#x201c; Odd Lots &#x201d; in the Letter of Transmittal and all conditions to the Offer are satisfied or waived, the Company will exchange all of your shares without subjecting them to proration.",odd-lot -> no-proration/priority: 'odd lot&#x201d; priority' (<100-share threshold stated in the document),0001213900-24-085644,0001213900-24-085644,https://www.sec.gov/Archives/edgar/data/1840563/000121390024085644/sctoi_ex99a1aelevai.htm,449dc4988dba1cfb08bc7c1aa9c4b69bf56561662e4043532174c1fe1556d9fd,https://www.sec.gov/Archives/edgar/data/1840563/000121390024101681/sctoi1124_elevai.htm,2024-11-22,3,3,False,submissions index: ['ELAB'] on ['Nasdaq']; no non-traded language in doc,"yfinance Close, dividends unadjusted, split basis restored to the offer date",0001213900-24-101681,474788,sctoi1024_elevai.htm
Algoma Steel Group Inc.,0001860805,"ASTL,ASTLW","Nasdaq,Nasdaq",listed,operating_company,2022-06-21,2022-07-27,unknown,,,,,,,,9.239999771118164,2022-06-17,9.199999809265137,2022-07-28,1.0,10.24,closing price on the TSX was Cdn$10.24,,,0.9023437276482582,,common_or_unspecified,yes,,yes,"For purposes of the Offer, the term Odd Lots means all Successfully Tendered Shares tendered by or on behalf of the Successful Shareholders who individually beneficially own, as of the close of business on the Expiration Date, an aggregate of fewer than 100 Shares ( Odd Lot Holders ).","Shareholders owning an aggregate of less than 100 Shares whose Shares are purchased pursuant to the Offer not only will avoid the payment of brokerage commissions, but will also avoid any odd lot discounts, each of which may be applicable on a sale of their Shares in a transaction on the TSX or Nasdaq.","no-proration/priority -> odd-lot: 'preference, an Odd Lot' (<100-share threshold stated in the document)",0001193125-22-177083,0001193125-22-177083,https://www.sec.gov/Archives/edgar/data/1860805/000119312522177083/d368778dex99a1a.htm,9abbdae2f18cc6746af5f70d16a55865bc0870708bab1f891619442cbbe9e79f,https://www.sec.gov/Archives/edgar/data/1860805/000119312522209412/d176076dsctoia.htm,2022-08-02,6,4,False,"submissions index: ['ASTL', 'ASTLW'] on ['Nasdaq', 'Nasdaq']; no non-traded language in doc","yfinance Close, dividends unadjusted, split basis restored to the offer date",0001193125-22-209412,486059,d368778dsctoi.htm
illumin Holdings Inc.,0001861233,ILLMF,OTC,listed,operating_company,2023-07-27,2023-08-30,dutch_auction,,2.53,2.65,,,2.59,range_midpoint,1.9299999475479126,2023-07-26,1.8899999856948853,2023-08-31,1.0,2.37,closing price on the TSX was $2.37,0.09282700421940926,0.34196894838812053,0.814345969429499,offer price / the price the OFFER DOCUMENT itself states,common_or_unspecified,yes,,yes,"Shareholders owning an aggregate of less than 100 Shares whose Shares are purchased pursuant to the Offer not only will avoid the payment of brokerage commissions, but will also avoid any odd lot discounts, each of which may be applicable on a sale of their Shares in a transaction on the TSX or Nasdaq.","2 For purposes of the Offer, the term &ldquo; Odd Lots &rdquo; means all Successfully Tendered Shares tendered by or on behalf of the Successful Shareholders who individually beneficially own, as of the close of business on the Expiration Date, an aggregate of fewer than 100 Shares (&ldquo; Odd Lot Holders &rdquo;).","no-proration/priority -> odd-lot: 'preference, an Odd Lot' (<100-share threshold stated in the document)",0001171843-23-004728,0001171843-23-004728,https://www.sec.gov/Archives/edgar/data/1861233/000117184323004728/exh_99a1a.htm,dc2f1551fb7c8bfa2072aca8849727756d42dd468759c5d4c8e53c83a74e2476,https://www.sec.gov/Archives/edgar/data/1861233/000117184323005495/sctoia_083123.htm,2023-08-31,3,3,False,submissions index: ['ILLMF'] on ['OTC']; no non-traded language in doc,"yfinance Close, dividends unadjusted, split basis restored to the offer date",0001171843-23-005495,437873,sctoi_072723.htm
BlackRock ESG Capital Allocation Term Trust,0001864843,ECAT,NYSE,listed,closed_end_or_interval_fund,2024-07-22,,nav_based,,,,,,,,17.510000228881836,2024-07-19,17.540000915527344,2024-08-22,1.0,,,,,,,common_or_unspecified,yes,,mentioned_no_priority_language,(d) Each Conditional Tender Offer shall require odd lot tenders to be subject to the same proration terms as tenders of 100 shares or more.,,"phrase present, no grant and no denial matched",0001193125-24-182261,0001193125-24-182261,https://www.sec.gov/Archives/edgar/data/1864843/000119312524182261/d826888dex99d6.htm,a7ce99e90786cea948288215f80f85b54fddd2471b24d7d1af0ffe0c75a0cb68,https://www.sec.gov/Archives/edgar/data/1864843/000119312524205552/d858486dsctoia.htm,2024-08-23,1,3,False,submissions index: ['ECAT'] on ['NYSE']; no non-traded language in doc,"yfinance Close, dividends unadjusted, split basis restored to the offer date",0001193125-24-205552,52917,d826888dsctoi.htm
Ares Private Markets Fund,0001876006,,,unknown,closed_end_or_interval_fund,2026-06-01,2026-06-29,nav_based,,,,,,,,,,,,,,,,,,,common_or_unspecified,yes,,mentioned_no_priority_language,"epurchase to an amount it believes sufficient to accommodate the excess Shares tendered as well as any Shares tendered during the extended Offer; or (c) accept Shares tendered before the Notice Due Date and not withdrawn prior to the Notice Due Date for payment first from all Shareholders of &ldquo;odd lots&rdquo; (persons who own fewer than 100 Shares) who properly tender all, but not less than all, of their Shares and do not properly withdraw any tendered Shares and second on a pro rata basis based on the aggregate net asset value of tendered Shares.",,"phrase present, no grant and no denial matched",0001104659-26-068976,0001104659-26-068976,https://www.sec.gov/Archives/edgar/data/1876006/000110465926068976/tm2616081d1_sctoi.htm,bdd77c5b352a5e2c1cd22f0ae97594fd09b55bbefaad4581889d4e3705b982a5,https://www.sec.gov/Archives/edgar/data/1876006/000110465926092697/tm2622352d2_sctoia.htm,2026-08-07,2,3,False,"no ticker in submissions index, no non-traded language matched",not exchange-listed / no ticker in the submissions index,0001104659-26-092697,93035,tm2616081d1_sctoi.htm
Ares Private Markets Fund,0001876006,,,unknown,closed_end_or_interval_fund,2026-09-01,2026-09-29,nav_based,,,,,,,,,,,,,,,,,,,common_or_unspecified,no_amendment_found,,mentioned_no_priority_language,"epurchase to an amount it believes sufficient to accommodate the excess Shares tendered as well as any Shares tendered during the extended Offer; or (c) accept Shares tendered before the Notice Due Date and not withdrawn prior to the Notice Due Date for payment first from all Shareholders of &ldquo;odd lots&rdquo; (persons who own fewer than 100 Shares) who properly tender all, but not less than all, of their Shares and do not properly withdraw any tendered Shares and second on a pro rata basis based on the aggregate net asset value of tendered Shares.",,"phrase present, no grant and no denial matched",0001104659-26-104342,0001104659-26-104342,https://www.sec.gov/Archives/edgar/data/1876006/000110465926104342/tm2624317d1_sctoi.htm,69cd07f0f8bdeaa50de63f56e8edc86c4f3ab142f04439403f813d99786b6a6e,,,2,1,False,"no ticker in submissions index, no non-traded language matched",not exchange-listed / no ticker in the submissions index,,95933,tm2624317d1_sctoi.htm
ARES STRATEGIC INCOME FUND,0001918712,,,unknown,REIT,2026-05-20,,nav_based,,,,,27.0,,,,,,,,,,,,,,common_or_unspecified,yes,,yes,"t withdrawn exceed the number of Shares offered for repurchase, all of the Shares of Odd Lot Holders will be accepted for payment before any pro rata reduction of the repurchase of Shares properly tendered and not withdrawn by Shareholders who are not Odd Lot Holders, provided that this priority to Odd Lot Holders is not available to partial tenders or to beneficial or record holders of 100 or more Shares in the aggregate, even if such holders have separate accounts or certificates representing fewer than 100 Shares.","t that the number of Shares duly tendered and not withdrawn exceed the number of Shares offered for repurchase, all of the Shares of Odd Lot Holders will be accepted for payment before any pro rata reduction of the repurchase of Shares properly tendered and not withdrawn by Shareholders who are not Odd Lot Holders, provided that this priority to Odd Lot Holders is not available to partial tenders or to beneficial or record holders of 100 or more Shares in the aggregate, even if such holders have separate accounts or certificates representing fewer than 100 Shares.","odd-lot -> no-proration/priority: 'Odd Lot Holders will be accepted for payment before any pro rata reduction of the repurchase of Shares properly tendered and not withdrawn by Shareholders who are not Odd Lot Holders, provided that th' (<100-share threshold stated in the document)",0001104659-26-064497,0001104659-26-064497,https://www.sec.gov/Archives/edgar/data/1918712/000110465926064497/tm2615016d1_ex99-a1ii.htm,559040a807d731d7cdc13d52c629e27f9c10d2d3e5623233c61126ce87d31716,https://www.sec.gov/Archives/edgar/data/1918712/000110465926087531/tm2621335-1_sctoia.htm,2026-07-28,4,4,False,"no ticker in submissions index, no non-traded language matched",not exchange-listed / no ticker in the submissions index,0001104659-26-087531,140388,tm2615016-1_sctot.htm
ARES STRATEGIC INCOME FUND,0001918712,,,unknown,REIT,2026-08-20,,nav_based,,,,,,,,,,,,,,,,,,,common_or_unspecified,no_amendment_found,,yes,"t withdrawn exceed the number of Shares offered for repurchase, all of the Shares of Odd Lot Holders will be accepted for payment before any pro rata reduction of the repurchase of Shares properly tendered and not withdrawn by Shareholders who are not Odd Lot Holders, provided that this priority to Odd Lot Holders is not available to partial tenders or to beneficial or record holders of 100 or more Shares in the aggregate, even if such holders have separate accounts or certificates representing fewer than 100 Shares.","t that the number of Shares duly tendered and not withdrawn exceed the number of Shares offered for repurchase, all of the Shares of Odd Lot Holders will be accepted for payment before any pro rata reduction of the repurchase of Shares properly tendered and not withdrawn by Shareholders who are not Odd Lot Holders, provided that this priority to Odd Lot Holders is not available to partial tenders or to beneficial or record holders of 100 or more Shares in the aggregate, even if such holders have separate accounts or certificates representing fewer than 100 Shares.","odd-lot -> no-proration/priority: 'Odd Lot Holders will be accepted for payment before any pro rata reduction of the repurchase of Shares properly tendered and not withdrawn by Shareholders who are not Odd Lot Holders, provided that th' (<100-share threshold stated in the document)",0001104659-26-099224,0001104659-26-099224,https://www.sec.gov/Archives/edgar/data/1918712/000110465926099224/tm2623503d1_ex99-a1ii.htm,9dc9fab3170d6615e7d9cc792e5d054279ff03266c03ac6408f6da5aa0447120,,,1,1,False,"no ticker in submissions index, no non-traded language matched",not exchange-listed / no ticker in the submissions index,,140313,tm2623503-1_sctoi.htm
VISTA CREDIT STRATEGIC LENDING CORP.,0001919369,,,unknown,REIT,2026-06-24,,nav_based,,,,,19.13,,,,,,,,,,,,,,common_or_unspecified,yes,,yes,"withdrawn) exceed the number of Shares offered for repurchase, all of the Shares of Odd Lot Holders will be accepted for payment before any pro rata reduction of the repurchase of Shares properly tendered and not withdrawn by Stockholders who are not Odd Lot Holders, provided that this priority to Odd Lot Holders is not available to partial tenders or to beneficial or record holders of 100 or more Shares in the aggregate, even if such holders have separate accounts or certificates representing fewer than 100 Shares.","that the number of Shares duly tendered (and not withdrawn) exceed the number of Shares offered for repurchase, all of the Shares of Odd Lot Holders will be accepted for payment before any pro rata reduction of the repurchase of Shares properly tendered and not withdrawn by Stockholders who are not Odd Lot Holders, provided that this priority to Odd Lot Holders is not available to partial tenders or to beneficial or record holders of 100 or more Shares in the aggregate, even if such holders have separate accounts or certificates representing fewer than 100 Shares.","odd-lot -> no-proration/priority: 'Odd Lot Holders will be accepted for payment before any pro rata reduction of the repurchase of Shares properly tendered and not withdrawn by Stockholders who are not Odd Lot Holders, provided that th' (<100-share threshold stated in the document)",0001193125-26-280680,0001193125-26-280680,https://www.sec.gov/Archives/edgar/data/1919369/000119312526280680/ck0001919369-ex99_a1ii.htm,fefb1cc26099368c732276293866b84c1d47cf7eb84bd0ee2cc9953ed8b2f978,https://www.sec.gov/Archives/edgar/data/1919369/000191936926000003/ck0001919369-20260729.htm,2026-07-29,2,2,False,"no ticker in submissions index, no non-traded language matched",not exchange-listed / no ticker in the submissions index,0001919369-26-000003,151891,ck0001919369-20260624.htm
Dalliance Services Co,0001936575,,,unknown,operating_company,2022-07-07,2022-08-03,dutch_auction,,2.2,2.7,,,2.45,range_midpoint,,,,,,5.67,last reported sale price of the Company's ADSs on Nasdaq was $5.67,-0.5679012345679012,,,offer price / the price the OFFER DOCUMENT itself states,preferred,yes,,yes,"If, based on the Purchase Price we determine, more than $25.0 million in value of Shares (including Shares represented by ADSs) are validly tendered and not validly withdrawn, we will purchase all Shares (including Shares represented by ADSs) tendered at or below the Purchase Price on a pro rata basis, except for ""odd lots"" (of less than 100 Shares), which we will purchase on a priority basis (though tenders of less than all of the Shares (including Shares represented by ADSs) owned by an Odd Lot Holder (as defined herein) will not qualify for this priority), and except for each conditional tender whose condition was not met, which we will not purchase (except as described in Section 6).","8 TABLE OF CONTENTS If I own fewer than 100 Shares (including Shares represented by ADSs)and I tender all of my Shares (including Shares represented by ADSs), will I be subject to proration? Upon the terms and subject to the conditions of the Offer, if you own beneficially or of record fewer than 100 Shares (including Shares represented by ADSs) in the aggregate, validly tender all of these Shares at or below the Purchase Price determined by us, do not withdraw such Shares (including Shares represented by ADSs) before the Offer expires and complete the section entitled ""Odd Lots"" in the Letter of Transmittal, we will purchase all of your Shares (including Shares represented by ADSs) without subjecting them to the proration procedure.","odd-lot -> no-proration/priority: 'odd lots"" (of less than 100 Shares), which we will purchase on a priority basis' (<100-share threshold stated in the document)",0001104659-22-077908,0001104659-22-077908,https://www.sec.gov/Archives/edgar/data/1936575/000110465922077908/tm2220397d1_ex99-a1a.htm,40d143ef5cc7099df877aadf42b0df2deca43b9d58006fc4936b6d752a159a02,https://www.sec.gov/Archives/edgar/data/1936575/000110465922078412/tm2220397d5_sctoia.htm,2022-07-08,3,2,False,"no ticker in submissions index, no non-traded language matched",not exchange-listed / no ticker in the submissions index,0001104659-22-078412,511394,tm2220397-1_sctoi.htm
TORO CORP.,0001941131,TORO,Nasdaq,listed,REIT,2025-07-10,,fixed_price,2.75,,,,2.75,2.75,,2.25,2025-07-09,2.7799999713897705,2025-08-11,1.0,2.25,closing price of the shares on the NASDAQ was $2.25,0.22222222222222232,0.22222222222222232,1.0,offer price / the price the OFFER DOCUMENT itself states,common_or_unspecified,yes,,mentioned_no_priority_language,"If the Offer is oversubscribed, we will purchase shares (a) first, from any Odd Lot Shareholders and (b) thereafter, on a pro rata basis with respect to shares tendered prior to the Expiration Time.","In the event of an over-subscription of the Offer as described below, the Company will purchase shares (a) first, from any Odd Lot Shareholders and (b) thereafter, on a pro rata basis with respect to shares tendered prior to the Expiration Time.","phrase present, no grant and no denial matched",0001140361-25-025421,0001140361-25-025421,https://www.sec.gov/Archives/edgar/data/1941131/000114036125025421/ny20050090x1_exaa1a.htm,d8ef24ae854305d44ae1a2d2a79ab306553343439e09feb3d93b42ec1b257cff,https://www.sec.gov/Archives/edgar/data/1941131/000114036125030219/ny20050090x2_sctoia.htm,2025-08-11,2,2,False,submissions index: ['TORO'] on ['Nasdaq']; no non-traded language in doc,"yfinance Close, dividends unadjusted, split basis restored to the offer date",0001140361-25-030219,333836,ny20050090x1_sctoi.htm
Hammerhead Energy Inc.,0001946425,,,unknown,operating_company,2023-04-28,2023-06-02,unknown,,,,,,,,,,,,,10.0,last reported sale price of the Shares equals or exceeds US$10.00,,,,,warrants,yes,,yes,"7 For purposes of the Offer, the term "" Odd Lots "" means all Tendered Warrants tendered by or on behalf of the Tendering Warrantholders who individually beneficially own, as of the close of business on the Expiration Date, an aggregate of fewer than 100 Warrants ("" Odd Lot Holders "").","What do I do if I own an ""Odd Lot"" of Warrants? If you beneficially own fewer than 100 Warrants as of the Expiration Date and you tender all such Warrants, we will accept for purchase, without pro-ration but otherwise subject to the terms and conditions of the Offer, all of your Warrants tendered.","no-proration/priority -> odd-lot: 'preference, an Odd Lot' (threshold not restated in this document)",0001062993-23-009644,0001062993-23-009644,https://www.sec.gov/Archives/edgar/data/1946425/000106299323009644/exhibit99-a1a.htm,e280c6437ba8da11822ca2de5696d1004615915fba0d30fab6a6352d07e7bb7e,https://www.sec.gov/Archives/edgar/data/1946425/000106299323012832/formsctoia.htm,2023-06-05,4,3,False,"no ticker in submissions index, no non-traded language matched",not exchange-listed / no ticker in the submissions index,0001062993-23-012832,522685,formsctoi.htm
Crescent Private Credit Income Corp,0001954360,,,unknown,REIT,2026-05-26,,nav_based,,,,,,,,,,,,,,,,,,,common_or_unspecified,yes,,yes,"t withdrawn exceed the number of Shares offered for repurchase, all of the Shares of Odd Lot Holders will be accepted for payment before any pro rata reduction of the repurchase of Shares properly tendered and not withdrawn by Stockholders who are not Odd Lot Holders, provided that this priority to Odd Lot Holders is not available to partial tenders or to beneficial or record holders of 100 or more Shares in the aggregate, even if such holders have separate accounts or certificates representing fewer than 100 Shares.","If more than 1,023,865 Shares are duly tendered to the Company before the expiration of the Offer and not withdrawn, pursuant to Section 5 ""Withdrawal Rights"" below, the Company will accept Shares tendered on or before the Expiration Date for payment first from all Stockholders of ""odd lots"" (persons who own fewer than 100 Shares) who properly tender all, but not less than all, of their Shares and do not properly withdraw any tendered Shares and second on a pro rata basis based on the number of tendered Shares, and there is no repurchase priority for repurchase requests in the case of the death, divorce or disability of a stockholder; provided that the Company reserves the right in its sole discretion to purchase additional outstanding Shares representing up to 2.0% of the Company's outstanding Shares without amending or extending the Offer as permitted by Rule 13e-4(f)(1) of the Securities Exchange Act of 1934, as amended (the "" 1934 Act "").","odd-lot -> no-proration/priority: 'Odd Lot Holders will be accepted for payment before any pro rata reduction of the repurchase of Shares properly tendered and not withdrawn by Stockholders who are not Odd Lot Holders, provided that th' (<100-share threshold stated in the document)",0001193125-26-239653,0001193125-26-239653,https://www.sec.gov/Archives/edgar/data/1954360/000119312526239653/d143409dex99a1ii.htm,85a4b96af59d53f97176393763fe3f40c459bb6a09f80c6e747a15aa47377c45,https://www.sec.gov/Archives/edgar/data/1954360/000119312526285571/d75897dsctoia.htm,2026-06-26,2,2,False,"no ticker in submissions index, no non-traded language matched",not exchange-listed / no ticker in the submissions index,0001193125-26-285571,109994,d143409dsctoi.htm
Crescent Private Credit Income Corp,0001954360,,,unknown,REIT,2026-08-26,,nav_based,,,,,,,,,,,,,,,,,,,common_or_unspecified,no_amendment_found,,yes,"t withdrawn exceed the number of Shares offered for repurchase, all of the Shares of Odd Lot Holders will be accepted for payment before any pro rata reduction of the repurchase of Shares properly tendered and not withdrawn by Stockholders who are not Odd Lot Holders, provided that this priority to Odd Lot Holders is not available to partial tenders or to beneficial or record holders of 100 or more Shares in the aggregate, even if such holders have separate accounts or certificates representing fewer than 100 Shares.","If more than 1,051,383 Shares are duly tendered to the Company before the expiration of the Offer and not withdrawn, pursuant to Section 5 ""Withdrawal Rights"" below, the Company will accept Shares tendered on or before the Expiration Date for payment first from all Stockholders of ""odd lots"" (persons who own fewer than 100 Shares) who properly tender all, but not less than all, of their Shares and do not properly withdraw any tendered Shares and second on a pro rata basis based on the number of tendered Shares, and there is no repurchase priority for repurchase requests in the case of the death, divorce or disability of a stockholder; provided that the Company reserves the right in its sole discretion to purchase additional outstanding Shares representing up to 2.0% of the Company's outstanding Shares without amending or extending the Offer as permitted by Rule 13e-4(f)(1) of the Securities Exchange Act of 1934, as amended (the "" 1934 Act "").","odd-lot -> no-proration/priority: 'Odd Lot Holders will be accepted for payment before any pro rata reduction of the repurchase of Shares properly tendered and not withdrawn by Stockholders who are not Odd Lot Holders, provided that th' (<100-share threshold stated in the document)",0001193125-26-368756,0001193125-26-368756,https://www.sec.gov/Archives/edgar/data/1954360/000119312526368756/d145609dex99a1ii.htm,5da04d288eb01aeb3b8e8d3e5c8568e16224008f4bf73d5631ce58bebd95c994,,,2,1,False,"no ticker in submissions index, no non-traded language matched",not exchange-listed / no ticker in the submissions index,,108760,d145609dsctoi.htm
Franklin Lexington Private Markets Fund,0002008602,,,non_traded,operating_company,2025-08-15,2025-09-15,nav_based,,,,,,,,,,,,,,,,,,,common_or_unspecified,no_amendment_found,,mentioned_no_priority_language,"What if Shares representing in excess of $73,614,091 in aggregate net asset value are tendered (and not timely withdrawn)? The Fund will purchase duly tendered Shares from tendering Shareholders pursuant to the terms and conditions of the Offer by first purchasing shares tendered by any shareholders who own, beneficially or of record, an aggregate amount of 99 shares or less (an odd lot ) and tender all of their shares.","If more than the Offer Amount of the Fund's Shares are duly tendered pursuant to the Offer (and not withdrawn as provided in Section 4), unless the Fund determines not to purchase any Shares in the event that the conditions described in Section 12 of this Offer to Purchase are not met, the Fund will purchase Shares from tendering Shareholders in accordance with the terms and conditions specified in the Offer, by first purchasing shares tendered by any shareholders who own, beneficially or of record, an aggregate amount of 99 shares or less (an ""odd lot"") and tender all of their shares.","phrase present, no grant and no denial matched",0001193125-25-181700,0001193125-25-181700,https://www.sec.gov/Archives/edgar/data/2008602/000119312525181700/d24527dex99a1ii.htm,301cb2e2cdac02f10bd660419c2caceb4526000928e27823716ef2c04f8234ea,,,1,1,False,"document: 'Shares are not listed on a national securities exchange. Instead, the Fund expects to provide Shareholders with limited liquidity through te'",not exchange-listed / no ticker in the submissions index,,136591,d24527dsctoi.htm
Franklin Lexington Private Markets Fund,0002008602,,,non_traded,operating_company,2025-11-14,2025-12-15,nav_based,,,,,,,,,,,,,,,,,,,common_or_unspecified,yes,,mentioned_no_priority_language,"What if Shares representing in excess of $81,989,783 in aggregate net asset value are tendered (and not timely withdrawn)? The Fund will purchase duly tendered Shares from tendering Shareholders pursuant to the terms and conditions of the Offer by first purchasing shares tendered by any shareholders who own, beneficially or of record, an aggregate amount of 99 shares or less (an ""odd lot"") and tender all of their shares.","If more than the Offer Amount of the Fund's Shares are duly tendered pursuant to the Offer (and not withdrawn as provided in Section 4), unless the Fund determines not to purchase any Shares in the event that the conditions described in Section 12 of this Offer to Purchase are not met, the Fund will purchase Shares from tendering Shareholders in accordance with the terms and conditions specified in the Offer, by first purchasing shares tendered by any shareholders who own, beneficially or of record, an aggregate amount of 99 shares or less (an ""odd lot"") and tender all of their shares.","phrase present, no grant and no denial matched",0001193125-25-282085,0001193125-25-282085,https://www.sec.gov/Archives/edgar/data/2008602/000119312525282085/d89781dex99a1ii.htm,fd16de700133628b4253b3a32352ddd1000521b845f475e878bfe303493a5dc2,https://www.sec.gov/Archives/edgar/data/2008602/000119312525287912/d76597dsctoia.htm,2025-11-19,1,2,False,"document: 'Shares are not listed on a national securities exchange. Instead, the Fund expects to provide Shareholders with limited liquidity through te'",not exchange-listed / no ticker in the submissions index,0001193125-25-287912,136533,d89781dsctoi.htm
Franklin Lexington Private Markets Fund,0002008602,,,non_traded,operating_company,2026-02-13,2026-03-16,nav_based,,,,,,,,,,,,,,,,,,,common_or_unspecified,yes,,mentioned_no_priority_language,"What if Shares representing in excess of $91,332,625 in aggregate net asset value are tendered (and not timely withdrawn)? The Fund will purchase duly tendered Shares from tendering Shareholders pursuant to the terms and conditions of the Offer by first purchasing shares tendered by any shareholders who own, beneficially or of record, an aggregate amount of 99 shares or less (an ""odd lot"") and tender all of their shares.","If more than the Offer Amount of the Fund's Shares are duly tendered pursuant to the Offer (and not withdrawn as provided in Section 4), unless the Fund determines not to purchase any Shares in the event that the conditions described in Section 12 of this Offer to Purchase are not met, the Fund will purchase Shares from tendering Shareholders in accordance with the terms and conditions specified in the Offer, by first purchasing shares tendered by any shareholders who own, beneficially or of record, an aggregate amount of 99 shares or less (an ""odd lot"") and tender all of their shares.","phrase present, no grant and no denial matched",0001193125-26-050781,0001193125-26-050781,https://www.sec.gov/Archives/edgar/data/2008602/000119312526050781/d98159dex99a1ii.htm,46f33bcad1bac4470756c6570466b843236d8e5ae74c889c72b8b9a6c228a867,https://www.sec.gov/Archives/edgar/data/2008602/000119312526058708/d66285dsctoia.htm,2026-02-19,1,2,False,"document: 'Shares are not listed on a national securities exchange. Instead, the Fund expects to provide Shareholders with limited liquidity through te'",not exchange-listed / no ticker in the submissions index,0001193125-26-058708,136798,d98159dsctoi.htm
Franklin Lexington Private Markets Fund,0002008602,,,non_traded,operating_company,2026-05-15,2026-06-15,nav_based,,,,,,,,,,,,,,,,,,,common_or_unspecified,yes,,mentioned_no_priority_language,"What if Shares representing in excess of $99,991,929 in aggregate net asset value are tendered (and not timely withdrawn)? The Fund will purchase duly tendered Shares from tendering Shareholders pursuant to the terms and conditions of the Offer by first purchasing shares tendered by any shareholders who own, beneficially or of record, an aggregate amount of 99 shares or less (an ""odd lot"") and tender all of their shares.","If more than the Offer Amount of the Fund's Shares are duly tendered pursuant to the Offer (and not withdrawn as provided in Section 4), unless the Fund determines not to purchase any Shares in the event that the conditions described in Section 12 of this Offer to Purchase are not met, the Fund will purchase Shares from tendering Shareholders in accordance with the terms and conditions specified in the Offer, by first purchasing shares tendered by any shareholders who own, beneficially or of record, an aggregate amount of 99 shares or less (an ""odd lot"") and tender all of their shares.","phrase present, no grant and no denial matched",0001193125-26-225760,0001193125-26-225760,https://www.sec.gov/Archives/edgar/data/2008602/000119312526225760/d126208dex99a1ii.htm,f686de9376e3ef40715e27035cbd65578953c203590a19c9b824624021a6a6ca,https://www.sec.gov/Archives/edgar/data/2008602/000119312526231876/d127232dsctoia.htm,2026-05-20,1,2,False,"document: 'Shares are not listed on a national securities exchange. Instead, the Fund expects to provide Shareholders with limited liquidity through te'",not exchange-listed / no ticker in the submissions index,0001193125-26-231876,136836,d126208dsctoi.htm
Franklin Lexington Private Markets Fund,0002008602,,,non_traded,operating_company,2026-08-14,2026-09-14,nav_based,,,,,,,,,,,,,,,,,,,common_or_unspecified,yes,,mentioned_no_priority_language,"What if Shares representing in excess of $106,736,293 in aggregate net asset value are tendered (and not timely withdrawn)? The Fund will purchase duly tendered Shares from tendering Shareholders pursuant to the terms and conditions of the Offer by first purchasing shares tendered by any shareholders who own, beneficially or of record, an aggregate amount of 99 shares or less (an ""odd lot"") and tender all of their shares.","If more than the Offer Amount of the Fund's Shares are duly tendered pursuant to the Offer (and not withdrawn as provided in Section 4), unless the Fund determines not to purchase any Shares in the event that the conditions described in Section 12 of this Offer to Purchase are not met, the Fund will purchase Shares from tendering Shareholders in accordance with the terms and conditions specified in the Offer, by first purchasing shares tendered by any shareholders who own, beneficially or of record, an aggregate amount of 99 shares or less (an ""odd lot"") and tender all of their shares.","phrase present, no grant and no denial matched",0001193125-26-351012,0001193125-26-351012,https://www.sec.gov/Archives/edgar/data/2008602/000119312526351012/d176314dex99a1ii.htm,638df2d568fdb44113d8300f9c3ac98dfe818f88e46af63ebc2522e9b78887d1,https://www.sec.gov/Archives/edgar/data/2008602/000119312526360155/d170653dsctoia.htm,2026-08-21,1,2,False,"document: 'Shares are not listed on a national securities exchange. Instead, the Fund expects to provide Shareholders with limited liquidity through te'",not exchange-listed / no ticker in the submissions index,0001193125-26-360155,137581,d176314dsctoi.htm
Fortress Private Lending Fund,0002012139,,,unknown,REIT,2026-07-23,,nav_based,,,,,24.21,,,,,,,,,,,,,,common_or_unspecified,yes,,yes,"rawn exceed the number of Shares offered for repurchase, all of the Shares of Odd Lot Holders will be accepted for payment before any pro rata reduction of the repurchase of Shares validly tendered and not validly withdrawn by Shareholders who are not Odd Lot Holders, provided that this priority to Odd Lot Holders is not available to partial tenders or to beneficial or record holders of 100 or more Shares in the aggregate, even if such holders have separate accounts or certificates representing fewer than 100 Shares.","of Shares validly tendered and not validly withdrawn exceed the number of Shares offered for repurchase, all of the Shares of Odd Lot Holders will be accepted for payment before any pro rata reduction of the repurchase of Shares validly tendered and not validly withdrawn by Shareholders who are not Odd Lot Holders, provided that this priority to Odd Lot Holders is not available to partial tenders or to beneficial or record holders of 100 or more Shares in the aggregate, even if such holders have separate accounts or certificates representing fewer than 100 Shares.","odd-lot -> no-proration/priority: 'Odd Lot Holders will be accepted for payment before any pro rata reduction of the repurchase of Shares validly tendered and not validly withdrawn by Shareholders who are not Odd Lot Holders, provided ' (<100-share threshold stated in the document)",0001193125-26-313901,0001193125-26-313901,https://www.sec.gov/Archives/edgar/data/2012139/000119312526313901/ck0002012139-ex99_a1ii.htm,3cf5e4e8b3863737911434ada62ecccf29b60612587666f500cc7923945710ed,https://www.sec.gov/Archives/edgar/data/2012139/000119312526368859/ck0002012139-20260826.htm,2026-08-26,2,2,False,"no ticker in submissions index, no non-traded language matched",not exchange-listed / no ticker in the submissions index,0001193125-26-368859,161911,ck0002012139-20260723.htm
Ares Core Infrastructure Fund,0002031750,,,unknown,REIT,2026-05-20,,nav_based,,,,,24.93,,,,,,,,,,,,,,common_or_unspecified,yes,,yes,"t withdrawn exceed the number of Shares offered for repurchase, all of the Shares of Odd Lot Holders will be accepted for payment before any pro rata reduction of the repurchase of Shares properly tendered and not withdrawn by Shareholders who are not Odd Lot Holders, provided that this priority to Odd Lot Holders is not available to partial tenders or to beneficial or record holders of 100 or more Shares in the aggregate, even if such holders have separate accounts or certificates representing fewer than 100 Shares.","If more than 6,924,711 Shares are duly tendered to the Fund before the expiration of the Offer and not withdrawn, pursuant to Section 5 ""Withdrawal Rights"" below, the Fund will accept Shares tendered on or before the Expiration Date for payment first from all Shareholders of ""odd lots"" (persons who own fewer than 100 Shares) who properly tender all, but not less than all, of their Shares and do not properly withdraw any tendered Shares and second on a pro rata basis based on the number of tendered Shares, and there is no repurchase priority for repurchase requests in the case of the death or disability of a Shareholder; provided that the Fund reserves the right in its sole discretion to purchase additional outstanding Shares representing up to 2.0% of the Fund's outstanding Shares without amending or extending the Offer as permitted by Rule 13e-4(f)(1) of the Securities Exchange Act of 1934, as amended (the "" 1934 Act "").","odd-lot -> no-proration/priority: 'Odd Lot Holders will be accepted for payment before any pro rata reduction of the repurchase of Shares properly tendered and not withdrawn by Shareholders who are not Odd Lot Holders, provided that th' (<100-share threshold stated in the document)",0001104659-26-064505,0001104659-26-064505,https://www.sec.gov/Archives/edgar/data/2031750/000110465926064505/tm2615050d1_ex99-a1ii.htm,17ff0cbc37f907a659ecf8e3a2d3659d49f3a00e235cf1d5c68706b433b8b9ce,https://www.sec.gov/Archives/edgar/data/2031750/000110465926078246/tm2615050d2_sctoia.htm,2026-06-26,1,2,False,"no ticker in submissions index, no non-traded language matched",not exchange-listed / no ticker in the submissions index,0001104659-26-078246,137631,tm2615050-1_sctoi.htm
Ares Core Infrastructure Fund,0002031750,,,unknown,REIT,2026-08-20,,nav_based,,,,,,,,,,,,,,,,,,,common_or_unspecified,no_amendment_found,,yes,"t withdrawn exceed the number of Shares offered for repurchase, all of the Shares of Odd Lot Holders will be accepted for payment before any pro rata reduction of the repurchase of Shares properly tendered and not withdrawn by Shareholders who are not Odd Lot Holders, provided that this priority to Odd Lot Holders is not available to partial tenders or to beneficial or record holders of 100 or more Shares in the aggregate, even if such holders have separate accounts or certificates representing fewer than 100 Shares.","If more than 12,386,860 Shares are duly tendered to the Fund before the expiration of the Offer and not withdrawn, pursuant to Section 5 ""Withdrawal Rights"" below, the Fund will accept Shares tendered on or before the Expiration Date for payment first from all Shareholders of ""odd lots"" (persons who own fewer than 100 Shares) who properly tender all, but not less than all, of their Shares and do not properly withdraw any tendered Shares and second on a pro rata basis based on the number of tendered Shares, and there is no repurchase priority for repurchase requests in the case of the death or disability of a Shareholder; provided that the Fund reserves the right in its sole discretion to purchase additional outstanding Shares representing up to 2.0% of the Fund's outstanding Shares without amending or extending the Offer as permitted by Rule 13e-4(f)(1) of the Securities Exchange Act of 1934, as amended (the "" 1934 Act "").","odd-lot -> no-proration/priority: 'Odd Lot Holders will be accepted for payment before any pro rata reduction of the repurchase of Shares properly tendered and not withdrawn by Shareholders who are not Odd Lot Holders, provided that th' (<100-share threshold stated in the document)",0001104659-26-099271,0001104659-26-099271,https://www.sec.gov/Archives/edgar/data/2031750/000110465926099271/tm2623498d1_ex99-a1ii.htm,85347a9883e2039e28407cb34fd5f6a5a716fb2852aade1f2d9ece5c583963f0,,,1,1,False,"no ticker in submissions index, no non-traded language matched",not exchange-listed / no ticker in the submissions index,,137929,tm2623498-1_sctoi.htm
Robin Energy Ltd.,0002039060,RBNE,Nasdaq,listed,REIT,2026-03-24,,fixed_price,3.0,,,,3.0,3.0,,1.1,2026-03-23,1.9099999745686849,2026-04-24,0.06666666666666667,1.1,closing price of the shares on the NASDAQ was $1.10,1.727272727272727,1.727272727272727,1.0,offer price / the price the OFFER DOCUMENT itself states,common_or_unspecified,yes,,mentioned_no_priority_language,"If the Offer is oversubscribed, we will purchase shares (a) first, from any Odd Lot Shareholders and (b) thereafter, on a pro rata basis with respect to shares tendered prior to the Expiration Time.","In the event of an over-subscription of the Offer as described below, the Company will purchase shares (a) first, from any Odd Lot Shareholders and (b) thereafter, on a pro rata basis with respect to shares tendered prior to the Expiration Time.","phrase present, no grant and no denial matched",0001140361-26-010925,0001140361-26-010925,https://www.sec.gov/Archives/edgar/data/2039060/000114036126010925/ny20068584x1_exa1a.htm,35d3ebff41d7a42baabf8e8fa4e37df7cdda004b40b2df27d8539265eb7a4e62,https://www.sec.gov/Archives/edgar/data/2039060/000114036126017143/ny20068584x2_sctoia.htm,2026-04-27,2,2,False,submissions index: ['RBNE'] on ['Nasdaq']; no non-traded language in doc,"yfinance Close, dividends unadjusted, split basis restored to the offer date",0001140361-26-017143,322919,ny20068584x1_sctoi.htm
