symbol,median_dollar_volume,median_close,daily_vol_bp,tick_floor_half_bp,edge_raw_half_bp
A,261428997.6,135.05,200.53495617205414,0.37,24.243
AA,283721627.3,52.3,348.5416414396594,0.956,23.935
AAL,845471483.0,13.43,295.1685961530953,3.723,39.052
AAME,30652.1,2.53,389.0208444834845,19.763,125.308
AAMI,17782570.5,54.42,257.2172066819843,0.919,20.833
AAOI,588696500.4,87.54,870.4537044325186,0.571,89.086
AAON,89610359.8,93.44,372.61368834096766,0.535,90.857
AAP,82811068.1,53.57,372.78119654520515,0.933,53.623
AAPL,12678633955.6,272.19,159.63716674063434,0.184,15.463
AARD,1302939.0,7.25,700.7260577867813,6.897,99.069
AAUC,10794711.1,23.62,316.85075026763377,2.117,29.673
AB,9058796.5,38.44,138.28203888087788,1.301,27.58
ABAT,15726810.8,3.38,779.6919167694448,14.793,91.479
ABBV,1251705126.1,225.17,166.0920560988672,0.222,17.563
ABCB,34198374.3,80.44,142.55181744619222,0.622,28.902
ABEO,5859719.0,5.39,337.65491913275446,9.276,39.327
ABEV,76023400.2,2.88,193.89154375022304,17.361,22.389
ABG,42513801.1,219.47,201.3947008795823,0.228,38.126
ABM,20852986.1,44.48,178.71614024454877,1.124,31.449
ABNB,540304843.1,132.6,212.85431617078885,0.377,45.211
ABOS,703862.2,2.29,516.3787073136801,21.834,59.545
ABSI,16201780.0,3.67,639.6312332152526,13.624,87.933
ABT,909458436.9,110.83,168.16433952826782,0.451,24.324
ABTC,15258051.2,1.83,684.3738797686215,27.322,255.859
ABUS,5900486.5,4.45,299.9424058512545,11.236,46.061
ABVC,123878.1,1.46,538.1760936054604,34.247,79.135
ABX,4644784.5,8.71,350.3422833406938,5.741,60.739
ACA,29685966.4,113.76,204.697676459155,0.44,26.555
ACAD,36770889.2,23.72,237.38241504737402,2.108,46.902
ACCO,2700919.1,3.93,245.29600522433338,12.723,27.003
ACCS,92565.0,8.02,379.5595825225287,6.234,151.263
ACDC,6540414.7,5.05,521.0568654597112,9.901,50.847
ACEL,3434678.6,11.44,200.78953140906395,4.371,31.331
ACET,856009.5,7.43,453.7497732723364,6.729,107.42
ACFN,334041.6,18.44,538.2804267020956,2.711,104.637
ACGL,187035111.9,94.44,132.87748712596488,0.529,21.06
ACH,2778905.4,2.83,535.8588911155263,17.668,71.154
ACHC,58508732.4,23.91,414.2311161727889,2.091,105.689
ACHR,250552540.6,6.76,454.77625058719303,7.396,68.009
ACI,109550156.4,17.12,250.4779360699573,2.921,20.252
ACIC,2170893.2,11.25,208.8232835187896,4.444,30.956
ACIU,696261.1,2.87,468.61813856136956,17.422,64.976
ACIW,34394668.8,46.7,216.35152073427545,1.071,21.815
ACLS,53869876.3,94.96,418.13789537500435,0.527,63.76
ACM,113709350.2,91.23,235.3889159718434,0.548,50.548
ACMR,62896081.2,51.23,542.0865692730356,0.976,96.008
ACN,1037135282.8,201.48,281.8527586278973,0.248,25.407
ACNB,2132488.8,50.62,150.76897574360152,0.988,33.743
ACNT,818732.0,14.44,225.19535578459542,3.463,49.506
ACOG,410114.3,6.26,413.7224161774566,7.987,97.177
ACON,154503.7,3.32,611.584169006276,15.06,108.668
ACR,390773.7,19.52,214.87820579799373,2.561,44.347
ACRE,1910849.8,4.84,225.92197990179884,10.331,30.412
ACRS,4748088.2,3.6,537.0876248178547,13.889,65.545
ACRV,828500.1,1.79,594.3626000518124,27.933,54.845
ACT,12050477.9,41.26,133.7936290632779,1.212,19.675
ACTG,867441.4,4.19,229.281058028749,11.933,26.954
ACTU,281019.0,3.06,642.7289676590996,16.34,127.522
ACU,563834.2,43.31,205.24809378057722,1.154,78.441
ACVA,20321509.0,7.29,537.3597796351781,6.859,55.64
ACXP,168344.0,2.49,713.4090496469463,20.08,88.6
AD,8717240.1,48.8,282.0476446454573,1.025,41.012
ADBE,1315269756.6,270.49,251.26483388497383,0.185,20.215
ADC,81422115.9,74.47,100.69065638654958,0.671,22.808
ADCT,2575306.2,3.65,466.72829425922714,13.699,79.173
ADEA,21399083.2,22.31,406.13559873444945,2.241,64.411
ADGM,69963.7,0.975,756.3483813503486,51.282,174.575
ADI,1160718563.7,322.12,222.1267820113581,0.155,42.086
ADIL,145113.6,1.59,601.8292050689098,31.447,227.655
ADM,236213363.5,68.64,171.73525495785736,0.728,57.087
ADMA,38879639.8,14.56,343.4625069004347,3.434,39.763
ADP,587658159.0,254.06,169.79079958534075,0.197,19.676
ADPT,33339121.5,16.11,426.5563364268579,3.104,97.288
ADSK,449607236.8,249.89,231.6713888573572,0.2,30.186
ADT,57900153.9,7.64,178.40921666094928,6.545,31.542
ADTN,15862967.1,9.75,439.20240092921557,5.128,53.568
ADUR,4438579.8,13.26,503.8450677384428,3.771,90.617
ADUS,21049270.5,110.17,184.15246687618577,0.454,46.364
ADV,1325642.4,1.74,592.1371875496119,28.736,95.453
ADVB,84932.6,4.01,946.6667502091377,12.469,258.359
AEAQ,5115.5,9.97,13.04107388444002,5.015,8.631
AEBI,2844556.6,12.36,325.10140193196037,4.045,41.312
AEE,170879710.7,106.78,107.14103682753799,0.468,11.553
AEG,39180600.6,7.86,152.747565386682,6.361,23.642
AEHR,67070139.9,37.15,763.8916744914137,1.346,70.222
AEI,39555.8,1.88,814.1941657709876,26.596,158.091
AEIS,155492292.5,285.89,387.9239120387521,0.175,49.744
AEM,455405125.0,177.75,302.1537184488066,0.281,29.939
AEMD,126901.3,2.19,691.5725487306277,22.831,184.308
AENT,200563.2,6.58,448.48085188379656,7.599,84.771
AEO,97440348.6,17.57,393.7488805540883,2.846,65.239
AEON,95181.5,0.8629,696.4204344236935,57.944,159.08
AEP,421759701.6,124.67,119.0016541555552,0.401,14.065
AER,165586773.7,141.5,164.97223693339956,0.353,13.035
AERT,111362.9,0.618,770.3135363033331,80.906,195.572
AES,121868633.0,14.45,209.58902098798137,3.46,11.148
AESI,31823306.0,11.79,393.87055977587147,4.241,67.258
AEVA,28564385.3,15.73,718.0250460457477,3.179,63.996
AEXA,1339830.3,11.32,102.13523097008466,4.417,45.939
AEYE,944128.9,7.57,434.339333321252,6.605,55.48
AFCG,502743.4,2.96,361.54739701611106,16.892,69.905
AFG,59136938.6,134.79,119.6562301405962,0.371,19.543
AFJK,139707.0,26.41,839.6892433311147,1.893,255.699
AFL,235012936.5,112.46,109.03628748651582,0.445,20.809
AFRM,334553495.6,71.43,376.1244141300939,0.7,73.586
AG,280850133.2,18.27,480.06787788164377,2.737,54.019
AGBK,2657363.0,7.12,346.0916700596275,7.022,71.982
AGCO,80588958.5,112.54,220.5275458703396,0.444,37.148
AGEN,2143566.9,3.9,534.4667894557915,12.821,25.955
AGIG,505329.7,1.66,772.6753028742334,30.12,112.253
AGIO,26866599.1,30.54,361.4644594948892,1.637,110.258
AGL,8794788.8,1.11,742.9437005754694,45.045,111.272
AGM,16651689.4,175.18,197.39930553152473,0.285,23.235
AGNC,189632487.6,10.56,130.7566310554519,4.735,17.664
AGNT,7553964.0,6.71,322.3956951495692,7.452,55.393
AGO,25722144.6,82.99,149.0277101594822,0.602,15.666
AGPU,624191.1,6.42,1014.7727563438281,7.788,129.029
AGRO,6579270.9,9.2,316.09835977256444,5.435,65.299
AGX,148479413.0,432.18,481.93757783164966,0.116,20.863
AGYS,23220905.0,106.28,340.3447160221726,0.47,81.625
AHCO,11093263.0,9.97,429.15450922405176,5.015,53.214
AHG,13550.2,1.52,552.5475662125451,32.895,299.532
AHL,10797775.7,36.965,14.606848686704438,1.353,12.127
AHR,106778314.7,49.16,161.2076152670179,1.017,34.882
AI,66302976.3,10.58,376.98202307619584,4.726,109.923
AIB,1435959.5,1.665,1085.2185677459167,30.03,137.802
AIDX,94756.7,0.95,961.1934156243561,52.632,219.955
AIFA,152263.6,0.5219,790.5313822101999,95.804,170.837
AIFC,3271529.8,1.32,684.2099840951928,37.879,102.519
AIFF,299832.0,1.59,767.0945391867212,31.447,85.703
AIFU,34001.5,2.91,708.0482490027775,17.182,199.028
AIG,288814746.4,77.07,152.13875610197158,0.649,19.364
AII,2206095.8,19.67,254.4862154161678,2.542,31.129
AIIA,11623.0,10.1,25.85637034344563,4.95,26.039
AIM,170829.1,0.8437,956.3066948536319,59.263,175.246
AIMD,59187.6,1.85,542.015218410388,27.027,62.335
AIN,14720382.7,57.85,256.67022551625683,0.864,27.517
AIOT,5332860.8,4.2,426.6542029887312,11.905,47.382
AIP,11065010.6,17.02,512.179585076018,2.938,58.514
AIR,40228922.8,108.76,271.9791421552908,0.46,38.011
AIRE,559312.5,0.5344,919.2156987591269,93.563,193.371
AIRG,296840.1,4.96,352.59851175091603,10.081,62.285
AIRI,114441.0,3.08,249.63161157059628,16.234,79.836
AIRJ,1573425.8,4.125,563.4795161786031,12.121,60.966
AIRO,4779087.4,8.98,541.4075205538913,5.568,65.29
AIRS,3055608.5,3.44,752.6858229577795,14.535,121.178
AIRT,29241.3,22.4329,364.5231173700781,2.229,126.577
AISP,1592565.9,2.79,509.91560537546076,17.921,57.633
AIT,72284706.9,279.84,162.39471824429066,0.179,24.495
AIV,7544738.2,4.31,363.9890035545311,11.601,43.946
AIXC,95372.6,1.39,750.6751888821569,35.971,137.052
AIZ,79538721.6,233.32,139.7546926462213,0.214,21.889
AJG,399995945.8,248.06,194.1779459772756,0.202,19.886
AKA,37684.5,10.84,435.29044925229533,4.613,166.262
AKAM,333275748.8,99.89,358.81840002593555,0.501,46.572
AKBA,4717803.4,1.4,518.8876309494798,35.714,115.668
AKTS,5514581.4,20.43,437.65706059104514,2.447,867.865
AKTX,125327.0,0.85,940.9450419431843,58.824,179.841
ALAB,1003635627.5,186.68,615.6969848658035,0.268,90.553
ALB,343347822.3,141.05,365.59871729689075,0.354,37.875
ALCO,797280.0,39.82,150.035308360498,1.256,32.625
ALDX,3022010.1,4.14,523.0914375909831,12.077,81.428
ALEC,1667815.7,2.0,504.8773020354768,25.0,93.872
ALG,21916123.9,170.1,202.97858941927518,0.294,25.992
ALGM,72207242.8,35.47,410.0152188405383,1.41,85.869
ALGN,169331973.0,166.87,245.22959002357257,0.3,38.078
ALGS,523933.5,7.09,557.1098545761745,7.052,79.19
ALGT,37734114.1,82.835,383.53941725649076,0.604,53.47
ALH,17039033.0,24.01,230.77813382127707,2.082,46.664
ALHC,56711479.2,18.27,386.79522612367856,2.737,62.979
ALIT,19751205.6,1.97,598.8611656697167,25.381,41.272
ALK,147985978.2,47.26,321.51216806642776,1.058,29.825
ALKT,26119299.9,19.08,294.34223509010343,2.621,51.803
ALL,316119354.6,210.68,156.2252278320281,0.237,17.583
ALLE,143206112.3,160.28,171.90561386568032,0.312,18.397
ALLO,9351692.8,1.85,533.0203698935878,27.027,79.171
ALLR,178742.1,1.26,501.15612826748827,39.683,105.587
ALLY,133073834.9,42.34,186.24638735770725,1.181,29.956
ALMS,23280406.8,22.86,474.69798496387523,2.187,75.149
ALMU,7537838.9,16.58,745.9174808071991,3.016,89.103
ALNT,11938312.6,63.32,362.8760739160058,0.79,49.425
ALNY,398005912.6,325.07,313.28968663583896,0.154,36.129
ALOY,11499507.9,9.88,894.1608900358545,5.061,98.46
ALPS,25360.7,0.9,698.4668821218826,55.556,252.389
ALRM,20169263.5,50.12,193.20144990071958,0.998,20.205
ALRS,3408130.4,24.465,146.74803874648708,2.044,25.524
ALSN,88968655.0,113.86,190.59942175889233,0.439,36.741
ALT,10994672.7,3.57,439.83164347468187,14.006,53.37
ALTG,1223102.3,6.43,402.0806678524052,7.776,60.718
ALTI,457881.8,3.84,411.74317253264246,13.021,70.191
ALTO,4705648.6,3.96,588.8713294499667,12.626,88.223
ALTS,6255960.5,1.67,733.1633889734788,29.94,116.487
ALUB,8961.3,10.04,16.341182996023385,4.98,9.251
ALV,73706962.7,120.76,175.7408027969473,0.414,29.708
ALX,11734417.3,240.67,177.46110839639587,0.208,31.577
ALXO,973042.2,1.79,600.1146516685496,27.933,95.632
ALZN,103498.9,1.89,491.9826551687012,26.455,83.356
AM,47453367.5,21.26,128.38974868639133,2.352,35.712
AMAL,5600994.6,39.08,177.26343984898725,1.279,22.426
AMAT,2455722976.2,352.46,368.2024323054284,0.142,75.69
AMBO,31683.7,2.46,620.3927446991437,20.325,242.613
AMBP,5181879.2,4.11,214.47429430894763,12.165,40.021
AMBQ,8685957.0,32.4,513.7543072977976,1.543,48.017
AMC,48369010.7,1.96,506.6175819823502,25.51,43.895
AMCI,319872.0,6.38,1080.5144171321683,7.837,173.24
AMCX,3748262.8,8.43,299.63888141456374,5.931,41.293
AMD,10033501126.9,240.56,440.85077806274626,0.208,126.842
AME,260049130.0,224.71,145.56920699074857,0.223,29.261
AMG,90016384.1,300.91,205.63476561403417,0.166,26.308
AMGN,860261539.6,343.99,183.88115083034222,0.145,20.852
AMH,86142900.0,32.08,125.34081942537009,1.559,27.084
AMIX,149763.7,0.663,803.0153974537295,75.415,185.075
AMKR,197296425.8,48.13,492.1414901666039,1.039,61.429
AMLX,19837058.8,14.35,485.18527971953677,3.484,54.771
AMN,19455857.1,20.41,406.7668810699669,2.45,52.155
AMOD,136852.2,0.87,699.3975250044056,57.471,146.507
AMP,269009820.6,479.36,159.95511380714734,0.104,22.693
AMPG,2340381.6,3.44,737.4873399447033,14.535,81.771
AMPH,9735817.4,23.18,335.70768040676046,2.157,59.883
AMPL,14618843.2,9.69,406.4595870399652,5.16,35.389
AMPX,93262582.9,11.85,659.1679191288933,4.219,74.851
AMPY,3401086.3,4.83,380.41521308100727,10.352,46.798
AMR,46295856.5,180.8,350.78382650570836,0.277,51.282
AMRC,15009419.4,29.41,442.1673195157865,1.7,64.058
AMRN,1030579.1,14.84,273.899388903953,3.369,26.484
AMRX,22002815.8,12.88,209.00321276536863,3.882,29.566
AMRZ,164412797.4,52.94,233.36235118225753,0.944,30.398
AMS,24055.5,2.07,397.3765486631688,24.155,104.79
AMSC,33495488.0,33.78,538.3615469989987,1.48,94.085
AMSF,6246146.0,34.47,188.3452367327252,1.451,12.957
AMST,70505.2,1.83,674.2808375180831,27.322,146.494
AMT,534272678.6,179.12,164.8155085378966,0.279,24.223
AMTB,5544244.4,21.89,190.68069252898604,2.284,30.653
AMTM,45924342.0,24.17,288.5359497083527,2.069,49.375
AMTX,1868383.1,1.88,592.3068192668786,26.596,107.77
AMWL,520851.9,6.04,425.3593610134918,8.278,48.243
AMZE,472326.2,0.3037,926.1682272848068,164.636,212.26
AMZN,9896704232.3,234.34,212.72869323501038,0.213,27.036
AN,77943301.0,204.08,183.6567004602644,0.245,31.928
ANAB,23863216.8,53.36,471.15313066570434,0.937,106.144
ANDE,18593673.6,65.71,228.97669637393597,0.761,31.788
ANDG,9099361.0,34.995,386.28495701146073,1.429,71.006
ANET,1098071998.2,145.29,343.7959321619189,0.344,33.141
ANF,127729792.6,91.93,419.5396087567231,0.544,25.545
ANGI,8096501.1,7.92,529.3735071873725,6.313,39.225
ANGO,4525578.7,11.72,268.5546704599309,4.266,89.145
ANGX,3730325.4,4.2,720.2866357418518,11.905,36.37
ANIK,1347958.9,14.18,306.4307574565058,3.526,67.012
ANIP,26546525.8,80.98,191.26522237814908,0.617,40.921
ANIX,502013.8,3.13,459.91690724606514,15.974,68.205
ANNA,301730.1,3.22,709.4714676564308,15.528,189.695
ANNX,11740147.1,5.17,475.3180673001074,9.671,51.144
ANRO,5944791.4,19.98,586.9515753645728,2.503,77.978
ANTX,406649.3,2.97,563.9789712987601,16.835,85.713
ANVS,1371798.3,2.17,579.6108271081026,23.041,80.513
AOMR,791631.9,8.88,153.78275768590578,5.631,37.404
AON,419389522.9,343.2,172.88629517168349,0.146,37.935
AORT,15412785.4,37.48,319.64056300470776,1.334,31.561
AOS,87500535.2,65.79,169.62998246272815,0.76,24.557
AOUT,512919.2,9.03,410.14818760387413,5.537,41.821
AP,942132.8,7.54,544.2719925879401,6.631,67.278
APA,186897326.0,32.36,289.64167749788584,1.545,32.238
APAM,24106686.9,41.48,169.0231675023078,1.205,25.206
APC,2435257.4,18.895,206.8362984140364,2.646,51.283
APD,325082346.8,282.85,165.53961348917497,0.177,22.649
APEI,10862250.2,45.23,273.9825788364518,1.105,56.952
APG,104034899.3,41.19,186.98788667614733,1.214,35.586
APH,1107322761.5,139.36,284.49500004399545,0.359,66.797
APLD,659618979.4,29.87,642.8195896394294,1.674,60.791
APLE,35284686.4,12.42,140.08459474844193,4.026,27.119
APO,464736800.2,129.53,233.1720297669375,0.386,27.812
APOG,7348077.4,38.42,260.11546081146633,1.301,69.592
APP,2450701227.0,492.98,473.7761438845011,0.101,39.125
APPF,62795771.6,195.965,271.99979619366997,0.255,66.124
APPN,22915991.3,28.15,401.65330913587263,1.776,58.134
APPS,15975734.1,5.22,578.63060183176,9.579,90.072
APRE,79440.8,0.8601,562.175947479976,58.133,160.46
APT,138052.9,4.84,311.1374541396224,10.331,62.087
APTV,163721463.7,72.36,274.1290789052437,0.691,31.407
APUS,84156.2,1.84,928.3007379205671,27.174,199.031
APVO,252877.2,4.37,678.090477972573,11.442,243.892
APWC,9966.6,1.6599,370.79158305046036,30.122,121.308
APXT,306776.0,9.99,14.283857194648007,5.005,12.927
APYX,338636.0,3.78,484.3376203068543,13.228,54.515
AQB,36871.7,0.9802,573.5537386255969,51.01,148.014
AQMS,232350.6,4.6,802.8933296096391,10.87,106.52
AQN,24746117.2,5.96,161.63286845116698,8.389,32.582
AQST,10334441.4,4.25,536.5728857349511,11.765,50.012
AR,167182342.5,34.9,233.09678632571564,1.433,36.662
ARAI,435393.3,1.05,793.9560725007457,47.619,92.001
ARAY,609596.0,0.4903,668.0565717432191,101.978,133.132
ARCB,31657090.0,100.51,297.76613403990797,0.497,44.099
ARCC,102582682.8,19.52,126.4636861697465,2.561,16.486
ARCI,33933.7,9.98,14.385634197272099,5.01,23.426
ARCO,8789049.3,8.02,206.69656414130785,6.234,25.844
ARCT,4064769.9,7.58,467.1141411764362,6.596,61.393
ARDT,3987154.0,9.69,370.07437084406075,5.16,79.91
ARDX,17804775.3,5.83,378.96933653427345,8.576,63.41
ARE,106301879.3,51.45,299.7230901502976,0.972,25.711
AREC,7432545.1,2.62,739.9151030523982,19.084,107.539
ARES,306867594.9,138.06,277.45175326431206,0.362,44.866
ARHS,11399199.0,8.94,336.2381237338993,5.593,52.735
ARI,11891094.2,10.28,280.9325441817813,4.864,40.814
ARIS,22823700.2,16.66,401.2961692380427,3.001,38.319
ARKO,3739520.7,5.19,352.7161870026645,9.634,32.186
ARKR,10638.6,6.75,295.3196471804133,7.407,139.53
ARL,24875.8,15.69,364.61279131966495,3.187,149.293
ARLO,16686145.9,13.93,320.5072426347176,3.589,66.661
ARMH,60637.2,60.512,450.121715868758,0.826,41.717
ARMK,105303780.8,40.53,160.85553456476148,1.234,26.356
ARMP,349785.2,6.4,664.1355831065604,7.812,100.875
AROC,50759681.4,32.7,203.83324791353547,1.529,46.89
AROW,2440155.4,33.98,161.10062968810144,1.471,27.23
ARQ,1003360.1,3.2,439.2631444890719,15.625,59.482
ARQT,36909221.1,24.78,343.2327410392321,2.018,36.598
ARR,51622780.8,16.95,141.735104430588,2.95,13.923
ARRY,45875456.2,7.97,509.1403574087198,6.274,77.172
ARTL,228016.6,1.78,848.7489265741676,28.09,134.028
ARTNA,952320.7,32.63,126.65140331377063,1.532,28.54
ARTV,1332735.6,5.47,679.0450301776335,9.141,89.751
ARTW,51804.7,2.48,420.04580056729446,20.161,113.604
ARVN,8830409.5,9.8,339.04521645604115,5.102,57.746
ARW,83525361.5,145.85,230.3066207942423,0.343,24.916
ARWR,114963733.5,66.69,374.19753122506137,0.75,44.413
ARX,16415150.6,13.71,438.12783575295924,3.647,27.807
AS,145111477.0,35.19,250.03490172006008,1.421,22.422
ASA,4864305.0,58.6,324.50094451001087,0.853,29.309
ASAN,42458093.9,8.83,405.3850136757281,5.663,45.203
ASB,50345081.1,27.17,159.45886017636118,1.84,28.865
ASBP,590898.0,1.125,1034.4230826706898,44.444,188.9
ASC,8409524.8,14.96,243.53283167310207,3.342,44.014
ASG,1192996.0,5.3,118.6934349124724,9.434,15.867
ASH,39635476.9,57.97,240.66505789772958,0.863,28.371
ASIC,1647465.1,20.24,291.581430756939,2.47,67.921
ASIX,5772101.2,19.63,334.8042425837331,2.547,18.982
ASLE,2119863.8,6.62,242.04149861432145,7.553,43.771
ASM,28741473.3,6.42,533.5182121552369,7.788,49.164
ASMB,3287590.9,28.34,374.9016755624395,1.764,47.287
ASMH,84066.4,81.23,275.3219891858148,0.616,45.435
ASND,124137262.8,223.59,230.5620561281143,0.224,47.829
ASO,74892404.8,51.05,275.73517450982723,0.979,28.413
ASPI,27308900.5,5.805,652.6529346271576,8.613,42.315
ASPN,6234547.0,4.67,549.1768175535766,10.707,57.418
ASRV,45698.3,3.68,235.43085378980317,13.587,109.714
ASST,55973516.2,9.25,876.9641445754113,5.405,204.728
ASTC,106969.3,3.83,769.1586293251676,13.055,126.453
ASTE,8841657.5,48.7,271.3688756141579,1.027,49.912
ASTH,12764835.4,29.79,420.9948249373047,1.678,15.026
ASTI,2745028.3,3.94,976.3421375472493,12.69,160.581
ASTS,1069600645.4,76.4,692.7939448934073,0.654,68.464
ASUR,760191.8,8.48,291.0185300669355,5.896,20.953
ASX,175330309.0,22.15,346.80653192009623,2.257,36.354
ASYS,4027639.7,13.75,581.8280037661409,3.636,86.459
ATAI,20492617.5,4.32,473.12614158984326,11.574,86.466
ATCH,728658.3,0.2413,846.723302891247,207.211,105.071
ATCX,118628.6,4.96,697.7870006898013,10.081,127.412
ATEC,28897349.7,12.72,448.5452089740186,3.931,80.463
ATEN,18670688.2,20.91,231.06356380613593,2.391,48.717
ATER,76066.5,0.7728,733.6763011148975,64.7,158.415
ATEX,12016685.6,37.2,378.6360110422506,1.344,37.943
ATHR,49679.2,4.31,582.6389219958252,11.601,244.086
ATI,242390362.6,147.96,256.7792670006054,0.338,34.802
ATKR,28028760.1,68.32,282.68641797147063,0.732,43.088
ATLC,4810125.6,67.09,333.9774592389451,0.745,33.0
ATLO,989317.7,27.51,124.91912455579909,1.818,31.45
ATLX,2232760.5,4.57,532.8833193927176,10.941,48.608
ATMU,34857076.3,51.63,244.08039160438338,0.968,24.036
ATNI,1535750.2,24.64,328.6808940199211,2.029,75.167
ATNM,145906.5,1.21,419.13662807542323,41.322,69.134
ATO,167017046.9,173.35,97.86889288498095,0.288,23.219
ATOM,2671414.6,4.53,843.808535171036,11.038,164.483
ATOS,386380.8,2.36,549.2563172614878,21.186,485.761
ATPC,101359.4,2.13,1114.5774438608235,23.474,129.151
ATR,55962407.3,125.98,153.2988802173484,0.397,25.994
ATRA,667974.4,9.63,588.1386444572728,5.192,67.781
ATRC,20588342.4,34.77,293.69459651540717,1.438,52.302
ATRO,37177466.8,71.47,380.1020566559637,0.7,63.589
ATS,3815320.5,27.87,321.3632200312988,1.794,25.833
ATXG,41155.3,1.0,740.8671855703436,50.0,214.173
ATYR,1165632.1,0.7591,705.6086157602193,65.867,104.005
AU,234758311.5,89.55,383.23618300418167,0.558,48.01
AUB,35589301.9,37.36,172.96400263059192,1.338,33.181
AUBN,31065.6,25.5,255.47958810800014,1.961,131.016
AUDC,937114.7,9.09,261.6498180547463,5.501,43.032
AUID,220703.3,1.24,796.8581634461108,40.323,117.231
AUNA,912128.6,5.15,267.3837941060006,9.709,57.814
AUR,100774710.0,5.23,405.7988477470834,9.56,58.338
AURA,1856410.6,6.38,351.0021580124631,7.837,35.086
AUST,167283.6,1.51,575.5372616636307,33.113,149.323
AUUD,196316.7,1.17,857.8472498261954,42.735,162.108
AVA,23588370.4,40.06,118.0442220566804,1.248,16.908
AVAH,11095988.9,8.46,307.07228968964574,5.91,66.673
AVAL,511150.5,4.35,279.889451855061,11.494,46.943
AVAT,253823.9,10.42,638.5703255857121,4.798,12.579
AVAV,255519686.8,221.57,476.72489462444287,0.226,128.422
AVBC,1218861.6,19.03,157.67467540634766,2.627,36.056
AVBH,1815337.7,28.96,109.46348614979179,1.727,23.569
AVBP,10132636.8,23.94,361.6865941277591,2.089,49.024
AVGO,8120834643.9,358.39,300.51925698044226,0.14,56.147
AVIR,1353115.1,4.36,316.50145373746983,11.468,63.623
AVNT,24539197.4,35.99,225.2535537761735,1.389,38.601
AVNW,2558208.1,21.65,397.8428874550483,2.309,53.12
AVO,8582245.0,12.63,236.16201272887074,3.959,27.061
AVPT,19624579.8,12.76,271.09248529042844,3.918,31.089
AVR,4163623.8,5.89,434.75377873636916,8.489,70.929
AVT,66814793.9,63.31,223.96969205551378,0.79,34.555
AVTR,99162039.3,11.2,329.6604550951557,4.464,79.897
AVTX,9376932.6,16.27,535.1303515354708,3.073,79.827
AVXL,4741862.4,3.67,593.6747175191321,13.624,51.569
AVY,113989132.8,170.76,157.58016724269424,0.293,24.162
AWI,64144802.5,179.87,169.4850158517525,0.278,14.481
AWK,230654183.4,132.72,139.34327146074264,0.377,30.226
AWR,19740089.6,75.33,127.91296381069597,0.664,22.533
AWRE,48579.2,1.58,444.44505161050114,31.646,126.378
AWX,12688.7,2.6,352.4802960064732,19.231,128.96
AX,29378216.7,89.21,200.06336936331044,0.56,26.638
AXG,1293094.9,3.5,513.5922682727057,14.286,85.962
AXGN,29758457.9,33.37,333.89104052093876,1.498,106.372
AXIL,88044.0,6.35,570.107339677107,7.874,229.626
AXON,429053971.5,543.55,384.91596401638884,0.092,125.385
AXP,932665532.4,337.78,168.06584959478846,0.148,24.435
AXR,147775.0,23.79,278.0332963317962,2.102,80.58
AXS,61933617.6,100.7,159.1638840778541,0.497,31.245
AXSM,104774114.5,178.9,260.2768129523134,0.279,53.427
AXTA,78986747.0,31.17,201.82350739736586,1.604,37.731
AXTI,345234137.0,41.76,941.0526930007254,1.197,153.816
AYI,97816121.0,330.59,237.7332707701559,0.151,34.122
AYTU,103461.8,2.3,332.68359084159067,21.739,92.688
AZIO,438978.0,1.65,903.3115621628624,30.303,87.746
AZN,413144424.0,184.83,184.06520157795512,0.271,31.393
AZO,579219114.8,3496.19,183.26460099914104,0.014,24.681
AZTA,19644031.6,29.52,399.87719872892967,1.694,48.294
AZTR,152899.8,0.2332,687.6113739464597,214.408,173.043
AZZ,25415169.1,128.46,199.1126657896547,0.389,54.607
B,545140968.0,40.91,305.3486057969906,1.222,57.56
BA,1409093745.1,217.8,208.13873737368294,0.23,23.598
BAC,1817187587.4,53.12,133.4506182660189,0.941,11.328
BAER,865885.1,1.89,480.43682126946027,26.455,78.493
BAFN,77399.5,6.92,400.3011878990185,7.225,114.818
BAH,156311219.4,80.33,261.32829080957964,0.622,24.598
BALL,125532473.0,57.35,160.5282203552857,0.872,28.077
BALY,978008.9,13.56,480.32477786426756,3.687,73.987
BAM,131527338.8,50.56,194.3388174954666,0.989,31.152
BANC,47342703.2,18.8,199.14524428061392,2.66,30.127
BAND,6870584.1,16.77,556.9188264798827,2.982,43.46
BANF,13627552.3,112.61,162.5413316077031,0.444,20.737
BANR,15469901.2,64.65,153.25154810366647,0.773,27.335
BANX,572742.4,20.54,100.00596067050003,2.434,22.195
BAP,105693198.4,329.81,216.69394514669213,0.152,22.232
BARK,583853.3,0.8901,465.6777490994334,56.173,97.146
BATL,5782608.5,1.35,1017.5456659685772,37.037,167.664
BATRA,2669582.9,47.46,118.77937214575672,1.054,24.849
BATRK,14876800.4,43.13,127.50985564602841,1.159,24.425
BAX,140769293.2,19.91,276.34478166791934,2.511,45.641
BB,47868088.2,4.55,375.3413255121551,10.989,67.197
BBAI,179661799.8,4.19,518.6169351106169,11.933,87.163
BBAR,11022763.0,16.02,492.1296562369551,3.121,71.214
BBCP,790438.0,7.11,306.09093013366424,7.032,54.308
BBDC,5497135.2,8.85,142.88272953673427,5.65,17.383
BBGI,243484.9,5.766,726.3241509376032,8.672,135.956
BBIO,154757820.2,71.39,288.76497648340273,0.7,69.838
BBLG,35386.3,1.36,504.91137981270003,36.765,144.72
BBNX,14692568.0,16.76,538.4240048553579,2.983,56.134
BBOT,2219331.7,9.74,450.6683222132326,5.133,64.368
BBSI,6993918.0,34.86,261.10536939431563,1.434,23.763
BBT,21865109.6,28.89,170.29417561386467,1.731,27.263
BBVA,32004097.7,22.73,206.45927279151613,2.2,28.652
BBW,15445504.5,44.04,362.7752081863795,1.135,44.334
BBWI,119284008.9,20.42,379.77383370178467,2.449,24.8
BBY,271660089.2,74.17,235.97914546091766,0.674,30.046
BC,53433458.3,77.33,236.48973618643984,0.647,24.576
BCAL,3079933.3,18.85,127.84782552846451,2.653,24.088
BCAX,10050646.2,18.79,375.9038061903799,2.661,73.859
BCBP,785791.7,8.64,189.9783271011949,5.787,29.904
BCC,28181572.3,76.06,242.7959245930479,0.657,27.973
BCDA,115367.5,1.2,496.48359261319956,41.667,130.97
BCE,74579403.2,23.7,123.68953663235759,2.11,16.583
BCG,41729.2,1.84,627.1587761807024,27.174,149.575
BCHT,140859.6,1.68,485.7886873361027,29.762,181.211
BCIC,639104.5,9.205,188.67201174339394,5.432,34.003
BCML,847279.3,29.85,170.68030837878086,1.675,39.058
BCO,36553970.0,112.76,207.46180360339625,0.443,37.858
BCPC,27615479.1,162.32,134.92441024030214,0.308,16.678
BCRX,31775088.8,8.33,300.6987246885604,6.002,74.61
BCS,136412471.7,24.02,193.16604877845512,2.082,32.589
BCSF,5046412.5,13.33,147.90927004140843,3.751,26.755
BCSS,56476.9,10.17,17.13792217621793,4.916,18.297
BDC,41444829.9,118.01,256.48166208451255,0.424,25.422
BDL,30618.0,32.11,403.9827847190123,1.557,180.932
BDMD,183788.9,1.4,665.4749938806711,35.714,142.257
BDRX,112411.6,3.03,936.7792359246835,16.502,172.464
BDSX,1058738.1,12.78,672.1835516554391,3.912,181.963
BDTX,2237830.4,2.55,541.2628576053958,19.608,49.15
BDX,358118251.0,180.59,195.6539652769571,0.277,34.757
BE,1899891867.7,154.51,708.4580225364483,0.324,101.1
BEAM,51218597.8,27.29,472.36564032593384,1.832,34.909
BEAT,416381.5,1.2,631.4759012797265,41.667,81.201
BEEM,533767.2,1.57,542.2828695710516,31.847,114.834
BEEP,120186.4,2.72,480.36488067109184,18.382,135.484
BELFA,10998507.0,198.45,362.2954530334,0.252,54.256
BELFB,36872074.6,214.98,340.6348781074638,0.233,42.252
BEN,117567886.7,26.24,175.31906505465363,1.905,21.533
BENF,107899.5,3.31,904.5895128837626,15.106,158.428
BEP,20805881.9,31.27,181.13970580901398,1.599,38.284
BESS,248053.4,3.05,894.996618265135,16.393,327.596
BETA,24036025.3,18.795,486.52350117963204,2.66,82.096
BETR,13220735.6,31.53,834.0049676388709,1.586,118.104
BFAM,63140611.2,81.7,289.67614754766,0.612,43.027
BFC,10659731.2,138.6,164.82136229520418,0.361,25.233
BFH,49113432.2,75.81,250.42630575892258,0.66,21.759
BFLY,21291721.3,4.09,721.4707036151502,12.225,19.371
BFRG,133689.5,0.7059,666.9319515731044,70.832,126.275
BFRI,134666.5,0.96,483.0064760198638,52.083,153.11
BFS,2272014.2,33.31,123.15569956103042,1.501,24.613
BFST,4488089.2,27.53,148.897573521393,1.816,23.612
BG,168883667.2,113.6,197.80581178501964,0.44,43.922
BGC,26544247.6,9.68,202.9374975821819,5.165,25.946
BGDE,653964.4,4.5,1097.9115700421066,11.111,144.21
BGLC,22814.4,2.42,461.6930467369597,20.661,173.049
BGMS,55596.0,1.04,751.4772253296928,48.077,179.861
BGS,8398182.4,4.44,301.64104038102045,11.261,15.054
BGSF,120769.6,5.48,397.8431736669377,9.124,73.584
BGSI,3860899.6,123.795,287.68604734164336,0.404,39.534
BH,22715345.6,340.93,326.96667683447504,0.147,42.379
BHB,2640960.5,33.57,158.8838851557521,1.489,38.756
BHC,10666882.4,6.03,340.0442788678306,8.292,24.425
BHE,18353279.9,57.04,272.9568046725899,0.877,44.217
BHF,39920632.6,62.3,294.85124153751025,0.803,20.099
BHK,2664116.0,9.38,63.84133858890933,5.33,10.726
BHR,873035.1,2.55,284.1156215065816,19.608,37.831
BHRB,5892830.3,64.4,147.71032286905856,0.776,22.803
BHST,124074.8,4.4,476.3102109984143,11.364,131.63
BHVN,28714850.2,11.6,596.6757530554024,4.31,140.858
BIAF,272582.0,1.48,1137.830107098468,33.784,84.079
BIDU,320944212.1,121.53,324.50693926451964,0.411,39.624
BIIB,215675573.8,184.87,218.81966279124674,0.27,28.425
BIII,2190.7,9.94,11.650496741502586,5.03,9.686
BILL,102099271.6,46.63,370.2875756354898,1.072,26.939
BIO,71863416.9,299.79,232.81578084609666,0.167,71.362
BIOA,6325127.6,16.11,525.9568908661114,3.104,80.577
BIRD,438168.3,4.07,620.2023241691057,12.285,66.836
BIRK,86105173.0,40.94,316.37686697073684,1.221,27.887
BIVI,159299.8,1.5,730.4279513868333,33.333,125.909
BJ,173361886.5,93.4,185.33703963858048,0.535,27.618
BJDX,148037.1,1.59,781.7418211157371,31.447,194.05
BJRI,16445250.0,40.54,272.62461047502995,1.233,58.13
BKE,22425741.5,52.72,191.57823768548306,0.948,16.97
BKH,57543143.2,72.23,142.8540908773861,0.692,24.791
BKKT,13244649.6,9.67,803.6487712449822,5.171,88.629
BKNG,1243346007.2,4237.75,230.95437863755757,0.012,25.274
BKR,423611394.2,57.48,208.14898783211154,0.87,24.583
BKSY,36671032.8,24.35,660.4778475182729,2.053,66.842
BKTI,3158233.8,78.88,300.36655050670396,0.634,77.489
BKU,35212356.0,46.0,176.87551649281968,1.087,39.003
BKV,20069829.5,26.54,275.8507951165282,1.884,50.907
BL,36248296.9,37.01,327.4701095986627,1.351,33.672
BLBD,23968031.4,58.25,268.3298525615884,0.858,36.285
BLCO,6460583.6,16.28,184.4701856336794,3.071,48.266
BLDR,196705679.1,93.68,313.7033489409571,0.534,43.836
BLFS,10134969.2,25.41,272.1453526551681,1.968,38.84
BLIN,40591.9,0.9914,414.41931356845987,50.434,125.374
BLIV,3860.9,2.9,468.20529052532584,17.241,437.068
BLK,707378202.8,1076.16,171.60687734817455,0.046,20.868
BLKB,20556698.2,47.68,297.84742672733415,1.049,45.051
BLLN,34319194.6,92.93,609.1409538635614,0.538,99.389
BLMN,15520846.9,7.1,452.28337313113207,7.042,68.322
BLND,6875241.4,1.79,440.0084295143236,27.933,55.203
BLNE,1356476.9,2.03,738.5064633072699,24.631,91.983
BLNK,1831246.5,0.7233,566.4476260013872,69.128,63.032
BLSH,57648838.4,37.19,486.04830563884866,1.344,49.541
BLX,6811106.6,49.64,145.70896053484674,1.007,20.017
BLZE,5308434.7,7.4,625.972642463145,6.757,80.612
BMA,25991778.2,81.99,444.07715550534346,0.61,47.208
BMBL,9999056.6,3.45,430.66376862171114,14.493,44.046
BMEA,1472709.2,1.37,570.6368415296052,36.496,75.283
BMI,53756611.1,151.93,296.9054937017367,0.329,32.618
BMNR,1004267945.4,22.53,579.4265113143211,2.219,41.901
BMO,94306968.1,141.4,125.61892467148824,0.354,19.777
BMR,147968.9,1.84,430.6863432974494,27.174,61.2
BMRA,33127.0,2.24,339.84986843777494,22.321,110.879
BMRC,2551978.2,26.22,168.99921113714578,1.907,17.211
BMRN,111962716.8,56.08,216.06698350927533,0.892,38.623
BMY,632473026.6,56.77,171.719995571978,0.881,14.827
BN,185220494.3,45.23,330.0441409635199,1.105,14.152
BNAI,3610033.6,13.54,1113.49120946524,3.693,163.513
BNC,1379370.0,3.69,707.997804295557,13.55,74.683
BNED,2347954.1,9.4,396.3428205574945,5.319,41.928
BNGO,228185.3,1.24,520.1318420702892,40.323,63.837
BNKD,8541.0,26.6283,370.8444159207788,1.878,74.818
BNKK,348720.6,1.48,817.8990141106957,33.784,178.84
BNKU,426938.6,32.812,370.05102741054515,1.524,52.248
BNL,33289216.0,19.25,117.2223337969505,2.597,23.801
BNS,135102577.0,74.72,117.6306800881103,0.669,17.491
BNT,899005.6,45.26,328.553139604689,1.105,33.85
BNTC,1199451.3,12.47,371.87946863762187,4.01,59.673
BNY,408128034.9,120.51,133.1609490358323,0.415,19.609
BOBS,13570466.5,15.4,473.35863481623295,3.247,44.216
BOC,1946032.4,12.87,205.3734861880023,3.885,26.462
BODI,356071.7,9.92,627.5050060005207,5.04,126.37
BOF,165367.8,3.45,479.0199989045264,14.493,66.265
BOH,26545475.3,75.44,149.02544758770887,0.663,26.444
BOKF,33412652.0,128.65,138.3723500261729,0.389,19.207
BOLD,135349.4,1.27,301.1132070007378,39.37,106.582
BOLT,92194.8,4.83,467.9516095523543,10.352,137.241
BOOM,1317185.2,6.83,479.39405164600083,7.321,95.935
BOOT,99528765.8,171.08,284.9162056129235,0.292,51.015
BORR,21998766.8,4.37,340.9314993212817,11.442,61.284
BOSC,219221.8,4.66,269.8022748892312,10.73,56.531
BOTJ,116997.6,20.7,151.94173257869352,2.415,72.629
BOW,5520216.0,26.78,236.67589731126887,1.867,37.996
BOX,59800585.1,29.13,230.20881661991163,1.716,34.778
BOXL,223918.5,1.47,924.6020285313647,34.014,423.306
BP,314470117.6,38.84,182.225114128198,1.287,25.9
BPH,24120.3,60.17,176.527739927292,0.831,37.264
BPOP,70279499.1,136.81,153.53658175060758,0.365,29.573
BPRN,398352.4,35.27,158.0931333857835,1.418,53.031
BQ,133891.1,1.19,820.8810038345679,42.017,241.453
BR,179552978.2,178.91,178.77717785928738,0.279,14.86
BRAI,381896.0,7.2875,1145.7666212507036,6.861,362.513
BRBI,20323.2,13.8791,453.76993596611493,3.603,200.218
BRBR,68287436.2,17.59,479.2339464075304,2.843,47.373
BRBS,946242.0,4.06,195.994172815047,12.315,23.196
BRC,17240118.0,83.11,208.93304462296183,0.602,23.232
BRCB,5709131.6,14.42,486.5381467383489,3.467,51.927
BRCC,751314.9,1.21,458.13808103246464,41.322,118.112
BRFH,18262.0,2.78,458.5149338566328,17.986,182.577
BRIA,11481.0,1.75,594.8872738743145,28.571,292.163
BRID,14523.6,7.5292,238.4856242450711,6.641,147.075
BRKR,105528965.4,43.85,364.431782702167,1.14,48.304
BRLT,102145.4,1.46,444.37910393290537,34.247,79.893
BRN,70595.9,1.1043,354.8578620749979,45.278,125.357
BRO,195674883.0,71.6,193.61626090198104,0.698,31.226
BROS,206448162.8,55.77,328.51859916767626,0.897,92.279
BRR,1696138.4,2.6,648.3766209269554,19.231,56.464
BRSL,20596738.1,13.17,200.89423227854877,3.797,22.336
BRSP,4545404.3,5.61,140.61226179093916,8.913,24.007
BRT,515244.8,14.68,137.97693216456096,3.406,36.172
BRTX,95915.1,0.3944,894.2788917122946,126.775,101.971
BRUN,7185642.8,12.68,559.4721262856186,3.943,64.633
BRX,70171790.4,29.11,108.44099651445897,1.718,25.362
BRZE,55510931.6,25.69,454.93684305327105,1.946,88.436
BSAC,10304004.0,32.09,179.50232029797797,1.558,23.649
BSBK,47457.3,8.595,113.36460747363121,5.817,90.649
BSBR,5410863.4,5.79,215.2957605388873,8.636,34.544
BSET,353812.5,15.61,210.2323769822565,3.203,59.217
BSIN,1224672.5,1.06,463.2923017786138,47.17,108.285
BSM,5251847.7,14.03,131.04799156328772,3.564,23.391
BSRR,1794478.4,35.58,160.61031879389571,1.405,26.853
BSVN,559972.0,43.95,169.93765507651253,1.138,57.41
BSX,913453947.0,71.35,243.3863779663987,0.701,18.064
BSY,86136852.2,36.56,252.74165636968547,1.368,31.981
BTBD,73766.2,1.47,683.1608859038683,34.014,100.366
BTCS,1951040.7,1.85,542.048377864102,27.027,73.219
BTE,71408323.0,3.91,287.49565204416774,12.788,50.238
BTG,150461102.5,4.66,382.66929510194694,10.73,50.369
BTGO,7025280.8,8.01,635.2976914728232,6.242,87.604
BTLN,91018.4,0.895,559.5056078949407,55.866,162.495
BTMD,365452.8,2.25,469.41724979491374,22.222,59.045
BTOC,38338.7,0.3227,495.76849814733123,154.943,194.834
BTQ,10231039.5,3.97,862.5384933664329,12.594,108.815
BTSG,105696752.1,41.34,285.2566418474627,1.209,36.584
BTU,81939947.4,28.21,368.3308692808481,1.772,52.941
BUD,136941109.2,72.93,146.09921120069788,0.686,11.089
BUDA,108387.0,8.98,452.0828334944856,5.568,233.193
BUR,14011373.5,8.27,301.4643935605141,6.046,39.468
BURL,239583766.7,303.88,253.07656461612387,0.165,54.125
BUSE,14861919.0,25.66,141.42259298344786,1.949,28.129
BUUU,227402.0,14.15,769.6708942475149,3.534,282.068
BV,8646361.6,12.78,242.35158308871746,3.912,42.934
BVFL,279818.1,19.36,163.7684592614946,2.583,54.773
BVN,37085971.8,31.89,337.58284798147395,1.568,27.684
BVS,3275593.6,8.61,316.1053116827293,5.807,56.742
BW,30536469.8,9.19,760.3136931172853,5.441,151.604
BWA,118308093.4,53.3,246.73884769686197,0.938,33.854
BWB,1617857.3,18.41,168.32910653833437,2.716,38.335
BWEN,722634.8,2.88,651.7221344437659,17.361,84.803
BWFG,1978118.4,48.74,157.87156159449304,1.026,28.586
BWIN,28765094.1,25.04,380.85174112608917,1.997,35.335
BWLP,6107667.7,16.94,248.65264589541698,2.952,24.009
BWMN,4187712.2,33.75,398.3502329521931,1.481,21.956
BWMX,977497.7,16.64,219.7901728843279,3.005,47.813
BWXT,192095000.6,193.93,281.50386933204413,0.258,51.731
BX,623410818.8,134.68,229.25113299794288,0.371,32.036
BXBL,396417.2,10.04,492.6760253611479,4.98,13.223
BXC,6138494.9,62.39,399.18149682696355,0.801,32.214
BXP,100819957.8,67.11,176.73589403633835,0.745,24.652
BY,6061226.6,31.91,140.68043947877234,1.567,25.698
BYD,69953121.8,84.12,165.73423928536067,0.594,20.72
BYFC,16771.1,8.0,250.49882727994427,6.25,113.383
BYND,27370350.5,0.8501,805.8992354204956,58.817,116.452
BYRN,4510848.6,10.8,553.6155602639152,4.63,71.594
BZAI,4898780.6,1.79,766.0013400587119,27.933,128.099
BZFD,329377.5,1.09,524.3603195725976,45.872,100.51
BZH,9972930.4,23.87,332.2416759648319,2.095,59.703
C,1401159739.2,117.36,181.84196311760707,0.426,22.2
CAAP,5102973.1,25.18,246.47207544609353,1.986,41.247
CAAS,92848.7,4.43,217.6456592944546,11.287,75.278
CABA,7402950.5,2.79,594.175359617815,17.921,77.079
CABO,13143915.2,96.37,592.60637286424,0.519,57.836
CABR,71868.6,1.11,801.0295635258492,45.045,235.632
CAC,3930476.4,47.52,172.1490948014997,1.052,26.49
CACC,70942221.2,500.62,247.05076433742562,0.1,39.677
CACI,140613443.6,558.48,250.14763972288418,0.09,26.031
CADL,6387107.6,5.85,453.1039391365939,8.547,56.323
CAG,198218856.2,16.67,190.8048023837196,2.999,18.856
CAH,384776607.6,208.33,182.37845687458997,0.24,22.2
CAI,44697343.0,22.18,409.3954261413846,2.254,60.813
CAKE,75833775.0,59.92,237.36849516391192,0.834,28.484
CAL,8240486.8,12.69,409.8910121404525,3.94,77.649
CALC,183885.5,0.8915,765.015568916257,56.085,136.248
CALM,75321443.1,83.35,189.70821754129628,0.6,37.621
CALX,36792070.0,51.02,256.9168711907661,0.98,33.779
CALY,31081506.8,14.2,326.54461118674436,3.521,40.377
CAMP,424581.8,4.21,735.0164233995257,11.876,134.291
CANG,715617.2,1.31,805.9813680999627,38.168,162.549
CAPR,25201213.5,24.04,677.1456472396271,2.08,90.068
CAPS,103476.3,0.6021,623.3882935732066,83.043,151.64
CAR,86363800.0,145.13,557.0006609378806,0.345,45.075
CARE,4325911.9,21.69,170.64834781184678,2.305,25.345
CARG,34251908.6,35.0,242.4628843669487,1.429,26.352
CARL,1112602.4,12.56,450.47615467148495,3.981,70.331
CARR,365907739.9,60.15,222.9196731676098,0.831,37.989
CARS,8477085.1,11.27,289.00368342835077,4.437,64.835
CART,173466406.1,41.48,272.78397569723967,1.205,43.85
CASH,16009308.5,82.59,186.0795169990737,0.605,40.578
CASS,3331419.8,44.82,140.2203916574424,1.116,25.254
CAST,777257.2,2.08,1377.8142268045826,24.038,343.61
CASY,239707575.6,671.75,228.65403505889523,0.074,24.221
CAT,1861517645.3,721.24,245.26775085099027,0.069,39.898
CATO,145121.9,3.23,343.9726920728805,15.48,51.862
CATX,4120903.9,3.22,623.9489091971595,15.528,65.615
CATY,20421755.2,51.27,149.58469727848316,0.975,26.631
CAVA,222715587.5,66.95,364.0614477051292,0.747,84.404
CB,523862056.3,324.15,121.96190911856648,0.154,16.326
CBAN,2663157.0,19.68,155.66472389196377,2.541,28.353
CBC,14774788.7,25.54,144.8011976123216,1.958,28.55
CBFV,170623.2,35.08,159.3194076921439,1.425,59.637
CBIO,2230534.7,13.68,492.61205503118833,3.655,96.576
CBK,1254336.2,26.75,134.1378848068158,1.869,47.108
CBL,6456854.9,37.83,174.58819990170724,1.322,14.716
CBLL,5167598.1,18.72,329.10126955762803,2.671,22.577
CBNA,193137.9,35.6,207.0736533909926,1.404,71.567
CBNK,1538033.3,31.37,148.79383894412882,1.594,31.679
CBOE,232754899.6,274.4,209.3245897371932,0.182,19.041
CBRE,237217712.2,149.46,205.81414328950953,0.335,29.487
CBRL,41020706.8,32.83,344.9375452051176,1.523,40.004
CBSH,59967909.4,53.68,135.58379149075446,0.931,14.11
CBT,30141504.9,75.76,205.34402299298367,0.66,35.881
CBU,13720637.9,61.74,146.2432962120919,0.81,19.919
CBUS,391341.6,1.59,665.6548141013926,31.447,73.625
CBZ,32063442.5,46.17,337.47603343842775,1.083,27.892
CC,44803508.5,16.75,401.5724988439906,2.985,17.349
CCAP,2569657.0,13.4,171.66431045032758,3.731,37.517
CCB,10829144.0,82.1,445.956572044557,0.609,30.04
CCBG,3156147.0,43.71,146.62504680007788,1.144,27.821
CCC,53651354.8,6.85,341.427702970112,7.299,42.593
CCCC,5360542.5,2.73,546.7837380485973,18.315,75.081
CCEC,159431.0,21.44,237.29880604295118,2.332,115.132
CCEL,25575.5,3.58,400.32350042271116,13.966,225.198
CCI,273760050.7,87.85,187.23854492024182,0.569,17.605
CCJ,368528151.7,100.85,345.0990085641201,0.496,41.212
CCK,114729397.0,102.56,164.41570060135692,0.488,23.37
CCL,575818037.5,27.86,295.0130703096416,1.795,48.501
CCLD,948268.2,2.9,398.3156004526896,17.241,28.219
CCM,20650.3,4.54,532.0615431047601,11.013,198.781
CCNE,3747898.4,28.73,152.46911775148675,1.74,15.324
CCO,9364674.4,2.37,250.50692602999118,21.097,32.943
CCOI,22369416.0,19.99,608.3123413207351,2.501,68.606
CCOR,59936.9,26.2152,53.194454316712054,1.907,17.713
CCS,17029622.5,62.86,261.9732777351013,0.795,24.031
CCSI,4189611.2,28.02,330.1131503392193,1.784,24.458
CCU,1760584.3,11.98,189.03541978687582,4.174,55.141
CDE,405203337.6,18.44,470.6503781469206,2.711,60.804
CDIO,102122.0,2.04,846.3228742150274,24.51,131.416
CDLX,622715.1,1.21,653.2521595769623,41.322,70.257
CDNA,16143160.6,19.73,420.6833765181515,2.534,61.024
CDNL,18771598.2,41.32,637.1961296226317,1.21,109.901
CDNS,655010884.4,327.31,254.65864771548692,0.153,31.959
CDP,28848382.5,31.64,114.73360987179355,1.58,25.816
CDRE,10142165.8,33.4,298.71716447613665,1.497,35.517
CDT,186287.2,1.43,1132.551589900763,34.965,270.453
CDW,212819100.3,136.91,291.45203260091654,0.365,22.608
CDXS,1740425.4,1.82,531.3825495259579,27.473,62.849
CDZI,3433566.4,4.82,408.49467140641667,10.373,36.609
CE,91763007.9,46.17,332.7017151659594,1.083,32.056
CECO,33076056.9,64.8,405.0760571358062,0.772,104.039
CEG,862519895.4,299.05,296.3960747189923,0.167,42.573
CELC,82209352.4,100.55,468.5205978588072,0.497,141.016
CELH,247783767.2,40.94,398.29671403661706,1.221,24.661
CELU,75368.2,1.265,550.5587828177518,39.526,151.48
CELZ,138111.9,2.14,846.7884957724394,23.364,144.595
CENN,118989.2,0.5221,482.47613548591806,95.767,167.715
CENT,2542090.2,37.08,167.97494900079343,1.348,24.643
CENTA,9789660.2,33.17,161.45034942259477,1.507,24.779
CENX,86372722.5,46.21,410.11305269879193,1.082,45.077
CERS,3160811.5,2.15,487.4652289889233,23.256,40.713
CERT,20117974.0,8.0,381.9167212644228,6.25,51.049
CET,1818660.0,51.95,81.87691723562013,0.962,24.896
CETX,560346.7,2.47,934.7498150216193,20.243,339.318
CETY,68805.0,0.8647,783.9723371037925,57.824,253.416
CEVA,10485564.3,26.23,464.68026996963977,1.906,71.458
CF,264520553.2,104.71,265.52810638416975,0.478,38.902
CFBK,1015379.6,28.55,156.28035721090168,1.751,27.17
CFFI,336137.0,73.44,210.00612881277146,0.681,71.088
CFFN,5920392.6,7.28,150.64379539036813,6.868,17.082
CFG,259879830.8,61.6,165.03306619964388,0.812,33.423
CFR,68460990.8,137.77,131.08153147704803,0.363,30.23
CG,153796513.6,51.29,235.92515552661908,0.975,28.754
CGAU,24225449.2,16.47,342.0694069626531,3.036,50.152
CGBD,6541574.6,11.69,154.80660779259983,4.277,25.813
CGEM,10172832.2,13.22,475.9790334949526,3.782,49.232
CGNX,90302197.9,50.8,346.6230098232793,0.984,35.662
CGON,50508236.2,57.76,344.6163702364779,0.866,61.858
CGTX,1158260.3,1.21,695.0178265210366,41.322,69.341
CHCI,297843.1,15.07,409.8535520389384,3.318,91.375
CHCO,11906648.9,124.26,113.30694905643432,0.402,17.512
CHD,187150410.4,94.65,145.28218695029395,0.528,28.985
CHDN,74252455.8,91.93,215.3787292947117,0.544,13.26
CHE,79424948.8,439.36,186.21449863161814,0.114,19.592
CHEC,2125.5,10.09,16.322168419777014,4.955,15.358
CHEF,29645048.2,64.65,237.72274299862443,0.773,42.981
CHGA,95696.3,0.732,757.6262639233296,68.306,205.129
CHGG,1371976.3,0.9471,682.3809807715862,52.793,176.498
CHH,61076625.0,106.16,238.16802486352256,0.471,30.201
CHMG,559854.4,58.45,186.88068914167778,0.855,41.063
CHMI,518612.5,2.55,220.85034639078287,19.608,45.901
CHNR,44615.4,4.03,566.8480652812975,12.407,204.441
CHOW,228055.6,0.487,1053.9300118461508,102.669,332.791
CHPT,3273494.2,6.66,571.1930315721409,7.508,54.785
CHR,144773.0,1.45,808.2083826879026,34.483,293.174
CHRD,86574525.7,114.0,247.70920320562874,0.439,40.592
CHRN,1269338.7,10.26,668.7378002716891,4.873,137.66
CHRS,1523473.7,1.55,500.06910040333116,32.258,35.414
CHRW,248030082.5,166.84,277.39982933085315,0.3,35.127
CHT,6669907.9,42.97,84.03163783042771,1.164,10.651
CHTR,393827617.3,206.02,333.7504687046651,0.243,70.736
CHWY,206174345.9,26.46,310.5462930739191,1.89,30.568
CHYM,80111752.4,21.62,399.58465125104203,2.313,34.67
CI,435848035.3,280.45,208.14506934236317,0.178,29.927
CIA,503260.1,5.4,332.08949945768575,9.259,62.576
CIEN,760839103.0,337.38,466.74914740352165,0.148,38.753
CIFR,554691647.8,17.39,724.5392690714727,2.875,54.317
CIG,8866447.1,2.13,190.54817782626264,23.474,35.428
CIIT,73008.1,0.6599,953.8932850180013,75.769,316.286
CIM,8696689.4,13.02,161.11897528409466,3.84,34.711
CINF,96948866.5,163.9,130.64532849592055,0.305,17.731
CING,1157331.8,4.84,556.9467407182866,10.331,69.967
CINT,522513.6,4.51,336.8630924512038,11.086,70.5
CION,3383674.6,7.95,216.51881513631392,6.289,24.934
CIRC,207988.7,2.04,1013.2368891302469,24.51,197.356
CISO,121326.9,0.375,586.0489407123995,133.333,124.395
CISS,311531.4,1.71,977.5665991054723,29.24,133.436
CITR,196189.0,6.98,505.48718700874855,7.163,129.589
CIVB,2207376.3,23.9,149.93521834460566,2.092,22.659
CIX,87464.6,23.6,246.95628941942803,2.119,92.746
CJMB,75308.1,1.73,849.6982999859933,28.902,206.171
CKX,12530.7,10.7,295.1958540471394,4.673,189.349
CL,481459247.2,85.55,141.07915173826115,0.584,17.49
CLAR,470659.0,3.35,276.63390684330204,14.925,50.157
CLB,6641157.6,14.54,340.98555952101196,3.439,47.122
CLBK,4102422.3,16.47,170.30171937819927,3.036,30.643
CLDI,190957.7,1.02,471.6528298371804,49.02,153.734
CLDX,24761824.0,29.54,311.33923904978775,1.693,40.178
CLF,197181336.6,11.63,435.06716093593656,4.299,63.29
CLFD,3712557.2,31.21,378.48485801321107,1.602,61.687
CLH,126569070.3,282.76,176.86686223487055,0.177,34.76
CLIK,90883.2,2.21,890.2357198462862,22.624,227.93
CLIR,71840.8,0.9601,648.0394313471472,52.078,153.827
CLMB,4614286.1,84.76,322.8485088812719,0.59,29.554
CLMT,27219915.2,29.08,269.4717686848161,1.719,43.745
CLNE,2779648.1,2.23,337.7035527462009,22.422,30.749
CLNN,497803.9,5.99,652.1714992444141,8.347,91.856
CLOV,15802720.7,2.7,414.3491808054447,18.519,21.835
CLPR,194833.6,3.36,262.45651371201814,14.881,67.182
CLPS,8729.9,0.93,516.6803920155861,53.763,175.125
CLPT,8123551.0,13.99,621.5072466933759,3.574,141.901
CLRB,152681.6,3.04,493.78001134316304,16.447,110.09
CLRO,43301.2,5.06,662.8655141729276,9.881,232.176
CLS,734204966.0,309.76,489.2586264481358,0.161,87.704
CLSK,294424605.5,12.69,589.6442291239608,3.94,63.329
CLST,44306.0,15.95,107.79687125418081,3.135,49.132
CLVT,12967928.2,2.59,451.83543412031054,19.305,62.471
CLW,3057713.6,17.61,323.2436245009444,2.839,36.753
CLWT,9254.4,1.25,438.5272869462208,40.0,189.361
CLX,228375009.0,104.7,194.59927462872156,0.478,18.12
CLYM,4130674.5,6.95,587.5391796484557,7.194,45.381
CM,97679286.9,97.39,131.5121714918688,0.513,20.92
CMBT,20318055.7,12.85,253.20985289194795,3.891,36.519
CMC,71068941.8,68.03,230.8831073017934,0.735,27.356
CMCL,5860301.3,25.61,391.1285675882816,1.952,56.529
CMCO,6179379.5,15.71,411.0077765268013,3.183,48.493
CMCSA,792399135.4,27.89,202.94203158681492,1.793,53.832
CMCT,181940.7,3.85,1153.223914499002,12.987,154.36
CMDB,835604.0,16.68,274.0852627685947,2.998,45.826
CME,584987195.1,273.74,149.5640309314199,0.183,19.317
CMG,589632798.1,35.0,265.2601034924853,1.429,43.1
CMI,478888449.9,567.44,228.81029686707066,0.088,30.211
CMP,10504596.0,24.14,326.7819089583731,2.071,33.095
CMPR,11457680.5,75.64,265.38920901395886,0.661,43.624
CMPX,8243937.1,3.9,388.7450815472201,12.821,79.076
CMRC,2519404.4,3.08,473.5815788799639,16.234,78.439
CMRE,6491581.2,15.59,201.76068450844696,3.207,38.316
CMS,197162853.1,73.23,106.9686597600752,0.683,21.205
CMT,526799.2,21.22,266.1782057845992,2.356,72.934
CMTL,821038.8,3.21,619.4727294519146,15.576,62.398
CMTV,955101.3,39.195,315.4555791284696,1.276,86.201
CNA,18604466.1,46.91,135.29506475297657,1.066,14.058
CNC,281099949.2,41.9,306.78373910944737,1.193,52.255
CNDT,1980495.6,1.7,440.1031853761767,29.412,88.186
CNET,9881.2,1.2337,746.9487366318141,40.528,216.624
CNH,135842652.8,10.68,256.04176148575095,4.682,46.635
CNI,147732813.5,106.21,137.37695856399313,0.471,15.278
CNK,72884179.8,27.99,253.16154204428364,1.786,36.891
CNM,110767165.3,49.89,274.9452482568908,1.002,31.28
CNMD,18800037.5,41.75,281.8710630718453,1.198,27.178
CNNE,7681589.0,14.88,206.45103600028352,3.36,45.02
CNO,27895619.9,42.84,131.2787318869113,1.167,24.399
CNOB,8334680.2,27.62,171.00619525785416,1.81,28.964
CNP,211006575.4,40.4,107.36354891341917,1.238,21.597
CNQ,317425116.9,41.81,195.18550916233366,1.196,19.911
CNR,61593649.5,88.17,291.29724101749974,0.567,39.029
CNS,20497008.8,68.32,167.0660526763339,0.732,28.546
CNSP,71382.6,5.4999,524.7387712961072,9.091,177.232
CNSY,1526962.8,0.655,723.9178865478493,76.336,259.193
CNTN,1600985.7,3.01,646.4180212278974,16.611,99.034
CNTX,1144631.9,1.21,589.772590571541,41.322,105.557
CNTY,88063.2,1.45,312.0043643295747,34.483,91.461
CNVS,318982.1,2.54,368.0642344122772,19.685,60.101
CNX,63722663.6,36.2,179.55300097588622,1.381,38.585
CNXC,36403315.5,32.16,430.62266234546166,1.555,74.394
CNXN,5169217.0,62.69,161.6378183898306,0.798,28.414
COCH,115326.9,0.705,699.1532535258683,70.922,161.112
COCO,51370220.9,54.22,337.145228325328,0.922,38.372
COCP,72323.4,1.06,452.5303458770892,47.17,131.51
CODA,1005359.9,10.11,381.6616783725387,4.946,72.796
CODI,7894339.5,7.48,431.9038763716928,6.684,46.504
CODX,373884.7,1.54,1034.859261568018,32.468,203.541
COEP,693531.0,14.25,477.44931634322757,3.509,95.578
COF,852612617.2,211.34,202.9801164651421,0.237,25.396
COFS,2470983.5,30.33,171.4730900590701,1.649,34.601
COGT,64739780.0,36.14,299.2977918772274,1.384,63.215
COHN,225882.5,13.58,631.7674024369327,3.682,102.713
COHR,1366422982.7,247.8,525.3216923792297,0.202,66.052
COHU,27737637.5,30.35,419.9104377963133,1.647,77.401
COIN,2008348823.5,196.68,437.7798292106481,0.254,28.278
COKE,75365956.9,175.0,230.39232338408314,0.286,11.561
COLB,83381608.1,29.02,176.18631382227366,1.723,27.496
COLL,15957750.4,35.62,281.1323872426132,1.404,56.945
COLM,32603141.6,57.04,229.58181375878908,0.877,31.477
COMP,116035877.5,9.49,408.92584227627026,5.269,45.35
CON,19267650.1,22.57,174.29812685199224,2.215,43.09
COO,157512900.4,71.39,203.35229871375174,0.7,71.19
COOK,541906.0,1.35,580.0795517039638,37.037,113.031
COP,761784063.5,110.52,191.30429476877265,0.452,24.631
COPL,7938.0,10.3,17.955955958658066,4.854,17.81
COR,414574103.5,321.23,202.67980185815452,0.156,17.126
CORT,68082093.4,73.47,394.0403718314183,0.681,38.715
CORZ,228201007.3,18.06,440.6108520986111,2.769,46.116
COSM,394323.3,0.3763,600.7042083539508,132.873,197.917
COSO,1532157.8,24.86,117.35649737910745,2.011,27.143
COST,2028060046.0,952.75,124.62525597897461,0.052,13.88
COTY,19674605.0,2.75,311.2962495781898,18.182,52.175
COUR,27288422.3,6.13,365.1052778603728,8.157,58.518
COYA,714867.8,4.87,398.9242171494937,10.267,71.058
CP,202181900.6,81.17,140.94821836366856,0.616,23.136
CPA,38524897.5,126.45,261.90485452002565,0.395,17.922
CPAC,183015.2,10.56,330.54024490418794,4.735,90.872
CPAY,171716919.7,320.48,228.81063610236782,0.156,15.885
CPB,167376569.9,25.06,206.51670515349088,1.995,27.265
CPBI,35057.6,17.5,109.28199098181197,2.857,63.117
CPF,4554210.8,32.83,151.46821947317503,1.523,31.2
CPHC,18861.1,15.7,147.71695789403677,3.185,75.429
CPHI,25002.9,1.08,783.0559579513608,46.296,189.804
CPIX,313695.5,3.91,544.1783437602608,12.788,134.223
CPK,17365120.3,128.86,124.52768895709637,0.388,23.873
CPNG,337487196.5,19.57,296.1794301058407,2.555,30.842
CPRI,53357070.1,19.98,292.74838790957944,2.503,41.821
CPRT,308566064.8,35.55,190.91774696349827,1.406,22.495
CPS,4979028.7,30.64,395.3227632884359,1.632,42.561
CPSH,955276.1,4.02,659.8740525751817,12.438,90.829
CPZ,1019675.2,14.55,73.6667279755128,3.436,30.175
CQP,5637836.9,60.27,183.82645013293703,0.83,18.141
CR,72530696.0,188.98,201.4801029092069,0.265,41.442
CRAI,21629414.2,173.33,239.1550030951519,0.288,33.393
CRBG,125049517.0,30.38,220.7257647038547,1.646,36.298
CRBP,2604907.5,9.66,522.9444185989641,5.176,66.996
CRBU,2076429.2,1.84,457.94509836073104,27.174,71.309
CRC,43540307.9,53.36,221.90064432941256,0.937,48.63
CRCL,1128434870.0,88.57,602.1967091437507,0.565,52.883
CRCT,2477192.0,4.63,272.65789120675805,10.799,57.509
CRDF,1390976.6,1.78,571.1536207210929,28.09,50.179
CREX,93397.4,3.17,374.9896986358153,15.773,118.413
CRGY,60092700.5,10.29,310.8966956611084,4.859,47.716
CRH,486977036.9,112.64,200.2539252070136,0.444,34.074
CRI,36075892.8,34.75,312.8057227758084,1.439,64.491
CRIS,152928.4,1.11,792.7061851058344,45.045,123.923
CRK,42458890.5,17.87,352.5442456354847,2.798,37.185
CRL,163872398.7,181.34,285.03126790375944,0.276,44.722
CRM,2237453903.8,199.44,290.32470187839476,0.251,30.365
CRMD,12486562.7,8.27,416.31452845764375,6.046,59.2
CRMT,2263180.0,18.23,857.3925473545792,2.743,45.783
CRNC,8139771.0,9.88,508.50537621127586,5.061,81.154
CRON,3224170.8,2.66,266.4835172436846,18.797,34.421
CROX,123710652.9,89.7,277.3143535288178,0.557,44.852
CRS,280030166.4,387.47,302.06072420080795,0.129,40.923
CRSR,7336872.3,7.12,523.9295659765355,7.022,54.871
CRUS,77542945.1,131.24,229.09317145982985,0.381,46.393
CRVL,11985430.0,64.26,278.8311472616965,0.778,18.89
CRVO,474579.9,4.31,490.220538333147,11.601,52.782
CRVS,12895406.8,13.15,417.2557814250459,3.802,49.825
CRWD,1384820550.2,454.61,331.51338914901874,0.11,36.516
CRWS,111114.7,2.86,184.02164172366932,17.483,66.508
CRWV,2426426460.5,92.98,594.5441668454077,0.538,43.684
CSAI,241037.6,0.8375,815.8743954771087,59.701,194.736
CSBR,47386.0,6.12,368.0641719783499,8.17,138.09
CSCO,1615992208.0,79.27,212.25657918928695,0.631,20.551
CSGP,237195093.3,44.99,278.92763131881355,1.111,42.575
CSIQ,39581184.4,15.97,597.5081035767142,3.131,53.938
CSL,141656730.0,342.59,233.16158373214608,0.146,32.86
CSPI,152646.5,9.44,333.83811486522904,5.297,89.719
CSQ,4246443.9,19.33,100.53267816695114,2.587,17.121
CSR,7436968.5,60.22,175.81806279816033,0.83,36.223
CSTL,9466013.2,25.32,357.3441606705653,1.975,19.8
CSV,3748914.0,42.94,190.59514567312908,1.164,26.7
CSW,37556319.8,277.21,273.0692997268489,0.18,39.934
CSWC,13833288.1,22.98,122.3558074475656,2.176,20.571
CSX,492036960.0,40.9,138.45363096617479,1.222,21.371
CTAS,366487380.5,189.16,143.68132608225625,0.264,20.214
CTEV,4104666.2,30.76,793.7735690275321,1.625,55.661
CTGO,6247447.9,22.52,409.3629991218406,2.22,47.664
CTKB,3656607.1,4.48,352.44626142681363,11.161,48.618
CTM,1074390.7,0.8599,450.0720397467809,58.146,172.18
CTMX,11030960.8,3.81,534.9358036252066,13.123,41.456
CTNM,2454073.6,12.83,420.69314154368374,3.897,60.037
CTNT,75225.0,1.56,780.6881323413716,32.051,129.595
CTO,5519364.6,18.98,118.3067448780564,2.634,19.874
CTOR,150198.6,1.005,552.1491288820874,49.751,84.087
CTOS,6266587.2,6.64,295.36432335189556,7.53,59.274
CTRE,74881640.7,37.76,157.44332068780406,1.324,23.222
CTRI,35931759.6,27.02,335.44799628888575,1.85,51.254
CTRN,4498748.9,45.33,357.9228833529736,1.103,77.59
CTS,9829510.7,51.93,223.068996162723,0.963,34.907
CTSH,364633999.8,63.76,251.95943394891933,0.784,28.989
CTSO,46762.4,0.6451,491.51996341141137,77.507,125.814
CTVA,283528340.7,76.46,175.3586788751112,0.654,27.528
CTXR,319757.9,0.8006,698.9174848854444,62.453,134.351
CUBE,77350879.3,39.73,136.0816350641905,1.258,19.325
CUBI,21469879.3,74.34,199.81595394368165,0.673,21.048
CUE,473803.4,0.7275,937.670671270692,68.729,115.343
CULP,70068.5,3.48,240.30069658395186,14.368,77.574
CURB,21337580.4,26.66,125.27682722910723,1.875,31.146
CURI,1537955.9,3.31,476.3163010020822,15.106,64.396
CURV,504015.5,1.55,529.0165777491369,32.258,117.933
CURX,57680.2,0.4075,654.8206351314723,122.699,168.573
CUZ,41463218.2,26.37,164.2626775344427,1.896,22.479
CV,662236.6,6.07,595.8517534150885,8.237,115.964
CVBF,23521697.4,20.08,150.05584078510654,2.49,21.735
CVCO,76544069.8,563.115,295.08647016618704,0.089,41.558
CVE,217639744.8,23.13,225.86079841117754,2.162,28.735
CVEO,1706449.8,27.85,221.49002282067647,1.795,34.067
CVGI,496451.2,1.95,516.372419488756,25.641,77.041
CVI,32740968.0,32.79,337.8916294095521,1.525,25.904
CVKD,254407.7,6.35,617.3145702226566,7.874,73.633
CVLG,4348233.7,28.08,257.71803234159495,1.781,35.267
CVLT,84056619.9,125.1,393.5043635136771,0.4,68.938
CVM,359442.0,4.28,669.9150106165756,11.682,133.301
CVNA,871689086.0,328.19,389.6243830894122,0.152,41.559
CVR,27554.6,10.3275,352.870633600925,4.841,195.988
CVRX,1666859.8,7.32,501.35740278932286,6.831,80.956
CVS,594740743.8,79.85,196.52680966447866,0.626,21.322
CVSA,40843020.1,117.89,355.7783323782102,0.424,62.464
CVU,285466.4,3.92,378.5650985049283,12.755,99.892
CVV,323298.0,4.25,674.94353038774,11.765,53.52
CVX,1581493951.8,181.6,147.90064825763267,0.275,20.882
CW,163571405.8,663.99,222.01550800645043,0.075,38.13
CWBC,3693790.8,23.56,135.5201909226437,2.122,21.829
CWD,148158.1,1.24,667.9191041739772,40.323,242.939
CWEN,34345830.0,35.03,193.99412294935868,1.427,29.208
CWH,20561954.0,7.76,457.5655915650459,6.443,52.103
CWK,24771578.0,14.28,277.99243818680344,3.501,47.954
CWST,56608829.4,90.83,217.474961107248,0.55,33.732
CWT,17754183.0,45.59,155.51884329840135,1.097,33.824
CX,71293278.8,11.59,227.59739918948227,4.314,30.233
CXAI,623021.0,0.2597,834.4043504185933,192.53,149.015
CXDO,1220626.4,6.66,372.62521348512297,7.508,33.195
CXM,15741830.5,6.35,268.0230600383509,7.874,27.596
CXT,29224730.6,50.64,244.84822294508893,0.987,39.209
CXW,20519154.3,20.06,246.2022463869584,2.493,52.002
CYAB,80981.4,10.5,749.8135126023343,4.762,127.455
CYCU,609295.4,1.05,1077.9471428456231,47.619,314.054
CYD,6717568.7,41.37,342.2256465650246,1.209,57.415
CYH,4341886.8,3.12,347.1459297707167,16.026,54.317
CYN,545558.2,1.68,563.3166159954371,29.762,108.925
CYPH,2001444.7,0.733,1054.6548589803997,68.213,126.102
CYRX,5387137.9,10.05,339.90994049926366,4.975,45.145
CYTK,123377248.4,65.37,278.1088308160891,0.765,22.726
CZFS,561952.6,62.97,217.94458452457994,0.794,86.68
CZNC,980138.9,21.73,144.29938125621143,2.301,26.596
CZR,125393342.8,26.43,293.80718700588847,1.892,24.978
CZWI,583654.7,18.64,159.98158629279953,2.682,39.039
D,305102557.8,62.42,126.60805378494943,0.801,27.132
DAC,9054818.8,111.7,143.07522886084968,0.448,20.598
DAIC,114830.0,1.25,952.9614879739802,40.0,123.892
DAIO,74785.2,3.04,341.9101797457562,16.447,117.42
DAKT,8482151.1,19.88,285.0745699775494,2.515,58.584
DAL,531203992.0,69.38,241.7518392597015,0.721,48.25
DAN,39101619.5,28.45,265.7056985284476,1.757,23.97
DAR,114889691.3,53.09,221.1311750254878,0.942,29.648
DARE,224925.1,1.95,642.9814176209592,25.641,67.979
DASH,801111445.2,196.51,299.60087572169687,0.254,31.118
DAVE,107387554.6,227.8,442.22176583232556,0.219,59.54
DB,83552110.2,35.47,204.99044878065044,1.41,39.746
DBD,16922916.0,70.97,252.9010723910595,0.705,22.339
DBGI,1060913.2,6.73,1192.8161429550864,7.429,295.358
DBI,3569259.2,6.03,515.2984613027871,8.292,69.179
DBRG,41308785.7,15.41,306.9260454606918,3.245,8.406
DBX,93293327.4,28.15,230.21851694835314,1.776,38.888
DC,6526729.0,5.39,420.4239285896132,9.276,78.603
DCGO,486308.1,0.7057,555.9510004992919,70.852,98.597
DCH,21475167.0,6.22,375.37758519999744,8.039,59.16
DCI,54344501.1,88.52,162.6852092583026,0.565,17.838
DCO,21329573.6,125.19,247.12981673341838,0.399,20.515
DCOM,8590942.0,33.87,177.49077143634827,1.476,34.964
DCOY,133157.4,4.03,857.7074331292489,12.407,294.723
DCTH,5248370.3,10.745,321.6628421708125,4.653,49.419
DD,188483006.1,48.26,191.80746564181777,1.036,56.72
DDC,190137.5,2.1497,807.916145420941,23.259,190.712
DDD,7174862.4,2.47,551.9575082644402,20.243,48.274
DDOG,716493302.0,153.0,420.0727048198092,0.327,38.587
DDS,75647536.3,605.77,260.56956287840165,0.083,35.036
DE,700525609.9,567.69,197.5691485273034,0.088,15.835
DEA,9515042.3,23.17,132.56733824781085,2.158,31.34
DEC,9470325.3,14.3,250.05849746201005,3.497,46.404
DECK,245114657.0,102.04,278.8697699160082,0.49,32.127
DEFT,3419637.8,0.7537,644.0094178861752,66.339,115.354
DEI,23876987.6,11.66,186.14733625897398,4.288,29.452
DELL,1209723347.2,156.76,445.17639979243523,0.319,49.161
DEO,118321543.9,88.51,210.30874374159228,0.565,9.642
DERM,1040118.1,7.23,414.82951833193687,6.916,57.633
DFDV,6223257.0,4.56,686.196531675436,10.965,167.394
DFH,8481458.0,17.1,365.13461329096214,2.924,41.103
DFIN,11633812.0,48.09,295.427004578812,1.04,26.091
DFLI,975518.9,1.79,990.6184511335306,27.933,151.561
DFNS,4290445.9,3.65,1002.5248342044002,13.699,92.723
DFSC,132349.7,2.36,765.9920484000027,21.186,140.063
DG,347984037.7,119.59,231.77340270492772,0.418,43.136
DGICA,2066518.4,18.83,147.07814651927762,2.655,22.232
DGICB,7768.9,17.38,462.20864385987755,2.877,254.985
DGII,14490934.2,49.6,246.857768366605,1.008,75.473
DGX,172715253.1,192.88,146.90222259432957,0.259,17.442
DH,513543.6,1.19,479.42620332944347,42.017,66.909
DHC,9154834.4,6.78,244.21302972083458,7.375,46.217
DHI,370274668.8,149.98,222.6875978705117,0.333,28.289
DHR,770231402.9,202.46,196.42933023084944,0.247,22.092
DHT,43950409.9,16.72,231.89402144150472,2.99,45.33
DHX,532397.1,2.74,456.93554643764395,18.248,101.043
DIBS,678603.5,4.78,369.53376541956277,10.46,78.739
DIN,11567523.6,30.92,284.1286737784745,1.617,44.206
DINO,141965922.4,57.17,237.57350848597682,0.875,46.446
DIOD,30526653.9,67.84,411.7387806549736,0.737,42.783
DIS,969154250.8,105.44,165.30174972336266,0.474,23.004
DIT,31921.0,107.19,319.8041325100899,0.466,145.436
DJCO,37255242.8,519.41,312.9795564164808,0.096,53.575
DJT,44321705.6,10.27,423.87866131415484,4.869,42.614
DK,58199614.7,40.85,347.811834158694,1.224,39.126
DKL,2958520.5,50.41,191.31748616592805,0.992,35.13
DKNG,333089110.8,25.97,329.759438514202,1.925,25.506
DKS,251892540.7,213.38,324.4716049164319,0.234,46.34
DLB,40662343.3,63.78,181.07730091331584,0.784,25.864
DLHC,52966.6,5.63,228.16621445542276,8.881,104.572
DLNG,185630.4,3.78,212.29534143511378,13.228,67.763
DLPN,35143.6,1.46,371.6149515290447,34.247,131.903
DLTH,209072.4,3.27,583.6282606657661,15.291,103.482
DLTR,356847187.2,112.92,261.6099575527628,0.443,36.608
DLX,8499433.3,23.75,250.2412918627458,2.105,52.942
DMAC,1396744.9,6.86,364.9699021480458,7.289,60.795
DMC,10280277.8,35.52,180.16557605007634,1.408,27.974
DMRC,1300843.2,7.29,545.992734443947,6.859,54.471
DNA,9103605.6,8.77,590.337014523773,5.701,37.946
DNLI,29999278.9,19.68,354.019733243225,2.541,35.687
DNN,119263459.8,3.22,385.83498065214883,15.528,53.564
DNOW,30797054.5,13.79,254.74009161308052,3.626,59.78
DNTH,45450062.2,76.42,396.4053359134552,0.654,76.465
DNUT,9327868.4,3.46,395.33062968956943,14.451,65.161
DOC,129129837.6,18.04,176.9424031812979,2.772,20.747
DOCN,226641453.1,68.16,506.9455905895748,0.734,61.093
DOCS,79047438.3,25.94,396.39325770461755,1.928,55.034
DOCU,184333804.7,56.215,308.56463116359976,0.889,24.837
DOGZ,154912.7,1.43,605.7917714353443,34.965,103.328
DOLE,11431592.4,14.26,159.25326135746292,3.506,38.379
DOMH,522641.6,3.35,490.33499241513664,14.925,53.552
DOMO,5719004.7,4.03,633.8219775732961,12.407,101.792
DORM,25214391.9,128.21,231.03890564293792,0.39,21.611
DOUG,946185.8,2.23,396.7631661934678,22.422,44.752
DOV,207091969.9,206.47,163.8894590491141,0.242,23.478
DOW,329635666.1,29.84,276.76564997790183,1.676,30.63
DOYU,169224.3,5.15,266.8035027545492,9.709,72.195
DPZ,269846938.5,385.13,188.60681087541397,0.13,18.834
DRCT,153157.4,1.02,920.790297132746,49.02,128.72
DRD,10170492.2,28.06,376.5361911561129,1.782,61.281
DRH,23187491.1,9.59,161.75792309633465,5.214,23.164
DRI,241316025.7,199.68,172.0316756920349,0.25,34.576
DRIO,126670.2,8.42,603.0803537471322,5.938,150.848
DRMA,137768.6,1.4,747.5570052446068,35.714,116.869
DRS,38370992.1,42.07,249.1366134480263,1.188,21.793
DRUG,12230030.0,74.61,423.04279723743184,0.67,79.066
DRVN,15028065.4,14.22,347.1565022628068,3.516,90.679
DSGN,3838451.8,10.37,485.38141529828295,4.822,51.067
DSGR,2247455.3,28.39,339.8075976676245,1.761,82.338
DSGX,41598792.7,76.62,255.4778402330856,0.653,27.285
DSP,2295880.8,11.14,384.4558160184305,4.488,59.001
DSS,22596.5,0.92,652.7118478778237,54.348,194.009
DSX,1138004.5,2.22,304.05046783204006,22.523,67.533
DT,196443229.5,43.84,264.61748645079143,1.141,44.618
DTCX,703809.8,2.3,689.8395914781739,21.739,86.524
DTE,175873194.0,141.15,106.86781608959306,0.354,15.758
DTI,477352.9,2.62,482.2491474320082,19.084,59.427
DTIL,1287954.3,6.3,434.55946377646404,7.937,72.413
DTM,97472235.7,131.64,135.38082709980102,0.38,26.032
DTST,92130.9,4.06,313.81562040696207,12.315,77.758
DUK,423754382.8,123.99,100.17830951803771,0.403,14.471
DUOL,232486276.4,135.32,411.0749278119502,0.369,79.411
DUOT,3642027.6,8.92,506.13131612169354,5.605,54.712
DV,27952442.3,10.92,290.6266226509639,4.579,59.806
DVA,110992640.3,149.9,272.8017948926518,0.334,11.013
DVLT,24585526.6,0.6817,1117.1920420675965,73.346,109.804
DVN,426437820.4,43.11,218.30807814487946,1.16,29.536
DWSN,210840.2,2.72,785.699377644998,18.382,94.401
DWTX,130644.9,2.81,609.4099359164014,17.794,122.911
DX,66469564.1,13.22,112.3964758814214,3.782,21.456
DXC,30527790.9,12.57,356.0069452093388,3.978,47.776
DXCM,331984224.3,69.23,261.8316969974274,0.722,27.12
DXLG,52973.6,0.6931,537.7468388184898,72.14,141.384
DXPE,19414593.7,140.47,340.0775886829405,0.356,33.032
DXR,31482.3,11.3701,319.4498541964318,4.397,186.371
DXYZ,30331582.8,28.1,629.395506753221,1.779,72.57
DY,140899031.2,364.51,322.9513151320754,0.137,36.898
DYAI,80695.1,0.8855,514.7120713106042,56.465,165.193
DYN,36511004.2,18.44,473.593629730993,2.711,63.69
E,14045333.9,46.79,168.4194027305286,1.069,23.163
EAF,2415630.8,8.95,570.4730477178642,5.587,64.033
EARN,1665811.2,4.89,146.50559802995434,10.225,19.41
EAT,174250216.8,149.44,304.4662795922406,0.335,33.587
EBAY,427520843.5,93.61,227.61536620993488,0.534,28.256
EBC,40547890.0,19.78,171.92441618911636,2.528,32.021
EBF,3017920.8,20.4,138.12458587816718,2.451,32.672
EBMT,766625.0,21.71,137.4372281916008,2.303,31.487
EBS,6933299.9,8.45,502.5029417376252,5.917,136.711
EC,30825411.4,12.85,243.82452149225486,3.891,48.347
ECBK,150685.7,17.52,154.31766712110286,2.854,74.289
ECC,6556173.5,4.13,210.72684465336783,12.107,32.506
ECG,56082791.4,113.7,389.576865278319,0.44,52.883
ECHO,460282814.3,103.91,348.3819336992873,0.481,76.355
ECL,380184347.5,271.73,137.88766906903624,0.184,9.642
ECO,17827380.6,47.69,267.8375075028495,1.048,32.926
ECOR,336005.9,6.19,526.5612887145314,8.078,98.921
ECPG,16874186.3,68.02,226.23972442821662,0.735,41.404
ECVT,14702749.2,11.0,202.83891275173758,4.545,32.583
ED,206797614.5,106.84,108.02735020556419,0.468,22.185
EDBL,182419.6,1.39,838.6318649425732,35.971,138.178
EDIT,4477351.7,2.7,528.473233704753,18.519,42.481
EDN,2881265.2,26.5,467.9675177723178,1.887,66.139
EDTK,2256.1,1.0,275.9779221637617,50.0,202.781
EDUC,45400.2,1.38,344.96278407383653,36.232,164.978
EDVA,150639.1,0.452,1097.770280700151,110.619,240.933
EE,11563945.4,33.89,229.2072274851027,1.475,43.701
EEFT,49734422.4,73.29,229.03961208050472,0.682,27.476
EEIQ,46575.8,2.29,718.5749033554317,21.834,192.759
EFC,16739528.0,13.46,109.89659820297926,3.715,19.867
EFOI,28977.8,2.75,482.28124989860527,18.182,147.673
EFOR,24007298.6,40.43,361.84055080496614,1.237,44.586
EFSC,11322301.3,58.49,146.66766309247748,0.855,24.092
EFSI,593925.1,38.81,164.30252772496095,1.288,43.75
EFX,273247029.4,192.62,246.72909088416066,0.26,40.1
EFXT,8449599.1,20.18,278.48092748771245,2.478,31.127
EG,119981502.5,339.63,154.24821572106174,0.147,26.027
EGAN,1820423.2,8.49,425.9415517588224,5.889,56.114
EGBN,7298839.5,25.56,237.47040513665067,1.956,22.356
EGG,80090.4,5.56,704.3262456288611,8.993,276.596
EGHT,1895196.3,1.97,512.8645513128777,25.381,70.475
EGO,75191341.4,32.74,370.83982151844526,1.527,43.857
EGP,65285523.0,189.91,110.88197604639431,0.263,30.669
EGY,5357276.2,5.15,284.63856156042823,9.709,29.849
EH,7729695.1,11.59,389.93481525414114,4.314,48.52
EHC,90185093.1,108.04,176.290527015358,0.463,35.083
EHLD,24335.6,7.2657,294.50175202072785,6.882,93.963
EHTH,913412.5,1.81,590.9929577952271,27.624,46.24
EIC,1443920.2,10.48,116.70830018220143,4.771,31.807
EIG,9377006.9,42.59,148.88394870498612,1.174,36.423
EIKN,3622517.8,10.66,575.391692680693,4.69,44.889
EIX,186101066.4,68.57,242.08821767141572,0.729,25.968
EL,312124870.8,88.7,307.2661365343275,0.564,29.968
ELA,1192644.0,13.76,438.85665181389237,3.634,77.701
ELAB,545993.2,3.31,1045.4895064787097,15.106,567.301
ELAN,112976510.6,23.36,267.16200180039345,2.14,45.236
ELBM,519408.1,0.7187,716.0375383558803,69.57,134.536
ELDN,3098543.7,2.93,431.0317366253972,17.065,72.957
ELE,4383379.8,17.9,455.9567246184745,2.793,54.545
ELF,171784696.2,79.14,445.9585444770459,0.632,48.584
ELLO,54390.0,21.4,314.7102276660948,2.336,129.124
ELMD,1599488.6,27.25,327.2448240641604,1.835,58.914
ELME,3510325.7,2.16,338.08392987021307,23.148,29.763
ELS,97921477.3,62.94,111.4068208710891,0.794,23.833
ELTX,1013727.0,9.13,725.6192143426923,5.476,45.888
ELUT,130754.6,0.955,482.29345248493337,52.356,161.953
ELV,529212428.1,348.8,225.14040588895432,0.143,30.502
ELVN,25044616.4,29.42,459.8243907367705,1.7,93.867
ELWT,213804.1,6.89,521.791998418573,7.257,185.798
EMA,14079175.3,50.73,92.46969602554917,0.986,20.044
EMAT,935735.2,7.12,911.8096305174691,7.022,119.096
EMBC,6558977.5,9.6,343.3494245519252,5.208,82.648
EME,281871813.3,740.87,281.31230172608156,0.067,38.036
EML,281943.0,21.41,238.29726317477102,2.335,61.58
EMN,92293928.2,69.16,208.57077584503452,0.723,32.734
EMPD,3250186.1,4.565,477.1407129660162,10.953,60.049
EMR,369046224.4,139.26,201.66572813945612,0.359,32.217
ENB,201792106.1,50.91,112.79060716484081,0.982,14.699
ENGN,1775729.6,6.98,542.3135020682289,7.163,74.184
ENHA,741398.4,9.97,677.0560866157775,5.015,14.355
ENOV,23226446.1,25.59,395.7881448127227,1.954,48.312
ENPH,218080568.5,37.54,499.35602529516245,1.332,41.757
ENR,21253098.2,20.69,289.13606874034343,2.417,91.652
ENS,70588843.3,175.95,258.20467996696283,0.284,37.002
ENSC,159340.8,0.5243,776.9313350397678,95.365,134.245
ENSG,69471911.5,177.88,171.42896519882402,0.281,18.087
ENTA,2792045.2,13.31,357.73278848224174,3.757,66.434
ENTG,292066841.4,119.74,423.2891050380117,0.418,50.14
ENVA,39408712.4,158.34,251.36558350021537,0.316,37.142
ENVB,171268.0,1.99,790.6453879964391,25.126,157.395
ENVX,38929674.1,6.69,558.64022953967,7.474,62.582
EOG,451410707.6,128.65,179.53544436443747,0.389,25.266
EOLS,5326956.8,6.41,400.5542070351901,7.8,38.299
EONR,686440.0,0.4989,726.9289808510629,100.22,122.035
EOSE,171684832.2,7.865,752.1540235627302,6.357,110.274
EP,133182.6,2.99,463.14492837317493,16.722,95.583
EPAC,13875469.9,37.32,197.13793726766238,1.34,36.091
EPAM,145458051.7,137.99,328.3060861579884,0.362,48.035
EPC,14616101.4,20.72,263.1644113660765,2.413,38.827
EPD,122655605.5,36.57,109.9571576032415,1.367,17.918
EPM,1402101.4,4.23,271.2838646065849,11.82,25.238
EPR,41239812.6,56.39,143.29334085112717,0.887,15.919
EPRX,1183506.8,6.69,403.74580947451494,7.474,88.875
EPSN,802016.0,5.39,244.7724001097289,9.276,39.215
EQ,807460.3,1.87,653.1621598607568,26.738,129.474
EQBK,3987498.8,45.6,148.68622931973707,1.096,34.968
EQH,134085372.2,46.1,208.72415625349464,1.085,23.502
EQIX,482709648.3,963.39,152.43696669943807,0.052,28.696
EQPT,41576813.1,20.56,515.6911742627143,2.432,52.451
EQS,9165.0,1.4,369.82014780215843,35.714,227.659
EQT,427878962.2,55.17,189.6925571035341,0.906,33.587
EQX,136810178.9,12.74,393.1074999920135,3.925,60.839
ERAS,47585070.7,11.88,541.3349692407148,4.209,76.092
ERIE,47595114.2,263.77,234.98451055563834,0.19,17.582
ERII,6677719.0,11.09,393.6594500876561,4.509,27.245
ERNA,128438.1,1.3,869.4128502292841,38.462,211.344
ERO,30983749.0,26.97,394.29202506465276,1.854,25.553
ES,170792235.4,69.97,156.41976457671913,0.715,20.573
ESAB,52957939.7,107.04,274.47879414691454,0.467,17.908
ESBA,30511.4,5.64,318.67400732444673,8.865,158.913
ESCA,381354.5,15.42,244.72749940774702,3.243,48.057
ESE,55633808.2,270.66,213.3117750765185,0.185,58.161
ESEA,2777997.7,65.11,272.17178400092916,0.768,36.427
ESI,88601066.0,33.11,283.4735381928986,1.51,42.937
ESLA,57329.4,1.15,682.3163443671527,43.478,195.388
ESNT,38108812.3,62.07,141.54689671370974,0.806,25.994
ESOA,1544773.4,12.56,376.4629652972838,3.981,49.827
ESP,1282249.8,56.37,308.73980920319724,0.887,68.627
ESQ,9126689.0,107.03,205.3610047917783,0.467,33.105
ESTC,118587387.5,69.52,358.947134796476,0.719,60.191
ETD,8260753.7,22.97,202.5292991232472,2.177,28.917
ETON,6940588.2,20.26,408.77444437310777,2.468,67.07
ETR,266399014.6,104.7,128.534450690042,0.478,17.968
ETS,38572.3,0.6295,582.078596897162,79.428,164.263
ETSY,204042760.2,61.77,339.51146997305716,0.809,30.484
EURK,1420.4,11.2,86.29498496010802,4.464,33.251
EVAC,271813.1,10.09,15.132751231930584,4.955,18.375
EVC,1046358.7,3.15,459.97025469897017,15.873,34.586
EVCM,1627810.8,11.13,382.632200428184,4.492,145.429
EVER,11819075.9,23.2,448.907574899508,2.155,65.411
EVEX,3553299.0,3.12,416.7193206354233,16.026,45.286
EVGO,9022274.4,2.38,408.32186062735275,21.008,64.87
EVH,11653936.6,4.12,498.7034218513126,12.136,68.628
EVI,522154.4,20.58,364.2382279995543,2.43,107.955
EVLV,15534267.8,6.19,327.369924350258,8.078,31.542
EVMN,6683796.1,19.875,747.2995861083813,2.516,204.37
EVR,142482367.9,331.28,238.9815123782005,0.151,30.087
EVRG,156541824.6,80.92,101.31309627416842,0.618,16.297
EVTC,12113062.4,29.27,249.91152969661263,1.708,20.294
EVTL,6064690.2,3.94,593.4749545186496,12.69,55.816
EW,340910090.0,83.92,154.84696890985134,0.596,29.006
EWBC,95495320.3,115.57,155.5538403330135,0.433,28.36
EWTX,29616541.1,30.09,469.535852354148,1.662,64.82
EXC,334086103.9,45.69,120.59712324864536,1.094,16.789
EXE,320377175.9,100.89,192.21719496013145,0.496,31.491
EXEL,107364114.0,44.08,231.6724084537692,1.134,39.485
EXFY,798035.4,1.5,483.08710132742544,33.333,67.832
EXK,91905941.3,9.26,500.45459338917215,5.4,83.913
EXLS,59249020.4,34.66,262.71079214703803,1.443,34.74
EXOD,924766.9,9.86,636.5989891703491,5.071,133.972
EXOZ,27170.6,10.0,482.7713795677432,5.0,231.121
EXP,85023676.8,214.0,217.51997430287034,0.234,24.133
EXPD,166314946.0,151.06,192.9265372205398,0.331,22.369
EXPE,411856512.8,245.07,311.12869214260536,0.204,52.509
EXPO,28660163.2,68.29,197.64320769985065,0.732,17.73
EXR,154686394.3,142.41,143.56384591915474,0.351,27.168
EXTR,31364624.2,20.17,342.988478262909,2.479,53.515
EYE,37004771.2,25.13,324.8764554156781,1.99,32.44
EYPT,15050673.3,13.52,445.3079870268712,3.698,85.958
EZPW,18468553.8,25.8,257.7539113549792,1.938,44.733
EZRA,283092.0,0.7462,883.2047739576144,67.006,393.426
F,726134938.1,13.34,236.80141633100058,3.748,13.476
FA,12314911.2,14.87,367.1630113885835,3.362,28.775
FABC,428061.4,2.93,745.0002971526783,17.065,131.699
FAC,783643.2,10.235,513.3141918830609,4.885,11.026
FAF,52953623.9,65.9,183.9030685115199,0.759,20.958
FANG,344618301.1,176.71,200.63142121133592,0.283,23.547
FAST,301873359.4,45.54,161.96633254698128,1.098,13.155
FATE,2242929.2,1.34,578.9719828327483,37.313,61.523
FATN,226916.3,3.735,862.4633648934928,13.387,185.86
FBIN,95602200.1,49.72,296.05629424158053,1.006,53.363
FBIO,1393192.1,2.91,504.9117307035296,17.182,57.892
FBIZ,1819238.9,56.39,150.98344917679583,0.887,34.432
FBK,17051188.7,55.59,163.1842441064576,0.899,34.08
FBLA,1180664.5,13.31,86.95031235451266,3.757,19.712
FBLG,286693.8,0.54,809.9080135248912,92.593,216.088
FBNC,11472633.1,57.79,165.67566570942347,0.865,19.004
FBP,27811673.5,22.14,154.37825732815764,2.258,32.623
FBYD,857654.7,11.39,887.7828902395228,4.39,125.375
FC,1828151.7,19.49,377.88523792137113,2.565,72.515
FCAP,286780.6,53.43,272.9913221325971,0.936,88.762
FCBC,2826623.4,40.36,164.5888100182228,1.239,37.905
FCCO,1542955.9,29.81,133.48999272752022,1.677,18.322
FCEL,36723814.5,8.73,834.6288606229976,5.727,107.436
FCF,12111213.4,18.03,133.43167496782073,2.773,22.337
FCFS,57426814.0,190.31,200.8842635263427,0.263,20.269
FCHL,93994.8,0.623,1020.9773958853038,80.257,187.371
FCN,56574083.9,162.9,185.12661090346347,0.307,28.57
FCNCA,173106879.6,1993.08,175.0178734330791,0.025,29.713
FCRS,591835.1,10.21,22.927811836625413,4.897,11.645
FCUV,101866.8,3.22,1094.1001107437344,15.528,124.385
FCX,895459713.5,60.41,326.5044756776268,0.828,26.487
FDBC,297584.5,45.28,179.48632523921165,1.104,76.985
FDMT,7068186.9,9.71,502.14335380418953,5.149,80.259
FDS,202815378.2,264.58,298.50629249437543,0.189,33.186
FDSB,104999.3,15.0,78.65854881083396,3.333,29.091
FDUS,4768743.7,19.5,149.759496828898,2.564,24.877
FDX,509292454.3,315.19,214.85230076702803,0.159,31.786
FE,202158636.9,46.78,100.01764386976943,1.069,20.507
FEAM,354074.0,1.93,666.3989792560016,25.907,87.504
FEED,240599.1,2.07,913.9027551861118,24.155,177.542
FEIM,10367605.4,53.56,597.783242130395,0.934,75.031
FELE,23743155.4,98.56,177.0257410375725,0.507,17.166
FEMY,354670.6,0.6087,790.9235510678177,82.142,185.175
FENC,1073656.8,8.49,401.72144421173556,5.889,117.629
FERG,333608143.4,235.69,199.09823247721383,0.212,21.335
FET,7279453.6,50.41,341.33190587796713,0.992,39.896
FF,1026604.2,4.07,346.5111999087197,12.285,42.827
FFAI,6287710.8,1.04,759.4482241835783,48.077,140.482
FFBC,20301896.8,28.59,156.03497879342765,1.749,27.616
FFIN,21928974.6,32.43,152.90682422429717,1.542,28.446
FFIV,213621333.0,309.03,225.87181524956486,0.162,36.55
FG,12823541.0,28.55,246.5821358140688,1.751,35.967
FGBI,121271.0,8.58,372.90936008403617,5.828,58.568
FGNX,1055026.7,6.1,649.2069084804588,8.197,93.416
FHB,37097375.9,26.23,148.2915895014575,1.906,23.536
FHI,33442169.3,55.27,153.53921945718926,0.905,28.167
FHN,131268979.6,24.16,159.98619821366535,2.07,25.094
FHTX,792982.0,4.9,468.11801560579835,10.204,63.676
FIBK,34474904.9,35.45,168.0957596714215,1.41,24.236
FICO,366821534.8,1300.94,361.1641336582072,0.038,51.022
FIEE,61822.2,4.01,714.0135805126989,12.469,202.395
FIG,352805958.3,27.03,509.768349723533,1.85,70.599
FIGR,124141268.5,36.005,617.0854968077457,1.389,35.15
FIGS,29788882.9,11.44,425.1827229968367,4.371,53.933
FIGX,5734.4,10.13,16.793066655458265,4.936,15.37
FINW,248009.6,16.71,214.97592366461302,2.992,87.953
FIP,5278692.5,4.82,427.4879547759605,10.373,81.326
FIRY,466995.5,6.67,669.4024892259903,7.496,98.904
FIS,245459328.0,49.21,208.13362011975772,1.016,31.278
FISI,4027574.5,32.77,159.34766487093984,1.526,22.738
FISV,429733741.8,60.84,430.62686609411315,0.822,24.506
FITB,336655311.0,49.34,163.0124467001904,1.013,24.869
FIVE,211816117.3,197.8,254.16851150352093,0.253,45.109
FIVN,43575932.9,21.23,405.0596877493899,2.355,37.99
FIX,548431043.2,1391.16,351.57807417660183,0.036,51.445
FIZZ,9691363.0,34.11,183.0399607433108,1.466,37.248
FJET,5766627.5,5.68,884.2113242682058,8.803,139.86
FKWL,34649.5,3.81,212.59479344886628,13.123,86.904
FLD,244499.2,1.49,667.2013188582821,33.557,135.623
FLG,57917875.2,13.27,181.4836184933402,3.768,26.182
FLGT,5914093.3,20.61,411.60231005961174,2.426,69.866
FLL,348409.4,2.55,381.3397140143605,19.608,54.381
FLLA,741226.9,26.9285,136.28276346740873,1.857,19.881
FLNA,928618.8,1.98,538.6855390776605,25.253,45.612
FLNC,102483927.1,16.38,775.313303207714,3.053,105.727
FLNT,79709.4,3.06,461.7481143953468,16.34,158.678
FLO,44948552.8,9.04,239.76236491350988,5.531,31.086
FLOC,8280505.0,20.69,288.79737197413306,2.417,46.888
FLR,121246000.9,46.97,304.7591659740657,1.065,44.591
FLS,122427931.9,72.97,298.36318945399535,0.685,42.14
FLUT,369262362.4,111.57,306.7142931763208,0.448,41.403
FLUX,211837.8,1.3,825.5934381724529,38.462,77.108
FLWS,1750649.3,3.94,487.2750647730841,12.69,147.697
FLXS,1991137.4,48.26,307.59679145890505,1.036,81.13
FLY,79562328.1,26.14,686.2244785586618,1.913,93.195
FLYE,47171.9,2.01,828.000277460985,24.876,293.903
FLYW,23419868.0,13.77,286.35863607869703,3.631,55.893
FLYX,351663.6,2.49,681.7128763659729,20.08,183.268
FMAO,1063783.6,26.73,212.31080037887182,1.871,42.453
FMBH,4320550.2,42.26,148.10858704501652,1.183,29.242
FMC,51708268.4,13.91,369.52404514924655,3.595,40.321
FMNB,4356706.2,13.99,147.0534685929737,3.574,29.359
FMS,11509166.7,23.51,184.42278554725684,2.127,21.055
FMX,47855443.6,111.06,160.06703938619552,0.45,39.568
FN,340714765.0,483.55,466.14538331877066,0.103,65.591
FNB,100656000.9,17.53,153.63596263338553,2.852,27.507
FND,144694148.4,59.61,302.1459136540049,0.839,42.921
FNF,72032791.6,51.94,169.05258346383894,0.963,22.39
FNGR,240206.7,1.13,767.6657190974379,44.248,64.981
FNGS,2942509.9,70.39,143.966570651306,0.71,21.09
FNGU,134979836.1,27.25,417.3531202512223,1.835,59.943
FNKO,3207193.2,4.13,434.0168013431323,12.107,56.39
FNLC,520561.2,28.29,162.9470608767467,1.767,41.556
FNV,169883336.0,222.91,245.81424323816384,0.224,34.436
FNWB,241314.2,9.85,174.21356324028324,5.076,52.929
FNWD,389739.8,35.59,207.70319573162004,1.405,66.025
FOA,1550657.8,22.11,292.5017696631689,2.261,29.832
FOR,3632599.2,26.9,209.27681119337709,1.859,30.722
FORM,116443252.5,94.71,523.603722419391,0.528,73.776
FORR,776036.6,7.52,351.11262428884305,6.649,44.24
FOSL,2449621.6,4.03,558.7016813923941,12.407,79.425
FOUR,94993645.5,52.5,402.4921986450157,0.952,12.279
FOX,73736207.0,56.75,218.08466495751847,0.881,27.936
FOXA,226170464.1,63.05,227.6768456717851,0.793,39.293
FOXF,10289494.3,18.21,348.2862228855837,2.746,58.991
FOXX,52080.3,4.23,836.6311844744029,11.82,224.12
FPI,4325401.6,10.37,140.77006830341074,4.822,22.368
FPS,181187543.0,35.99,508.9616682095314,1.389,128.98
FRAF,1580041.7,53.04,182.5698673523143,0.943,36.677
FRBA,1030466.3,16.51,155.37513156597444,3.028,25.348
FRD,489164.8,20.9,345.61652232543236,2.392,37.928
FRHC,14316676.9,144.07,287.100106932167,0.347,45.953
FRME,13035565.8,39.91,146.91641970791878,1.253,20.709
FRMI,80052307.5,7.995,781.3047042755771,6.254,101.741
FRMM,2342696.0,5.03,658.5784428620016,9.94,144.748
FRNM,476150.0,11.18,236.46130068844093,4.472,73.393
FRO,83472393.2,33.82,266.9258418194372,1.478,40.941
FRPH,1439096.4,23.34,158.5127225876945,2.142,30.639
FRPT,77677366.3,60.08,317.55234056394954,0.832,41.229
FRSH,53294948.6,11.05,306.9463883295373,4.525,46.438
FRST,1649806.4,13.6,179.20417552996935,3.676,25.146
FSBC,3192567.4,39.49,151.4202958330855,1.266,27.165
FSBW,526669.7,41.21,164.09755725946815,1.213,47.328
FSCO,6625847.4,5.25,177.494641493387,9.524,30.308
FSEA,33346.5,12.9,286.13877163618963,3.876,68.449
FSI,155308.8,6.31,304.7404101985933,7.924,62.883
FSK,34207286.6,12.26,209.98534608645733,4.078,24.546
FSLR,471095560.5,227.83,331.3718522465792,0.219,50.001
FSLY,83897437.1,17.41,709.1355848220367,2.872,109.048
FSM,70612345.2,9.56,363.89707676476536,5.23,51.373
FSP,327322.1,0.6844,357.0589838739203,73.057,75.187
FSS,45528246.0,116.02,216.42748089014066,0.431,48.691
FSTR,1064630.8,29.97,233.67797236431161,1.668,52.07
FSUN,6413207.0,37.92,236.0171746831054,1.319,51.932
FTAI,261738565.0,223.49,388.5494908430846,0.224,40.701
FTCI,580374.2,5.51,694.7954773892341,9.074,135.311
FTDR,34478055.3,63.47,287.5229564119115,0.788,46.786
FTEK,272010.7,1.53,444.87516670503686,32.68,41.516
FTF,1014905.9,5.97,51.21993013283241,8.375,18.776
FTFT,66163.7,1.34,783.7505513586123,37.313,162.132
FTH,760942.0,16.77,748.3754759934476,2.982,234.377
FTHM,133571.1,0.9978,737.3725206105346,50.11,130.088
FTI,220943796.4,64.9,199.23160781832834,0.77,28.599
FTK,5387898.1,17.18,483.88129935712965,2.91,79.324
FTLF,207524.8,14.36,321.40810574705864,3.482,90.415
FTNT,518458494.4,84.31,252.74046541660383,0.593,55.891
FTRE,16893557.8,13.7,461.41223386142264,3.65,75.013
FTV,157718203.1,56.35,166.77894523612798,0.887,40.216
FTW,648373.4,10.57,221.30152137826636,4.73,38.107
FUBO,23108332.5,4.16,483.581762971383,12.019,90.866
FUL,28538447.5,59.71,215.4375112476466,0.837,43.643
FULC,5805657.8,7.67,490.1269703235301,6.519,71.552
FULT,35368683.4,20.77,159.54085888598337,2.407,30.848
FUN,41036341.4,18.01,428.0282296537328,2.776,75.105
FUNC,572508.0,37.85,169.79756298188317,1.321,46.51
FURY,242174.7,0.5997,440.5768089564185,83.375,103.91
FUSB,43961.1,15.29,189.47371127824678,3.27,79.897
FUSE,99198.4,1.42,822.7053757238082,35.211,161.221
FVCB,873537.8,15.33,147.31681379098217,3.262,34.686
FVR,2062120.1,16.36,161.71258434763521,3.056,45.055
FVRR,10729445.2,11.45,343.42418524961033,4.367,57.929
FWDI,5434153.9,5.07,719.7849451702709,9.862,96.22
FWONA,11503475.1,86.15,152.15970578037528,0.58,26.161
FWONK,156638015.8,93.77,157.86567120919085,0.533,28.907
FWRD,12908622.1,20.13,577.0205655113135,2.484,51.672
FWRG,16435844.3,13.12,337.4040598786921,3.811,35.205
FXNC,990582.6,26.72,144.56436529564562,1.871,35.007
G,79513803.7,38.12,239.6658424143903,1.312,24.749
GABC,5265867.0,42.07,137.22612450950996,1.188,26.52
GAIA,206098.6,3.15,453.81286224781667,15.873,46.368
GAIN,2752238.7,14.13,127.94794967950334,3.539,25.43
GALT,1124738.9,3.49,598.2003671992742,14.327,59.765
GAM,1316324.5,62.52,100.17672696028482,0.8,19.907
GAME,606677.0,0.444,591.0122448202875,112.613,121.071
GANX,1212351.8,1.89,601.52649761513,26.455,63.831
GAP,174640229.0,23.48,297.40105943186137,2.129,34.982
GASS,916744.5,8.38,200.73676011119755,5.967,31.467
GATX,32308744.4,175.17,145.8008745216141,0.285,24.933
GAU,6608493.5,2.39,440.41251299920754,20.921,41.138
GBCI,41683061.0,47.7,177.16922645756642,1.048,24.788
GBDC,21390674.6,13.21,130.95799024573105,3.785,23.517
GBFH,1657835.8,31.25,322.0948181138844,1.6,59.811
GBLI,84398.4,28.14,171.32840576726383,1.777,98.156
GBR,34367.8,0.7959,438.72622891593346,62.822,185.397
GBTG,9885479.5,7.99,354.23083855160786,6.258,50.682
GBX,15315470.2,47.67,198.1907381109736,1.049,24.155
GCBC,307171.3,23.54,212.18280081903046,2.124,67.525
GCDT,71519.8,0.8007,1044.7693938282669,62.445,418.429
GCMG,6076828.9,11.59,213.40519253753658,4.314,32.96
GCO,5625055.0,32.45,403.0345815640029,1.541,58.869
GCTK,206263.7,1.55,884.5092382114525,32.258,180.323
GCTS,1474754.2,1.44,596.5778886430782,34.722,139.724
GD,411227446.7,346.5,138.45482366388137,0.144,27.524
GDC,274436.0,3.64,1008.5035493831463,13.736,104.944
GDDY,175469917.8,96.09,297.86316923897624,0.52,53.509
GDOT,6300471.2,12.76,182.18768834323353,3.918,32.344
GDRX,5197334.3,2.79,379.61394075591613,17.921,56.12
GDS,66013879.1,35.74,365.86322527557,1.399,45.398
GDYN,9406539.4,7.56,356.7412744792058,6.614,59.487
GE,1382625134.2,309.02,206.4439192856664,0.162,18.796
GECC,502849.7,6.16,286.3536979461158,8.117,38.12
GEF,14716189.2,68.09,151.10541210689186,0.734,24.532
GEG,19733.3,2.2,306.36173260021565,22.727,146.577
GEHC,257301233.8,73.31,221.09514604786682,0.682,11.029
GEL,3880770.9,16.09,171.93589491074226,3.108,32.383
GEMI,11838566.8,6.0,624.3807816367408,8.333,105.152
GEN,124627412.2,26.16,217.1017625009822,1.911,13.88
GENB,8021226.4,13.6225,562.7301780910906,3.67,33.995
GENC,375703.1,14.73,241.6387642311902,3.394,53.175
GENI,38686382.0,7.42,443.018186096176,6.739,75.726
GENK,74770.7,2.08,451.49587780040156,24.038,138.245
GEO,36459660.5,18.48,305.0609136985188,2.706,55.444
GEOS,2289610.6,10.44,641.8519580254813,4.789,23.592
GERN,13918218.2,1.38,398.4866436782109,36.232,63.431
GETY,1529676.5,0.9401,598.1405751825041,53.186,282.448
GEV,2107364210.0,842.0,323.6040991509862,0.059,46.299
GEVO,6068975.8,1.91,401.19759295538154,26.178,48.583
GFF,25559579.2,82.72,224.2784758209167,0.604,35.404
GFI,143846749.2,42.27,395.5971160047352,1.183,62.622
GFR,714449.8,5.68,310.118718263691,8.803,51.7
GGB,64523129.4,4.12,220.3084943031818,12.136,30.337
GGG,87903912.0,82.49,125.86658576534028,0.606,16.702
GH,196714294.7,101.85,352.8212843351185,0.491,50.672
GHC,22500111.1,1119.88,164.15835156329047,0.045,31.728
GHM,10088621.4,82.08,341.28688783427447,0.609,42.028
GIB,30171417.4,74.77,199.08191628239226,0.669,26.749
GIC,3047020.5,32.59,204.28789603937892,1.534,28.993
GIFT,36020.1,1.01,422.03673232782603,49.505,186.392
GIII,13314697.4,29.98,224.3778831665853,1.668,61.743
GIL,63804725.0,57.86,248.9786582334038,0.864,20.151
GILD,833034602.4,130.28,166.33191661345984,0.384,29.915
GIPR,89140.2,0.651,988.7910066070906,76.805,102.765
GIS,310477571.3,42.95,175.57784532590233,1.164,23.208
GITS,53038.4,2.04,876.5033833637924,24.51,179.322
GIX,31783.0,9.94,8.755535854278756,5.03,43.235
GJH,1978.0,9.7,84.0997413795891,5.155,71.319
GJS,7204.1,23.35,67.26628167754808,2.141,37.16
GKOS,92373513.0,116.18,322.35206042761666,0.43,85.225
GL,74299224.4,143.65,127.27540446478724,0.348,26.723
GLAD,3522551.9,19.48,166.28063799693237,2.567,19.177
GLBS,121040.0,1.93,461.2437618369535,25.907,102.97
GLDG,2355012.1,1.24,445.3072388088749,40.323,74.086
GLDI,2932287.5,167.45,115.60977472102822,0.299,22.008
GLIBA,1439894.6,35.73,257.8780414177907,1.399,52.238
GLIBK,13442289.7,35.51,255.62986142761548,1.408,35.404
GLND,1528051.1,10.03,820.5606112187739,4.985,12.26
GLNG,55481514.7,45.75,180.27412309361395,1.093,21.622
GLOB,69521712.0,48.43,367.19318282984625,1.032,50.902
GLOO,424102.5,5.565,533.3772504602321,8.985,130.202
GLP,2363572.8,47.34,184.9000136594091,1.056,47.451
GLPI,100571595.4,45.17,121.26763532285784,1.107,16.282
GLSI,2276083.7,19.57,627.3664629277293,2.555,118.565
GLUE,15617288.5,17.0,563.5731776642791,2.941,143.951
GLW,1308012884.7,132.9,438.3526608928349,0.376,41.24
GLXY,163194742.6,25.5,579.918530117817,1.961,90.202
GM,570724080.6,77.85,210.16229515709045,0.642,15.238
GMAB,49692778.1,29.08,210.6695717888245,1.719,31.897
GME,131290617.9,22.51,238.79903456823513,2.221,40.77
GMED,108473306.0,84.51,282.1509009741034,0.592,44.486
GNE,1070389.1,14.32,179.3984721842693,3.492,36.679
GNK,8298484.2,22.55,225.6030068254321,2.217,54.212
GNL,15355454.4,9.09,134.43667820240455,5.501,31.536
GNLN,100399.4,2.82,838.2815111879079,17.73,177.973
GNLX,553406.4,2.92,525.8365382344977,17.123,68.815
GNPX,527718.2,1.94,892.3302730426942,25.773,395.014
GNRC,180538248.8,195.6,338.1962811078393,0.256,51.132
GNS,622984.6,0.3972,579.8787095337508,125.881,138.573
GNSS,220081.1,1.95,324.75636893573454,25.641,71.887
GNTX,50764284.9,23.67,166.55581700204877,2.112,21.095
GNW,29423717.1,8.83,136.25518412115827,5.663,24.582
GO,26062623.1,9.92,348.9573579891702,5.04,88.117
GOAI,246312.6,3.48,770.3923622999538,14.368,149.693
GOGO,8159598.4,4.49,427.04777788716285,11.136,80.487
GOLD,19092711.4,41.45,339.1276801325231,1.206,49.806
GOLF,27465964.5,89.58,186.217659533433,0.558,29.359
GOOG,6187738201.8,320.62,199.2575387814941,0.156,39.217
GOOGL,9358478432.2,320.21,202.43717776911367,0.156,40.9
GOOS,6422096.8,11.84,293.3976836355132,4.223,44.692
GOSS,5722826.6,0.456,750.9397992170517,109.649,60.604
GOVX,281746.5,0.9742,837.7454309168843,51.324,104.649
GPAT,2708.3,10.782,33.02835600794159,4.637,17.575
GPC,157199821.2,126.21,207.1677143748273,0.396,26.415
GPGI,23447798.8,18.5,389.6051820721249,2.703,33.736
GPI,60774949.8,338.4,247.19161616070983,0.148,26.093
GPK,64560353.0,11.89,286.95443982334126,4.205,49.201
GPN,220402784.2,77.39,249.50963383958018,0.646,48.365
GPOR,49759079.5,185.07,206.88100288775163,0.27,28.208
GPRE,19941427.1,14.65,394.8897990430582,3.413,61.901
GPRK,5667405.4,8.6,345.1098818366858,5.814,49.039
GPRO,5310998.8,1.22,748.712393222038,40.984,90.384
GPUS,5512868.8,0.1938,997.5239575167138,257.998,223.679
GRAL,49857996.6,69.48,529.7537054979921,0.72,68.233
GRBK,15131413.5,69.39,214.7092780013015,0.721,22.402
GRCE,351260.8,3.1,342.3729555355665,16.129,68.911
GRDN,10580071.7,33.88,259.89418720325455,1.476,43.495
GRDX,305639.2,3.33,822.914658710889,15.015,134.144
GRI,177886.7,1.97,776.182721774425,25.381,159.271
GRML,760621.8,0.3883,836.3185885463076,128.766,160.007
GRMN,192715800.5,237.85,210.52418781421645,0.21,36.527
GRND,20032882.1,13.42,299.15497573132774,3.726,48.662
GRNQ,25364.3,1.69,658.0727154269218,29.586,157.409
GRNT,3547791.4,5.12,257.45639856973867,9.766,37.317
GRO,979141.7,2.48,552.0283479937051,20.161,87.186
GROV,55256.5,1.28,317.8934704488697,39.062,105.221
GROW,68939.1,2.67,262.321610070809,18.727,85.618
GROY,9076230.1,3.64,339.20719698381544,13.736,60.09
GRPN,22524735.4,17.61,454.9637162006549,2.839,52.598
GRWG,476180.1,1.51,487.5742476936122,33.113,71.586
GS,1823221165.9,916.65,196.7729341583555,0.055,17.903
GSAT,58142433.4,64.65,403.6728598129838,0.773,49.884
GSBC,4440628.9,64.08,161.54095509537697,0.78,26.376
GSBD,10896327.5,9.47,155.23767417928897,5.28,20.7
GSHD,20467669.5,64.4,385.04670053129615,0.776,58.807
GSIT,5516967.6,6.63,734.6339347322278,7.541,112.654
GSKH,16202.0,70.7168,166.51258414301634,0.707,30.509
GSL,11683710.5,37.79,179.9497257084305,1.323,18.658
GSRF,22082.6,10.065,8.364392603123799,4.968,7.288
GT,54311246.4,7.11,284.61969820289374,7.032,48.756
GTBP,397801.9,0.4706,791.0369789113698,106.247,126.663
GTE,2724414.9,6.25,478.1541998579539,8.0,64.811
GTES,50097692.0,25.42,254.84676108280507,1.967,42.559
GTIM,33673.7,1.3,278.92740711922835,38.462,100.404
GTLB,149517578.6,35.35,376.43822204703986,1.414,37.409
GTM,39776815.6,6.31,440.9578550474751,7.924,32.821
GTN,5433547.1,4.76,390.6793381593556,10.504,70.963
GTX,49099031.5,18.9,299.274432265866,2.646,41.928
GTY,12427224.8,32.31,126.6534310326835,1.548,15.169
GURE,53081.2,4.01,783.0171493093084,12.469,264.981
GUTS,1458846.0,0.796,566.2126477659202,62.814,102.003
GVA,71169603.1,121.57,197.1844939231425,0.411,30.091
GWAV,91137.7,4.18,721.9992566361874,11.962,181.164
GWH,593858.2,1.3,785.290097676867,38.462,120.904
GWRE,189688255.2,160.29,384.5826294917367,0.312,52.076
GWRS,621507.5,8.51,238.2201258797478,5.875,21.95
GWW,280311616.7,1117.18,148.32812639819142,0.045,27.521
GXAI,419595.0,1.22,764.2853773839807,40.984,126.645
GXO,58123799.6,52.47,256.2250982439106,0.953,30.892
GYRE,470935.6,7.39,358.5283544606618,6.766,70.969
GYRO,2262.9,8.7501,168.3048543523424,5.714,162.861
H,130196857.8,163.73,211.5240050251914,0.305,28.454
HAE,50909452.7,66.66,288.24574532601457,0.75,23.048
HAFC,6078177.5,28.09,190.55718290544738,1.78,22.68
HAFN,8668907.5,7.11,228.39614077444244,7.032,11.721
HAIN,1112082.2,0.856,588.4403815463152,58.411,105.773
HAL,381069706.1,33.87,225.24586017360699,1.476,35.775
HALO,126043075.2,70.25,225.29740522980651,0.712,15.533
HAPN,26775388.9,17.36,331.5361806057089,2.88,69.122
HAS,140223959.1,86.89,190.57375460896856,0.575,48.242
HASI,34086749.1,36.52,188.503847770707,1.369,40.672
HAYW,28462337.7,15.35,206.16354936200804,3.257,32.177
HBAN,423036910.5,17.02,165.95893076744844,2.938,23.493
HBB,395096.6,18.98,329.79324719577056,2.634,66.882
HBCP,3329229.9,61.08,153.5640377828813,0.819,29.382
HBIO,185695.4,0.761,541.1101311177682,65.703,89.449
HBM,110071278.4,22.51,393.8585979022211,2.221,27.491
HBNC,6329808.8,17.67,160.83701002355022,2.83,30.953
HBT,1261026.0,27.44,160.333990454264,1.822,36.252
HCA,529863387.2,434.78,194.00411653779588,0.115,27.148
HCAT,1377698.6,2.09,549.102479105911,23.923,72.583
HCC,60206590.4,85.51,321.81935296314623,0.585,51.212
HCI,25644734.2,174.97,193.87821561057152,0.286,41.85
HCKT,3965054.6,13.88,337.92972510376904,3.602,55.627
HCMA,78177.7,10.15,16.890075633181894,4.926,7.778
HCSG,12324557.3,19.54,257.39125337406506,2.559,83.452
HCTI,469998.6,2.26,799.1409828516249,22.124,126.361
HCWB,172811.2,1.923,893.5972883811427,26.001,166.566
HCWC,115513.0,0.2851,632.8051967183659,175.377,141.607
HD,1374913223.5,348.86,158.5917860458818,0.143,17.425
HDB,175553407.2,29.48,181.73706477801252,1.696,10.844
HDRN,346596.9,10.5,437.9015403868963,4.762,29.539
HDSN,2321029.8,6.44,322.6424899379096,7.764,43.269
HE,24905878.6,13.23,198.25872167622012,3.779,23.947
HEI,145244408.7,320.75,197.08642661746032,0.156,26.241
HELE,13661769.4,21.25,382.4929689528505,2.353,51.392
HELP,4604151.0,6.14,542.3293730790965,8.143,65.715
HESM,51519868.4,37.92,144.87427966872787,1.319,29.195
HFBL,12031.5,18.5,256.1774097928589,2.703,106.499
HFFG,230572.9,2.02,400.9161977502769,24.752,74.096
HFWA,6489931.8,26.45,168.3601227813943,1.89,23.106
HGBL,90718.7,1.31,274.5679138474915,38.168,86.206
HGTY,1585946.2,11.95,221.7282683233791,4.184,38.573
HGV,36483587.6,45.21,247.88443446263173,1.106,43.882
HHH,28092708.4,72.37,187.06875394605137,0.691,29.418
HHS,15979.6,2.855,447.4192602254636,17.513,186.195
HIFS,14510668.4,288.8,274.1505451616475,0.173,30.693
HIG,193870871.1,135.24,121.69894324929496,0.37,14.112
HIHO,19235.3,0.9296,545.5806562502502,53.787,217.833
HII,146660329.9,317.7,237.4936480549636,0.157,80.626
HIMS,536322621.9,31.23,567.4529172106111,1.601,76.41
HIND,72195.9,2.35,503.0340692012768,21.277,146.581
HIPO,4052117.6,30.27,232.879458014069,1.652,52.776
HIT,262847.9,1.39,614.3534225648692,35.971,121.396
HIW,32724065.0,27.51,174.21953648350444,1.818,26.672
HKIT,130903.7,1.86,1096.8567241269313,26.882,201.251
HL,354729037.2,17.55,462.89494290716203,2.849,70.262
HLF,18053793.5,12.57,361.9751876942403,3.978,41.659
HLI,87434386.6,160.87,190.57581036485934,0.311,15.639
HLIO,20148613.2,67.51,243.8171057650226,0.741,47.459
HLIT,11632133.0,10.4,315.7153722272575,4.808,50.701
HLLY,2272771.8,3.1,404.8159313880562,16.129,60.348
HLMN,9330933.0,8.66,242.89671211740904,5.774,29.755
HLNE,67274397.6,106.78,264.73552753731474,0.468,56.048
HLSQ,243257.0,0.6398,1077.9625707400714,78.149,234.061
HLT,505540217.1,304.95,148.09019666653214,0.164,21.287
HMN,10462986.3,45.58,130.98753416681606,1.097,23.425
HMR,59935.7,1.12,539.2605025056145,44.643,113.424
HMY,79125615.3,17.79,415.6696060892289,2.811,61.531
HNGE,62551357.2,49.74,346.5842010078222,1.005,61.345
HNI,24251441.4,42.1,225.77510958500986,1.188,29.293
HNNA,63175.0,9.99,174.48769809278144,5.005,71.647
HNRG,11182759.3,18.4,383.8897514077125,2.717,67.176
HNST,6098143.9,3.38,446.23352877148056,14.793,35.017
HNVR,365593.8,22.91,144.54465901135575,2.182,53.273
HODO,220900.1,0.6823,980.8857728981089,73.282,188.387
HOFT,407629.2,12.7,344.8996333391649,3.937,78.771
HOG,56759262.0,24.43,240.70421102787876,2.047,31.565
HOMB,36245317.1,28.28,132.66223785675024,1.768,26.825
HON,845951289.2,217.64,168.31742270693076,0.23,27.629
HOOD,2487490746.0,103.4,454.62470500615854,0.484,31.042
HOPE,10237974.4,11.82,164.75218738747927,4.23,19.752
HOS,12595149.3,8.85,281.2642245264743,5.65,50.422
HOUR,46430.0,1.92,611.6891772638413,26.042,94.143
HOV,12852573.2,121.69,392.3230817968314,0.411,51.975
HOVR,1659716.8,1.89,708.4342909485893,26.455,78.122
HOWL,339499.9,0.7196,680.9851424665393,69.483,105.773
HP,41765933.0,33.85,278.5670736982819,1.477,48.274
HPE,589554146.2,24.62,339.83570232279527,2.031,50.987
HPK,3731658.3,6.71,494.510895563645,7.452,41.54
HPP,11018934.6,9.06,427.15451349014813,5.519,68.815
HPQ,335450408.7,24.22,275.4162755860919,2.064,20.193
HQH,3427087.8,19.25,136.9371533272601,2.597,16.399
HQI,164440.9,10.86,372.5191311353347,4.604,105.277
HQL,2262561.4,17.16,145.20780916957457,2.914,15.643
HQY,75943845.0,91.54,231.33479746268893,0.546,31.067
HRB,72200365.3,41.71,283.4510400066936,1.199,41.644
HRI,64698048.4,139.21,354.393805134525,0.359,36.324
HRL,100496184.7,23.88,182.98195595896567,2.094,22.274
HRMY,24348146.0,33.83,282.2419310295377,1.478,36.346
HROW,22716505.9,40.01,425.146640060119,1.25,41.195
HRTG,8665376.6,26.65,354.40369657896605,1.876,64.903
HRTX,1576528.8,1.1,468.580101191658,45.455,65.216
HRZN,3894466.6,5.01,285.9684743617235,9.98,26.243
HSBC,133261170.9,86.84,171.63904673010208,0.576,24.866
HSBH,370662.8,95.3338,149.03793996321613,0.524,21.049
HSCS,76690.0,2.69,577.6114816994275,18.587,128.523
HSDT,843564.1,2.21,761.6446087529856,22.624,69.695
HSHP,3205242.9,13.11,259.8677821187467,3.814,31.592
HSIC,95237087.2,76.29,160.29019984375333,0.655,25.458
HSLV,1943912.6,5.31,470.9728810506524,9.416,18.743
HST,157110680.5,19.35,158.19560978272096,2.584,26.56
HSTM,5135825.3,24.62,200.50969795274744,2.031,32.526
HSY,311983341.0,186.4,170.64573969686703,0.268,10.449
HTB,3167391.0,44.04,138.1784357299813,1.135,30.649
HTCR,91947.2,0.8689,675.3281222937301,57.544,167.666
HTFL,26995176.1,30.21,497.9973700548319,1.655,58.898
HTGC,23847300.5,16.88,151.88670197812482,2.962,22.628
HTH,10893344.6,36.8,142.0190449317623,1.359,28.38
HTLD,5927644.8,10.77,247.90724523603197,4.643,32.252
HTO,20925239.2,56.19,142.25434768135,0.89,22.983
HTT,656645.4,2.87,367.09220656727797,17.422,45.797
HTZ,36730833.5,5.14,631.2251085643196,9.728,52.063
HUBB,245512620.1,476.04,199.35186965995516,0.105,34.563
HUBG,28535097.7,41.06,304.70442106433944,1.218,43.719
HUBS,340828377.3,251.12,458.93182080978715,0.199,51.55
HUM,391285877.8,270.67,309.53295784141204,0.185,57.205
HUMA,5103707.3,1.07,721.9037574607631,46.729,109.52
HUN,53227821.2,11.23,383.98908981316873,4.452,37.032
HURA,633121.8,2.14,774.2197646001778,23.364,64.499
HURC,401790.4,17.22,238.75567454768512,2.904,84.655
HURN,27593609.2,145.0,354.63433055768803,0.345,17.639
HUT,334066218.8,56.18,670.3986221468784,0.89,83.437
HUYA,2872783.4,3.02,332.88480732364377,16.556,61.109
HVMC,4120.9,10.08,14.449935342345873,4.96,7.381
HVT,2193046.0,23.67,205.0090927694964,2.112,35.294
HWBK,255452.8,34.3,205.30768302046135,1.458,74.939
HWC,54340548.8,66.97,155.12393510343875,0.747,34.255
HWH,39145.7,1.56,714.8487679399402,32.051,227.679
HWKN,20390965.0,147.99,246.6698841016623,0.338,14.067
HWM,515396871.4,239.04,213.06321220900332,0.209,27.457
HXL,85095850.0,84.17,201.97611688104956,0.594,36.055
HY,3005200.9,34.67,318.8896566953138,1.442,23.064
HYFM,34452.0,1.38,700.4121996149393,36.232,151.22
HYFT,458697.6,1.55,591.2619113302908,32.258,76.409
HYLN,2776570.8,2.1,622.6639551025442,23.81,81.07
HYMC,49713979.6,25.01,719.3276100400441,1.999,56.839
HYNE,343511.8,15.69,98.73906265988899,3.187,43.402
HYPD,1451572.5,3.59,764.9212178884198,13.928,166.032
HYPR,561756.6,1.14,547.5385472825573,43.86,50.784
HZO,9310646.4,28.36,383.48475712287825,1.763,38.487
IA,6603679.7,18.49,468.79102785647996,2.704,63.669
IAC,39207930.9,37.715,194.2567511068223,1.326,21.98
IAG,122753756.6,16.75,406.12290883040635,2.985,45.941
IART,11452827.8,13.62,385.20145478799486,3.671,59.194
IAUX,11794801.3,1.49,395.7831202765624,33.557,59.133
IBAC,12162.3,10.7,29.832486066275408,4.673,67.988
IBCP,4952229.5,33.9,146.51794874428757,1.475,26.814
IBIO,1348337.0,1.62,655.4718883221282,30.864,131.809
IBKR,338544511.9,73.29,249.00723745867148,0.682,33.891
IBM,1363414795.2,262.35,316.0374304989325,0.191,38.165
IBN,161933128.5,29.88,135.9437331085204,1.673,27.3
IBO,35812.6,0.512,655.6108451697457,97.656,227.486
IBOC,19727896.8,70.83,138.15256390482153,0.706,19.552
IBP,88870614.9,259.39,336.67303989407736,0.193,42.213
IBRX,70073441.0,7.1,614.4495356175597,7.042,71.835
IBTA,7236444.6,29.38,476.3360818703941,1.702,53.478
ICCC,129641.6,6.58,322.03034436245025,7.599,103.639
ICE,540947673.1,157.3,157.14705371023342,0.318,16.44
ICFI,16138591.1,80.88,251.56061958142897,0.618,34.779
ICL,6402794.9,5.49,248.33395532062582,9.107,25.963
ICMB,61751.1,2.69,380.9132500508132,18.587,96.501
ICON,83917.7,1.11,605.3801820767393,45.045,135.586
ICU,293087.3,2.58,628.8117577727912,19.38,71.678
ICUI,35864194.4,142.0,225.89284564732355,0.352,42.36
IDA,60639525.7,137.74,109.63862181532261,0.363,20.586
IDAI,197469.7,2.975,556.2720375584062,16.807,103.928
IDCC,86805400.3,334.81,306.7013300774326,0.149,78.683
IDN,865432.3,4.94,535.8964799613301,10.121,19.272
IDR,11434866.3,35.6,529.5233954944742,1.404,90.511
IDT,8499647.7,51.8,204.81591992079936,0.965,33.994
IDXX,313571539.0,608.41,198.79299087186496,0.082,35.27
IDYA,28775442.8,32.83,300.2198731713205,1.523,50.036
IE,23865400.7,12.79,479.50908209972255,3.909,61.455
IEP,5962296.4,7.76,171.27928721305796,6.443,18.997
IESC,87596507.0,468.21,466.1741938873799,0.107,41.757
IEX,125154020.4,199.72,140.21033377051037,0.25,34.514
IFF,130205041.4,71.83,218.07632617435158,0.696,15.349
IFRX,992691.2,1.36,610.7763189092306,36.765,149.959
IFS,10742719.7,46.94,206.0445952018877,1.065,30.526
IGC,139759.2,0.2959,315.8177239401607,168.976,114.573
IGIC,1499636.3,25.0,158.21946253612143,2.0,35.655
IHG,28340829.0,141.23,156.98826508052335,0.354,25.412
IHRT,2315248.4,3.65,557.4484587065471,13.699,86.71
IHS,6769400.2,8.16,173.53099917339264,6.127,26.612
III,1113973.5,5.01,260.5068928704335,9.98,33.173
IIIN,4448532.7,31.9,284.7137344401816,1.567,41.262
IIIV,6549759.8,22.435,285.65408683813104,2.229,82.247
IIPR,15442015.7,54.41,235.60494133598033,0.919,34.924
IKT,992317.5,1.71,393.0099987954349,29.24,58.332
ILLR,156580.1,0.438,975.6678544652124,114.155,208.154
ILMN,233622339.0,132.86,295.2931376650769,0.376,29.66
ILPT,2067688.7,6.1,261.1975087813123,8.197,52.601
IMA,141693.1,6.05,472.56131498930023,8.264,127.463
IMAX,39396108.5,37.24,261.2976892440118,1.343,34.911
IMDX,472888.6,5.12,674.627262889306,9.766,113.23
IMKTA,9720970.4,84.7,161.58381563254824,0.59,27.396
IMMR,2810710.7,6.66,268.21446292331785,7.508,42.905
IMMX,6255522.1,8.32,524.8643433877266,6.01,88.511
IMNM,23320780.7,21.49,430.2532564801288,2.327,42.292
IMNN,121140.8,3.14,326.5388546966565,15.924,129.884
IMO,58497803.5,117.3,177.67290399283715,0.426,30.009
IMRX,5143944.2,5.25,605.5409243848347,9.524,48.862
IMSR,14677663.7,7.41,697.8460324201432,6.748,72.005
IMUX,1920728.3,1.0,490.39186061885647,50.0,65.073
IMVT,35983533.6,26.45,360.7238598752691,1.89,42.226
IMXI,4541412.3,15.12,184.88725252197787,3.307,22.774
INAB,87343.2,1.64,523.0831758459099,30.488,118.619
INBK,1079522.0,22.69,253.987428628795,2.204,34.511
INBS,169314.4,2.4,743.0920783908022,20.833,100.719
INBX,19285819.7,81.66,490.86679368700794,0.612,91.288
INCY,164538435.0,100.11,206.2142780195889,0.499,16.75
INDB,22911374.6,77.67,149.50442821930875,0.644,28.986
INDI,15371681.8,3.93,527.6639077148654,12.723,59.223
INDO,1481302.4,2.99,532.2156287889072,16.722,66.436
INDP,151853.9,2.31,1025.1392373871495,21.645,304.23
INDV,59994452.1,34.36,226.52848209510583,1.455,63.286
INFQ,67345216.6,13.34,687.2041386598534,3.748,55.128
INFU,1286106.3,9.48,347.44343828557,5.274,74.068
INGM,17416456.1,22.34,272.10753298843827,2.238,34.969
INGN,1411511.0,6.56,265.94506987300093,7.622,35.222
INGR,67582707.1,111.02,111.83094671686868,0.45,21.697
INHD,411155.1,1.3,1218.6302635235988,38.462,155.644
INKT,226171.2,11.62,456.35782994410386,4.303,119.438
INLX,4849.2,7.63,343.4591733991487,6.553,101.663
INMB,585097.2,1.62,450.2062443899239,30.864,83.471
INN,4172629.1,5.34,222.67182753221894,9.363,47.343
INNV,1741233.4,7.59,479.3111579765964,6.588,96.867
INO,2107090.3,1.59,594.0589645329695,31.447,43.814
INOD,71983376.9,59.41,525.1210971971295,0.842,87.513
INR,3964977.6,14.04,288.6055373142236,3.561,67.834
INSE,792144.9,7.91,303.6125346467454,6.321,59.758
INSG,2309046.8,11.46,508.82967984463386,4.363,77.848
INSM,324565917.9,145.1,379.6797391060528,0.345,41.023
INSP,61923455.9,62.14,437.7369289820979,0.805,88.768
INSW,35275390.9,70.01,240.23806017591778,0.714,37.706
INTA,24140040.5,36.36,365.97243158658273,1.375,49.236
INTC,6046324355.6,47.18,483.6980623769838,1.06,54.888
INTG,664884.0,33.4,463.20762910891625,1.497,141.01
INTS,289776.3,3.99,570.584164061965,12.531,95.233
INTT,1088068.4,11.22,428.67993732945564,4.456,76.309
INTU,1268334949.8,429.03,310.1689341839875,0.117,27.964
INTZ,150427.0,0.9879,592.3573718106838,50.612,126.516
INUV,308696.0,2.07,601.1353291935002,24.155,67.296
INV,5572233.2,4.18,788.861617764357,11.962,118.771
INVA,14467309.8,21.35,174.1971513848885,2.342,28.751
INVE,213421.0,3.51,408.67500002722664,14.245,127.169
INVH,146006750.1,28.26,130.75074225466724,1.769,29.153
INVX,9319132.3,25.13,270.79169778121627,1.99,42.418
IONQ,961032263.1,46.28,591.092251778319,1.08,75.255
IONS,148606498.2,74.17,266.7852404004476,0.674,32.562
IOSP,15142979.2,79.21,146.91267188653197,0.631,17.907
IOT,194180634.6,35.84,377.16686084806736,1.395,47.795
IOVA,39624772.5,3.43,592.3305805115665,14.577,89.777
IP,193567503.8,39.0,274.8281713509463,1.282,26.027
IPAR,23676177.1,95.24,192.9015367491851,0.525,20.837
IPGP,34750562.1,88.95,444.0454940214098,0.562,39.446
IPHA,25644.4,1.79,544.6107567960788,27.933,154.778
IPI,6141154.3,34.17,341.3927031162437,1.463,68.184
IPM,42162.9,1.83,302.7262121582019,27.322,98.037
IPSC,1369541.5,2.04,573.2061515554483,24.51,98.073
IPST,154118.5,2.08,1096.9890525653555,24.038,228.243
IPW,377256.7,2.06,854.7172406725279,24.272,244.949
IPWR,361435.4,4.38,731.7076853480818,11.416,123.591
IQST,336757.9,1.91,653.4659156481416,26.178,79.044
IQV,288592742.2,203.2,256.6725864530157,0.246,23.232
IR,266541361.2,80.51,203.7625742327228,0.621,24.516
IRD,2400534.8,3.57,497.0588602490968,14.006,52.978
IRDM,53098503.6,24.78,397.4313722111468,2.018,56.754
IRHO,81205.9,10.01,10.744345052361684,4.995,9.513
IRIX,60378.5,1.07,427.7319014803675,46.729,87.211
IRM,169564626.2,106.46,205.8124564400605,0.47,24.06
IRMD,7530002.6,92.83,196.59478338215814,0.539,35.276
IRON,30285233.9,73.54,336.26087990611603,0.68,53.786
IRTC,66454040.0,127.95,273.8587118680399,0.391,75.104
IRWD,7270301.4,3.68,580.65267254631,13.587,40.341
ISBA,1118875.3,41.63,269.9682832055116,1.201,75.549
ISOU,892305.1,10.3,470.7327100355296,4.854,65.391
ISPC,255390.6,0.8028,834.2544539641275,62.282,371.762
ISPR,104894.6,1.91,689.3987360950531,26.178,145.261
ISRG,956397003.9,455.85,234.22894796288847,0.11,27.272
ISTR,2612426.7,27.87,142.89046262121838,1.794,16.561
IT,219897198.4,179.59,349.4963655359147,0.278,33.637
ITGR,47905020.0,87.92,317.27287650728164,0.569,93.11
ITIC,5986820.4,255.09,188.50440940156258,0.196,35.4
ITP,51606.9,0.201,554.7920397425443,248.756,162.719
ITRG,7287428.2,2.89,411.7021259828658,17.301,60.516
ITRI,60242588.6,96.47,295.48651275867195,0.518,48.337
ITT,139136228.8,190.4,198.77406026718498,0.263,32.47
ITW,311719855.0,261.37,133.43490239649418,0.191,22.96
IVDA,151364.0,0.35,933.5482366295561,142.857,122.526
IVF,184815.5,1.03,810.7155957683522,48.544,315.502
IVT,15711364.5,30.78,102.16497763766569,1.624,25.073
IVVD,3978319.8,1.47,680.7233616832241,34.014,112.538
IXHL,1811288.6,2.91,652.0570370811206,17.182,188.1
IZEA,224545.8,3.73,363.00159708988184,13.405,54.603
J,118231929.0,136.11,206.99890541586313,0.367,31.423
JACK,11939062.7,16.6,474.6325194178782,3.012,31.122
JACS,3741.8,10.52,17.2177608962298,4.753,16.243
JAGU,232748.1,1.89,732.5679848470448,26.455,180.941
JAGX,184443.2,1.17,850.2165067042284,42.735,97.288
JAKK,1530272.0,20.09,249.64470349671586,2.489,49.845
JAN,31791593.7,27.23,181.64041082153292,1.836,127.678
JANX,15759168.4,15.19,317.14564348100964,3.292,53.132
JAZZ,153799461.6,182.32,223.8466627746689,0.274,30.23
JBHT,205555793.7,219.25,233.47876793722895,0.228,34.921
JBI,7889872.6,5.65,317.9380619533222,8.85,56.621
JBIO,6246993.1,15.38,457.5795572938803,3.251,67.871
JBL,298273848.6,261.1,288.8198789931518,0.191,53.475
JBLU,109705175.9,4.95,389.67167483737836,10.101,43.807
JBS,71678286.8,14.25,207.6493010542378,3.509,30.353
JBSS,5986865.7,75.68,198.82743083978127,0.661,32.925
JBTM,67785321.5,136.52,237.22235021792636,0.366,36.634
JCAP,4307243.2,20.27,226.07775449271102,2.467,42.744
JCI,487341510.7,134.72,183.799431971156,0.371,31.212
JEF,103742842.3,54.84,274.16739951522817,0.912,37.759
JELD,3304745.6,2.08,627.6862440210094,24.038,89.112
JENA,1426.6,10.25,24.181422968035008,4.878,32.41
JHX,141241134.2,21.75,281.7038649238423,2.299,45.278
JILL,976884.5,15.73,319.90934241465686,3.179,33.143
JJSF,18592332.7,85.24,217.70743672937655,0.587,34.379
JKHY,153083051.3,157.0,176.76273544742924,0.318,20.199
JKS,13382103.8,24.11,390.3477688391975,2.074,34.835
JLL,114051168.1,316.98,219.82369834493056,0.158,32.008
JMIA,18580939.5,7.91,442.0357011690081,6.321,66.654
JMSB,489629.1,20.6,180.66370509856424,2.427,46.797
JNJ,1735662567.8,230.0,119.17602549184171,0.217,13.996
JOB,43525.3,0.2132,302.4653467949363,234.522,128.848
JOBY,301013476.2,10.25,447.23237376639355,4.878,65.956
JOE,12547556.6,63.8,191.13890952629527,0.784,23.483
JOUT,2320374.0,44.82,221.8913581924178,1.116,45.21
JPM,2580103300.8,310.82,139.39782696690565,0.161,20.56
JRSH,258243.3,3.3,216.2468375600075,15.152,76.801
JRVR,1302330.7,5.55,311.74825380351433,9.009,55.45
JSPR,531078.8,1.25,652.2938496062834,40.0,123.01
JTAI,688564.8,2.04,888.2364268710143,24.51,90.399
JUNS,103456.8,0.6157,765.5075067980127,81.208,122.134
JVA,150332.9,3.82,370.8563437114617,13.089,50.809
JXG,45740.9,4.12,731.1537521968768,12.136,239.672
JXN,59109489.0,107.75,202.1129910037344,0.464,32.47
JYNT,601853.2,8.73,225.49388928011135,5.727,44.661
JZ,33838.5,1.12,983.5870127798069,44.643,297.966
KAI,42138722.6,306.15,243.32656666298072,0.163,38.913
KALA,371957.1,0.7297,873.2541176276364,68.521,164.95
KALU,27962068.2,131.01,321.6904620875723,0.382,34.674
KAPA,96521.3,0.6294,546.7957524881234,79.441,197.402
KB,17312671.8,101.44,231.72948048303672,0.493,37.053
KBDC,4534763.1,14.07,132.98307140990082,3.554,30.49
KBH,59155113.3,57.61,243.11115742123422,0.868,34.724
KBR,50760422.4,39.38,211.67572471273988,1.27,47.454
KD,51200882.4,13.59,298.62568872805923,3.679,59.531
KDK,4612939.8,7.9,521.6767159796901,6.329,108.078
KDP,344500226.4,28.45,168.9501322056306,1.757,17.264
KE,4528241.1,26.3,309.5235884881261,1.901,35.63
KEEL,129331191.4,3.1,720.1585562833576,16.129,70.131
KELYA,4048385.9,10.67,264.5016484698595,4.686,51.743
KELYB,9688.8,14.6,581.2931883265012,3.425,231.206
KEN,1190109.5,67.72,262.2326062263171,0.738,35.669
KEP,9930994.9,14.87,300.3281134176233,3.362,29.461
KEQU,166348.8,38.1,264.7690510292745,1.312,94.046
KEX,79692867.6,129.84,186.04419943577278,0.385,35.864
KEY,294878962.2,21.21,147.63061207120373,2.357,21.367
KEYS,303904100.9,284.12,266.4030570869089,0.176,51.521
KFFB,9558.8,4.52,392.6099343674424,11.062,223.489
KFRC,7806942.7,31.83,378.9007971293546,1.571,54.557
KFY,30977883.3,68.03,183.19620037108416,0.735,29.988
KG,187737.6,11.24,485.22072641851446,4.448,114.249
KGC,262777877.9,27.99,341.9783996417875,1.786,35.131
KGEI,614018.4,5.04,336.1395189416548,9.921,56.176
KGS,73536734.3,55.54,246.8468452784296,0.9,46.301
KHC,343929847.0,24.47,167.7146916519313,2.043,20.58
KIDS,2768837.8,17.96,274.3585116584085,2.784,40.117
KIDZ,445448.1,0.6528,1140.6842923463128,76.593,363.558
KIM,100932188.0,22.79,111.19751888072335,2.194,19.878
KINS,1888170.0,15.74,237.85070425969647,3.177,38.254
KITT,1134500.6,1.04,809.9585345207234,48.077,185.202
KKR,513880061.0,105.92,244.69383926293332,0.472,47.46
KLAC,1539027000.0,1215.13,376.7302400765864,0.041,65.47
KLAR,79057305.6,19.27,459.50916036804983,2.595,23.457
KLC,3369841.2,4.25,544.9299354565592,11.765,125.519
KLIC,44086903.1,66.76,352.956441637319,0.749,61.128
KLRS,455404.9,5.22,651.3642691091776,9.579,100.178
KLTR,433444.4,1.48,437.2359665081495,33.784,43.502
KLXE,448244.2,2.19,602.521292311274,22.831,85.14
KMB,443169628.1,104.015,175.43999164198624,0.481,21.099
KMI,358260737.1,31.39,130.6777672759107,1.593,27.505
KMPR,28928668.7,32.5,261.5214323064258,1.538,97.933
KMT,34432777.6,33.49,274.46921455336854,1.493,52.385
KMTS,6345530.0,24.18,401.20250659669546,2.068,39.882
KMX,140097678.0,44.5,358.1289143640669,1.124,48.423
KN,18863592.0,26.26,247.66947771641765,1.904,34.272
KNF,43497398.6,76.27,310.44615686882037,0.656,32.611
KNOP,789498.9,10.38,209.96763842897778,4.817,40.537
KNRX,44103.6,1.215,806.377470321569,41.152,272.125
KNSL,90168592.7,376.37,222.33375005957095,0.133,22.956
KNTK,45977719.4,45.55,222.59557070974867,1.098,41.002
KNX,188097331.0,59.22,249.04524850472956,0.844,41.592
KO,1189356307.8,76.72,116.93147766415287,0.652,22.245
KOD,19514761.2,27.72,691.8064699849798,1.804,74.78
KODK,7570270.6,8.23,391.62248427991784,6.075,65.992
KOF,15165238.8,102.48,158.50290454280864,0.488,26.993
KOP,5691120.5,37.04,220.43219191548155,1.35,37.468
KOPN,12264362.4,2.96,639.4221265717151,16.892,100.634
KOS,28193841.7,2.16,545.7495770249453,23.148,47.368
KOSS,94593.4,4.19,284.17350836690315,11.933,85.663
KPLT,212597.0,6.81,547.5006658379855,7.342,107.329
KPRX,59764.9,2.47,356.8054681816168,20.243,70.322
KPTI,2514983.0,6.88,542.4438621135808,7.267,74.806
KR,406695114.9,65.02,176.63015930807464,0.769,9.199
KRC,55961257.0,37.55,174.72348750994706,1.332,26.319
KRMD,520685.7,4.19,302.91725765775107,11.933,44.842
KRMN,131054173.2,67.4,460.2390617196343,0.742,70.456
KRNY,2799985.4,7.87,168.2461740472541,6.353,32.628
KRO,1846025.0,6.13,369.10602195593316,8.157,54.131
KROS,4596776.2,12.24,312.4215536667018,4.085,27.619
KRRO,2065223.8,12.31,558.2271712765144,4.062,73.493
KRSA,85991.5,2.39,648.9079580934216,20.921,172.347
KRSP,30083.4,10.38,55.44454749617703,4.817,25.635
KRT,2401792.0,25.97,235.0514949943415,1.925,36.091
KRUS,15653164.4,56.11,391.7075874308365,0.891,64.205
KRYS,68729486.4,268.04,244.41035352782873,0.187,36.434
KSCP,1482386.6,3.77,685.9878487093173,13.263,75.427
KSS,68115885.5,16.9,436.0087504192571,2.959,76.939
KT,28211392.6,19.15,141.16671568143326,2.611,24.439
KTB,48268996.8,73.59,303.8309341173228,0.679,19.484
KTCC,40916.2,3.08,382.0130950020418,16.234,125.834
KTN,33111.0,26.04,50.531316691074196,1.92,19.959
KTOS,241193116.4,72.41,449.59997251333476,0.691,53.378
KTTA,126323.7,0.7331,618.6879972846892,68.204,117.993
KTWO,6048.5,9.95,34.81342642864705,5.025,27.841
KULR,4778913.0,3.15,613.8122495255737,15.873,84.031
KURA,14527586.1,9.53,375.2700333459724,5.247,51.276
KUST,145806.9,1.37,896.9224957499687,36.496,97.879
KVHI,783643.1,7.24,377.1481102466535,6.906,63.701
KVUE,449059942.4,17.52,204.0256638729613,2.854,28.002
KVYO,79466987.2,19.61,479.3625633531998,2.55,56.031
KWR,19997113.8,142.14,239.56733150717204,0.352,24.219
KWY,727901.4,11.8,260.7479670469512,4.237,23.685
KYMR,51502170.7,81.42,369.0685680676517,0.614,51.677
KYNB,150866.4,7.78,335.16693149603435,6.427,78.797
KYTX,5391616.5,8.055,628.9433732627772,6.207,83.511
L,77322143.4,107.2,102.10942109883298,0.466,17.046
LAB,1833727.0,1.11,445.3373282278417,45.045,73.327
LAC,46751095.1,4.64,549.2480048645322,10.776,52.07
LAD,85068957.1,313.67,232.08362225091037,0.159,26.709
LADR,7939429.3,10.35,125.64426230395802,4.831,26.54
LAKE,1113940.8,10.77,476.5702418565899,4.643,32.785
LAMR,69587888.4,132.83,130.6088838190507,0.376,19.596
LAND,5239863.2,9.26,170.58586229616304,5.4,20.319
LANV,52535.9,1.63,511.9156145554966,30.675,199.67
LAR,16016156.2,6.75,520.4555046072845,7.407,49.28
LARK,185169.9,27.54,168.57890950734003,1.816,84.356
LASE,1504713.3,1.45,946.1331920660087,34.483,115.5
LASR,54232111.1,50.89,547.3957366569251,0.983,109.504
LAUR,37357073.1,33.6,206.99949339774122,1.488,27.926
LAW,956484.8,4.37,490.38580232162565,11.442,52.323
LAZ,53140527.8,48.46,260.61735864919837,1.032,46.145
LB,22112899.0,66.17,387.65237265283554,0.756,30.848
LBRT,80839014.8,21.29,402.9673904528529,2.349,69.515
LBRX,4981686.8,24.225,389.04724490762675,2.064,65.912
LCFY,53361.0,3.89,570.0601201416217,12.853,171.197
LCID,89908516.1,9.92,521.1270376946154,5.04,84.758
LCII,31215851.6,109.18,228.37488605054978,0.458,29.392
LCNB,381716.9,16.65,185.42856649330272,3.003,45.958
LCTX,1632979.9,1.56,348.41921786410876,32.051,78.509
LCUT,405216.0,4.29,510.17050875451685,11.655,97.902
LDI,4576471.6,1.79,541.3271221159425,27.933,62.877
LDOS,156925988.3,172.0,214.5790099699351,0.291,22.056
LE,2865302.4,14.03,402.11458969553354,3.564,72.071
LEA,67813980.3,122.64,212.94504683135222,0.408,32.387
LEDS,36991.1,1.9,619.7026895349674,26.316,131.995
LEE,284469.5,7.82,508.2839390505328,6.394,101.755
LEGH,2062042.3,22.37,222.29478860021885,2.235,21.726
LEGO,15190.0,9.92,20.593937243894352,5.04,18.821
LEN,288401546.0,99.94,232.15955662763417,0.5,35.153
LENZ,9502744.4,12.02,530.2380904364715,4.16,71.666
LEO,1179988.8,6.31,64.93132143943588,7.924,11.94
LESL,440841.3,1.71,967.1537330945561,29.24,125.736
LEU,180964444.2,206.04,574.7521269423523,0.243,102.594
LEVI,48453308.5,21.85,219.28789256906447,2.288,39.149
LEXX,135173.8,0.792,864.1243418701748,63.131,139.677
LFCR,974422.5,6.54,407.16924605525077,7.645,34.278
LFMD,4109299.6,4.0,479.3396094357558,12.5,146.022
LFST,14528191.0,7.07,318.41699936670466,7.072,45.396
LFUS,75926954.8,345.06,247.58239750964725,0.145,22.561
LFVN,873745.3,6.31,477.09203167282715,7.924,156.829
LGCY,527854.0,11.11,328.69429897406513,4.5,93.751
LGIH,18121075.2,50.145,362.703415976079,0.997,43.662
LGL,38319.4,6.9,221.43625241044145,7.246,121.019
LGN,58720897.6,52.98,456.37119456382067,0.944,67.374
LGND,44185886.2,204.92,223.8804411057652,0.244,40.644
LGPS,31096.6,0.905,705.9780801101698,55.249,215.716
LGVN,252558.4,0.7501,579.1190563882243,66.658,99.729
LH,169854514.5,270.68,148.44598953141843,0.185,33.67
LHAI,471399.3,1.33,804.1529113358861,37.594,105.287
LHX,372302701.6,298.2,179.10375595877986,0.168,21.636
LIDR,2083615.3,1.89,551.0303891217771,26.455,160.329
LIEN,476038.2,10.12,150.0515997068761,4.941,49.86
LIF,47664332.1,54.05,479.3102435100322,0.925,55.218
LIFE,7673359.9,17.695,586.5229363306663,2.826,148.158
LII,221697670.7,505.76,265.3987644944866,0.099,28.348
LILA,2678651.5,8.0,362.19707634380416,6.25,44.58
LILAK,6968121.3,8.08,362.24726579920906,6.188,35.481
LIMN,317309.2,0.376,939.4933599207594,132.979,139.672
LINC,12907492.1,27.3,358.1600377940204,1.832,56.954
LIND,12002659.2,18.09,312.4330043531268,2.764,50.35
LINE,41155266.0,39.0,234.268716677991,1.282,38.639
LINK,129584.1,4.08,647.7953197496768,12.255,113.992
LION,23994671.1,9.57,308.99230989139255,5.225,54.129
LIQT,28956.5,1.79,663.4792246516912,27.933,191.988
LITE,2951838707.5,672.0,599.7441035138702,0.074,106.841
LITS,433451.8,1.17,532.6364100341801,42.735,109.356
LIVE,77562.6,13.15,508.72180827961677,3.802,209.527
LKFN,8608090.3,60.09,152.68639765543472,0.832,17.613
LKQ,77081864.7,29.745,221.80003439000953,1.681,31.158
LLY,2947404522.8,1028.83,221.03591667805165,0.049,20.006
LLYVA,12611080.0,93.19,200.2186442001965,0.537,36.415
LLYVK,29201021.9,95.58,199.10611152300285,0.523,25.036
LMAT,19036259.8,90.61,285.8792361472427,0.552,30.999
LMB,15947862.8,80.28,499.44382730746366,0.623,55.904
LMND,108857690.3,58.72,503.1495503254022,0.851,43.535
LMNR,909489.9,13.75,193.939223604192,3.636,26.913
LMRI,6819376.1,11.525,526.9591877237175,4.338,114.595
LMT,670175722.0,522.59,176.11005057836218,0.096,27.431
LNAI,232296.8,0.9838,947.1674687308885,50.823,188.487
LNC,69389724.8,40.25,216.53478882048913,1.242,40.816
LND,184426.4,3.76,158.16359583327647,13.298,48.636
LNG,444771184.1,236.01,175.0137422270792,0.212,24.491
LNN,15364767.4,117.61,187.4780201799495,0.425,42.802
LNSR,416712.8,9.97,429.3370123091679,5.015,50.135
LNT,145089117.4,69.17,102.1429351103146,0.723,15.545
LNTH,72935807.5,75.72,218.1220057112581,0.66,33.672
LNZA,300025.0,13.29,934.78573121116,3.762,171.186
LOAN,97618.5,4.46,156.47805936972892,11.211,48.377
LOAR,50353205.8,69.12,265.9883733528345,0.723,47.177
LOB,9077483.8,36.71,206.61696776917032,1.362,25.695
LOCL,30508.0,1.86,648.3742502366916,26.882,139.573
LOCO,2856678.7,11.41,227.59188103165977,4.382,41.478
LODE,3840394.0,3.32,532.2444688007838,15.06,55.228
LONA,180284.3,7.06,611.1414537289505,7.082,112.125
LOOP,68999.4,1.26,492.05338287058936,39.683,89.627
LOPE,45499978.7,164.41,197.873094995502,0.304,28.134
LOVE,3931421.6,15.35,359.78775347623593,3.257,54.148
LOW,640731150.0,238.13,168.98960520810775,0.21,20.847
LPA,61924.6,3.12,441.47658914660036,16.026,155.535
LPCN,167267.1,2.82,451.3577584421513,17.73,112.7
LPCV,1058.9,9.99,17.55328252188704,5.005,16.875
LPG,17224269.8,34.08,259.6824505862688,1.467,37.839
LPL,5233793.7,4.28,382.8564500959439,11.682,41.011
LPLA,243144603.9,336.19,228.9800559114589,0.149,32.23
LPTH,25300372.7,11.14,756.3020739587765,4.488,77.87
LPX,71671295.5,77.66,259.2499973650647,0.644,22.9
LQDA,63969405.3,37.66,400.61086406447413,1.328,46.943
LQDT,5141737.9,31.83,224.66421696274074,1.571,29.691
LRCX,2346444071.2,231.29,398.04391947967713,0.216,47.741
LRHC,189141.5,1.17,851.0575273371553,42.735,186.009
LRMR,5517496.3,3.92,639.921451975804,12.755,129.326
LRN,73055974.6,86.32,272.0039375337055,0.579,34.889
LSAK,280498.9,4.62,251.38778395382548,10.823,84.018
LSBK,128423.4,15.45,112.60180243906862,3.236,43.971
LSCC,162501683.8,94.92,368.24493325428807,0.527,44.166
LSF,165697.4,3.31,535.7556204775584,15.106,85.366
LSPD,6823196.1,10.41,276.70560285977984,4.803,31.148
LSTA,108143.8,2.66,596.9085207362762,18.797,124.82
LSTR,70792509.6,157.07,226.35011796915208,0.318,32.54
LTBR,11892657.0,12.93,581.7578891518359,3.867,80.882
LTC,14745029.8,37.34,127.07503317988636,1.339,16.934
LTH,67941820.1,28.03,229.72697022759345,1.784,30.678
LTRN,300588.5,3.21,520.0136127086419,15.576,73.791
LTRX,3478419.8,5.74,460.96562058154524,8.711,67.86
LUCD,879668.5,1.08,410.90420376342786,46.296,72.892
LUCK,1058110.8,8.18,326.9360364068343,6.112,52.63
LUCY,135365.2,1.11,685.6386352692848,45.045,111.03
LUD,108432.3,6.045,968.8511360257752,8.271,277.065
LULU,471708562.7,164.16,314.0291506220964,0.305,83.614
LUMN,94779004.2,7.63,487.8939547434686,6.553,55.136
LUNG,635700.1,1.61,579.1953716860165,31.056,101.775
LUNR,155097751.0,16.71,679.1990807711795,2.992,91.583
LUV,287283472.9,40.86,271.64308286615153,1.224,28.785
LVLU,150602.0,9.3,768.991070194047,5.376,197.599
LVO,333973.6,4.81,503.34009573359083,10.395,125.174
LVS,254797969.9,53.78,221.14869354719838,0.93,24.656
LVWR,296057.0,1.92,858.9402410693249,26.042,94.516
LW,83847066.2,47.26,276.3979609255028,1.058,25.531
LWAY,2024371.5,24.75,304.9850504576557,2.02,66.205
LWLG,14380526.4,5.345,772.2468349057871,9.355,30.624
LXEO,4813492.3,6.28,473.0251783574408,7.962,55.704
LXRX,3683029.9,1.6,478.1489632687456,31.25,64.091
LXU,6640264.4,10.09,337.8910879157039,4.955,49.679
LYB,288552709.5,57.1,269.7960125250354,0.876,54.003
LYEL,1627805.3,17.68,512.8919978719287,2.828,95.979
LYFT,219556738.5,16.61,321.1183949149193,3.01,50.323
LYG,74245829.0,5.36,181.881105058358,9.328,40.939
LYTS,4633515.8,22.32,254.5022299539807,2.24,26.843
LYV,366928609.6,158.28,196.55190858274878,0.316,21.233
LZ,18710796.0,7.25,395.3447409382311,6.897,70.494
LZB,14993707.8,35.92,264.9171159392473,1.392,61.087
LZM,1310040.6,4.32,481.0753963449603,11.574,66.254
M,127931186.5,20.75,284.5954551154765,2.41,41.141
MA,1679273751.0,540.44,140.99312071089952,0.093,20.023
MAA,119569535.4,133.19,119.47879811541618,0.375,19.556
MAC,42310503.3,19.3,189.23096265115223,2.591,30.088
MAGN,5271252.0,12.0,363.5427386092907,4.167,17.385
MAIA,682867.1,1.39,558.9578721775324,35.971,85.45
MAIN,31299005.6,57.45,161.16021953676233,0.87,16.345
MAMA,5464534.7,14.71,329.8289529631543,3.399,45.911
MAMO,82149.0,1.05,500.41662947738314,47.619,191.038
MAN,34785592.2,31.01,361.63476857087505,1.612,54.95
MANE,44771956.2,98.74,559.3354030521494,0.506,52.843
MANH,96503031.1,168.67,288.7724701286909,0.296,52.198
MANU,5762968.9,17.55,222.03945067889788,2.849,23.245
MAR,469492839.9,330.47,170.5609555902109,0.151,17.636
MARA,519081977.7,11.74,536.3061488314308,4.259,50.887
MAS,156917217.7,69.8,219.83733704320844,0.716,40.503
MASS,2185171.9,7.03,390.1865266553192,7.112,81.371
MAT,61556493.1,16.01,258.7958093733653,3.123,46.127
MATV,3972806.5,11.02,346.2036142138156,4.537,23.544
MATW,5615381.2,26.0,213.6063796688489,1.923,26.003
MATX,41527693.7,163.24,220.16469898543195,0.306,38.594
MAX,6075268.0,11.38,325.4805500228175,4.394,51.767
MAZE,13925893.8,29.05,501.44668605007394,1.721,29.352
MBAI,106423.7,1.675,669.7553921039088,29.851,160.944
MBBC,24464.0,13.54,200.4239494440217,3.693,125.01
MBC,18844426.6,9.61,329.2697506690046,5.203,42.669
MBI,1927418.5,6.39,259.8231084490166,7.825,22.681
MBIN,6472186.2,42.91,210.35692093110407,1.165,36.689
MBIO,48857.1,0.8741,420.58886245128673,57.202,121.98
MBLY,52643275.3,9.53,357.5855269396174,5.247,67.711
MBOT,2981919.9,2.1,473.7412323055159,23.81,44.598
MBRX,549382.1,2.31,767.5080186668271,21.645,118.416
MBUU,6255316.9,28.23,308.1817267086823,1.771,52.329
MBWM,4675340.3,51.12,155.43852829836624,0.978,31.835
MBX,18808673.4,31.96,515.7026319315978,1.564,89.866
MC,56056627.0,67.17,240.1397178114735,0.744,33.472
MCB,9248381.4,87.63,207.32060975428527,0.571,33.109
MCBS,2049130.7,29.11,151.60384067876925,1.718,35.235
MCD,1042826342.9,303.22,115.67318253149526,0.165,19.193
MCFT,2759792.9,22.31,249.3524789074249,2.241,45.285
MCGA,413893.3,10.21,36.87063136150764,4.897,8.584
MCHB,6169895.7,14.81,194.81053604139547,3.376,44.518
MCHP,620728683.5,73.94,306.9986841021657,0.676,37.272
MCHX,27860.4,1.68,272.1273208065577,29.762,127.716
MCI,521229.5,19.34,145.83980864679305,2.585,34.451
MCK,651787809.7,826.43,190.93681592964433,0.061,10.871
MCO,411615454.0,478.51,178.26965527260774,0.104,26.537
MCRB,595139.9,8.89,622.1010333788682,5.624,118.925
MCRI,11374649.4,99.66,159.7050158081989,0.502,30.47
MCRP,310176.6,1.79,800.2863595303834,27.933,193.887
MCS,3244487.6,16.42,239.3454667017837,3.045,27.256
MCY,20773535.5,92.98,163.85869931670163,0.538,25.07
MD,16046983.0,21.97,257.9989537356186,2.276,33.437
MDA,33703613.1,33.41,412.7256800950089,1.497,25.417
MDAI,550464.0,1.69,428.5087821424026,29.586,76.232
MDB,528152014.0,334.68,417.6587603975643,0.149,71.563
MDBH,15635.0,3.35,387.1083668380256,14.925,166.681
MDCX,562893.2,0.5237,785.6608970145312,95.475,119.5
MDGL,143934420.9,510.53,275.5497791717267,0.098,41.588
MDIA,22986.5,0.9111,422.8864140098002,54.879,168.833
MDLN,237542666.6,41.41,292.5212620804108,1.207,41.352
MDLZ,512234016.3,60.22,146.489610597667,0.83,15.092
MDRR,9262.0,11.82,296.1305907664468,4.23,155.514
MDT,690921543.5,92.09,145.85806028252213,0.543,25.073
MDU,35205227.3,20.5,129.6651453402826,2.439,40.503
MDXG,4547757.8,4.67,255.527428362311,10.707,49.621
MEC,3353072.2,19.36,343.7077879154852,2.583,55.661
MED,1937679.8,11.44,308.6574284808437,4.371,44.583
MEDP,144744017.0,530.35,288.0003151086179,0.094,65.149
MEDS,311697.4,0.5808,853.1083739136014,86.088,308.991
MEI,3570923.5,8.0,585.117773974388,6.25,43.196
MELI,857442473.1,1922.73,260.1639863663703,0.026,39.626
MEOH,31165640.9,49.0,316.93182970255054,1.02,55.154
MERC,731878.9,1.56,497.0309923659689,32.051,79.949
MET,270090731.5,79.78,149.2988586742715,0.627,23.921
META,9164237607.8,639.29,246.0645252054991,0.078,22.612
METC,34127260.4,15.55,568.6388081947794,3.215,82.3
METCB,501657.7,11.625,480.3965461560767,4.301,93.007
MFA,12590192.6,9.56,140.0734428035035,5.23,31.011
MFAN,342649.4,25.17,34.44597400493605,1.986,10.749
MFC,64737745.2,36.95,126.20473334061934,1.353,16.189
MFIC,6266648.9,11.27,156.15101816711643,4.437,30.245
MFIN,454594.8,9.98,192.73408394539268,5.01,37.213
MG,2322315.4,14.78,278.6586129983459,3.383,26.738
MGA,78233926.7,56.72,229.57794774943903,0.882,23.958
MGEE,11839825.4,80.08,128.90132459101991,0.624,17.99
MGLD,9994.4,1.07,589.3334412152386,46.729,288.113
MGM,150172999.1,36.93,233.37896724397314,1.354,38.11
MGNI,38493310.1,16.09,365.9056800696113,3.108,44.464
MGNX,1900736.5,2.36,511.36602911358693,21.186,64.122
MGPI,4670980.3,19.98,272.2878929843008,2.503,32.749
MGRC,15126130.1,113.75,166.80235658611628,0.44,23.166
MGRX,321884.6,0.4717,879.1343184981289,106.0,253.196
MGX,332944.2,1.48,395.27673411115563,33.784,72.254
MGY,64477278.2,25.86,208.39146789268466,1.933,42.043
MGYR,31797.4,17.48,134.77680964645552,2.86,78.309
MH,6545662.5,13.14,373.5752129679854,3.805,46.967
MHH,84223.7,7.14,349.2655621399734,7.003,168.033
MHK,90713712.2,113.64,247.019167663775,0.44,16.35
MHLA,27255.3,12.71,182.30559448658875,3.934,74.499
MHNC,41538.0,14.47,183.78167601826482,3.455,73.447
MHO,29511174.0,136.88,207.6667132336896,0.365,33.874
MI,46356.0,4.0,599.4372714112674,12.5,226.025
MIAX,44121035.4,42.62,258.6260909507127,1.173,32.357
MICC,19538388.9,16.33,279.74704064227393,3.062,36.668
MIDD,83707232.6,139.28,266.35994295781245,0.359,46.706
MIND,1119168.1,8.09,524.9381150392906,6.18,25.21
MINE,120416.3,3.02,425.41457713543525,16.556,154.123
MIR,69096736.8,20.61,349.8546539219444,2.426,74.948
MIRA,164043.6,1.18,482.65579761627356,42.373,106.601
MIRM,57122195.1,93.585,287.29518177943214,0.534,46.109
MITK,9218330.9,13.7,328.09889214702065,3.65,80.004
MITQ,27435.1,0.6199,473.77551185194403,80.659,212.253
MKC,180603208.8,60.97,189.23252217785523,0.82,18.225
MKDW,65463.7,2.49,823.9912302193076,20.08,158.696
MKL,99822337.6,1944.6,124.24528023772551,0.026,13.008
MKSI,275264225.3,236.98,384.45811952750626,0.211,81.035
MKTW,191281.9,16.72,332.5654258939842,2.99,69.523
MKTX,100276883.8,166.55,231.72554170779594,0.3,22.749
MKZR,54606.2,3.68,550.4378302403625,13.587,157.844
MLAB,10847490.0,90.59,348.1502825563339,0.552,31.571
MLCI,174934.8,5.075,365.1563111620094,9.852,104.823
MLI,78258601.5,110.85,201.8832094088381,0.451,31.686
MLKN,10897184.7,18.17,310.21534399391146,2.752,29.409
MLM,279656294.4,612.01,177.21075308887808,0.082,23.702
MLP,260302.8,16.71,237.9880257268965,2.992,57.238
MLR,3352041.0,44.28,179.23977161170143,1.129,45.352
MLSS,62933.2,0.3505,517.9752505237151,142.653,180.05
MLYS,35267456.9,29.54,376.9751447366799,1.693,49.443
MMA,156482.4,0.623,767.9376316596828,80.257,82.792
MMED,14505704.0,15.19,368.3596922911441,3.292,28.437
MMI,5426592.3,28.99,180.04160131982258,1.725,37.263
MMLP,31954.0,2.62,376.55398143964544,19.084,139.922
MMM,492171902.4,160.15,164.12750302120443,0.312,17.267
MMS,43692260.7,73.27,220.594750111846,0.682,27.72
MMSI,50569747.0,81.61,190.92958233669938,0.613,31.093
MMTX,3820.6,10.06,11.868725720805921,4.97,6.589
MNKD,16739968.6,4.16,453.8215526784131,12.019,59.372
MNOV,52812.0,1.39,387.69428178521804,35.971,117.187
MNPR,12325161.2,68.66,453.76119728337017,0.728,78.503
MNRO,14666823.1,17.21,375.43117592650015,2.905,75.279
MNSB,766007.7,22.295,157.67143347573176,2.243,29.536
MNST,409374998.7,76.15,163.78002085607156,0.657,21.996
MNTK,260749.1,1.7,468.94848224223114,29.412,89.008
MNTN,7881713.8,10.85,452.3346073792065,4.608,99.635
MNTS,3756085.2,4.51,973.9257075789058,11.086,125.325
MO,531591202.3,66.19,165.17502372442976,0.755,23.361
MOBX,1106275.6,0.8989,968.818738461973,55.624,147.645
MOD,216210422.2,195.6,436.0214798911816,0.256,45.403
MODD,160142.2,0.7042,760.2835410882154,71.003,115.646
MOH,205835876.0,181.54,347.0071270674352,0.275,37.966
MORN,78444338.6,198.29,253.32027057737514,0.252,18.044
MOS,179167374.8,24.86,279.92085633806647,2.011,19.248
MOV,3533347.8,24.5,239.10298445685254,2.041,32.834
MOVE,650588.7,11.72,777.5780554056865,4.266,298.158
MP,384052772.4,59.11,469.99317358610665,0.846,82.656
MPAA,1403706.2,12.81,391.27480243976896,3.903,56.455
MPB,3886740.2,32.43,157.39122567870467,1.542,21.211
MPC,485606580.6,215.7,212.79245190488086,0.232,27.001
MPLT,5475149.7,18.355,536.1344768554042,2.724,54.966
MPLX,83129123.9,55.66,106.09358765522717,0.898,23.312
MPTI,3614871.0,64.75,327.6576177139302,0.772,55.759
MPU,58400.0,0.8086,746.6784375580188,61.835,216.563
MPV,235943.3,18.32,157.8379562387504,2.729,47.739
MPWR,714156421.2,1142.74,332.71058657715616,0.044,59.493
MQ,15931765.0,4.66,256.3606658839866,10.73,77.193
MRAM,6554933.6,11.39,683.65964937598,4.39,117.83
MRBK,1429688.3,18.71,170.8899736538011,2.672,16.947
MRCY,48071940.0,83.46,365.7185731334963,0.599,26.308
MRDN,262197.1,6.39,606.2179321262607,7.825,115.348
MRK,1144615236.9,114.24,188.1481056436414,0.438,16.64
MRKR,149004.6,1.37,495.3249225150149,36.496,73.682
MRLN,5174824.4,10.4,682.9897980823584,4.808,20.569
MRNA,325284545.9,47.6,472.35191727964747,1.05,30.955
MRP,39639051.5,30.43,171.13648796504367,1.643,23.553
MRSH,470679719.9,181.59,164.0495689572233,0.275,15.097
MRT,64032.4,2.09,369.80698820294845,23.923,106.681
MRTN,9300546.4,13.33,206.74293731800648,3.751,28.162
MRVI,5770854.4,3.61,415.8695196899019,13.85,98.46
MRVL,2221891207.5,92.36,480.2554719716533,0.541,50.699
MS,1005153458.0,180.78,174.78329917918433,0.277,26.978
MSA,38109758.8,170.58,158.18766826834343,0.293,16.296
MSAI,242502.6,0.7402,813.0621748296479,67.549,141.159
MSBI,3443438.2,23.03,202.72561484321997,2.171,25.117
MSCI,330193148.9,568.75,191.6644910220451,0.088,20.067
MSEX,6512418.0,53.15,187.59825339619633,0.941,19.354
MSFT,12349108919.2,459.38,200.02965770425106,0.109,24.168
MSGE,20685299.1,60.54,193.03403045227867,0.826,29.682
MSGM,147840.2,3.89,689.0762785883276,12.853,96.957
MSGS,60710945.7,314.93,184.65985329859893,0.159,11.254
MSI,435700152.1,432.18,164.24223920693666,0.116,12.885
MSLE,369037.4,8.24,553.2178559076049,6.068,139.952
MSM,62498378.9,92.58,165.66397549218203,0.54,33.906
MSN,19898.3,0.4072,618.2783902164,122.79,226.17
MSS,149985.2,0.6545,758.2751321652131,76.394,213.695
MSTR,2898950378.3,155.39,490.0401759531709,0.322,53.942
MT,84680402.5,56.64,268.66657473661286,0.883,36.124
MTA,3617928.2,7.36,347.0763460012706,6.793,38.83
MTB,217808860.8,213.02,134.50376151196983,0.235,25.305
MTCH,114371166.9,34.13,200.88831125469886,1.465,42.007
MTD,201291008.8,1328.53,201.82292475827327,0.038,24.438
MTDR,83823521.6,49.78,265.5312400793737,1.004,46.204
MTEX,39701.8,7.0,574.1425812113931,7.143,183.791
MTG,47905329.8,27.76,145.17791967321983,1.801,20.782
MTH,58873884.4,70.64,237.93120125990322,0.708,28.394
MTN,102058792.0,140.26,239.12298222812697,0.356,42.139
MTNB,32001.9,0.638,742.9121565489955,78.37,271.086
MTRN,34372054.5,149.12,360.95152081636405,0.335,31.898
MTRX,2779498.9,12.26,311.40617335491675,4.078,53.096
MTSI,262643222.1,233.04,372.9859455916358,0.215,60.717
MTUS,5872402.7,18.21,257.0596891400057,2.746,56.313
MTVA,183411.8,1.5,905.3710977410074,33.333,245.353
MTW,2871691.9,12.73,323.6969673800239,3.928,61.546
MTX,12106739.9,70.18,167.04848723976457,0.712,26.491
MTZ,255431789.2,264.18,327.17377272316077,0.189,38.869
MU,16536247558.6,412.37,502.2847247858695,0.121,72.27
MUFG,58158429.7,17.88,165.4754291379369,2.796,23.543
MUR,64357023.2,33.73,305.73711456671634,1.482,43.484
MUSA,135645862.2,444.85,251.82298987103633,0.112,51.38
MUX,21529058.4,19.55,415.63575672534625,2.558,85.512
MVBF,1088460.0,26.72,164.00634310998424,1.871,41.966
MVIS,3442893.7,0.8535,723.2978469934326,58.582,77.12
MVST,7859585.9,2.13,617.236225186387,23.474,96.955
MWA,27641150.0,25.62,161.8955973736296,1.952,30.613
MWG,15127.8,1.1768,551.3958811634119,42.488,340.596
MWH,40273729.2,30.29,399.9810255904992,1.651,29.273
MWYN,62946.8,0.8805,683.21556439939,56.786,247.631
MX,1142806.0,3.06,580.140477595316,16.34,35.197
MXC,60067.9,9.39,415.37528104057213,5.325,155.783
MXCT,861246.6,1.23,428.4009418632041,40.65,83.342
MXL,27807594.2,18.72,693.4944323662716,2.671,83.442
MYE,5341695.6,21.16,236.19174812362783,2.363,37.742
MYFW,758490.7,26.0,167.9883526355894,1.923,47.696
MYGN,6414647.7,5.34,401.13902017892923,9.363,77.039
MYO,567471.3,0.94,601.1770907032792,53.191,132.547
MYPS,177390.1,0.5975,468.4254581828777,83.682,99.914
MYRG,72612027.9,270.32,306.90618473093906,0.185,56.659
MYSE,138127.7,2.08,567.2032233936925,24.038,149.302
MYSZ,39354.2,0.6876,537.3900260454343,72.717,147.957
MZTI,29524538.6,154.7,185.67655229441885,0.323,14.187
NABL,6509188.0,5.18,468.08396807326835,9.653,50.683
NAGE,4461005.7,4.96,321.9874969306012,10.081,75.047
NAII,37556.4,2.71,410.88210831411965,18.45,150.279
NAK,12656508.0,1.83,630.0598341307339,27.322,126.964
NAKA,1688355.7,0.6248,878.496173927216,80.026,139.938
NAT,15436710.8,5.22,248.69781786396234,9.579,42.369
NATH,2670236.5,100.79,135.45791670187214,0.496,19.441
NATL,21442258.4,43.2,166.96537268479975,1.157,54.324
NATR,2208182.4,21.17,304.795116554821,2.362,54.655
NAUT,651639.8,1.98,686.2855540575373,25.253,96.408
NAVI,8724122.9,9.37,260.268361665893,5.336,32.57
NAVN,41134568.3,17.23,551.3757759676439,2.902,55.438
NB,22084531.6,5.55,609.714695844473,9.009,97.122
NBBK,4975186.9,20.51,164.59605515186877,2.438,26.476
NBHC,13838935.3,40.68,156.4892497021568,1.229,22.294
NBIX,150209171.0,143.6,209.4802011167055,0.348,26.994
NBN,11484865.4,115.52,215.7271580662819,0.433,26.095
NBR,22437133.6,77.86,345.68132302395753,0.642,50.66
NBRG,1338.6,9.97,11.728776930533312,5.015,10.741
NBTB,10350453.7,44.07,150.26183179262495,1.135,20.308
NC,515620.0,48.36,260.88391560824334,1.034,60.929
NCDL,2827526.0,13.44,153.36838050472608,3.72,28.276
NCMI,1375390.7,3.75,453.578886359739,13.333,40.971
NCNO,45356601.8,19.2,301.11705528935994,2.604,46.845
NCPL,129362.4,0.6589,963.6742838644617,75.884,138.992
NCRA,52879.6,0.8791,890.923499894868,56.876,305.318
NDAQ,297897249.2,89.2,174.6736630642608,0.561,26.724
NDLS,350238.6,6.02,612.1898701895457,8.306,119.484
NDRA,94208.1,4.87,685.4050643634619,10.267,184.468
NDSN,90916725.6,275.0,138.15557520642193,0.182,21.906
NE,61145060.6,40.77,261.6594228168587,1.226,42.896
NECB,935882.2,23.8,151.49825614274698,2.101,30.261
NEE,823017665.9,85.89,133.12459326695037,0.582,21.842
NEM,870117237.0,104.29,311.70714606214125,0.479,46.053
NEN,21912.0,62.26,154.00765807023095,0.803,83.682
NEO,21237852.0,10.49,335.8409499844675,4.766,67.129
NEOG,22436979.9,9.18,359.13731370270796,5.447,91.684
NEON,250717.5,1.73,480.9213311222013,28.902,116.26
NEOV,1935492.3,3.51,845.679778207211,14.245,80.296
NEPH,124056.4,4.08,532.1947480893072,12.255,121.801
NERV,508332.2,4.43,584.2881321615722,11.287,60.252
NET,686818773.7,213.88,403.0116899142039,0.234,68.218
NEU,82877652.8,757.38,211.31825489300053,0.066,29.294
NEUP,233443.0,4.37,583.9622808100646,11.442,89.337
NEWP,3267281.9,3.98,528.8843434089146,12.563,62.767
NEWT,2520203.8,12.4,231.19578465671697,4.032,37.134
NEXT,19622472.6,6.8,408.76019880317097,7.353,46.781
NFG,52722016.7,82.45,127.02625509827003,0.606,24.581
NFGC,3409933.1,2.07,462.6513747702947,24.155,42.83
NFLX,3370083425.7,91.37,224.86009786012693,0.547,28.104
NG,27929231.0,8.6,494.0488571366975,5.814,60.908
NGEN,763510.2,3.66,581.2219416919376,13.661,112.238
NGG,65405133.9,80.66,134.10827071613562,0.62,20.091
NGL,2862514.6,12.0,328.3389760002712,4.167,91.029
NGNE,3823226.5,25.63,510.88403164711116,1.951,50.82
NGS,3366014.4,36.39,214.06322219429796,1.374,34.471
NGVC,4867381.9,28.04,258.400899396431,1.783,52.091
NGVT,16722023.5,67.86,230.7620286748052,0.737,36.469
NHC,14787461.0,161.42,208.32531204950283,0.31,24.101
NHI,21571141.7,77.38,148.12972972616754,0.646,22.037
NHTC,81155.3,3.0,482.51754747167854,16.667,65.524
NI,181790292.1,44.1,117.28964226616174,1.134,25.666
NIC,21138268.2,144.55,187.03653325222538,0.346,19.802
NIKI,61000.8,1.08,589.8137033923829,46.296,150.187
NINE,375388.6,0.6742,534.5620087091262,74.162,168.145
NIQ,15284550.5,12.46,418.84770163861504,4.013,35.126
NIXX,464733.4,0.9151,728.7906795811912,54.639,159.592
NJR,27939845.7,53.65,115.46260017520216,0.932,22.489
NKE,912466891.2,56.53,229.3881177072574,0.884,15.86
NKSH,714131.0,35.78,173.10285921747428,1.397,62.008
NKTR,49635656.5,64.93,511.19531027980526,0.77,42.711
NKTX,1476034.6,2.3,463.7542570581559,21.739,34.059
NL,203375.2,5.97,339.7098955941641,8.375,75.586
NLOP,2125252.6,13.97,379.30219796268204,3.579,38.602
NLY,154357771.8,22.41,125.98887581691092,2.231,26.63
NMAD,437204.3,4.2,590.3830404520638,11.905,144.659
NMAX,7565078.8,8.17,472.6945589260844,6.12,37.35
NMFC,5512882.0,8.2,156.91102614736278,6.098,32.595
NMG,1325537.5,2.17,579.1792137553741,23.041,70.08
NMI,253208.1,10.06,103.63437618569421,4.97,22.801
NMIH,16858629.4,38.8,148.22399387054776,1.289,24.207
NMM,7468982.1,66.54,202.9464640043083,0.751,32.724
NMR,9602270.7,8.3,184.62947229768315,6.024,18.788
NMRA,1650947.4,1.87,643.8099251664596,26.738,40.867
NMRK,20326470.0,15.98,248.54074273053598,3.129,37.713
NMTC,147727.3,0.8943,488.233467516925,55.91,93.531
NN,22884263.1,16.33,477.8954087996172,3.062,38.769
NNBR,670024.1,1.95,508.89856775082245,25.641,66.423
NNE,55288381.5,26.37,608.2768045401317,1.896,58.224
NNI,15087861.6,130.26,152.99585064575916,0.384,20.642
NNN,61058418.8,43.61,101.90460270532954,1.147,18.399
NNVC,325654.0,1.34,526.8910801418295,37.313,80.564
NOA,1406514.2,14.0,301.5156297931015,3.571,59.734
NOC,451437362.1,575.96,169.8303003952128,0.087,51.401
NODK,169663.5,13.51,138.74588106166092,3.701,91.348
NOEM,2291.8,10.37,90.24490505183616,4.822,20.151
NOG,52933403.0,23.93,290.99338547084255,2.089,38.521
NOK,450862309.8,7.96,372.1240066399778,6.281,32.939
NOMA,45952.0,3.83,746.72985979873,13.055,304.156
NOMD,17191411.3,11.83,201.86389698715175,4.227,27.252
NOV,68214481.4,18.75,231.51402229377499,2.667,39.92
NOVT,53369460.4,132.29,322.662197062156,0.378,57.312
NOW,1887525216.5,124.0,356.73524451160677,0.403,34.234
NP,10475429.5,26.7,409.56386393773283,1.873,82.958
NPB,2840005.0,17.45,182.76745947536224,2.865,42.93
NPCE,2401776.7,14.88,369.51660013512804,3.36,56.863
NPK,10385239.5,124.99,222.55886650933928,0.4,21.088
NPKI,9546244.8,13.72,250.45902599388873,3.644,30.659
NPO,50235329.3,256.73,240.47349298916572,0.195,49.952
NPWR,1645253.9,2.02,545.5787198804414,24.752,98.984
NRC,1591041.8,17.66,365.63096858261196,2.831,35.819
NRDS,7560531.5,10.54,296.1852643715593,4.744,58.315
NRDY,486825.2,0.9631,361.02385414257805,51.916,116.684
NREF,765559.9,14.7,171.0047336528641,3.401,24.528
NRG,338379100.8,152.69,307.3403605139244,0.327,39.863
NRGD,238323.9,17.4281,486.8333260987477,2.869,81.591
NRGU,2435370.1,29.95,499.02824635179843,1.669,65.709
NRGV,13214463.6,3.65,662.4135920204756,13.699,78.478
NRIM,3236866.4,25.02,214.23837738763558,1.998,30.399
NRIX,19877557.2,16.68,372.8284883158549,2.998,62.747
NRP,3110102.4,105.25,131.6939944448953,0.475,46.662
NRXP,1691227.2,2.94,529.3338016770504,17.007,65.743
NRXS,435945.5,5.81,446.1537840855523,8.606,96.378
NSC,357515356.1,299.62,127.82077402633553,0.167,15.925
NSIT,36728976.2,91.54,276.0563998941505,0.546,29.257
NSLR,1983606.5,9.84,291.06535119416037,5.081,31.018
NSP,26570369.6,38.72,413.87156389997307,1.291,66.651
NSPR,74546.4,1.635,382.43900147035987,30.581,136.859
NSRX,40352.9,4.64,653.2665917071668,10.776,254.165
NSSC,14094209.1,40.93,253.20401658080812,1.222,65.778
NSTS,42566.4,12.41,107.55856926136632,4.029,55.107
NSYS,74159.1,9.7064,413.2942897285919,5.151,129.381
NTAP,247031912.2,116.64,266.20363246774156,0.429,39.759
NTB,8492442.0,52.03,124.33813279979462,0.961,22.682
NTCT,17138783.9,30.06,196.4350022128044,1.663,22.818
NTGR,9335563.9,24.33,279.1736626216221,2.055,31.864
NTHI,405848.8,7.53,698.1073550878493,6.64,86.466
NTIC,74076.9,8.04,200.04971495301695,6.219,79.452
NTIP,25955.2,1.48,287.8592802990034,33.784,182.965
NTLA,55148927.8,12.87,645.4789667634802,3.885,151.827
NTNX,171976788.0,51.85,298.28749995957367,0.964,26.757
NTRA,260763823.2,212.73,295.6509442810539,0.235,30.931
NTRB,60548.0,4.31,446.67106411637104,11.601,87.852
NTRP,100027.8,2.98,591.5509902993253,16.779,145.788
NTRS,152460287.6,146.17,153.80499083032785,0.342,21.017
NTSK,42916826.2,13.5,482.9977710785976,3.704,92.317
NTST,22647678.0,19.63,129.42818967507816,2.547,26.224
NTWK,95664.2,4.02,364.2289705882154,12.438,88.367
NU,715403583.7,15.02,238.82883169229544,3.329,21.6
NUAI,28034253.9,4.6,1133.969287991481,10.87,120.932
NUCL,2339567.4,7.68,789.2890972770626,6.51,26.821
NUE,277728566.8,177.72,197.90001764335105,0.281,21.813
NUS,3924567.8,7.66,300.0863679151743,6.527,39.574
NUTX,18165323.5,128.68,572.8219205486388,0.389,50.539
NUVB,28872284.9,5.26,525.1929207740606,9.506,43.031
NUWE,159142.6,1.93,800.0992206023401,25.907,227.866
NVA,3109369.2,6.85,733.4908175395831,7.299,48.19
NVAX,33595601.9,8.54,394.74019750231065,5.855,40.963
NVCT,665137.7,8.56,521.16848882993,5.841,48.791
NVDA,30691367476.7,189.21,237.1339424736812,0.264,28.772
NVEC,3811441.9,71.375,420.4573883916389,0.701,33.475
NVGS,6435809.2,19.29,185.47937315798467,2.592,16.311
NVNO,126447.8,10.2001,585.0404858018676,4.902,148.935
NVO,655202945.4,47.64,291.03868286520856,1.05,31.307
NVOH,59642.5,26.03,283.64768416546616,1.921,86.058
NVR,169972431.5,7000.92,171.56654390087746,0.007,25.498
NVRI,16030765.4,18.92,282.1546688848386,2.643,98.241
NVS,231368571.7,148.18,170.22593413455766,0.337,13.85
NVST,56707480.4,24.5,231.06578429626475,2.041,26.824
NVTS,201527513.2,10.06,766.4246845244253,4.97,62.968
NWAX,377240.0,10.12,21.340961112344022,4.941,16.332
NWBI,12470046.1,12.89,141.54409049163328,3.879,15.317
NWE,28572836.7,68.46,143.45658619871622,0.73,30.367
NWFL,684721.1,29.57,164.2596803700109,1.691,34.378
NWL,30664102.5,4.49,383.4101802731396,11.136,101.609
NWN,11384413.1,49.06,129.29020163909885,1.019,16.985
NWPX,7579441.2,75.32,248.99505124874665,0.664,51.652
NWS,33053959.5,30.1,173.09496862347115,1.661,30.417
NWSA,97808851.8,26.31,166.98429149104115,1.9,20.765
NWTG,51375.0,1.44,578.9431391736337,34.722,135.066
NX,8031020.9,17.7,360.386583536177,2.825,88.263
NXB,99071.3,2.42,542.6216029932187,20.661,203.057
NXDR,4762850.4,2.02,349.62338685342297,24.752,60.198
NXE,66703316.5,10.36,354.3312536929908,4.826,31.292
NXGL,78578.1,0.98,679.262330900662,51.02,134.252
NXH,11241464.8,5.66,471.38914867689084,8.834,91.741
NXL,90653.1,0.5169,658.0755878575968,96.731,159.465
NXP,1840137.6,14.3,48.55596012585116,3.497,14.5
NXPI,665767423.9,227.66,296.4752791040098,0.22,41.767
NXPL,88412.0,0.8061,553.3642019317383,62.027,169.721
NXST,60783634.5,196.06,224.24248927417065,0.255,30.383
NXT,210189544.8,103.405,415.77050155427236,0.484,43.667
NXTC,346420.9,9.63,760.2161227779467,5.192,119.18
NXTS,71142.8,2.57,726.6585662873748,19.455,176.362
NYC,30121.7,8.49,399.8013642571141,5.889,188.097
NYT,122621889.4,71.22,182.82086523117636,0.702,17.14
O,340999093.5,61.36,101.72442315965957,0.815,14.034
OABI,791421.6,1.85,449.2618480998691,27.027,57.693
OACC,9639.8,10.64,26.85840692544424,4.699,27.505
OBDC,51265648.7,11.55,152.12555628550655,4.329,35.093
OBE,4924270.3,8.04,347.15564663474754,6.219,21.445
OBK,6838390.3,42.35,155.0178776070766,1.181,27.377
OBT,1289568.0,32.72,168.78696198809854,1.528,20.645
OC,145316074.7,124.12,258.10730265661476,0.403,19.565
OCC,1198732.2,9.08,823.8328400415031,5.507,66.3
OCCI,950868.0,3.34,260.2958008723117,14.97,26.513
OCFC,11956190.4,18.72,174.65207590154776,2.671,31.906
OCGN,6886126.7,1.43,514.150223926693,34.965,46.623
OCSL,8256975.9,12.63,152.64624179699123,3.959,17.648
OCUL,28737504.5,10.27,437.32991070520023,4.869,70.789
ODC,4407425.4,65.27,238.32214123070744,0.766,17.189
ODFL,337905482.2,189.75,236.31758843410896,0.264,42.239
ODYS,71596.7,4.2963,455.7472275977087,11.638,177.851
OEC,3675360.6,6.35,424.9091678696492,7.874,49.153
OESX,457631.6,10.24,602.9007488138935,4.883,65.234
OFG,10966417.3,42.74,155.6136526754708,1.17,19.195
OFIX,3316672.0,12.7,295.04747661465365,3.937,36.288
OFLX,1008639.0,30.15,244.50215055286998,1.658,56.667
OFS,296349.2,4.05,342.23425800789744,12.346,40.916
OGCP,775.7,5.75,366.27589819622887,8.696,200.858
OGE,61767830.5,46.55,105.5734070001417,1.074,21.439
OGEN,39348.3,0.715,424.80841180993156,69.93,174.956
OGG,5318782.5,3.23,402.9032455975696,15.48,73.644
OGN,36518693.7,9.59,397.13894302852333,5.214,20.281
OGS,37678280.9,80.38,114.57162321342842,0.622,32.27
OHI,84086124.2,45.5,130.60206855201406,1.099,18.709
OI,21341854.9,11.38,337.41101307890034,4.394,53.4
OII,31468910.8,35.14,282.73782552050903,1.423,47.519
OIS,5412512.5,8.38,339.3092742209991,5.967,39.452
OKE,314768506.8,85.03,169.23625845505316,0.588,15.498
OKLO,740207987.2,68.13,630.1102312273816,0.734,96.22
OKTA,272160862.8,89.5,382.01475769657605,0.559,47.116
OKUR,385414.4,3.34,430.70256337142234,14.97,94.349
OLB,91083.3,0.551,683.2658405833772,90.744,130.177
OLED,66387992.6,99.61,260.3829451798928,0.502,40.52
OLLI,129235310.9,106.4,258.3502035282811,0.47,40.239
OLMA,16315245.7,12.91,505.72357977991834,3.873,235.977
OLN,59495426.4,23.46,346.8687634292373,2.131,60.032
OLOX,541369.5,2.41,1146.4666869575594,20.747,144.69
OLP,1634533.3,22.87,126.28958477660296,2.186,19.346
OM,1083077.6,4.44,550.3294557921879,11.261,61.497
OMAB,8054863.7,107.09,193.1773285690773,0.467,24.674
OMC,276019564.0,77.45,225.38198888673526,0.646,19.43
OMCL,19986378.0,37.64,314.98358164058146,1.328,56.675
OMDA,15690700.3,17.82,374.4195418718798,2.806,58.059
OMER,13636558.0,11.07,612.8978380090562,4.517,187.24
OMEX,1270980.9,1.51,719.9158404601336,33.113,90.668
OMF,63983784.6,59.69,187.5387536975395,0.838,29.165
ON,558789521.2,63.13,392.6085832825062,0.792,48.873
ONB,77641447.2,23.44,164.4064376641519,2.133,34.592
ONCH,109503.0,10.24,23.825943034091598,4.883,12.793
ONCO,145816.8,1.14,979.6981644488832,43.86,194.632
ONCY,847248.5,0.9648,494.2485213975315,51.824,128.52
ONDS,622354255.9,9.06,715.2126633148864,5.519,91.007
ONEW,1390988.2,11.81,351.9561060524579,4.234,38.158
ONFO,77665.6,0.733,794.9125735697127,68.213,140.452
ONIT,2204713.1,39.85,279.123332022364,1.255,47.268
ONL,607646.7,2.57,281.1568716667105,19.455,70.681
ONMD,282132.8,0.8651,808.3960742914921,57.797,132.962
ONON,208764220.6,39.59,309.3468679349318,1.263,71.257
ONT,9426507.3,22.62,461.6906877659549,2.21,78.13
ONTO,202385296.1,215.53,440.82274467778944,0.232,86.721
OOMA,3259982.0,13.7,281.10804502775875,3.65,71.749
OPAD,788502.3,1.83,706.5738776837658,27.322,172.213
OPAL,443030.8,2.26,487.9484530715986,22.124,57.254
OPBK,472752.9,14.16,165.35167550689823,3.531,22.552
OPCH,51419848.4,27.77,272.64780328856654,1.801,30.424
OPEN,271729161.6,5.15,664.6166236269142,9.709,101.235
OPFI,5413453.8,9.34,320.12427796559217,5.353,47.486
OPHC,103933.5,5.25,224.1644701384725,9.524,50.436
OPK,3277418.0,1.33,327.8332221183957,37.594,47.071
OPLN,26767283.6,29.93,202.19041103587924,1.671,26.062
OPRT,2374969.0,5.45,387.0838139647794,9.174,33.501
OPRX,2897260.1,7.87,460.0144709384554,6.353,49.224
OPTU,4023148.2,1.54,631.3449830575397,32.468,70.328
OPTX,3114345.1,6.92,881.182075280688,7.225,116.185
OPXS,456195.5,12.92,392.8375553796458,3.87,42.284
OPY,4886243.9,87.72,243.82376088717882,0.57,41.88
OR,37775734.6,36.09,300.0918441244858,1.385,37.387
ORA,75970392.5,111.14,225.71772148390926,0.45,28.266
ORBS,11223611.1,1.13,925.0079163487574,44.248,141.919
ORC,36718628.4,7.13,137.03696317514982,7.013,21.394
ORCL,4503300171.2,180.29,405.17029915666023,0.277,46.813
ORGO,2321077.7,2.76,464.5463797753179,18.116,117.617
ORI,57080376.4,41.49,151.69501722940066,1.205,26.732
ORIC,14094116.5,10.9,564.4544992934581,4.587,68.6
ORKA,26217891.7,35.26,458.3057049985179,1.418,115.524
ORLY,515530169.6,92.98,159.92791071707504,0.538,21.258
ORMP,534256.8,3.44,340.1898401359172,14.535,70.54
ORN,3515401.1,10.85,384.12201750530795,4.608,46.952
ORRF,4786840.9,36.65,158.0338682253575,1.364,19.252
OSBC,7254482.4,20.5,157.50381827111502,2.439,25.692
OSCR,153061935.6,18.09,437.4755397391395,2.764,51.981
OSG,3506246.7,5.86,405.73824680524353,8.532,36.447
OSIS,53901190.0,251.1,277.4097741405205,0.199,42.652
OSK,92110335.0,142.82,253.94092290615114,0.35,15.255
OSPN,5696757.7,12.92,298.07602813504366,3.87,27.791
OSS,10711788.8,9.27,654.7605473744202,5.394,58.341
OSTX,676215.4,1.66,453.789177958633,30.12,89.531
OSUR,1511468.0,3.07,288.8435412797259,16.287,65.991
OTF,20801309.6,12.23,216.29647107677417,4.088,20.628
OTGA,113596.0,10.08,9.902465943891281,4.96,11.582
OTIS,244115314.5,85.67,133.91515582797635,0.584,30.413
OTLK,2661008.0,0.8701,860.3827166288446,57.465,170.321
OTTR,18026440.9,86.77,131.8590126117152,0.576,18.822
OUST,68363896.0,27.76,655.975019210258,1.801,50.248
OUT,37164123.8,26.89,184.46644951137773,1.859,38.925
OVBC,582164.5,42.275,162.47110250214567,1.183,40.826
OVID,3178610.7,1.95,534.5055741821326,25.641,90.729
OVLY,631695.5,32.61,137.1347990675042,1.533,39.827
OVV,166759707.5,52.41,226.49692080419192,0.954,38.829
OWL,217805687.5,11.68,295.27006286184553,4.281,31.421
OWLT,1312414.9,6.66,539.9644143093459,7.508,95.246
OXLC,12971585.9,10.0,218.63860221742735,5.0,135.653
OXM,13683838.4,38.3,412.4754061005203,1.305,50.113
OXSQ,2039353.8,1.78,288.94576031943393,28.09,36.655
OXY,479403733.8,51.82,220.5784873945638,0.965,26.401
OZK,51107646.2,48.48,151.17842023722616,1.031,23.324
P,223322287.5,74.7,427.4386128340814,0.669,58.193
PAAI,227584.1,2.98,695.8924504974992,16.779,142.14
PAAS,270514556.6,50.46,366.42233089588507,0.991,47.264
PAC,22574165.1,241.95,201.59880279249006,0.207,37.218
PACB,9880734.2,1.55,545.3016594181493,32.258,65.004
PACK,2194602.3,5.33,457.922552817676,9.381,60.726
PACS,29684677.1,35.4,573.8904363092951,1.412,28.071
PAG,44442549.2,167.56,165.3833605858969,0.298,30.474
PAGS,34403708.9,9.67,277.80937908498043,5.171,39.183
PAHC,11056617.9,39.62,348.4710494003568,1.262,75.836
PAII,7129.2,10.15,16.63796701552515,4.926,14.78
PAL,1533221.6,7.05,497.47646219118326,7.092,18.564
PALI,5982832.1,1.91,676.250128882903,26.178,100.805
PAM,16863155.3,82.87,294.2131895735483,0.603,39.935
PAMT,166677.0,11.48,421.7444015271393,4.355,146.194
PANW,1390007508.7,202.21,280.09113180929154,0.247,24.686
PAPL,104815.6,1.08,917.2939403259995,46.296,131.099
PAR,21999905.2,19.36,427.84463315810797,2.583,61.38
PARA,664703.8,1.43,939.5421034316316,34.965,389.729
PARK,489281.2,18.1775,488.31632057327437,2.751,116.746
PARR,53016293.3,49.68,368.6388011866841,1.006,61.504
PASG,253541.3,7.37,614.2953959038565,6.784,124.949
PATH,396476624.4,12.24,433.0520994427253,4.085,59.064
PATK,34924428.0,103.43,227.0836340052009,0.483,28.921
PAVM,123511.9,5.25,572.2703076978031,9.524,145.891
PAY,20902986.5,29.33,377.64867657441016,1.705,84.508
PAYC,134863540.1,152.29,289.0585374824131,0.328,24.092
PAYO,17683096.7,5.8,293.32332015493256,8.621,42.503
PAYS,3099935.5,5.66,412.41035998308695,8.834,41.774
PAYX,327249703.3,110.48,176.51139930383903,0.453,24.974
PB,64960897.6,69.63,139.27396636373055,0.718,31.591
PBA,48471870.9,43.78,127.6855411860473,1.142,18.367
PBF,113877647.9,39.07,405.96267126061747,1.28,61.608
PBFS,163051.3,14.22,149.56314101729853,3.516,59.303
PBH,26377852.5,59.95,199.38106769066937,0.834,32.355
PBHC,32349.0,14.35,197.89610281963826,3.484,125.376
PBI,28573378.6,11.39,222.52166268496165,4.39,29.822
PBK,467193.9,0.8831,730.2782421009913,56.619,104.099
PBR,297285529.0,16.61,207.50150017361335,3.01,24.348
PBYI,2237096.2,6.75,384.15274535520257,7.407,51.35
PCAR,330405822.7,117.08,171.1127246363666,0.427,24.028
PCB,577827.1,22.96,153.7696431673697,2.178,30.282
PCG,351479938.7,16.48,227.9313298043308,3.034,28.362
PCOR,114732807.1,58.19,320.95934296893336,0.859,39.733
PCRX,13597195.1,23.75,232.8716114594526,2.105,44.387
PCSA,191118.0,2.22,855.149119479258,22.523,188.68
PCT,31436946.1,8.72,510.65391713724597,5.734,95.814
PCTY,83619030.2,139.77,256.26830475126803,0.358,30.225
PCVX,62890114.5,53.01,285.6281545820938,0.943,47.572
PCYO,536828.2,11.02,181.86124665247925,4.537,42.853
PD,21474458.9,10.97,420.78442573186084,4.558,65.642
PDCC,40769.5,12.05,173.16180322944328,4.149,65.711
PDEX,1520962.8,46.54,408.10735067449207,1.074,55.748
PDFS,11732708.9,33.83,413.39616818515884,1.478,55.397
PDLB,1016297.7,16.82,141.34364605233606,2.973,30.708
PDS,7133888.5,81.79,236.56357295723564,0.611,34.567
PDSB,428750.1,0.8983,638.6773794018123,55.661,85.516
PDYN,9010249.6,6.45,584.7151479531905,7.752,106.013
PEBK,750467.6,38.5,158.74824079070257,1.299,39.972
PEBO,6871566.2,32.9,137.4994471207895,1.52,24.346
PECO,31501749.6,38.05,96.33688285922119,1.314,22.957
PED,155168.9,0.757,484.2413291952382,66.05,120.196
PEG,212290155.0,80.65,115.65134871957476,0.62,23.462
PEGA,72334925.1,43.06,328.81554782145093,1.161,48.299
PEN,130785991.2,319.47,177.042249289518,0.157,15.205
PENG,32512005.7,24.38,505.43080517819516,2.051,103.7
PENN,53364755.9,16.61,320.8661092003253,3.01,84.475
PEP,1046790821.0,146.1,132.6745273079098,0.342,21.86
PEPG,2339444.9,3.22,628.2630231096746,15.528,69.56
PERF,178340.0,1.74,314.91833010584634,28.736,80.48
PESI,2154443.9,13.0,450.73062709015505,3.846,38.145
PETS,249459.0,2.32,545.3146676835596,21.552,71.078
PEW,1149901.5,2.98,352.5157172156758,16.779,71.275
PFE,1087078232.4,25.77,148.98612102341335,1.94,21.07
PFG,117815821.8,92.45,141.71927625186729,0.541,27.799
PFGC,142736906.1,96.79,180.6809911687958,0.517,36.719
PFIS,2162429.9,54.39,160.14072919401477,0.919,23.325
PFLT,8729366.0,8.64,146.44481616134135,5.787,24.721
PFS,17930841.0,21.55,157.92138751129426,2.32,20.133
PFSA,430479.4,0.359,1198.3835135415845,139.276,477.342
PFSI,44600560.1,91.49,324.5722186558041,0.547,30.648
PFX,33056.2,43.49,246.98712717728526,1.15,106.178
PG,1314502610.0,147.34,122.41425494989072,0.339,13.713
PGC,4281955.3,34.32,189.11796958854396,1.457,30.394
PGEN,17180692.3,4.17,492.6709354192966,11.99,60.15
PGNY,29980377.2,24.21,338.51573677520656,2.065,84.863
PGR,629443222.0,212.12,171.2506546535451,0.236,29.774
PH,571733691.6,908.06,163.74366712161068,0.055,23.75
PHAT,11803561.9,11.84,410.8317371027266,4.223,60.236
PHG,22639529.7,27.37,178.239704373681,1.827,18.515
PHI,2141657.3,19.82,142.97106119168492,2.523,7.296
PHIN,23471518.0,69.22,211.0391758444137,0.722,27.108
PHIO,230223.2,1.15,498.86326114024615,43.478,132.805
PHM,213911220.2,124.88,206.27630966929243,0.4,34.08
PHR,14215893.2,12.1,391.4128840222318,4.132,86.378
PHUN,261013.8,2.04,308.1272698150796,24.51,54.842
PI,68852901.8,153.29,460.66783015105824,0.326,83.971
PII,55264444.5,65.83,315.4145716200635,0.76,42.321
PIII,68548.6,7.907,744.9282639033396,6.324,156.438
PINS,304991434.4,22.88,340.60486691546555,2.185,61.651
PIPR,47027762.4,295.66,221.03373993188112,0.169,30.53
PJT,47582731.5,167.2,208.9686136531666,0.299,33.888
PK,43917712.7,11.29,192.14518712238004,4.429,35.829
PKBK,1526965.0,28.31,128.61066001263086,1.766,23.548
PKE,5968571.8,27.21,287.96338823972656,1.838,29.132
PKG,156369275.9,217.11,175.1530387603345,0.23,27.337
PKOH,856531.4,25.33,279.9306929733278,1.974,47.69
PL,239551428.5,22.79,620.9048410987566,2.194,81.665
PLAB,31720448.0,32.0,526.8801185681167,1.562,31.433
PLAG,88426.0,1.82,980.5623171649472,27.473,256.868
PLAY,18133578.0,13.76,451.09832127754913,3.634,74.514
PLBC,1566230.3,50.67,140.93142573281733,0.987,36.118
PLBY,817161.8,1.55,481.7792397850256,32.258,76.357
PLCE,1202311.0,3.97,611.1182787988372,12.594,90.542
PLD,432615778.6,135.15,135.1213885931493,0.37,19.433
PLG,3231137.8,1.86,516.6093754448995,26.882,69.779
PLGO,8398870.8,19.5,175.34894028874226,2.564,22.249
PLMR,28859951.4,123.71,221.56263022568402,0.404,30.153
PLNT,114666485.8,77.92,321.0150621613002,0.642,21.719
PLOW,7177573.1,41.47,219.25679318274365,1.206,31.83
PLPC,28820869.1,264.63,387.10949385330775,0.189,56.546
PLRX,658162.8,1.25,329.8890125148391,40.0,79.644
PLSE,5003322.7,19.87,510.87303856171525,2.516,61.294
PLTK,4632561.8,3.59,377.74179553298734,13.928,27.271
PLTR,6678406550.1,156.43,369.8236678403367,0.32,37.778
PLUG,190502925.8,2.29,582.3074791960141,21.834,103.635
PLUR,25427.9,3.32,451.3699814151364,15.06,188.891
PLUS,14821446.8,84.35,209.552814016021,0.593,34.891
PLX,1439529.9,2.19,407.6503322492132,22.831,74.78
PLXS,54117390.3,199.33,257.07611182339474,0.251,38.967
PLYX,460480.6,2.67,1320.9359304118357,18.727,107.517
PM,854116787.9,169.46,176.56293001224185,0.295,13.359
PMCB,74453.6,0.76,570.4823241029077,65.789,173.96
PMI,600236.3,1.75,993.2930528716106,28.571,330.104
PMN,349651.0,10.68,597.2122374367075,4.682,188.109
PMTS,663933.9,15.79,436.98268697084893,3.167,52.381
PMVP,408047.9,1.29,437.8001072046598,38.76,72.417
PNBK,292175.6,1.29,427.69120107358964,38.76,95.39
PNC,408687907.8,217.55,134.6205356825163,0.23,23.692
PNFP,109007212.6,96.47,173.33576755446003,0.518,32.825
PNNT,3105136.6,4.88,191.29482595540136,10.246,31.228
PNR,140829281.0,92.2,209.30776982635817,0.542,25.77
PNRG,11387453.4,183.09,370.44128352030606,0.273,46.887
PNTG,7847191.7,30.71,232.34173830745104,1.628,31.327
PNW,109949180.2,97.71,103.71257125594227,0.512,18.8
POAS,344311.4,1.81,728.5951946992445,27.624,184.425
POCI,100301.4,4.38,305.85059423597664,11.416,117.054
PODC,154723.0,2.52,519.6750608921939,19.841,121.816
PODD,212661503.4,238.82,287.5539489227346,0.209,49.736
POLA,158383.3,1.81,704.9282366962333,27.624,139.467
POOL,158437610.7,221.62,224.2910933627972,0.226,31.014
POR,54189498.6,49.8,117.31838146342531,1.004,13.462
POST,72632934.8,99.63,197.2256357413903,0.502,36.057
POWI,40510807.4,47.45,386.41307035751754,1.054,65.992
POWL,111365990.3,304.3,394.5159613743769,0.164,84.106
POWW,842925.2,1.99,307.82282166916673,25.126,45.183
PPC,42348203.0,37.33,207.82600122264427,1.339,21.197
PPCB,123560.2,0.9425,874.1138840712637,53.05,196.288
PPG,194901868.6,109.42,190.766940870632,0.457,22.229
PPHC,1065420.8,11.56,394.7554944598293,4.325,42.357
PPIH,2479544.1,28.85,368.22992906171623,1.733,32.548
PPL,253316942.3,36.22,112.13813505656525,1.38,19.886
PPLI,38394989.2,38.94,200.10363775562573,1.284,24.739
PPSI,385861.6,3.91,486.88874773037764,12.788,62.559
PR,178965877.3,18.43,212.4668739850214,2.713,39.942
PRAA,6231702.9,16.9,372.0202110391584,2.959,112.195
PRAX,120766320.6,305.51,483.4867199021255,0.164,40.048
PRCH,16519036.0,10.21,466.50682750246665,4.897,50.202
PRCT,35254214.0,27.45,397.48058880085495,1.821,52.257
PRDO,19467126.4,33.09,219.54562193801792,1.511,25.561
PRE,2841778.9,17.59,563.4470789454798,2.843,92.766
PRG,14918375.1,33.37,281.5549019970146,1.498,46.449
PRGO,34661700.5,13.31,347.0291617058218,3.757,25.084
PRGS,24593728.5,40.95,330.1251805806295,1.221,22.711
PRHI,24969.4,0.93,838.6978562760618,53.763,226.944
PRI,50828490.6,267.79,135.457315520398,0.187,30.87
PRIM,106685698.3,128.2,388.5067005608949,0.39,61.67
PRK,12178663.2,168.51,164.12759464775894,0.297,38.35
PRKS,34139523.9,37.79,321.35581521234616,1.323,38.705
PRLB,10331572.9,59.61,283.4502882792046,0.839,44.588
PRLD,989239.2,3.12,729.6102257912057,16.026,115.868
PRM,29219654.9,27.8,341.96752700009296,1.799,25.526
PRMB,90570564.0,21.91,317.50753065852723,2.282,23.964
PRME,10298963.2,3.64,550.3198792763471,13.736,73.717
PROF,548892.5,6.73,448.2957337663578,7.429,88.342
PROP,2480488.6,1.7,649.6972440552485,29.412,93.536
PROV,110439.8,16.2,72.21393251169224,3.086,48.6
PRPL,177107.5,0.7171,459.8968545181072,69.725,100.871
PRPO,462379.8,23.82,433.88605199784394,2.099,141.754
PRSO,415030.7,0.9628,767.1202535745595,51.932,127.208
PRSU,8142371.3,37.04,205.75661536509102,1.35,48.389
PRTH,2098145.4,5.77,389.6568323312388,8.666,53.19
PRTS,373300.8,0.7728,504.1455540274282,64.7,87.326
PRU,186217078.0,105.26,143.60451487466986,0.475,14.653
PRVA,19294953.7,23.44,198.67248799404732,2.133,47.222
PSA,278184599.6,297.14,145.18061709824397,0.168,13.365
PSBD,906337.7,10.97,150.5325852616798,4.558,44.968
PSEC,10647384.7,2.62,224.8103213373232,19.084,14.6
PSFE,2844494.3,7.88,436.47229207081193,6.345,43.373
PSIX,30465273.7,62.49,672.880129635157,0.8,92.237
PSKY,96433917.8,10.97,326.2077217445763,4.558,22.121
PSMT,30926863.0,151.3,181.40575794049326,0.33,29.716
PSN,67272309.8,60.66,407.50510995659755,0.824,37.82
PSNL,13233242.9,8.72,565.9656259724945,5.734,82.867
PSNY,2681135.8,16.36,620.366424237503,3.056,104.56
PSNYW,43299.3,2.855,869.2510046610878,17.513,506.838
PSO,11884119.2,14.2,159.83719707126377,3.521,28.661
PSQH,352326.7,1.08,676.2245334148606,46.296,173.678
PSQL,1722892.2,10.22,347.92429752788956,4.892,17.608
PSX,408277554.0,159.78,192.65363228793103,0.313,24.47
PTC,168348889.5,154.395,221.73298456611056,0.324,30.901
PTCT,77257101.8,71.26,254.04726493330213,0.702,27.281
PTEN,79426015.8,8.84,325.00838778605106,5.656,50.613
PTGX,70615503.0,94.83,305.78893244657843,0.527,27.13
PTHS,430520.0,26.25,516.0697084465623,1.905,169.303
PTLO,8525908.7,5.025,332.77632760644013,9.95,41.417
PTN,303207.2,16.135,750.2372164917917,3.099,212.893
PTON,55851926.2,5.86,397.79575580611294,8.532,65.448
PTRN,16067904.4,14.475,447.9745798627048,3.454,32.0
PUBM,5517304.1,8.96,410.88056942004243,5.58,48.346
PUK,24264511.2,28.89,183.61406421879985,1.731,17.549
PULM,29985.1,2.16,588.9592774565856,23.148,94.946
PUMP,32946769.8,11.35,455.1251428805456,4.405,113.11
PURR,37112845.5,6.165,649.2149521207524,8.11,81.435
PUSA,1175718.2,3.94,850.3893603064384,12.69,201.738
PVH,69100871.3,77.94,304.9908004338832,0.642,31.185
PVLA,23595126.8,110.12,507.03952692359195,0.454,84.283
PW,40135.9,0.93,548.1404709002873,53.763,165.657
PWCM,213457.0,0.478,704.6003371014209,104.603,170.515
PWP,17188629.4,18.23,310.93699723595716,2.743,52.795
PWR,559077926.4,559.02,271.48375295228317,0.089,36.304
PXED,2803552.6,30.155,325.3800401689961,1.658,79.169
PXLW,361188.0,6.37,481.3576086207159,7.849,87.619
PXS,124672.8,4.08,303.9380487475567,12.255,59.823
PYPL,763641693.8,55.89,280.99233223789736,0.895,22.112
PYT,3244.4,23.47,79.1262938553598,2.13,49.951
PYXS,1485768.7,2.1,745.5843263063296,23.81,85.39
PZG,805005.0,1.27,458.60734635074346,39.37,68.4
PZZA,33882919.8,35.54,330.1522222832796,1.407,50.24
Q,227345901.3,120.26,356.0327079141823,0.416,72.871
QBTS,631582383.7,21.54,681.8797400523039,2.321,65.587
QCLS,1160845.2,3.8,804.6843246768202,13.158,113.913
QCOM,1534000359.9,166.85,324.92216567364164,0.3,41.661
QCRH,8381984.1,88.46,151.00720918706105,0.565,22.379
QDEL,26157330.5,19.73,569.2470871401473,2.534,96.746
QFRD,963.3,26.7553,124.18852786843047,1.869,31.676
QGEN,70850678.9,43.9,210.46495458013845,1.139,49.123
QLYS,63979422.5,131.37,329.0970709116037,0.381,46.942
QMCO,5726882.7,8.27,713.0172807603027,6.046,85.79
QNC,1447823.8,2.73,516.1184261550915,18.315,92.086
QNCX,1120215.0,1.63,735.5998930382199,30.675,130.887
QNME,25135.3,0.718,713.3782454856902,69.638,314.884
QNST,9028805.3,14.31,349.2390982079409,3.494,96.463
QRHC,48354.8,1.44,512.772866425072,34.722,150.422
QRVO,98744296.1,87.84,233.76451855303165,0.569,48.23
QS,151772332.0,7.73,522.9462536820076,6.468,74.514
QSI,4857908.0,1.03,556.3196096896003,48.544,58.94
QSR,202384389.1,72.0,150.16719497419132,0.694,15.467
QTI,134720.4,5.03,449.27463698648666,9.94,114.94
QTRX,2914521.6,4.55,590.6972138685746,10.989,58.742
QTTB,1189350.6,4.95,715.585982604294,10.101,114.31
QTWO,46694841.8,60.5,280.83926298610197,0.826,43.551
QUAD,1180395.3,6.7,266.62195771069446,7.463,68.959
QUBT,155679917.4,9.91,612.7499268985035,5.045,89.457
QUIK,1999533.6,8.91,516.3158867985334,5.612,58.546
QXL,66550.4,2.78,649.4054725425913,17.986,186.287
QXO,189757249.3,19.02,383.18882042991333,2.629,32.449
R,70715650.3,208.01,210.01352097160682,0.24,28.951
RAC,13644.8,10.41,22.066606687997876,4.803,31.734
RACE,202844655.1,373.92,223.49942101192602,0.134,30.015
RAIL,1406853.1,8.6,370.835913194682,5.814,50.215
RAIN,57445.2,2.66,841.6831236260849,18.797,214.809
RAL,67385637.0,49.37,339.2664290630062,1.013,54.094
RAMP,18852708.9,28.96,240.5234855601759,1.727,81.311
RAND,32548.0,11.23,275.5355041053045,4.452,143.529
RANI,902406.1,0.9405,659.9339239313655,53.163,80.489
RAPP,10349102.4,30.16,388.46523933714406,1.658,58.039
RARE,45877734.0,25.83,592.5362046498126,1.936,59.33
RAVE,95387.5,3.04,299.76920564602176,16.447,107.954
RBA,119017844.4,104.19,206.8152035505641,0.48,23.45
RBB,1414694.4,22.0,160.6149546406914,2.273,34.955
RBBN,1803996.7,2.69,391.23228701818744,18.587,34.002
RBC,104731816.7,536.37,175.44775503394615,0.093,34.821
RBCAA,3800719.9,73.83,160.75985386039076,0.677,35.729
RBKB,134119.4,12.79,326.4663528505049,3.909,87.728
RBLX,592846708.8,61.83,434.3111896323272,0.809,54.288
RBNE,513979.8,1.68,840.2294901016525,29.762,283.001
RBRK,210045699.5,72.33,413.47344750226966,0.691,25.037
RC,4323900.0,1.88,363.3056360466047,26.596,62.468
RCAT,107642400.3,10.63,698.0737524208548,4.704,56.714
RCEL,899884.1,4.3,612.9310674908197,11.628,48.82
RCI,38679283.2,36.6,173.22345219015062,1.366,17.654
RCKT,6805759.4,3.475,440.4380523663192,14.388,121.932
RCKY,1693581.8,35.75,318.74316946030325,1.399,37.81
RCL,620580915.9,286.96,287.4991677248606,0.174,47.644
RCMT,1058364.6,23.36,346.63196930333305,2.14,36.778
RCUS,25331394.0,23.01,387.8989743913226,2.173,55.005
RDDT,810338235.7,176.0,451.135329859265,0.284,49.895
RDI,33359.4,1.2219,301.6878161374342,40.92,157.358
RDIB,25441.5,11.09,614.3249362202627,4.509,271.31
RDN,35141136.4,35.27,154.9996278623521,1.418,29.179
RDNT,48702169.8,70.95,261.10611515148605,0.705,47.065
RDNW,296686.3,5.95,387.38700840041815,8.403,73.838
RDVT,5382265.6,52.46,301.59415133093216,0.953,15.539
RDW,146716706.8,9.46,708.8821952740075,5.285,58.898
REAL,33932002.6,11.37,440.3952637798695,4.398,79.607
REAX,6121567.2,2.75,441.967438327276,18.182,49.298
REBN,69915.8,1.77,598.9381747393587,28.249,82.596
REED,39824.8,2.1,698.1234369125069,23.81,210.048
REFI,1578082.0,12.11,156.70492344042034,4.129,25.645
REFR,40560.4,1.0,508.573661702983,50.0,174.832
REG,92840451.8,75.81,98.69298760203374,0.66,17.291
REGN,570217759.6,733.78,209.43379346873994,0.068,29.663
REI,3940218.9,1.19,421.1867507474552,42.017,65.564
REKR,2299216.3,0.8872,508.1801189328361,56.357,78.045
RELL,1294754.0,11.76,420.6871747038961,4.252,55.099
RELX,85252245.3,35.88,213.15456546538127,1.394,33.83
RELY,57219911.0,16.98,361.03068294140354,2.945,29.817
RENT,295803.0,4.69,567.0307748268347,10.661,113.862
RENX,399318.6,1.35,942.7408369308288,37.037,253.276
REPL,17694282.6,8.31,783.5746020382364,6.017,43.134
REPX,6330000.6,32.32,279.89152018341343,1.547,49.657
RES,10015141.5,5.91,299.4889833931853,8.46,38.116
REVB,87424.4,1.1,490.08561031995504,45.455,70.957
REX,6728651.1,40.84,201.96247396611176,1.224,38.054
REXR,83115571.4,37.47,158.60167034770734,1.334,33.151
REYN,23496885.1,23.55,163.2317620195897,2.123,20.505
REZI,45818837.8,35.16,431.14356237610815,1.422,99.297
RF,351780788.6,27.82,150.59390603958212,1.797,29.682
RFIL,1814124.1,10.68,563.6619601409252,4.682,62.941
RFL,126665.0,1.34,480.9837206283752,37.313,104.482
RGA,74827889.0,205.59,141.2261042477394,0.243,38.381
RGCO,235480.1,22.04,200.8621216843249,2.269,63.458
RGEN,123111813.7,142.82,287.7750353466633,0.35,48.644
RGLD,183200178.2,222.33,258.3310274625062,0.225,34.49
RGNT,47983.4,3.1,763.6761811012557,16.129,252.303
RGNX,8300380.8,10.04,614.201157159109,4.98,55.53
RGP,1491600.0,4.4,310.5522773814286,11.364,85.101
RGR,6319031.4,38.33,231.97300850270895,1.304,33.247
RGS,175608.4,27.35,268.22881105254,1.828,86.799
RGTI,626373711.0,18.94,649.9162441219037,2.64,71.893
RH,144873359.8,163.71,385.8920153696296,0.305,38.876
RHI,65158048.6,28.5,358.0333754892669,1.754,26.763
RHLD,19227715.7,138.46,493.4882312586545,0.361,47.068
RHP,53785711.4,98.89,150.92159134236,0.506,18.721
RICK,1690700.9,25.35,310.70263334526646,1.972,24.847
RIG,193695484.4,5.22,327.49704771143894,9.579,55.938
RIGL,13021245.3,35.25,396.79133770200065,1.418,49.203
RILY,4522886.5,7.05,591.2224326422863,7.092,83.654
RIME,244331.2,1.05,803.9287028816426,47.619,113.543
RIO,249044725.4,91.64,191.3606555283132,0.546,31.763
RIOT,334587686.2,17.79,553.5111588108429,2.811,71.125
RITM,61485400.7,10.2,151.69954826223588,4.902,17.02
RIVN,455214800.6,15.61,433.629401893159,3.203,33.97
RJET,1392950.6,18.22,417.3425556993952,2.744,68.664
RJF,194926973.6,161.96,159.9575314247378,0.309,38.656
RKDA,35187.7,1.76,645.8846890462887,28.409,132.961
RKLB,1449056562.0,70.0,587.8448226154144,0.714,65.059
RKT,448835625.8,15.85,363.66343546211147,3.155,41.007
RKTO,362447.5,1.01,685.9043956347726,49.505,82.83
RL,206146283.0,359.43,216.06724773900348,0.139,29.912
RLAY,25367355.0,9.82,424.23944177030984,5.092,49.115
RLGT,999495.5,7.17,237.46730183086328,6.974,52.922
RLI,41849072.3,61.2,166.8939842849638,0.817,21.987
RLMD,4558142.4,4.52,602.4319952971206,11.062,72.801
RLYB,248254.2,8.22,494.9832940827573,6.083,86.275
RM,1976941.9,37.21,302.1451278136977,1.344,30.18
RMBI,314787.2,14.3,162.47757876425163,3.497,56.109
RMBS,208864497.2,100.76,501.55834982945515,0.496,93.436
RMCF,70072.9,1.7,583.1420154799246,29.412,131.524
RMCO,54142.2,2.83,685.0760623262221,17.668,199.294
RMD,262459427.4,242.55,178.85335348030316,0.206,28.625
RMIX,1016654.5,11.45,289.0646429837459,4.367,24.107
RMNI,1234325.1,4.02,308.2378788143932,12.438,42.301
RMR,2488929.5,16.58,168.43067885686747,3.016,35.848
RMTI,247312.0,1.01,433.12008475174457,49.505,124.66
RNA,18985996.2,14.79,371.1177242168806,3.381,38.365
RNAC,964440.4,7.76,519.8633678930402,6.443,101.071
RNAZ,107069.6,8.6357,606.983851275991,5.79,191.219
RNG,54333763.9,35.85,415.62621897330473,1.395,57.412
RNGR,2568749.4,15.71,224.73250787183028,3.183,46.464
RNR,95700256.8,294.17,152.57836038676527,0.17,34.334
RNST,22431628.2,38.91,155.2561627066729,1.285,30.332
RNTX,238026.4,1.19,546.8648030540741,42.017,114.477
RNXT,277155.4,0.9663,545.6286681983264,51.744,107.77
ROAD,58699452.9,114.55,318.375548508103,0.436,27.701
ROC,183316.7,5.1,478.1365977123214,9.804,192.14
ROCK,14050533.6,47.45,343.42510078153845,1.054,46.97
ROG,18551811.6,106.1,260.6217438620574,0.471,36.379
ROK,307544737.7,405.27,192.52641300794693,0.123,43.619
ROKU,292474868.9,106.79,261.1021025578899,0.468,69.266
ROL,149177411.0,55.79,171.28512080292953,0.896,50.387
ROLR,368562.7,4.49,853.7686789449224,11.136,247.743
ROOT,17656134.0,59.43,422.2593287068863,0.841,66.664
ROP,402335311.8,390.35,183.20544941075232,0.128,14.963
ROST,476637015.5,208.79,163.43374767888707,0.239,22.985
RPAY,3046683.3,3.65,441.23634316665215,13.699,35.927
RPC,4308362.4,8.7,275.6470046610196,5.747,37.701
RPD,14857007.6,11.57,483.7824783796656,4.322,49.863
RPID,377203.4,2.72,521.5688717402392,18.382,74.915
RPM,94434408.9,107.29,183.1575395665805,0.466,29.268
RR,36671713.6,2.68,694.5070054051088,18.657,50.759
RRBI,4105335.8,88.98,159.8550136520735,0.562,24.783
RRC,112246458.2,38.26,200.57402220825384,1.307,35.87
RRGB,1138036.7,4.45,461.8052750836136,11.236,46.315
RRR,40914230.9,60.4,213.48993811742076,0.828,28.224
RRX,163401230.2,174.52,324.1976026872072,0.287,55.387
RS,100250461.4,322.24,153.2091900635436,0.155,25.551
RSG,302514894.0,216.39,119.65760863926036,0.231,11.352
RSI,36487608.3,21.28,308.3216198143505,2.35,99.728
RSKD,2779940.3,4.77,250.4146325091266,10.482,54.31
RSSS,131365.0,2.5,290.20031864203366,20.0,63.252
RSVR,478955.1,9.22,188.46123724963704,5.423,55.961
RTB,484603.6,5.45,913.7324817328816,9.174,122.814
RTX,878663556.7,186.77,162.54769030894164,0.268,17.365
RUBI,318127.3,1.71,962.3334095084113,29.24,632.227
RUM,16695435.1,6.67,473.7761234197384,7.496,62.343
RUN,117640411.7,14.82,520.6434132872398,3.374,43.568
RUSHA,28644046.1,66.11,339.66790999505497,0.756,26.506
RUSHB,3650856.3,63.12,342.8782497917767,0.792,35.079
RVLV,22606447.5,23.57,319.0951615960916,2.121,83.459
RVMD,236142558.6,99.82,388.5240151583441,0.501,43.551
RVP,34157.4,0.712,281.73708997763123,70.225,165.149
RVSB,245748.1,5.3,165.16747231020486,9.434,28.971
RVSN,185504.2,4.34,724.1322694185172,11.521,160.366
RVTY,116931511.4,97.77,238.64419072112645,0.511,36.587
RWAY,3133931.8,7.75,215.59271315171006,6.452,25.604
RXO,32221799.7,16.92,463.92428360443273,2.955,49.955
RXRX,70994674.8,3.67,443.86594492854965,13.624,63.829
RXST,5680083.9,7.565,398.9247550300684,6.609,103.757
RXT,6955695.6,1.5,979.0504555465077,33.333,125.521
RY,195114298.0,169.83,97.99427929045618,0.294,13.649
RYAM,6061772.6,8.13,415.79517843860424,6.15,39.498
RYAN,73921637.5,43.04,271.53506227041413,1.162,27.551
RYDE,75035.6,0.5599,815.8652162936637,89.302,286.946
RYM,303480.0,23.87,740.9041941248493,2.095,122.131
RYN,47045593.0,21.64,163.7453486619817,2.311,25.123
RYTM,64037906.0,101.39,288.55909768972015,0.493,55.341
RYZ,9516077.7,25.4,313.0023024177141,1.969,57.533
RZLT,8513930.3,4.4,556.0986017665906,11.364,49.219
S,108801584.6,16.17,316.7731073120866,3.092,46.626
SA,25672718.4,29.3,446.2775976740567,1.706,61.945
SABR,8257529.7,1.74,527.824665773667,28.736,74.662
SABS,1181615.2,3.75,430.87053780658016,13.333,56.784
SAC,6237.9,10.04,28.309358273126783,4.98,21.252
SAFE,4830664.3,15.15,210.97606243788903,3.3,42.318
SAFT,6354532.8,75.2,244.31703368365814,0.665,13.638
SAFX,957582.7,0.4171,1143.9177364706213,119.875,199.336
SAH,16234027.4,72.02,272.99997359725126,0.694,37.259
SAIA,159401659.6,356.575,298.3512930859892,0.14,47.955
SAIC,51964937.1,100.66,251.06117740796438,0.497,28.082
SAIL,42955262.8,17.64,393.85123463760226,2.834,82.278
SAM,40356516.4,204.85,238.21870247296206,0.244,35.03
SAMG,434876.3,13.67,210.75412473321026,3.658,43.997
SAN,84850393.9,12.02,207.50260049140206,4.16,36.831
SANA,10557960.7,3.57,520.4467392097091,14.006,74.35
SANM,114855579.7,159.29,449.67395807178866,0.314,60.554
SAP,479237006.2,205.95,244.02791041937897,0.243,32.68
SAPH,9555.1,37.5736,241.32556553888796,1.331,30.209
SAR,2357146.1,22.48,172.1514385263653,2.224,19.304
SARO,73672151.0,27.27,225.64092222218676,1.834,43.099
SATL,20000888.7,3.74,782.963879179615,13.369,81.243
SB,3369139.1,6.21,218.76377071729902,8.052,42.8
SBAC,174791324.0,191.99,208.51822868930665,0.26,21.788
SBC,202158.9,3.8,366.87624612895354,13.158,63.534
SBCF,21655506.3,31.7,160.9055045532399,1.577,30.215
SBET,64763124.4,7.74,489.25976639421856,6.46,92.832
SBFG,269780.3,21.74,217.68659942886597,2.3,67.547
SBFM,91807.6,1.29,792.3470334695612,38.76,108.243
SBGI,5817707.7,14.26,276.61925358479766,3.506,24.389
SBH,22356385.9,14.93,271.57556263062713,3.349,32.543
SBRA,47560569.3,19.49,150.33412003993257,2.565,24.782
SBS,32361481.9,24.25,212.05042300915713,2.062,25.076
SBSI,3443133.8,32.01,147.68449028350452,1.562,27.019
SBUX,724616926.5,96.33,174.01588526896253,0.519,34.451
SBXD,30079.6,10.68,37.5170762241217,4.682,50.288
SCCO,239187916.8,175.07,329.85559726074626,0.286,32.563
SCHL,11751097.4,34.94,234.19162217746475,1.431,52.042
SCHW,840856435.0,94.66,159.88961538852197,0.528,25.299
SCI,83109599.6,80.13,152.0374810068334,0.624,27.185
SCII,5236.9,10.03,14.174429027788381,4.985,12.194
SCKT,24012.0,0.94,553.9869553154525,53.191,154.993
SCL,7344996.8,50.89,235.24878709821718,0.983,16.881
SCLX,730084.4,8.64,690.6020679246864,5.787,71.733
SCM,1940609.3,9.92,197.18033113304435,5.04,18.857
SCNX,195403.4,0.45,719.7458088693625,111.111,238.479
SCOR,93409.7,7.16,464.5243330439864,6.983,182.681
SCSC,8579846.3,42.21,238.76264429050696,1.185,62.948
SCWO,176658.7,2.285,721.9736301032563,21.882,107.415
SCYX,288175.8,0.86,480.4385488339117,58.14,122.084
SD,4473541.1,14.36,222.73755387983044,3.482,41.248
SDEV,348214.0,1.27,1121.663729663029,39.37,234.781
SDGR,17167852.8,16.42,340.19263108086756,3.045,66.997
SDHC,1139809.6,15.52,354.1642091813363,3.222,48.181
SDHI,1997.5,10.3,24.529549385372196,4.854,18.333
SDOT,361698.8,3.23,1409.2814818651834,15.48,179.617
SDRL,27955549.7,41.13,260.07164674433966,1.216,39.546
SDST,291628.9,2.82,806.6160611327551,17.73,181.042
SEAT,800872.1,7.35,575.1301172876201,6.803,85.946
SEB,51933568.3,4572.58,238.29766133216904,0.011,42.377
SECZ,4850327.9,11.02,458.06515470269466,4.537,37.548
SEDG,121696612.8,37.5,625.3326589604882,1.333,73.095
SEED,27681.1,1.1409,517.7942988277515,43.825,170.768
SEER,325590.3,1.94,319.62415817349495,25.773,72.629
SEG,1387127.3,23.36,199.7494106439959,2.14,41.31
SEGG,386733.6,1.37,1085.9538405972787,36.496,215.73
SEI,149859362.5,53.9,495.752189103605,0.928,83.639
SEIC,57356454.9,85.97,144.2051872111371,0.582,20.852
SELF,124244.1,5.1,117.35079342852644,9.804,56.251
SENEA,11550912.9,136.31,253.35339981831982,0.367,23.293
SENS,3037004.4,6.51,515.0501494973543,7.68,55.427
SEPN,8086639.4,26.35,416.1688317235452,1.898,64.829
SER,115400.3,2.43,626.8949385758667,20.576,178.482
SERA,83711.2,2.25,447.2808459792692,22.222,122.307
SERV,41844767.6,9.49,547.9435788303028,5.269,55.153
SES,10600056.2,1.25,671.865974955214,40.0,78.726
SEV,664227.5,2.54,816.5257838739698,19.685,48.302
SEVN,883187.7,8.58,162.862330847752,5.828,25.995
SEZL,58912916.3,78.83,547.4082468353781,0.634,35.799
SF,91992165.4,84.05,331.2375386746041,0.595,30.058
SFBC,195747.5,44.23,135.48933234219345,1.13,51.768
SFBS,19522197.0,78.29,189.78895494916898,0.639,25.511
SFD,27203689.7,24.08,165.02519180645336,2.076,19.783
SFHG,38270.8,2.19,453.50213395901346,22.831,219.241
SFIX,7526758.5,4.03,405.9461324813761,12.407,64.138
SFL,12907430.0,10.56,186.83141201562285,4.735,22.137
SFM,178230334.3,80.84,321.85656874498386,0.619,25.795
SFNC,22100418.5,20.53,163.129957364213,2.435,24.097
SFST,4127347.5,55.77,183.2069266077857,0.897,29.642
SG,33560724.3,6.82,468.3066203109389,7.331,118.641
SGA,81897.5,11.39,204.67224715472977,4.39,80.484
SGC,415108.6,10.61,283.1901204559152,4.713,53.519
SGHC,31009155.9,12.32,288.4493633037457,4.058,55.431
SGHT,1032234.7,5.25,507.13621713601185,9.524,42.468
SGI,166111535.6,80.11,252.61581522193214,0.624,30.234
SGLY,42725.8,0.5542,779.0399511113236,90.22,212.787
SGMT,3914428.2,6.92,505.7364695718854,7.225,62.323
SGP,1956302.8,24.045,397.5657138976355,2.079,77.519
SGRY,22453874.1,15.38,314.9425430215333,3.251,57.369
SHAK,113250169.8,88.03,356.57538565092693,0.568,36.253
SHAZ,44543872.1,54.0,786.5162242872631,0.926,81.638
SHBI,3713176.7,18.9,156.03401669446225,2.646,27.652
SHC,35713603.5,16.47,180.38160110852382,3.036,28.68
SHEH,171800.0,58.58,134.97010397122756,0.854,19.722
SHEN,4113498.6,13.17,247.5776314563157,3.797,30.921
SHFS,77953.1,0.8801,770.8488069106912,56.812,202.834
SHG,13640019.4,62.16,204.8714201330503,0.804,39.295
SHIM,190647.8,3.59,525.0937377381384,13.928,114.643
SHIP,2430767.0,13.28,286.3647738304435,3.765,37.898
SHLS,39662169.6,8.67,538.7232510355074,5.767,90.486
SHO,16873559.0,9.49,146.84080640614624,5.269,35.53
SHOE,8304152.2,17.69,313.4608149318733,2.826,52.69
SHOO,42244208.5,39.74,261.8602570600165,1.258,31.647
SHPH,199151.3,1.98,878.2487728067331,25.253,236.155
SHW,606517928.2,335.67,171.98678133106029,0.149,26.817
SI,1026338.1,14.68,441.520360308587,3.406,66.345
SIBN,7835490.1,15.72,299.3899760683404,3.181,23.234
SID,4429988.8,1.4,377.53118628824603,35.714,33.802
SIDU,13064501.2,2.17,985.5181637501754,23.041,170.419
SIEB,59279.1,2.12,366.6500673952401,23.585,66.525
SIF,617492.4,13.64,537.7221417805723,3.666,111.973
SIG,69805409.2,90.55,310.6074657764913,0.552,37.889
SIGA,2369532.2,5.65,302.4756748717432,8.85,17.313
SIGI,38377753.6,83.95,153.09464331527371,0.596,24.274
SII,19550320.1,115.76,320.2698164597354,0.432,30.775
SILO,105130.9,0.4625,684.3296668989279,108.108,165.297
SINT,96107.0,2.8,532.0770259444074,17.857,135.178
SION,11539171.3,38.08,511.76634394932466,1.313,63.27
SIRI,90715937.9,23.08,209.16618631520365,2.166,21.454
SITE,78165802.0,127.02,259.8625957096904,0.394,53.51
SITM,152676015.4,381.83,519.8954237947287,0.131,95.525
SJM,169970092.6,105.26,179.59275691690758,0.475,45.737
SKE,17915201.1,27.36,397.7071823928421,1.827,45.816
SKIL,804329.1,7.61,747.5650396896077,6.57,102.701
SKIN,734435.5,1.06,616.0730907304738,47.17,87.026
SKT,27889366.3,34.99,130.4797099975218,1.429,21.822
SKWD,19538239.4,47.22,228.14963791109457,1.059,34.736
SKY,50832516.6,81.23,287.28756865483285,0.616,27.817
SKYA,507452.5,1.84,623.6445548914269,27.174,76.1
SKYE,202988.8,0.8508,571.4490375606472,58.768,153.524
SKYH,1137710.0,9.75,231.19963039784258,5.128,46.056
SKYQ,952091.2,0.6127,1251.4613707865947,81.606,97.222
SKYW,30607402.3,99.07,235.35004395349185,0.505,33.314
SKYX,1382468.9,1.28,560.2527003791049,39.062,69.644
SLAB,55214277.5,205.69,293.87243847652974,0.243,36.496
SLB,657120660.1,47.89,222.93772716842238,1.044,26.126
SLDB,6728404.3,6.57,493.8933447016632,7.61,28.341
SLDE,20237466.6,17.9,280.32139828113,2.793,31.442
SLDP,21748048.4,3.49,578.6370404244668,14.327,114.136
SLE,158643.8,3.39,880.7289393677828,14.749,272.017
SLF,35136362.9,64.56,115.26902396156031,0.774,10.64
SLG,50948362.5,47.86,239.92451692497414,1.045,31.279
SLGN,39489525.2,41.66,209.69418877170753,1.2,14.881
SLI,7905517.4,3.78,480.0969542680312,13.228,82.531
SLM,66389157.2,26.11,249.56140512524024,1.915,40.492
SLN,1738498.9,6.44,520.0988350696626,7.764,91.164
SLND,150732.1,1.28,857.8489149540732,39.062,152.978
SLNG,60127.9,4.62,529.6612051012689,10.823,116.685
SLNH,11047645.7,1.33,996.8802260601757,37.594,116.79
SLP,4833941.2,16.77,295.1728932295708,2.982,58.159
SLQT,1152910.5,1.0,624.3204038409425,50.0,106.428
SLRC,4290213.7,14.75,160.1847880683196,3.39,20.322
SLS,30441179.6,4.67,647.5571059045086,10.707,70.733
SLSN,43952.3,1.32,676.8455149184856,37.879,133.271
SLSR,1008703.8,8.14,373.44942096576324,6.143,67.747
SLVM,12793577.6,42.69,234.67511456005755,1.171,42.62
SLVO,5669946.5,90.32,239.86554576083898,0.554,20.668
SM,100595729.3,26.76,326.30637163348507,1.868,37.624
SMA,21827397.9,32.65,167.7005604604321,1.531,33.066
SMBC,4254913.7,63.94,149.3194163790409,0.782,24.34
SMBK,2789059.8,40.05,155.94875767065454,1.248,28.048
SMC,1442289.9,28.95,240.75770586710726,1.727,44.621
SMCI,1060884659.1,32.19,586.3990166708257,1.553,55.001
SMG,48544184.9,61.01,227.59389350226752,0.82,19.91
SMHI,652443.3,7.27,350.05582171315353,6.878,78.955
SMID,280119.1,33.36,333.322648470715,1.499,120.34
SMJF,1188702.0,4.81,615.7333009201608,10.395,188.765
SMMT,55003205.8,17.04,486.69213915751965,2.934,38.882
SMP,4771846.7,38.67,194.14649307593118,1.293,41.053
SMPL,31312017.3,15.49,322.2219188169666,3.228,52.594
SMR,378297001.6,12.79,641.9854925853925,3.909,83.94
SMRT,1356139.8,1.45,378.33715260018647,34.483,117.442
SMSI,76161.4,0.7335,522.2951364276311,68.166,135.926
SMTC,174056946.3,86.5,466.7143223418988,0.578,87.937
SMTI,1079638.6,23.45,381.5827210032577,2.132,68.423
SMTK,133754.7,0.3872,1032.8061202664921,129.132,268.876
SMWB,2646910.9,6.83,489.80444789019907,7.321,83.386
SMXT,98513.8,0.7669,585.9688232651346,65.198,163.887
SN,194900045.4,115.54,269.8354433316381,0.433,59.694
SNA,115824521.7,369.1,124.13268832815716,0.135,22.066
SNAL,65164.7,0.88,621.3661478357162,56.818,166.628
SNAP,267738762.2,5.76,363.243446429737,8.681,55.897
SND,1279999.2,4.61,436.46136527908345,10.846,54.264
SNDK,12013522274.6,635.36,720.6303169557781,0.079,122.546
SNDR,25386857.8,28.58,252.21472841907413,1.749,48.096
SNDX,30426610.6,20.23,319.2972750860849,2.472,45.199
SNES,89687.1,1.86,513.9937005951009,26.882,129.916
SNEX,52147180.6,100.78,445.39017205302554,0.496,44.303
SNFCA,238495.5,9.03,194.80719685246606,5.537,51.062
SNGX,275304.1,1.17,701.5361082677382,42.735,107.209
SNN,29036764.9,32.78,175.60061937899638,1.525,32.799
SNOA,75746.6,2.606,487.6374366134232,19.186,104.56
SNOW,1090222828.8,225.85,387.9883932916577,0.221,50.328
SNPS,852524432.5,445.72,399.61806015982245,0.112,35.87
SNTI,160145.2,1.0,676.1810014384444,50.0,111.612
SNWV,1390760.1,22.47,629.9151641828331,2.225,84.918
SNX,121596932.9,161.54,201.5727508300376,0.31,39.862
SNY,123167328.2,46.62,161.8963232741682,1.073,23.86
SNYR,89472.1,1.31,679.4496338861056,38.168,156.043
SO,485000143.2,93.1,107.05659179073201,0.537,17.624
SOAR,500950.9,0.32,977.0031886445504,156.25,222.166
SOBO,24160828.4,32.21,140.15837535993685,1.552,19.04
SOBR,101589.3,1.11,1113.7194710542346,45.045,158.498
SOC,51684286.5,10.12,886.9178386269401,4.941,114.896
SOCA,1930.2,10.14,15.902171014347381,4.931,12.807
SOFI,1308143727.0,18.9,360.0377112368318,2.646,39.113
SOLS,150260001.8,63.42,352.1354615601015,0.788,58.149
SOLV,86408669.5,75.95,186.46867333400866,0.658,29.57
SON,50844521.9,49.52,212.6528811884939,1.01,12.496
SONM,116196.3,4.08,775.1061334045646,12.255,202.08
SONO,23344692.2,15.4,298.4429253824859,3.247,34.263
SOR,456043.7,46.1385,91.38650878062312,1.084,45.173
SOS,42019.2,1.22,740.8577105041339,40.984,235.754
SOTK,107196.8,4.33,330.60525841220203,11.547,105.881
SOUL,110019.7,10.25,15.356486938241765,4.878,9.789
SOUN,237530032.7,8.36,448.9709019201284,5.981,48.712
SOWG,51727.8,0.7667,897.028469575566,65.215,220.701
SPAI,910128.2,4.69,653.32126230207,10.661,100.563
SPB,23398140.1,75.53,213.24156921359665,0.662,30.562
SPCB,681564.0,9.98,420.8316425944104,5.01,58.127
SPCE,15877797.5,3.07,696.023202755493,16.287,34.269
SPFI,3392285.2,40.99,153.27625343357403,1.22,42.122
SPG,281790310.3,194.04,120.04794253905287,0.258,18.758
SPGI,816874382.2,441.88,192.60943123928357,0.113,14.572
SPH,2389875.8,18.81,134.0631371753373,2.658,32.401
SPHR,81506706.8,113.79,326.6115193752326,0.439,58.914
SPIR,7280834.9,11.88,642.123068636183,4.209,90.324
SPKL,50792.3,11.39,121.56653946002517,4.39,42.544
SPMC,292998.1,11.17,232.29370106043316,4.476,28.312
SPNT,13768839.4,21.49,178.0918737996661,2.327,28.558
SPOK,1819188.9,12.13,193.43547820005747,4.122,13.356
SPOT,922678296.0,518.0,274.9204617914174,0.097,19.744
SPRB,2847341.9,58.73,624.7624395427891,0.851,84.287
SPRO,861713.1,2.32,393.97708593017484,21.552,67.075
SPRU,182565.6,3.04,588.112569235141,16.447,85.933
SPRY,13844287.0,8.96,462.4521332690488,5.58,46.284
SPSC,38295519.1,77.23,297.39135615262273,0.647,31.696
SPT,11779086.5,8.82,409.33039074182875,5.669,54.166
SPWH,535301.1,1.39,461.47075009565697,35.971,41.861
SPWR,1925346.0,1.3,673.4792166983028,38.462,99.483
SPXC,83282331.1,210.34,255.25213567217799,0.238,32.837
SQM,78950538.6,72.78,303.20060960371103,0.687,40.551
SR,33678184.3,83.59,121.27826376361334,0.598,29.797
SRBK,491615.8,17.02,118.91400968053806,2.938,26.573
SRCE,7637606.1,68.65,127.81121093366121,0.728,33.047
SRE,310613844.6,91.42,130.80105164180617,0.547,22.113
SRFM,4666383.8,1.86,592.263509168516,26.882,86.195
SRG,503210.0,2.84,277.6752984862556,17.606,45.267
SRI,1117952.9,7.04,378.72509022271623,7.102,38.439
SRPT,58711415.0,18.92,513.8359941439685,2.643,131.004
SRRK,55138546.4,45.67,368.50240861943826,1.095,52.086
SRTA,4224006.3,5.07,365.42502066767855,9.862,65.181
SRTS,183386.7,3.52,409.18627203992594,14.205,69.042
SRXH,1950232.0,0.228,964.0678589662435,219.298,636.532
SRZN,2041272.2,22.6,459.3098142711287,2.212,124.07
SSB,74046330.9,97.82,149.5685823243069,0.511,27.016
SSBI,45581.8,13.0,140.25348269145488,3.846,59.68
SSD,46701083.5,182.48,182.29934783271335,0.274,18.206
SSII,280299.6,4.76,572.609373632215,10.504,140.87
SSL,12883178.7,9.35,351.7333653991811,5.348,48.715
SSNC,132715560.0,79.54,178.3154058441604,0.629,19.597
SSP,1900877.6,3.39,484.2746917965282,14.749,88.055
SSRM,80775206.8,26.59,426.6449945179084,1.88,73.538
SST,134527.3,3.53,880.9462962346836,14.164,132.751
SSTI,886174.1,7.59,418.0185192829525,6.588,105.883
SSTK,4886244.7,17.27,440.8725953924459,2.895,53.313
SSYS,6716080.2,8.95,326.391517883829,5.587,69.272
ST,57232317.0,35.99,250.75584285924228,1.389,40.47
STAA,21446190.8,25.26,339.3783990711119,1.979,105.162
STAG,49510277.1,38.04,121.37799690662928,1.314,17.932
STBA,9357120.2,42.96,140.85425084321494,1.164,21.224
STC,12830665.8,68.65,193.7043314895608,0.728,38.73
STE,153414042.6,236.77,159.33253910708325,0.211,29.102
STEM,1769394.4,11.13,613.54298240073,4.492,51.04
STEP,44243973.9,54.58,304.05884920427536,0.916,43.04
STEX,2352862.5,2.06,754.565581149803,24.272,97.166
STGW,8176792.4,6.15,345.8078180944286,8.13,55.908
STHH,32910.6,56.8772,356.7638928192706,0.879,41.755
STHO,220554.4,8.42,189.9787774106421,5.938,57.562
STI,516811.1,7.09,961.5878579734698,7.052,86.249
STIM,2596558.9,1.69,693.4770218143901,29.586,83.791
STKS,52358.4,1.9,402.5476070946318,26.316,127.882
STLA,134049908.3,7.84,327.4086130639448,6.378,22.442
STLD,222225060.0,189.98,227.56998246172517,0.263,24.542
STLN,6407874.9,3.76,484.3647308122896,13.298,55.414
STM,273944824.7,33.46,373.13642094722877,1.494,35.685
STN,25459209.2,90.92,186.58344856173977,0.55,46.36
STNG,59944356.4,71.8,230.9482811816656,0.696,27.037
STOK,20916480.0,31.36,365.321909954095,1.594,52.516
STRA,17227866.2,80.84,223.17154992545804,0.619,30.881
STRL,228386803.7,420.22,528.7372771288376,0.119,55.587
STRO,2767260.0,20.45,549.8961681174231,2.445,90.352
STRR,64316.3,10.4398,263.29154389268393,4.789,113.346
STRT,4766054.6,77.6,302.0778349846023,0.644,69.766
STRW,334699.1,12.98,196.86399162732744,3.852,75.545
STT,263572600.6,131.43,155.06481595264,0.38,25.22
STTK,2689041.6,4.64,569.7346771954396,10.776,55.785
STUB,40648452.2,10.155,498.139133699315,4.924,89.34
STVN,7414758.5,19.8,296.8544800737609,2.525,76.148
STX,1621474470.7,411.23,460.89212500572677,0.122,49.089
STXS,899058.0,2.03,333.45735583969025,24.631,55.884
STZ,312177607.6,141.33,191.28637565271586,0.354,28.619
SU,220604928.0,55.99,168.59582431262362,0.893,29.76
SUI,102988433.8,125.47,122.43494800387847,0.399,34.227
SUIG,776332.3,1.51,623.4265933712741,33.113,60.31
SUN,27169581.6,63.12,158.07450871098087,0.792,39.633
SUNB,200373276.5,73.82,301.71588628947046,0.677,19.802
SUNC,30112828.9,62.105,146.09572600156017,0.805,34.483
SUNE,209362.6,1.46,919.3554404968203,34.247,72.199
SUPN,30243510.2,48.27,226.81857044016644,1.036,32.237
SUPV,9382646.6,9.53,559.4677765701081,5.247,83.002
SURG,180149.4,0.84,766.7028273257218,59.524,180.944
SVC,5178448.0,2.09,348.0501698935438,23.923,83.766
SVCO,1461787.2,6.04,549.1809330844872,8.278,41.997
SVRA,7345645.9,5.36,331.28952593013463,9.328,49.784
SVRN,163229.4,1.46,896.2986796369247,34.247,202.317
SVV,9569465.4,9.7,376.523546710762,5.155,58.515
SW,203021397.0,42.23,276.5304538161469,1.184,40.611
SWAG,84088.6,1.83,451.8048593184343,27.322,112.928
SWBI,6331953.7,12.72,266.7262017905699,3.931,17.512
SWIM,3945755.7,6.45,326.1948701762135,7.752,51.816
SWK,135148078.6,78.16,236.3164882914617,0.64,39.744
SWKS,221553041.2,66.31,297.6270894110628,0.754,53.435
SWMR,17952133.6,39.625,1169.7350012112202,1.262,70.483
SWX,37895157.6,86.9,112.67711838996468,0.575,29.108
SXC,8981149.3,7.89,287.27143829121496,6.337,47.128
SXI,37779510.4,254.21,241.44526603362948,0.197,43.196
SXT,34920643.8,97.65,244.59126013193816,0.512,54.14
SXTP,95606.7,1.47,707.4471889852363,34.014,139.414
SYBT,10086701.1,70.15,159.17312859186774,0.713,23.743
SYF,254775990.8,74.53,199.84140383575547,0.671,25.437
SYK,694927859.0,349.56,185.05374604530937,0.143,12.268
SYM,91270330.4,53.73,512.966281766832,0.931,36.58
SYNA,52017286.1,82.93,364.5882275774299,0.603,42.521
SYNX,47021.7,1.105,596.6463732653303,45.249,156.818
SYPR,133071.8,2.32,503.9801108274317,21.552,87.798
SYRE,34398492.8,42.31,424.80295161158625,1.182,46.136
SYY,251327401.6,79.69,171.64076382974125,0.627,16.894
T,1030326050.0,25.47,157.5989111099264,1.963,22.517
TAC,18169890.0,13.25,254.2625117359755,3.774,32.522
TACT,148926.1,4.39,320.12853695644,11.39,71.838
TAL,38620668.8,11.1,280.1529493562498,4.505,72.235
TALO,24415378.2,13.27,312.2991770697446,3.768,41.649
TAOX,692522.6,4.9,682.2282221472378,10.204,104.516
TAP,125052176.0,44.46,178.84789111820297,1.125,21.82
TARA,2631618.8,5.11,485.47756159506326,9.785,66.936
TARS,38279379.9,67.72,288.9945477251945,0.738,33.913
TASK,3916991.5,10.38,448.633755480137,4.817,37.727
TAYD,1439468.2,54.81,355.1051774959492,0.912,69.749
TBBB,19175878.8,35.37,283.7763662776253,1.414,31.856
TBBK,29632200.2,64.41,309.88288738069974,0.776,34.665
TBCH,3219458.8,12.88,302.3758292078004,3.882,45.625
TBI,1303810.2,5.5,440.71587654556834,9.091,67.771
TBLD,1266986.2,21.45,73.95793801927277,2.331,38.764
TBN,2653134.1,31.0,389.40417163227215,1.613,54.259
TCBI,41493981.5,97.45,171.86854662620556,0.513,16.674
TCBK,6492935.2,49.48,157.51567469801986,1.011,28.57
TCBS,17748.9,16.8,169.7291882442736,2.976,81.765
TCBX,3038520.8,39.41,173.62365438938826,1.269,24.988
TCI,128006.4,43.75,363.37859563126864,1.143,94.709
TCMD,6664540.3,25.73,369.92231388034776,1.943,133.019
TCPC,3513797.6,4.34,244.8132169106672,11.521,24.266
TCRT,46372.4,2.64,493.4556802953238,18.939,126.394
TCRX,584504.5,1.05,666.8261465272033,47.619,95.443
TCX,428763.6,17.63,460.26134139602823,2.836,59.631
TD,198344531.6,95.82,109.38892845047187,0.522,28.372
TDAY,10095909.3,6.29,300.68449911952433,7.949,49.642
TDC,49776242.6,28.3,399.1231336832537,1.767,33.558
TDG,415819865.2,1283.81,171.79206848188508,0.039,27.787
TDOC,32538423.4,7.0,408.972180481049,7.143,44.178
TDS,36746692.7,39.38,182.34332548971915,1.27,34.818
TDUP,10578753.9,5.37,409.9677608354146,9.311,58.08
TDW,46936799.2,71.15,307.63149422916933,0.703,76.745
TDY,182042709.6,617.97,163.1148451206058,0.081,28.303
TE,101043606.3,5.47,802.7073888439655,9.141,90.199
TEAD,314650.3,0.7887,665.51833406432,63.395,152.223
TEAM,461762523.2,118.06,462.67715807087427,0.424,42.51
TECH,131924277.4,59.24,288.53522481042995,0.844,54.444
TECK,193648743.0,55.01,298.93259455865933,0.909,51.196
TECX,6312937.6,27.29,466.6324050042304,1.832,138.206
TEL,438004354.2,215.91,218.1188474731242,0.232,36.755
TELA,97573.1,0.905,554.6064888428235,55.249,136.685
TELO,143999.7,1.3,465.86119627786906,38.462,97.367
TEM,317948738.4,58.55,441.5758647605495,0.854,61.776
TEN,8910076.1,35.3,225.18873652069837,1.416,30.31
TENB,52016316.5,26.65,340.35711795380087,1.876,41.032
TENX,4091537.5,11.95,527.2126674791004,4.184,94.588
TEO,2971275.5,11.86,383.1983672657175,4.216,48.162
TER,846295094.4,305.53,473.60380390729483,0.164,65.332
TEX,67173995.4,60.05,307.57934453082237,0.833,26.826
TFC,374743938.3,49.53,150.6697117182312,1.009,24.558
TFII,36438123.8,115.17,231.91388411310132,0.434,38.498
TFIN,14121483.6,64.0,266.1748456718558,0.781,40.329
TFPM,18723949.3,31.98,284.55820048571155,1.563,45.956
TFSL,10510872.7,14.41,141.2105742081242,3.47,13.733
TFX,78842590.8,125.1,253.19256131903194,0.4,45.803
TG,1128801.6,7.88,291.3091285314424,6.345,29.055
TGB,34462570.6,6.83,439.05295012815594,7.321,40.476
TGE,64454.6,1.13,583.3095843915343,44.248,246.632
TGEN,1870062.5,4.82,678.4145910792203,10.373,118.108
TGL,222471.4,3.84,854.9368781908777,13.021,182.267
TGLS,14922743.8,46.01,254.83172886982646,1.087,32.852
TGS,7507757.6,30.01,354.3842900504432,1.666,28.643
TGT,625105835.9,116.44,189.43780204043273,0.429,34.174
TGTX,61718609.3,34.02,282.4575174955633,1.47,49.285
TH,4893525.0,8.915,379.3321949642759,5.609,51.538
THC,209677699.0,198.76,264.9818245298577,0.252,38.599
THFF,4584691.1,64.94,159.53342596043558,0.77,18.932
THG,49726857.7,181.31,130.01918649325535,0.276,26.841
THM,1947360.2,2.19,602.2476099013048,22.831,126.918
THO,53899503.1,85.89,236.23733846343663,0.582,43.676
THRM,7612664.5,35.57,274.6243208836764,1.406,23.048
THRY,3425438.5,3.97,541.8220369329265,12.594,48.094
TIC,20838463.3,9.49,353.37840438769257,5.269,42.235
TIGO,81786447.2,72.02,251.5374179255816,0.694,34.42
TII,722860.7,2.69,594.2665548004843,18.587,190.551
TIL,286006.4,8.18,376.781515216726,6.112,77.674
TILE,13210268.9,28.73,211.81842358952414,1.74,32.881
TIPT,3750529.1,17.78,200.32045590003372,2.812,26.967
TISI,111248.6,16.1,360.59242668265057,3.106,111.149
TITN,3066699.6,18.29,363.1642495580002,2.734,25.336
TJX,767033397.2,154.04,127.98155470112228,0.325,25.993
TK,5767778.0,11.0,242.89820510695188,4.545,34.232
TKC,7406754.3,5.91,175.6224959465001,8.46,26.679
TKNO,669644.0,4.47,493.0707042570705,11.186,58.024
TKO,210864481.3,195.14,199.48606417486272,0.256,14.592
TKR,75627970.4,102.18,210.64910456928885,0.489,34.129
TLF,35127.0,2.6,230.58425723740322,19.231,88.398
TLK,11020080.6,18.64,210.86900617854403,2.682,58.111
TLN,275411524.5,368.82,341.2778416841099,0.136,54.607
TLPH,202023.2,1.0,559.9326460041009,50.0,112.58
TLRY,25343964.8,5.03,604.579691497083,9.94,98.345
TLS,3536956.4,4.78,409.8190982488664,10.46,82.561
TLSI,675899.5,4.68,533.186440754004,10.684,63.088
TLYS,354455.7,2.06,540.6355690296132,24.272,112.566
TMC,32636426.9,5.65,588.8619854959838,8.85,72.455
TMCI,1677217.3,3.01,551.0175626868306,16.611,67.523
TMDE,88298.5,0.7851,932.4798499066537,63.686,193.867
TMDX,89375460.8,113.36,366.8721665849598,0.441,46.931
TMH,21310.4,54.9776,174.35260248496513,0.909,16.704
TMO,1036558754.2,527.22,189.16254653626737,0.095,22.334
TMP,4574451.6,79.27,172.07612058296058,0.631,33.826
TMQ,10800972.0,4.0,617.4876985542545,12.5,58.698
TMS,236786.9,10.3,349.54622618277455,4.854,14.962
TMUS,995861946.5,197.66,185.6951919310349,0.253,27.942
TNC,11029514.8,79.57,257.6094632597657,0.628,25.544
TNDM,31963731.6,19.11,469.26910177750074,2.616,69.884
TNET,20528166.0,57.56,305.1802938967953,0.869,32.409
TNGX,41304008.1,16.83,583.6725943039538,2.971,89.175
TNK,27982171.7,69.45,249.65966240380308,0.72,31.779
TNL,44000129.3,70.69,224.3703602384371,0.707,27.059
TNON,124760.2,0.872,826.2787203664273,57.339,131.762
TNXP,6918151.7,14.29,451.8100734876838,3.499,62.296
TNYA,2417378.7,0.775,637.3220948721345,64.516,79.716
TOL,150682644.0,140.7,216.10793010009198,0.355,24.125
TOMZ,27158.5,0.7959,477.53426265186494,62.822,144.496
TONT,18666.7,10.72,45.828384381592834,4.664,32.951
TONX,1264278.0,3.06,654.7140184275056,16.34,55.245
TOON,181279.3,0.6845,389.3763797678564,73.046,105.724
TOPP,24521.1,0.867,1002.5768188756498,57.67,268.221
TOPS,80082.2,3.96,423.0067770707793,12.626,141.923
TORO,195179.0,4.37,561.2899843664251,11.442,69.445
TOST,289253986.1,32.48,292.6351662223568,1.539,30.765
TOVX,407868.1,0.2426,705.1054748577372,206.101,240.701
TOWN,15435160.6,35.07,134.29349686258539,1.426,18.671
TPB,30611595.8,89.9,343.0336107649699,0.556,58.083
TPC,36698186.5,74.91,309.6316649072417,0.667,66.669
TPCS,122028.8,4.575,354.4069547964554,10.929,77.788
TPET,448939.9,0.7983,744.6349259756072,62.633,156.247
TPG,112163418.4,50.91,251.9632723037491,0.982,42.787
TPL,133468573.4,426.42,304.43738527692784,0.117,39.833
TPR,327732839.0,133.06,262.8803954623767,0.376,41.548
TPST,235199.3,2.29,570.770126435687,21.834,69.168
TPVG,1880459.9,5.55,218.94757340192285,9.009,30.574
TR,5690233.0,39.63,169.6845224099367,1.262,20.232
TRAK,785723.7,10.03,276.503813232208,4.985,56.33
TRAW,194324.5,1.62,840.3369320385857,30.864,112.506
TRC,1659973.3,16.63,131.57289369553985,3.007,27.614
TRDA,2050618.2,7.57,398.2732289715691,6.605,52.481
TREE,11373936.8,45.61,426.9912474147754,1.096,44.24
TREX,75674282.0,42.39,339.3746875842308,1.18,61.397
TRGP,276023260.4,235.8,183.3181049002298,0.212,30.175
TRIN,16623376.0,16.09,136.13640694854982,3.108,17.493
TRIP,36595630.6,13.21,362.10820064659464,3.785,41.175
TRMB,123985199.9,67.14,200.6179375788927,0.745,32.178
TRMD,15727701.4,27.17,237.78135813635512,1.84,20.026
TRMK,14262307.0,43.02,142.68596721139582,1.162,16.021
TRN,17717310.6,29.66,216.11705972384766,1.686,33.436
TRNO,42025776.1,63.47,127.32405328103712,0.788,30.272
TRNR,153592.8,1.73,785.1562396386673,28.902,126.277
TRNS,9097151.5,75.68,293.0531976392665,0.661,27.999
TRON,1627759.0,1.85,714.3359300615513,27.027,72.591
TROW,184321929.5,104.25,156.31437863723622,0.48,27.574
TRP,130367081.1,62.02,118.30123112205932,0.806,17.829
TRS,16891032.4,37.94,184.7003610534948,1.318,57.566
TRST,4991191.2,44.76,151.46293487559757,1.117,28.004
TRT,521398.0,8.14,750.9707686851232,6.143,131.306
TRU,171796605.8,78.78,260.1330939824404,0.635,36.799
TRUG,207117.4,1.28,1001.4852387135649,39.062,109.398
TRUP,11853145.0,29.06,288.449636663548,1.721,52.403
TRV,431060628.7,296.73,129.73594569348225,0.169,23.78
TRVI,18228695.2,12.81,389.9147216272302,3.903,61.507
TRX,2252323.3,0.95,584.5690884483874,52.632,85.439
TS,66800801.3,53.22,180.29129895454378,0.939,23.295
TSBK,905095.8,39.05,146.4870491206469,1.28,32.442
TSCO,301693055.4,49.89,203.11086316872422,1.002,31.327
TSHA,13455786.0,5.06,522.9843540301673,9.881,62.132
TSLA,24566419029.0,408.58,297.8421233416266,0.122,46.97
TSLX,10525493.2,18.94,169.06863849262834,2.64,21.426
TSM,4398839223.4,348.7,251.09058563857317,0.143,49.981
TSN,164857066.2,58.19,165.0971228985378,0.859,20.832
TSQ,423297.8,6.33,348.3833974068238,7.899,47.435
TSSI,13128429.6,11.42,688.0788510863329,4.378,64.488
TT,539974105.3,439.83,177.3073547973753,0.114,30.659
TTAM,3610338.8,16.03,229.7235680343488,3.119,26.986
TTAN,90321107.1,83.06,413.97176711820765,0.602,34.546
TTC,63356589.9,91.58,161.41942990115126,0.546,24.138
TTD,412628942.2,25.07,362.45426404127505,1.994,79.057
TTE,100381173.0,78.23,154.87663083601697,0.639,27.162
TTEC,996880.5,2.76,512.1949335587495,18.116,32.082
TTEK,84241503.3,33.64,230.06940795561394,1.486,27.781
TTGT,1927560.2,4.935,446.22699506003954,10.132,50.867
TTI,13997695.6,8.65,375.08292238981414,5.78,47.571
TTMI,205112823.8,98.58,501.97953248449085,0.507,92.375
TTRX,221324.5,4.4,685.8247635675098,11.364,86.861
TTWO,401056895.4,239.07,203.4992442276557,0.209,32.26
TU,67559354.4,12.97,151.49642405485744,3.855,15.218
TULP,12359.7,3.87,458.3239042211822,12.92,187.833
TUSK,452117.6,2.39,435.6354357551802,20.921,52.665
TV,2900223.7,2.83,241.3437417195469,17.668,44.31
TVA,471235.0,10.54,77.06230775054708,4.744,34.528
TVGN,154517.2,4.06,710.7733728196622,12.315,145.802
TVRD,327569.5,3.82,682.5542136334623,13.089,98.06
TVTX,61497568.8,35.16,419.4933624172749,1.422,220.62
TW,154621091.0,107.77,192.368731155447,0.464,25.72
TWAV,97209.0,1.67,663.3770904552837,29.94,211.514
TWFG,3499913.8,25.52,284.8636575015495,1.959,73.699
TWI,4294299.6,7.78,300.9241748091542,6.427,46.45
TWIN,882685.3,17.06,323.6805788908835,2.931,58.348
TWLO,314832506.9,132.56,366.51835052926856,0.377,36.15
TWST,62641483.1,47.91,453.7624936103492,1.044,47.027
TXG,55091950.6,20.81,441.6407972445162,2.403,90.903
TXMD,52458.1,2.04,466.40192487579736,24.51,107.657
TXN,1504167901.3,212.11,260.4850298241355,0.236,60.714
TXNM,57073994.0,58.21,31.856839750075505,0.859,11.226
TXO,2281812.5,12.85,165.98101981201745,3.891,44.397
TXRH,167361205.7,173.69,185.27981643103857,0.288,24.064
TXT,121136739.4,88.77,168.0995020228998,0.563,29.902
TY,1111316.4,34.03,82.48133521210208,1.469,19.472
TYG,5045714.6,43.51,126.16815393526896,1.149,23.476
TYGO,1527553.5,2.39,665.0390951692156,20.921,73.951
TYL,196094032.7,350.07,259.67114598616615,0.143,17.772
TYRA,16570461.0,28.77,412.2080106617547,1.738,53.446
TZOO,850883.2,7.33,395.6940971405428,6.821,46.419
U,312155065.2,35.24,467.995549241031,1.419,68.478
UA,17820802.3,5.5,328.04383022263005,9.091,54.094
UAA,48466124.1,5.66,328.7185259774107,8.834,52.296
UAL,560682597.0,105.73,297.37327084472525,0.473,37.718
UAMY,79156442.4,7.47,820.6488721102374,6.693,125.482
UAN,4198971.0,112.41,256.93606410894387,0.445,41.349
UAVS,2172040.2,1.07,677.8613979965589,46.729,113.09
UBCP,48098.4,14.9,220.44991317222213,3.356,103.195
UBER,1356918179.5,76.36,224.48278548051218,0.655,26.294
UBS,88023686.0,43.77,161.34622730620129,1.142,31.631
UBSI,33560768.6,42.26,137.76461794712014,1.183,23.651
UCB,24250098.6,33.06,155.0443011304309,1.512,32.165
UCTT,51529149.5,58.87,541.7721109955697,0.849,95.643
UDR,116251865.7,36.94,127.83378872113376,1.354,27.821
UE,17059639.7,20.77,117.90349252715566,2.407,36.317
UEC,128575076.2,13.19,499.3159734584032,3.791,67.06
UEIC,211326.9,4.19,333.5285227573426,11.933,66.1
UFCS,4377116.5,37.55,197.30513509116273,1.332,59.013
UFI,207113.3,4.06,322.94321645033386,12.315,53.955
UFPI,35165134.2,91.53,188.04435921352416,0.546,22.646
UFPT,36973388.7,223.87,300.10626053723956,0.223,52.194
UG,35035.7,7.02,213.5321591622473,7.123,85.823
UGI,59354295.0,36.32,153.08046813607615,1.377,18.078
UGP,11771140.7,4.94,221.94451059428243,10.121,40.826
UHAL,9759046.0,55.04,211.64920040958418,0.908,18.749
UHS,135516326.5,187.39,203.26316904794902,0.267,32.07
UI,75132726.8,588.57,335.56195145067517,0.085,56.241
UIS,1945504.6,2.87,400.82196269865307,17.422,61.296
UL,208357893.0,61.58,174.66041272283806,0.812,13.792
ULBI,213792.8,6.4,353.6915242888369,7.812,58.436
ULCC,19003261.7,4.99,475.48542436902244,10.02,70.17
ULH,835143.7,17.07,543.783180820835,2.929,60.519
ULS,60176100.2,82.2,263.3347704722277,0.608,24.799
ULTA,328921098.1,533.51,218.77226876962197,0.094,19.67
UMAC,57230698.0,14.86,806.7465271626877,3.365,82.839
UMBF,64267927.1,122.54,164.69171304668143,0.408,24.776
UMC,97724926.8,9.95,381.3074865515547,5.025,50.957
UMH,8838859.6,15.3,123.50686667883842,3.268,28.374
UNB,176524.0,24.04,182.83751581663762,2.08,80.989
UNCY,3322477.6,5.97,520.141464909519,8.375,68.061
UNF,38914492.0,249.74,211.62465327192334,0.2,34.88
UNFI,27671686.2,41.3,287.66284543746104,1.211,60.642
UNH,2463013837.0,347.75,228.00810827814394,0.144,36.132
UNIT,17449074.4,8.07,310.86264973776514,6.196,29.667
UNM,101551477.6,77.53,146.17419656133652,0.645,33.792
UNP,751215848.2,250.21,139.1490865017793,0.2,19.699
UNTY,2458346.9,53.15,172.61966790519955,0.941,30.633
UONE,49603.2,5.04,534.5949021303061,9.921,106.227
UONEK,18680.2,4.51,591.0393464816093,11.086,265.428
UP,1496565.9,1.6,750.978875963806,31.25,137.055
UPB,6317380.5,9.6,485.76399314372895,5.208,65.81
UPBD,15224131.0,19.25,283.85758420186016,2.597,28.761
UPLD,195760.6,1.64,596.0505349483653,30.488,81.489
UPS,550995779.4,101.97,185.804495619367,0.49,22.16
UPST,158921474.4,33.09,417.0705464394796,1.511,73.431
UPWK,38933993.6,12.51,391.34488125776494,3.997,108.727
UPXI,4933990.7,1.32,754.1045719281858,37.879,75.009
URBN,101154847.6,71.3,273.7699823201864,0.701,36.668
URG,10862779.2,1.52,451.27776575918534,32.895,51.051
URI,480519656.0,938.0,263.6918851017608,0.053,29.076
UROY,9463646.7,3.77,462.6583884402064,13.263,62.984
USAC,5220412.5,26.1,176.1653668859984,1.916,44.135
USAR,228350015.1,18.41,695.7938083428497,2.716,71.765
USAS,22944651.0,5.32,554.3627695799903,9.398,98.989
USAU,4100363.5,16.08,403.91166706314874,3.109,52.344
USB,458937331.3,54.69,138.64355858972345,0.914,27.443
USBC,165009.2,0.4427,688.6044335483394,112.943,211.276
USCB,694162.4,18.93,164.20231946514517,2.641,40.115
USEA,90132.0,2.02,283.90901689779724,24.752,65.652
USFD,190362332.2,87.89,183.7477785608045,0.569,17.954
USGO,626250.0,10.28,434.2227253868905,4.864,51.431
USIO,90200.8,1.43,354.61624224343603,34.965,81.132
USLM,12528461.7,119.44,242.3823297638763,0.419,26.617
USNA,2669942.8,19.82,397.29223995558704,2.523,48.141
USOI,3808164.1,49.76,186.78755545807834,1.005,28.293
USPH,12895456.9,78.21,249.55385224807097,0.639,29.904
UTHR,231422564.0,507.0,204.303727658238,0.099,48.658
UTI,24188186.3,31.64,452.6132083822132,1.58,36.651
UTL,5314708.4,51.04,125.06066249884235,0.98,23.279
UTMD,733184.0,64.0,173.76598710837624,0.781,54.372
UTZ,14118512.6,9.94,269.98574681452965,5.03,50.385
UUU,202746.2,5.02,718.1897297034296,9.96,86.33
UUUU,179878019.3,16.68,565.7411286552326,2.998,97.316
UVE,6241122.1,34.16,239.5050569113977,1.464,23.571
UVSP,5785935.9,34.82,148.94763987033207,1.436,28.767
UVV,10473503.8,53.12,155.85528786985628,0.941,15.661
UWMC,51084352.6,3.98,445.18070172756194,12.563,32.902
UXIN,425008.9,2.92,527.2311021280027,17.123,84.739
V,2217346328.2,334.53,138.02485170943538,0.149,19.369
VABK,271871.6,40.88,183.21859848200597,1.223,79.728
VAC,34884108.0,70.16,377.6781094015159,0.713,17.94
VACI,378649.7,10.03,193.71512839597582,4.985,24.17
VAI,35265.3,1.34,697.6063161029595,37.313,250.401
VAL,72792568.2,77.33,356.2706115245814,0.647,41.701
VALE,370199237.6,14.83,204.26404197054572,3.372,20.377
VALU,75290.9,37.1,215.45005443225529,1.348,85.519
VANI,242975.4,1.32,453.80781292885,37.879,73.41
VATE,251559.5,5.59,686.6861839604763,8.945,70.652
VBIO,92521.1,1.03,790.4263739227455,48.544,206.737
VC,46959988.0,104.03,243.61714723114534,0.481,24.883
VCEL,20057869.9,36.5,278.1054317126469,1.37,49.192
VCIG,667144.0,1.14,1276.0658293885106,43.86,442.901
VCTR,36516155.2,70.53,199.22004093646257,0.709,19.746
VCYT,36441280.8,40.85,388.8892225190468,1.224,42.521
VECO,32165737.4,32.99,420.36956568213617,1.516,68.628
VEEA,105296.9,0.5495,741.7906842118441,90.992,173.79
VEEE,381681.5,2.31,997.7446235922204,21.645,154.478
VEEV,360835051.7,213.51,263.956509610155,0.234,19.283
VEL,1541920.2,18.35,153.14192217997365,2.725,39.488
VELO,18040433.4,11.88,1092.5044379168812,4.209,163.552
VENU,1006094.7,4.45,618.6438005754828,11.236,67.216
VEON,4269766.8,52.6,286.28468260903014,0.951,43.66
VERA,46445072.2,36.35,371.16462307481316,1.376,41.867
VERI,6900356.8,2.82,729.4873537543598,17.73,99.518
VERU,305693.1,2.51,427.7982915629536,19.92,125.585
VERX,26208521.5,13.85,381.4176895034893,3.61,42.508
VET,14725897.2,9.99,311.76664588730597,5.005,32.476
VFC,107176812.9,16.88,312.20876289028797,2.962,38.042
VG,136984628.2,12.24,494.9208619435103,4.085,75.288
VGAS,25492.9,1.78,591.4288732238024,28.09,197.486
VGZ,2983666.7,2.11,516.2055857843785,23.697,62.622
VHC,222068.6,16.01,596.3487834189366,3.123,137.128
VHI,188951.1,14.16,307.5547167454135,3.531,82.245
VHUB,237279.5,1.01,1058.770540622567,49.505,167.901
VIA,12457408.4,21.36,438.3385208923128,2.341,36.69
VIAV,141489868.6,30.84,453.7537821753684,1.621,102.532
VICI,254691894.8,28.36,114.26550618817569,1.763,14.69
VICR,113398306.7,170.03,571.5070934510119,0.294,103.693
VIDI,494596.8,37.025,103.09741181238293,1.35,16.141
VIK,184515708.1,74.5,248.71682366713426,0.671,39.34
VIP,306367.2,1.56,697.3546608176523,32.051,106.672
VIPS,36545510.2,16.11,205.6305012827376,3.104,31.112
VIR,13096609.5,8.61,401.86734365317966,5.807,64.456
VIRC,263342.8,6.28,233.33026506549072,7.962,52.329
VIRT,48479705.3,41.06,220.77762319089675,1.218,35.208
VISN,73667236.0,16.22,294.83694774182464,3.083,67.759
VIST,58184899.5,60.49,315.17781985782693,0.827,73.068
VITL,35603430.4,19.1,386.0048464724867,2.618,61.862
VIVS,110205.4,1.8,766.2887148488086,27.778,169.017
VKTX,81367221.5,33.43,369.6039169077015,1.496,86.721
VLGEA,1762011.9,39.74,229.56062343690138,1.258,23.988
VLN,1357761.0,1.72,635.2269829874596,29.07,78.366
VLO,628424909.4,224.63,225.48670674328017,0.223,18.639
VLRS,3871801.2,7.51,324.97121391183316,6.658,39.907
VLTO,152284242.7,97.11,144.0117691974579,0.515,20.609
VLY,87728149.6,12.62,168.0164306606641,3.962,27.827
VMC,284404351.5,292.02,178.2729309573806,0.171,19.389
VMET,2023782.9,10.83,425.5594016982977,4.617,21.324
VMI,75258529.9,443.58,195.34390187423008,0.113,29.14
VMRK,158641209.5,63.43,127.49684634837872,0.788,26.101
VNCE,476385.2,3.28,600.8649366798255,15.244,97.949
VNDA,5473352.8,6.06,489.5805784006683,8.251,44.853
VNOM,68752451.0,42.99,179.22075913890995,1.163,22.391
VNRX,360980.9,0.422,649.9147943626567,118.483,152.137
VNT,41383534.9,36.33,196.97277843852413,1.376,48.171
VNTG,36291.3,0.853,449.4485648733803,58.617,278.699
VOR,13312116.5,15.12,619.4972023657131,3.307,94.91
VOXR,2455118.5,5.05,340.25985028502356,9.901,51.304
VOYA,72430625.0,75.78,161.47989503973017,0.66,30.478
VOYG,38908474.4,29.56,566.224415693703,1.691,77.35
VPG,10820138.4,46.73,511.6439928060318,1.07,53.753
VRA,530454.1,3.05,501.6706283077464,16.393,92.511
VRCA,425556.8,5.68,567.1594301838079,8.803,128.079
VRDN,32740876.4,22.54,462.92377686923464,2.218,66.183
VREX,3649722.2,11.7,369.0798523617627,4.274,39.597
VRM,55334.1,16.2,636.6183182519121,3.086,232.904
VRME,81050.3,0.803,612.4505542342807,62.267,157.34
VRNS,64308879.9,33.52,325.9887725891561,1.492,59.402
VRRM,24940610.4,16.18,303.09652690031106,3.09,48.538
VRSK,307536743.2,200.35,221.18807698548463,0.25,29.944
VRSN,196027494.8,264.64,180.83776654091128,0.189,28.169
VRT,1375311098.8,251.07,411.796946560284,0.199,41.763
VRTS,14454788.4,160.13,219.13153601283656,0.312,38.871
VRTX,572654057.4,450.41,177.91555931819127,0.111,18.938
VS,22835.1,1.29,468.2138229685946,38.76,177.238
VSAT,95341562.4,46.5,501.52357243420397,1.075,106.041
VSEC,69002194.6,185.89,359.447403887121,0.269,25.584
VSH,45886863.2,19.08,417.54251262050764,2.621,58.285
VSNT,71727947.2,37.875,271.0665924053232,1.32,16.059
VST,706733827.6,161.84,310.9578649089963,0.309,49.028
VSTM,12742864.0,6.41,470.82382531792496,7.8,60.136
VSTS,12790252.6,7.71,352.274917585909,6.485,58.127
VSXY,108318440.2,54.17,444.61092491748275,0.923,57.483
VTAK,95184.9,1.43,797.9416773638081,34.965,254.111
VTEX,4104338.4,3.88,288.7065370212776,12.887,41.309
VTGN,599805.2,0.6216,491.03743894728575,80.438,119.795
VTIX,765554.9,3.625,882.4397732170632,13.793,133.411
VTOL,7983584.6,42.71,202.46337777046304,1.171,25.28
VTR,252415430.6,82.7,139.72809323795568,0.605,13.443
VTRS,125025420.8,13.86,199.45245229054518,3.608,25.983
VTS,7793835.0,19.26,204.73443644834694,2.596,29.89
VTSI,166699.4,4.4,318.988456962233,11.364,52.834
VTVT,971398.6,33.08,450.35747785554076,1.511,146.968
VUZI,3404452.9,2.71,592.2703218754444,18.45,87.242
VVOS,218609.6,1.35,606.1223330581591,37.037,87.786
VVV,66519453.6,33.81,196.85384946891233,1.479,25.848
VVX,27761813.7,68.27,258.8588931673898,0.732,41.415
VWAV,2230574.4,7.47,827.6893552384387,6.693,44.746
VYGR,2026840.2,3.93,372.16021962608005,12.723,31.75
VYLD,9146.6,28.0643,74.30576142902679,1.782,43.105
VYX,16104937.7,8.76,341.4579150497604,5.708,34.796
VZ,1088344563.8,45.42,156.3381955061483,1.101,19.449
VZLA,22385408.4,3.88,436.72408239395844,12.887,82.819
W,270930337.9,88.07,436.9298650976451,0.568,55.545
WAB,202004211.4,249.91,164.46435530585327,0.2,24.295
WABC,7651830.4,51.47,122.7493610930336,0.971,20.662
WAFD,18063322.7,32.97,148.13480146578127,1.517,19.245
WAL,78275176.0,81.1,226.64519092325787,0.617,45.178
WALD,186825.8,1.7,599.2460247850083,29.412,132.771
WAT,255933496.8,363.18,226.38956736273613,0.138,42.681
WATT,2181164.6,11.27,710.5467341382802,4.437,144.554
WAY,59890570.1,25.27,334.3868451575005,1.979,23.867
WBD,641779198.5,27.09,248.3861644255579,1.846,19.678
WBI,15879757.0,25.705,286.409575558891,1.945,58.757
WBTN,4045304.9,12.085,429.91831440993076,4.137,108.777
WBX,59999.3,3.09,570.7352282380077,16.181,104.427
WCC,156430875.1,289.5,276.6708530968374,0.173,42.579
WCN,215581507.8,167.62,142.54402248768403,0.298,18.352
WD,15321278.8,53.84,279.4996054686679,0.929,18.622
WDAY,615897224.2,174.66,331.9545564143305,0.286,30.055
WDC,2376137257.3,282.58,496.76142937449043,0.177,71.504
WDFC,27851976.0,210.54,195.05964658048995,0.237,39.905
WEAV,8154672.5,6.42,413.04909303901115,7.788,59.599
WEC,222715315.5,112.17,99.71186631994367,0.446,15.526
WELL,587036873.9,204.7,142.13441802488495,0.244,19.938
WEN,56454152.6,7.99,364.3781996674167,6.258,52.691
WERN,32143143.1,33.19,254.6273123478047,1.506,56.674
WES,47100585.6,41.24,133.15061964420394,1.212,33.817
WEST,2252496.5,5.02,412.80392607593757,9.96,42.933
WETH,98339.8,1.46,590.3102885931911,34.247,141.451
WEX,70863306.5,154.69,254.99794861458767,0.323,40.815
WEYS,428767.2,32.65,244.65191103546348,1.531,61.954
WFC,1224745112.1,85.01,166.1205328567273,0.588,29.108
WFCF,21494.0,12.34,481.1929007906671,4.052,146.978
WFG,13489398.0,66.44,209.24577272512806,0.753,19.124
WGO,18009776.6,32.95,310.4035542019107,1.517,36.795
WGS,56610533.7,85.35,418.31274828917736,0.586,96.211
WH,91019985.6,78.5,192.37573061784022,0.637,32.779
WHD,37918173.8,52.52,273.9261773973569,0.952,35.962
WHF,681385.6,7.04,198.0721071223733,7.102,28.848
WHG,190688.4,17.03,208.77996339237012,2.936,76.677
WHR,101665604.7,58.74,307.84294747994994,0.851,39.213
WHWK,653936.4,3.41,483.90960457640546,14.663,75.587
WINA,24720132.9,417.0,243.4260720463616,0.12,50.012
WING,188139947.0,215.63,377.5661725665674,0.232,35.463
WIT,20794495.5,2.28,276.10245815157606,21.93,39.16
WK,54372344.0,69.87,277.9908807950618,0.716,71.447
WKC,20609852.1,26.33,177.60891141308633,1.899,47.315
WKHS,498361.5,3.04,577.799027725452,16.447,91.527
WKSP,406055.9,1.33,641.9867282948748,37.594,173.623
WLDN,23988474.9,92.91,388.32382845274975,0.538,80.254
WLDS,344861.7,1.5,938.8993168125063,33.333,158.359
WLFC,10636213.9,160.13,295.9814747465154,0.312,46.203
WLK,99179849.6,80.63,274.59688803751095,0.62,40.53
WLKP,786325.1,21.7,120.29959632017372,2.304,32.053
WLTH,11217679.8,9.37,395.6920555547384,5.336,53.537
WLY,17172287.8,38.71,228.34639590609882,1.292,37.178
WLYB,7981.9,39.21,271.26309707213466,1.275,109.543
WM,432291438.4,221.3,126.07777497248848,0.226,33.358
WMB,447473602.6,71.15,152.15463223154222,0.703,25.192
WMG,57878997.9,29.1,211.81817336405635,1.718,21.816
WMK,9554866.3,70.31,166.01559332916213,0.711,15.814
WMS,103164848.9,144.59,234.9611786262026,0.346,25.514
WMT,2293240129.5,114.6,163.14307804514948,0.436,9.34
WNC,5326450.4,9.58,344.9927119259943,5.219,67.736
WNEB,595981.3,13.19,167.49899380980924,3.791,29.161
WOLF,62754735.8,23.09,885.4533095412384,2.165,169.989
WOOF,5088815.5,2.84,370.8167572813006,17.606,34.584
WOR,10411356.2,55.49,196.5306645914371,0.901,55.968
WPAC,2886.7,9.98,37.705855282084975,5.01,143.926
WPC,86882013.0,70.38,106.66296100959835,0.71,18.256
WPM,245552121.5,122.82,315.31872698016286,0.407,31.711
WPP,9592034.9,19.21,346.25856552321164,2.603,18.652
WRAP,622848.0,1.75,640.241924599994,28.571,62.701
WRB,137858490.0,69.92,139.16524803417994,0.715,27.887
WRBY,60278518.1,25.02,450.8534802981738,1.998,72.813
WRLD,15189560.0,153.25,321.3077968367433,0.326,21.599
WRN,3403567.6,2.49,430.6692157820947,20.08,38.379
WS,8390754.3,35.51,299.5278353022935,1.408,62.678
WSBC,20162450.2,34.55,166.9242562740887,1.447,23.429
WSBF,932799.0,18.01,142.25715002480277,2.776,29.337
WSBK,52113.5,12.74,100.63088621143105,3.925,46.758
WSC,46958904.7,21.75,318.4987599575746,2.299,65.224
WSFS,24193225.4,65.51,143.6190447882935,0.763,21.776
WSM,210753088.6,198.38,210.35962053150087,0.252,32.951
WSO,144294448.1,377.96,219.28056961602306,0.132,27.378
WST,200398680.3,275.34,208.53656195116397,0.182,35.971
WSTN,1009.0,10.03,9.20992907442642,4.985,9.064
WTBA,949396.1,23.76,169.6018727396111,2.104,30.313
WTFC,64243315.7,146.3,156.89628397302616,0.342,15.84
WTI,9605616.7,2.85,534.3378878621543,17.544,35.119
WTID,116847.4,5.76,447.6421799329165,8.681,74.226
WTIU,517465.6,14.59,452.51564020923814,3.427,73.024
WTM,42306197.1,2080.0,145.23125802863493,0.024,19.412
WTRG,74240563.8,39.17,137.18312662469046,1.276,24.077
WTS,56539085.8,299.15,169.8223724101965,0.167,23.22
WTTR,19654979.0,14.01,302.18409586292614,3.569,32.591
WU,67647355.3,8.73,237.74415376504155,5.727,32.102
WULF,513843435.0,15.5,569.7732538560778,3.226,62.75
WVE,22188325.0,7.18,414.2291704449339,6.964,70.707
WVVI,13524.3,2.72,396.23202028506734,18.382,162.254
WW,4385763.1,20.62,577.3576243951912,2.425,102.384
WWD,190459356.0,350.03,236.8699797059063,0.143,27.829
WWR,916212.4,0.725,662.2348997619024,68.966,106.188
WWW,21110070.7,18.02,345.132354571741,2.775,51.889
WY,126141828.1,24.18,165.95870195114503,2.068,15.017
WYNN,154073835.4,107.27,211.56795056649594,0.466,10.109
WYY,355951.7,6.49,548.210439996371,7.704,72.275
XAIR,171381.5,1.14,704.7813316221169,43.86,117.132
XBIO,52923.6,2.945,543.5583388760384,16.978,136.72
XBIT,87607.9,2.39,278.2866245482283,20.921,53.697
XBP,67390.4,2.81,673.223144658381,17.794,208.405
XCUR,82230.1,3.84,705.3758700564767,13.021,153.283
XEL,368272909.0,79.21,121.93540816112028,0.631,17.133
XELB,57514.1,1.47,706.1116838137308,34.014,176.426
XERS,12346919.2,7.31,335.40863448902604,6.84,55.79
XFLH,9721.1,9.96,38.19945795719444,5.02,5.165
XFOR,1771331.8,3.88,484.97476245822094,12.887,48.866
XGN,1460918.4,4.86,485.5635664481531,10.288,19.029
XHLD,159408.8,1.4,952.8987580831076,35.714,171.144
XHR,11250185.8,15.21,174.66693340735708,3.287,37.532
XIFR,10654505.0,10.4,228.10861298504622,4.808,29.261
XLAB,1467024.6,10.09,456.941147983704,4.955,10.512
XLO,242477.2,0.8383,284.80335793576404,59.645,106.821
XMAX,5371699.5,6.21,409.8488850762926,8.052,43.02
XMTR,43082437.5,60.61,504.0370556553771,0.825,33.016
XNCR,10931546.5,13.03,413.1026320091517,3.837,42.935
XOM,2186680576.2,145.26,161.22884968817607,0.344,11.822
XOS,99162.2,2.3,614.6840139224729,21.739,108.427
XP,103640596.8,17.92,291.46386908817357,2.79,39.086
XPEL,9518970.0,45.45,257.1419030047713,1.1,46.718
XPER,2595601.4,6.25,263.487689868274,8.0,40.374
XPL,149896.5,0.758,390.83170027737873,65.963,100.3
XPO,205536636.2,190.06,269.02631776208904,0.263,43.62
XPOF,3295465.8,6.78,389.7944842209765,7.375,95.742
XPON,182797.6,0.865,707.5405833072792,57.803,180.564
XPRO,15452174.4,15.7,304.4124101439153,3.185,55.475
XRAY,47534964.1,11.83,288.39603844690527,4.227,29.064
XRN,3790884.9,35.1,184.47915173011197,1.425,33.622
XRX,8697809.5,2.72,547.92091182287,18.382,33.599
XTIA,2079779.2,1.63,575.027172073024,30.675,81.871
XTND,1262849.9,6.68,804.3653071989493,7.485,149.011
XTNT,71579.6,0.5833,417.42024922589815,85.719,190.551
XWEL,42081.4,1.01,609.6316342127074,49.505,147.95
XXI,7043958.4,7.6,519.0204194187141,6.579,129.907
XXII,157081.0,1.76,751.4410030533546,28.409,125.741
XYL,199779668.2,127.18,156.01584788502524,0.393,23.619
XYZ,400745430.6,70.89,290.90255460213655,0.705,36.717
XZO,3018550.4,16.26,403.00302027906207,3.075,50.603
YARW,302099.0,0.5948,423.06228601260864,84.062,190.244
YCBD,190774.6,0.747,720.320705886616,66.934,146.653
YCY,1171.5,10.07,16.401954111338537,4.965,9.451
YDKG,79187.4,0.9299,854.4104294427966,53.769,174.701
YELP,26683308.1,26.63,271.60030206254095,1.878,54.088
YETI,58607005.4,42.52,248.6211791418335,1.176,47.147
YEXT,6735341.8,5.73,338.57321620289315,8.726,36.123
YHC,140105.4,0.8999,699.6211847642807,55.562,150.789
YHGJ,16701.1,3.21,650.2636633856689,15.576,245.75
YORW,3090064.1,31.31,125.48123716838633,1.597,18.028
YOU,60596104.7,43.84,361.80181575521846,1.141,76.709
YRD,192485.8,3.67,476.7027758534613,13.624,44.544
YSS,37807418.2,24.605,756.3102228047657,2.032,68.948
YUM,291979921.4,152.57,149.83047055324906,0.328,17.562
YUMC,65662624.6,47.18,157.24565293913855,1.06,19.171
YYAI,809765.4,1.05,982.4862298619463,47.619,749.689
Z,159021995.0,45.28,304.0508470469588,1.104,44.225
ZBH,172531302.0,92.59,203.8012404989889,0.54,19.707
ZBIO,12290983.9,24.67,585.2698729383185,2.027,64.093
ZBRA,177540545.7,255.17,299.6679547587978,0.196,53.732
ZD,23426451.2,40.51,354.61199293032786,1.234,40.169
ZDGE,183306.9,3.03,474.8373617077797,16.502,69.558
ZENA,3582328.4,2.49,595.4220084345338,20.08,74.531
ZEO,106986.4,0.9482,687.0384791180427,52.731,143.445
ZETA,145204218.7,19.05,412.1417674672382,2.625,56.696
ZG,44026252.9,45.1,304.8931837568078,1.109,41.461
ZGN,8425269.4,10.81,272.9395530813956,4.625,35.331
ZIM,46881662.5,24.5,311.2622049286678,2.041,57.611
ZION,89614944.5,60.09,191.2196815542069,0.832,29.249
ZIP,3254046.7,3.9,560.5487037467335,12.821,89.934
ZKIN,17794.6,1.59,677.3239308018154,31.447,229.741
ZM,279550528.3,86.63,270.91001625538786,0.577,23.744
ZNTL,1937147.4,2.69,728.8208177179744,18.587,60.355
ZONE,1131037.5,0.366,841.9244172018108,136.612,191.298
ZS,410080860.0,174.45,416.00152464182423,0.287,27.711
ZSQR,970691.7,12.6,657.4300033120898,3.968,113.784
ZSTK,109842.8,6.99,911.4948744647834,7.153,306.011
ZTS,467140429.9,119.56,246.69631542724582,0.418,41.586
ZUMZ,3790306.8,22.16,353.4135869846942,2.256,65.428
ZVIA,1234077.0,1.67,428.7349443686398,29.94,38.336
ZVRA,10616931.1,9.75,397.19843738714883,5.128,38.205
ZWS,40084971.5,47.45,174.09979229661354,1.054,18.977
ZYME,14100424.8,24.02,326.61175142935264,2.082,39.637
