symbol,exchange,in_sec_company_tickers,last_bar,eval_bars,median_close,median_dollar_volume,tick_floor_half_bp,edge_raw_half_bp,edge_pos_only_half_bp,edge_floored_half_bp,edge_cells_positive,edge_cells_total,suspected_unflagged_splits,liquidity_bucket,anchored_half_bp
A,NYSE,True,2026-09-11,259,135.05,261428997.6,0.37,0.0,24.243,0.37,121,259,0,Q5 most liquid,0.0
AA,NYSE,True,2026-09-11,259,52.3,283721627.3,0.956,0.0,23.935,0.956,54,259,0,Q5 most liquid,0.0
AACI,NASDAQ,True,2026-09-11,259,10.27,0.0,4.869,15.208,20.391,13.091,139,259,0,Q1 least liquid,
AAL,NASDAQ,True,2026-09-11,259,13.43,845471483.0,3.723,9.318,39.052,9.318,133,259,0,Q5 most liquid,1.147
AAME,NASDAQ,True,2026-09-11,259,2.53,30652.1,19.763,125.308,125.308,125.308,259,259,0,Q1 least liquid,
AAMI,NYSE,True,2026-09-11,259,54.42,17782570.5,0.919,0.0,20.833,0.919,56,259,0,Q3,
AAOI,NASDAQ,True,2026-09-11,259,87.54,588696500.4,0.571,70.35,89.086,70.35,222,259,0,Q5 most liquid,8.656
AAON,NASDAQ,True,2026-09-11,259,93.44,89610359.8,0.535,66.686,90.857,66.686,164,259,0,Q4,
AAP,NYSE,True,2026-09-11,259,53.57,82811068.1,0.933,48.25,53.623,48.25,179,259,0,Q4,
AAPL,NASDAQ,True,2026-09-11,259,272.19,12678633955.6,0.184,0.0,15.463,0.184,55,259,0,Q5 most liquid,0.0
AARD,NASDAQ,True,2026-09-11,259,7.25,1302939.0,6.897,65.385,99.069,65.385,158,259,0,Q2,
AAUC,NYSE,True,2026-09-11,259,23.62,10794711.1,2.117,0.0,29.673,2.117,118,259,0,Q3,
AB,NYSE,True,2026-09-11,259,38.44,9058796.5,1.301,26.903,27.58,26.903,247,259,0,Q3,
ABAT,NASDAQ,True,2026-09-11,259,3.38,15726810.8,14.793,42.643,91.479,42.643,144,259,0,Q3,
ABBV,NYSE,True,2026-09-11,259,225.17,1251705126.1,0.222,0.0,17.563,0.222,86,259,0,Q5 most liquid,0.0
ABCB,NYSE,True,2026-09-11,259,80.44,34198374.3,0.622,28.868,28.902,28.868,258,259,0,Q4,
ABEO,NASDAQ,True,2026-09-11,259,5.39,5859719.0,9.276,24.612,39.327,24.612,144,259,0,Q3,
ABEV,NYSE,True,2026-09-11,259,2.88,76023400.2,17.361,0.0,22.389,17.361,122,259,0,Q4,
ABG,NYSE,True,2026-09-11,259,219.47,42513801.1,0.228,37.342,38.126,37.342,244,259,0,Q4,
ABM,NYSE,True,2026-09-11,259,44.48,20852986.1,1.124,21.137,31.449,21.137,162,259,0,Q4,
ABNB,NASDAQ,True,2026-09-11,259,132.6,540304843.1,0.377,33.536,45.211,33.536,186,259,0,Q5 most liquid,4.126
ABOS,NASDAQ,True,2026-09-11,259,2.29,703862.2,21.834,0.0,59.545,21.834,85,259,1,Q2,
ABSI,NASDAQ,True,2026-09-11,259,3.67,16201780.0,13.624,52.099,87.933,52.099,151,259,0,Q3,
ABT,NYSE,True,2026-09-11,259,110.83,909458436.9,0.451,18.801,24.324,18.801,156,259,0,Q5 most liquid,2.313
ABTC,NASDAQ,True,2026-09-11,259,1.83,15258051.2,27.322,0.0,255.859,27.322,53,259,0,Q3,
ABUS,NASDAQ,True,2026-09-11,259,4.45,5900486.5,11.236,17.129,46.061,17.129,148,259,0,Q3,
ABVC,NASDAQ,True,2026-09-11,259,1.46,123878.1,34.247,73.041,79.135,73.041,236,259,0,Q1 least liquid,
ABX,NYSE,True,2026-09-11,259,8.71,4644784.5,5.741,52.792,60.739,52.792,163,259,0,Q3,
ACA,NYSE,True,2026-09-11,259,113.76,29685966.4,0.44,17.457,26.555,17.457,172,259,0,Q4,
ACAD,NASDAQ,True,2026-09-11,259,23.72,36770889.2,2.108,46.319,46.902,46.319,249,259,0,Q4,
ACCO,NYSE,True,2026-09-11,259,3.93,2700919.1,12.723,23.754,27.003,23.754,182,259,0,Q2,
ACCS,AMEX,True,2026-09-11,259,8.02,92565.0,6.234,151.263,151.263,151.263,259,259,0,Q1 least liquid,
ACDC,NASDAQ,True,2026-09-11,259,5.05,6540414.7,9.901,0.0,50.847,9.901,113,259,0,Q3,
ACEL,NYSE,True,2026-09-11,259,11.44,3434678.6,4.371,29.479,31.331,29.479,210,259,0,Q2,
ACET,NASDAQ,True,2026-09-11,259,7.43,856009.5,6.729,75.854,107.42,75.854,173,259,1,Q2,
ACFN,NASDAQ,True,2026-09-11,259,18.44,334041.6,2.711,97.323,104.637,93.306,162,259,0,Q1 least liquid,
ACGL,NASDAQ,True,2026-09-11,259,94.44,187035111.9,0.529,17.303,21.06,17.303,195,259,0,Q5 most liquid,2.129
ACH,NYSE,True,2026-09-11,259,2.83,2778905.4,17.668,26.841,71.154,17.668,136,259,1,Q2,
ACHC,NASDAQ,True,2026-09-11,259,23.91,58508732.4,2.091,0.0,105.689,2.091,91,259,0,Q4,
ACHR,NYSE,True,2026-09-11,259,6.76,250552540.6,7.396,0.0,68.009,7.396,110,259,0,Q5 most liquid,0.0
ACI,NYSE,True,2026-09-11,259,17.12,109550156.4,2.921,0.0,20.252,2.921,119,259,0,Q5 most liquid,0.0
ACIC,NASDAQ,True,2026-09-11,259,11.25,2170893.2,4.444,27.044,30.956,27.044,196,259,1,Q2,
ACIU,NASDAQ,True,2026-09-11,259,2.87,696261.1,17.422,62.676,64.976,62.676,241,259,1,Q2,
ACIW,NASDAQ,True,2026-09-11,259,46.7,34394668.8,1.071,17.321,21.815,17.321,197,259,0,Q4,
ACLS,NASDAQ,True,2026-09-11,259,94.96,53869876.3,0.527,57.854,63.76,57.854,191,259,0,Q4,
ACM,NYSE,True,2026-09-11,259,91.23,113709350.2,0.548,18.079,50.548,18.079,139,259,0,Q5 most liquid,2.225
ACMR,NASDAQ,True,2026-09-11,259,51.23,62896081.2,0.976,35.067,96.008,35.067,132,259,0,Q4,
ACN,NYSE,True,2026-09-11,259,201.48,1037135282.8,0.248,0.0,25.407,0.248,123,259,0,Q5 most liquid,0.0
ACNB,NASDAQ,True,2026-09-11,259,50.62,2132488.8,0.988,33.468,33.743,33.468,256,259,0,Q2,
ACNT,NASDAQ,True,2026-09-11,259,14.44,818732.0,3.463,38.91,49.506,38.91,188,259,0,Q2,
ACOG,NASDAQ,True,2026-09-11,259,6.26,410114.3,7.987,93.829,97.177,93.829,244,259,0,Q2,
ACON,NASDAQ,True,2026-09-11,259,3.32,154503.7,15.06,90.414,108.668,90.414,159,259,0,Q1 least liquid,
ACR,NYSE,True,2026-09-11,259,19.52,390773.7,2.561,44.114,44.347,44.114,256,259,0,Q1 least liquid,
ACRE,NYSE,True,2026-09-11,259,4.84,1910849.8,10.331,26.646,30.412,26.646,207,259,0,Q2,
ACRS,NASDAQ,True,2026-09-11,259,3.6,4748088.2,13.889,55.833,65.545,55.833,190,259,0,Q3,
ACRV,NASDAQ,True,2026-09-11,259,1.79,828500.1,27.933,18.706,54.845,27.933,132,259,1,Q2,
ACT,NASDAQ,True,2026-09-11,259,41.26,12050477.9,1.212,15.261,19.675,15.261,165,259,0,Q3,
ACTG,NASDAQ,True,2026-09-11,259,4.19,867441.4,11.933,0.0,26.954,11.933,97,259,0,Q2,
ACTU,NASDAQ,True,2026-09-11,259,3.06,281019.0,16.34,124.594,127.522,124.594,234,259,0,Q1 least liquid,
ACU,AMEX,True,2026-09-11,259,43.31,563834.2,1.154,78.441,78.441,78.441,259,259,0,Q2,
ACVA,NYSE,True,2026-09-11,259,7.29,20321509.0,6.859,24.999,55.64,24.999,135,259,0,Q3,
ACXP,NASDAQ,True,2026-09-11,259,2.49,168344.0,20.08,76.302,88.6,56.91,162,259,1,Q1 least liquid,
AD,NYSE,True,2026-09-11,259,48.8,8717240.1,1.025,41.012,41.012,41.012,259,259,1,Q3,
ADBE,NASDAQ,True,2026-09-11,259,270.49,1315269756.6,0.185,0.0,20.215,0.185,77,259,0,Q5 most liquid,0.0
ADC,NYSE,True,2026-09-11,259,74.47,81422115.9,0.671,22.794,22.808,22.794,255,259,0,Q4,
ADCT,NYSE,True,2026-09-11,259,3.65,2575306.2,13.699,73.194,79.173,73.194,211,259,0,Q2,
ADEA,NASDAQ,True,2026-09-11,259,22.31,21399083.2,2.241,33.818,64.411,33.818,158,259,1,Q4,
ADGM,NASDAQ,True,2026-09-11,259,0.975,69963.7,51.282,169.485,174.575,169.485,223,259,1,Q1 least liquid,
ADI,NASDAQ,True,2026-09-11,259,322.12,1160718563.7,0.155,41.264,42.086,41.264,243,259,0,Q5 most liquid,5.077
ADIL,NASDAQ,True,2026-09-11,259,1.59,145113.6,31.447,157.467,227.655,157.467,198,259,2,Q1 least liquid,
ADM,NYSE,True,2026-09-11,259,68.64,236213363.5,0.728,31.721,57.087,31.721,217,259,0,Q5 most liquid,3.903
ADMA,NASDAQ,True,2026-09-11,259,14.56,38879639.8,3.434,0.0,39.763,3.434,98,259,0,Q4,
ADP,NASDAQ,True,2026-09-11,259,254.06,587658159.0,0.197,4.224,19.676,4.224,138,259,0,Q5 most liquid,0.52
ADPT,NASDAQ,True,2026-09-11,259,16.11,33339121.5,3.104,74.061,97.288,74.061,193,259,0,Q4,
ADSK,NASDAQ,True,2026-09-11,259,249.89,449607236.8,0.2,0.0,30.186,0.2,119,259,0,Q5 most liquid,0.0
ADT,NYSE,True,2026-09-11,259,7.64,57900153.9,6.545,29.374,31.542,29.374,197,259,0,Q4,
ADTN,NASDAQ,True,2026-09-11,259,9.75,15862967.1,5.128,0.0,53.568,5.128,116,259,0,Q3,
ADUR,NASDAQ,True,2026-09-11,259,13.26,4438579.8,3.771,82.256,90.617,82.256,177,259,0,Q3,
ADUS,NASDAQ,True,2026-09-11,259,110.17,21049270.5,0.454,35.345,46.364,35.345,185,259,0,Q4,
ADV,NASDAQ,True,2026-09-11,259,1.74,1325642.4,28.736,0.0,95.453,28.736,105,259,0,Q2,
ADVB,NASDAQ,True,2026-09-11,259,4.01,84932.6,12.469,231.793,258.359,231.793,226,259,0,Q1 least liquid,
AEAQ,NASDAQ,True,2026-09-11,159,9.97,5115.5,5.015,5.897,8.631,5.015,55,159,0,Q1 least liquid,
AEBI,NASDAQ,True,2026-09-11,259,12.36,2844556.6,4.045,33.678,41.312,27.302,149,259,0,Q2,
AEE,NYSE,True,2026-09-11,259,106.78,170879710.7,0.468,10.584,11.553,10.584,226,259,0,Q5 most liquid,1.302
AEG,NYSE,True,2026-09-11,259,7.86,39180600.6,6.361,1.984,23.642,6.361,130,259,0,Q4,
AEHR,NASDAQ,True,2026-09-11,259,37.15,67070139.9,1.346,2.656,70.222,2.656,130,259,0,Q4,
AEI,NASDAQ,True,2026-09-11,259,1.88,39555.8,26.596,141.508,158.091,141.508,224,259,0,Q1 least liquid,
AEIS,NASDAQ,True,2026-09-11,259,285.89,155492292.5,0.175,19.464,49.744,19.464,142,259,0,Q5 most liquid,2.395
AEM,NYSE,True,2026-09-11,259,177.75,455405125.0,0.281,23.907,29.939,23.907,184,259,0,Q5 most liquid,2.942
AEMD,NASDAQ,True,2026-09-11,259,2.19,126901.3,22.831,184.308,184.308,156.728,203,259,2,Q1 least liquid,
AENT,NASDAQ,True,2026-09-11,259,6.58,200563.2,7.599,64.014,84.771,64.014,198,259,0,Q1 least liquid,
AEO,NYSE,True,2026-09-11,259,17.57,97440348.6,2.846,24.958,65.239,24.958,140,259,0,Q5 most liquid,3.071
AEON,AMEX,True,2026-09-11,259,0.8629,95181.5,57.944,159.08,159.08,159.08,259,259,1,Q1 least liquid,
AEP,NASDAQ,True,2026-09-11,259,124.67,421759701.6,0.401,5.804,14.065,5.804,150,259,0,Q5 most liquid,0.714
AER,NYSE,True,2026-09-11,259,141.5,165586773.7,0.353,8.356,13.035,8.356,152,259,0,Q5 most liquid,1.028
AERT,NASDAQ,True,2026-09-11,259,0.618,111362.9,80.906,92.231,195.572,92.231,134,259,0,Q1 least liquid,
AES,NYSE,True,2026-09-11,259,14.45,121868633.0,3.46,0.0,11.148,3.46,92,259,0,Q5 most liquid,0.0
AESI,NYSE,True,2026-09-11,259,11.79,31823306.0,4.241,55.651,67.258,55.651,204,259,0,Q4,
AEVA,NASDAQ,True,2026-09-11,259,15.73,28564385.3,3.179,0.0,63.996,3.179,55,259,0,Q4,
AEXA,NYSE,True,2026-09-11,241,11.32,1339830.3,4.417,45.939,45.939,44.064,179,241,0,Q2,
AEYE,NASDAQ,True,2026-09-11,259,7.57,944128.9,6.605,32.78,55.48,32.78,150,259,0,Q2,
AFCG,NASDAQ,True,2026-09-11,259,2.96,502743.4,16.892,61.417,69.905,61.417,251,259,0,Q2,
AFG,NYSE,True,2026-09-11,259,134.79,59136938.6,0.371,15.884,19.543,15.884,196,259,0,Q4,
AFJK,NASDAQ,True,2026-09-11,259,26.41,139707.0,1.893,125.588,255.699,1.893,97,259,2,Q1 least liquid,
AFL,NYSE,True,2026-09-11,259,112.46,235012936.5,0.445,18.402,20.809,18.402,178,259,0,Q5 most liquid,2.264
AFRM,NASDAQ,True,2026-09-11,259,71.43,334553495.6,0.7,0.0,73.586,0.7,107,259,0,Q5 most liquid,0.0
AG,NYSE,True,2026-09-11,259,18.27,280850133.2,2.737,37.535,54.019,37.535,174,259,0,Q5 most liquid,4.619
AGBK,NYSE,True,2026-09-11,147,7.12,2657363.0,7.022,71.982,71.982,52.727,85,147,0,Q2,
AGCO,NYSE,True,2026-09-11,259,112.54,80588958.5,0.444,35.989,37.148,35.989,233,259,0,Q4,
AGEN,NASDAQ,True,2026-09-11,259,3.9,2143566.9,12.821,0.0,25.955,12.821,6,259,0,Q2,
AGIG,AMEX,True,2026-09-11,259,1.66,505329.7,30.12,50.179,112.253,50.179,177,259,1,Q2,
AGIO,NASDAQ,True,2026-09-11,259,30.54,26866599.1,1.637,0.0,110.258,1.637,41,259,1,Q4,
AGL,NYSE,True,2026-09-11,259,1.11,8794788.8,45.045,83.465,111.272,65.659,177,259,1,Q3,
AGM,NYSE,True,2026-09-11,259,175.18,16651689.4,0.285,0.0,23.235,0.285,100,259,0,Q3,
AGNC,NASDAQ,True,2026-09-11,259,10.56,189632487.6,4.735,17.661,17.664,17.661,258,259,0,Q5 most liquid,2.173
AGNT,NASDAQ,True,2026-09-11,259,6.71,7553964.0,7.452,47.796,55.393,47.796,161,259,1,Q3,
AGO,NYSE,True,2026-09-11,259,82.99,25722144.6,0.602,5.901,15.666,5.901,148,259,0,Q4,
AGPU,NASDAQ,True,2026-09-11,259,6.42,624191.1,7.788,123.766,129.029,112.353,179,259,2,Q2,
AGRO,NYSE,True,2026-09-11,259,9.2,6579270.9,5.435,0.0,65.299,5.435,105,259,0,Q3,
AGX,NYSE,True,2026-09-11,259,432.18,148479413.0,0.116,0.0,20.863,0.116,11,259,0,Q5 most liquid,0.0
AGYS,NASDAQ,True,2026-09-11,259,106.28,23220905.0,0.47,49.762,81.625,49.762,164,259,0,Q4,
AHCO,NASDAQ,True,2026-09-11,259,9.97,11093263.0,5.015,0.0,53.214,5.015,107,259,0,Q3,
AHG,NASDAQ,True,2026-09-11,259,1.52,13550.2,32.895,299.532,299.532,299.532,259,259,3,Q1 least liquid,
AHL,NYSE,False,2026-02-23,120,36.965,10797775.7,1.353,11.697,12.127,11.697,111,120,0,Q3,
AHR,NYSE,True,2026-09-11,259,49.16,106778314.7,1.017,22.336,34.882,22.336,201,259,0,Q5 most liquid,2.748
AI,NYSE,True,2026-09-11,259,10.58,66302976.3,4.726,49.562,109.923,49.562,177,259,0,Q4,
AIB,AMEX,True,2026-09-11,124,1.665,1435959.5,30.03,0.0,137.802,30.03,8,124,1,Q2,
AIDX,NASDAQ,True,2026-09-11,142,0.95,94756.7,52.632,219.202,219.955,160.725,76,142,0,Q1 least liquid,
AIFA,NASDAQ,True,2026-09-11,259,0.5219,152263.6,95.804,0.0,170.837,95.804,96,259,0,Q1 least liquid,
AIFC,NASDAQ,True,2026-09-11,259,1.32,3271529.8,37.879,0.0,102.519,37.879,109,259,0,Q2,
AIFF,NASDAQ,True,2026-09-11,259,1.59,299832.0,31.447,0.0,85.703,31.447,109,259,1,Q1 least liquid,
AIFU,NASDAQ,True,2026-09-11,259,2.91,34001.5,17.182,198.901,199.028,198.901,258,259,0,Q1 least liquid,
AIG,NYSE,True,2026-09-11,259,77.07,288814746.4,0.649,0.0,19.364,0.649,112,259,0,Q5 most liquid,0.0
AII,NYSE,True,2026-09-11,259,19.67,2206095.8,2.542,23.847,31.129,23.847,162,259,0,Q2,
AIIA,NYSE,True,2026-09-11,200,10.1,11623.0,4.95,26.039,26.039,24.172,138,200,0,Q1 least liquid,
AIM,AMEX,True,2026-09-11,259,0.8437,170829.1,59.263,153.62,175.246,153.62,164,259,1,Q1 least liquid,
AIMD,NASDAQ,True,2026-09-11,259,1.85,59187.6,27.027,49.421,62.335,27.027,136,259,1,Q1 least liquid,
AIN,NYSE,True,2026-09-11,259,57.85,14720382.7,0.864,10.07,27.517,10.07,139,259,0,Q3,
AIOT,NASDAQ,True,2026-09-11,259,4.2,5332860.8,11.905,45.74,47.382,45.74,248,259,0,Q3,
AIP,NASDAQ,True,2026-09-11,259,17.02,11065010.6,2.938,52.383,58.514,52.383,204,259,0,Q3,
AIR,NYSE,True,2026-09-11,259,108.76,40228922.8,0.46,34.436,38.011,34.436,160,259,0,Q4,
AIRE,NASDAQ,True,2026-09-11,259,0.5344,559312.5,93.563,167.081,193.371,167.081,196,259,4,Q2,
AIRG,NASDAQ,True,2026-09-11,259,4.96,296840.1,10.081,58.102,62.285,58.102,215,259,0,Q1 least liquid,
AIRI,AMEX,True,2026-09-11,259,3.08,114441.0,16.234,78.32,79.836,78.32,234,259,0,Q1 least liquid,
AIRJ,NASDAQ,True,2026-09-11,259,4.125,1573425.8,12.121,50.277,60.966,50.277,213,259,0,Q2,
AIRO,NASDAQ,True,2026-09-11,259,8.98,4779087.4,5.568,50.543,65.29,49.155,151,259,0,Q3,
AIRS,NASDAQ,True,2026-09-11,259,3.44,3055608.5,14.535,104.378,121.178,104.378,195,259,0,Q2,
AIRT,NASDAQ,True,2026-09-11,259,22.4329,29241.3,2.229,126.577,126.577,126.577,259,259,1,Q1 least liquid,
AISP,NASDAQ,True,2026-09-11,259,2.79,1592565.9,17.921,40.053,57.633,40.053,152,259,1,Q2,
AIT,NYSE,True,2026-09-11,259,279.84,72284706.9,0.179,20.916,24.495,20.916,202,259,0,Q4,
AIV,NYSE,True,2026-09-11,259,4.31,7544738.2,11.601,43.946,43.946,43.946,259,259,0,Q3,
AIXC,NASDAQ,True,2026-09-11,259,1.39,95372.6,35.971,127.634,137.052,110.482,177,259,3,Q1 least liquid,
AIZ,NYSE,True,2026-09-11,259,233.32,79538721.6,0.214,0.0,21.889,0.214,128,259,0,Q4,
AJG,NYSE,True,2026-09-11,259,248.06,399995945.8,0.202,12.9,19.886,12.9,171,259,0,Q5 most liquid,1.587
AKA,NYSE,True,2026-09-11,259,10.84,37684.5,4.613,166.262,166.262,166.262,259,259,0,Q1 least liquid,
AKAM,NASDAQ,True,2026-09-11,259,99.89,333275748.8,0.501,32.809,46.572,32.809,195,259,0,Q5 most liquid,4.037
AKBA,NASDAQ,True,2026-09-11,259,1.4,4717803.4,35.714,114.778,115.668,114.778,254,259,1,Q3,
AKTS,NASDAQ,True,2026-09-11,169,20.43,5514581.4,2.447,0.0,867.865,2.447,63,169,0,Q3,
AKTX,NASDAQ,True,2026-09-11,259,0.85,125327.0,58.824,174.885,179.841,174.885,220,259,0,Q1 least liquid,
ALAB,NASDAQ,True,2026-09-11,259,186.68,1003635627.5,0.268,20.268,90.553,20.268,134,259,0,Q5 most liquid,2.494
ALB,NYSE,True,2026-09-11,259,141.05,343347822.3,0.354,0.0,37.875,0.354,112,259,0,Q5 most liquid,0.0
ALCO,NASDAQ,True,2026-09-11,259,39.82,797280.0,1.256,32.625,32.625,32.625,259,259,0,Q2,
ALDX,NASDAQ,True,2026-09-11,259,4.14,3022010.1,12.077,56.652,81.428,56.652,187,259,2,Q2,
ALEC,NASDAQ,True,2026-09-11,259,2.0,1667815.7,25.0,87.308,93.872,74.856,156,259,1,Q2,
ALG,NYSE,True,2026-09-11,259,170.1,21916123.9,0.294,10.53,25.992,10.53,139,259,0,Q4,
ALGM,NASDAQ,True,2026-09-11,259,35.47,72207242.8,1.41,81.292,85.869,81.292,206,259,0,Q4,
ALGN,NASDAQ,True,2026-09-11,259,166.87,169331973.0,0.3,0.0,38.078,0.3,117,259,0,Q5 most liquid,0.0
ALGS,NASDAQ,True,2026-09-11,259,7.09,523933.5,7.052,74.322,79.19,74.322,233,259,0,Q2,
ALGT,NASDAQ,True,2026-09-11,259,82.835,37734114.1,0.604,45.948,53.47,45.948,201,259,0,Q4,
ALH,NYSE,True,2026-09-11,232,24.01,17039033.0,2.082,46.317,46.664,42.331,168,232,0,Q3,
ALHC,NASDAQ,True,2026-09-11,259,18.27,56711479.2,2.737,0.0,62.979,2.737,128,259,0,Q4,
ALIT,NYSE,True,2026-09-11,259,1.97,19751205.6,25.381,30.14,41.272,30.14,146,259,0,Q3,
ALK,NYSE,True,2026-09-11,259,47.26,147985978.2,1.058,0.0,29.825,1.058,99,259,0,Q5 most liquid,0.0
ALKT,NASDAQ,True,2026-09-11,259,19.08,26119299.9,2.621,24.394,51.803,24.394,141,259,0,Q4,
ALL,NYSE,True,2026-09-11,259,210.68,316119354.6,0.237,13.625,17.583,13.625,175,259,0,Q5 most liquid,1.677
ALLE,NYSE,True,2026-09-11,259,160.28,143206112.3,0.312,12.212,18.397,12.212,171,259,0,Q5 most liquid,1.503
ALLO,NASDAQ,True,2026-09-11,259,1.85,9351692.8,27.027,62.817,79.171,62.817,235,259,0,Q3,
ALLR,NASDAQ,True,2026-09-11,259,1.26,178742.1,39.683,105.587,105.587,105.587,259,259,0,Q1 least liquid,
ALLY,NYSE,True,2026-09-11,259,42.34,133073834.9,1.181,26.454,29.956,26.454,195,259,0,Q5 most liquid,3.255
ALMS,NASDAQ,True,2026-09-11,259,22.86,23280406.8,2.187,69.025,75.149,43.691,161,259,1,Q4,
ALMU,NASDAQ,True,2026-09-11,259,16.58,7537838.9,3.016,52.553,89.103,52.553,172,259,0,Q3,
ALNT,NASDAQ,True,2026-09-11,259,63.32,11938312.6,0.79,21.428,49.425,21.428,147,259,0,Q3,
ALNY,NASDAQ,True,2026-09-11,259,325.07,398005912.6,0.154,6.12,36.129,6.12,132,259,1,Q5 most liquid,0.753
ALOY,NASDAQ,True,2026-09-11,259,9.88,11499507.9,5.061,55.389,98.46,55.389,162,259,2,Q3,
ALPS,NASDAQ,True,2026-09-11,216,0.9,25360.7,55.556,252.204,252.389,242.241,153,216,0,Q1 least liquid,
ALRM,NASDAQ,True,2026-09-11,259,50.12,20169263.5,0.998,10.522,20.205,10.522,150,259,0,Q3,
ALRS,NASDAQ,True,2026-09-11,259,24.465,3408130.4,2.044,21.765,25.524,21.765,194,259,0,Q2,
ALSN,NYSE,True,2026-09-11,259,113.86,88968655.0,0.439,0.0,36.741,0.439,118,259,0,Q4,
ALT,NASDAQ,True,2026-09-11,259,3.57,10994672.7,14.006,0.0,53.37,14.006,118,259,3,Q3,
ALTG,NYSE,True,2026-09-11,259,6.43,1223102.3,7.776,31.29,60.718,31.29,137,259,0,Q2,
ALTI,NASDAQ,True,2026-09-11,259,3.84,457881.8,13.021,66.172,70.191,66.172,223,259,1,Q2,
ALTO,NASDAQ,True,2026-09-11,259,3.96,4705648.6,12.626,44.853,88.223,44.853,155,259,0,Q3,
ALTS,NASDAQ,False,2026-04-28,165,1.67,6255960.5,29.94,0.0,116.487,29.94,15,165,0,Q3,
ALUB,NYSE,True,2026-09-11,172,10.04,8961.3,4.98,9.251,9.251,8.076,110,172,0,Q1 least liquid,
ALV,NYSE,True,2026-09-11,259,120.76,73706962.7,0.414,25.106,29.708,25.106,217,259,0,Q4,
ALX,NYSE,True,2026-09-11,259,240.67,11734417.3,0.208,31.192,31.577,31.192,245,259,0,Q3,
ALXO,NASDAQ,True,2026-09-11,259,1.79,973042.2,27.933,95.632,95.632,95.632,259,259,0,Q2,
ALZN,NASDAQ,True,2026-09-11,259,1.89,103498.9,26.455,74.228,83.356,74.228,214,259,0,Q1 least liquid,
AM,NYSE,True,2026-09-11,259,21.26,47453367.5,2.352,31.228,35.712,31.228,219,259,0,Q4,
AMAL,NASDAQ,True,2026-09-11,259,39.08,5600994.6,1.279,17.104,22.426,17.104,194,259,0,Q3,
AMAT,NASDAQ,True,2026-09-11,259,352.46,2455722976.2,0.142,75.52,75.69,75.52,256,259,0,Q5 most liquid,9.292
AMBO,AMEX,True,2026-09-11,259,2.46,31683.7,20.325,242.613,242.613,242.613,259,259,0,Q1 least liquid,
AMBP,NYSE,True,2026-09-11,259,4.11,5181879.2,12.165,17.371,40.021,17.371,182,259,0,Q3,
AMBQ,NYSE,True,2026-09-11,259,32.4,8685957.0,1.543,3.803,48.017,1.543,110,259,0,Q3,
AMC,NYSE,True,2026-09-11,259,1.96,48369010.7,25.51,0.0,43.895,25.51,124,259,2,Q4,
AMCI,NASDAQ,True,2026-09-11,259,6.38,319872.0,7.837,135.529,173.24,76.752,132,259,1,Q1 least liquid,
AMCX,NASDAQ,True,2026-09-11,259,8.43,3748262.8,5.931,36.077,41.293,36.077,208,259,0,Q2,
AMD,NASDAQ,True,2026-09-11,259,240.56,10033501126.9,0.208,0.0,126.842,0.208,118,259,0,Q5 most liquid,0.0
AME,NYSE,True,2026-09-11,259,224.71,260049130.0,0.223,29.261,29.261,29.261,259,259,0,Q5 most liquid,3.6
AMG,NYSE,True,2026-09-11,259,300.91,90016384.1,0.166,11.191,26.308,11.191,137,259,0,Q4,
AMGN,NASDAQ,True,2026-09-11,259,343.99,860261539.6,0.145,8.783,20.852,8.783,142,259,0,Q5 most liquid,1.081
AMH,NYSE,True,2026-09-11,259,32.08,86142900.0,1.559,25.157,27.084,25.157,202,259,0,Q4,
AMIX,NASDAQ,True,2026-09-11,259,0.663,149763.7,75.415,136.384,185.075,136.384,198,259,0,Q1 least liquid,
AMKR,NASDAQ,True,2026-09-11,259,48.13,197296425.8,1.039,54.818,61.429,54.818,211,259,0,Q5 most liquid,6.745
AMLX,NASDAQ,True,2026-09-11,259,14.35,19837058.8,3.484,46.218,54.771,46.218,178,259,0,Q3,
AMN,NYSE,True,2026-09-11,259,20.41,19455857.1,2.45,0.0,52.155,2.45,125,259,0,Q3,
AMOD,NASDAQ,True,2026-09-11,259,0.87,136852.2,57.471,137.951,146.507,137.951,221,259,2,Q1 least liquid,
AMP,NYSE,True,2026-09-11,259,479.36,269009820.6,0.104,20.182,22.693,20.182,204,259,0,Q5 most liquid,2.483
AMPG,NASDAQ,True,2026-09-11,259,3.44,2340381.6,14.535,25.355,81.771,25.355,135,259,1,Q2,
AMPH,NASDAQ,True,2026-09-11,259,23.18,9735817.4,2.157,31.913,59.883,31.913,149,259,0,Q3,
AMPL,NASDAQ,True,2026-09-11,259,9.69,14618843.2,5.16,0.0,35.389,5.16,120,259,0,Q3,
AMPX,NYSE,True,2026-09-11,259,11.85,93262582.9,4.219,0.0,74.851,4.219,92,259,0,Q5 most liquid,0.0
AMPY,NYSE,True,2026-09-11,259,4.83,3401086.3,10.352,0.0,46.798,10.352,129,259,0,Q2,
AMR,NYSE,True,2026-09-11,259,180.8,46295856.5,0.277,48.278,51.282,48.278,208,259,1,Q4,
AMRC,NYSE,True,2026-09-11,259,29.41,15009419.4,1.7,61.523,64.058,61.523,236,259,0,Q3,
AMRN,NASDAQ,True,2026-09-11,259,14.84,1030579.1,3.369,14.691,26.484,14.691,162,259,1,Q2,
AMRX,NASDAQ,True,2026-09-11,259,12.88,22002815.8,3.882,16.685,29.566,16.685,155,259,0,Q4,
AMRZ,NYSE,True,2026-09-11,259,52.94,164412797.4,0.944,0.0,30.398,0.944,107,259,0,Q5 most liquid,0.0
AMS,AMEX,True,2026-09-11,259,2.07,24055.5,24.155,96.045,104.79,96.045,176,259,0,Q1 least liquid,
AMSC,NASDAQ,True,2026-09-11,259,33.78,33495488.0,1.48,65.5,94.085,65.5,178,259,0,Q4,
AMSF,NASDAQ,True,2026-09-11,259,34.47,6246146.0,1.451,0.0,12.957,1.451,73,259,0,Q3,
AMST,NASDAQ,True,2026-09-11,259,1.83,70505.2,27.322,146.494,146.494,146.494,259,259,1,Q1 least liquid,
AMT,NYSE,True,2026-09-11,259,179.12,534272678.6,0.279,5.666,24.223,5.666,133,259,0,Q5 most liquid,0.697
AMTB,NYSE,True,2026-09-11,259,21.89,5544244.4,2.284,19.642,30.653,19.642,170,259,1,Q3,
AMTM,NYSE,True,2026-09-11,259,24.17,45924342.0,2.069,0.0,49.375,2.069,123,259,0,Q4,
AMTX,NASDAQ,True,2026-09-11,259,1.88,1868383.1,26.596,0.0,107.77,26.596,95,259,1,Q2,
AMWL,NYSE,True,2026-09-11,259,6.04,520851.9,8.278,34.197,48.243,34.197,174,259,0,Q2,
AMZE,AMEX,True,2026-09-11,259,0.3037,472326.2,164.636,92.949,212.26,164.636,180,259,0,Q2,
AMZN,NASDAQ,True,2026-09-11,259,234.34,9896704232.3,0.213,20.881,27.036,20.881,183,259,0,Q5 most liquid,2.569
AN,NYSE,True,2026-09-11,259,204.08,77943301.0,0.245,30.251,31.928,30.251,247,259,0,Q4,
ANAB,NASDAQ,True,2026-09-11,259,53.36,23863216.8,0.937,89.113,106.144,89.113,203,259,1,Q4,
ANDE,NASDAQ,True,2026-09-11,259,65.71,18593673.6,0.761,0.0,31.788,0.761,122,259,0,Q3,
ANDG,NYSE,True,2026-09-11,184,34.995,9099361.0,1.429,70.967,71.006,56.152,121,184,0,Q3,
ANET,NYSE,True,2026-09-11,259,145.29,1098071998.2,0.344,0.0,33.141,0.344,69,259,0,Q5 most liquid,0.0
ANF,NYSE,True,2026-09-11,259,91.93,127729792.6,0.544,0.0,25.545,0.544,63,259,0,Q5 most liquid,0.0
ANGI,NASDAQ,True,2026-09-11,259,7.92,8096501.1,6.313,0.0,39.225,6.313,128,259,0,Q3,
ANGO,NASDAQ,True,2026-09-11,259,11.72,4525578.7,4.266,19.558,89.145,19.558,157,259,0,Q3,
ANGX,NYSE,True,2026-09-11,252,4.2,3730325.4,11.905,0.0,36.37,11.905,46,252,0,Q2,
ANIK,NASDAQ,True,2026-09-11,259,14.18,1347958.9,3.526,0.0,67.012,3.526,107,259,0,Q2,
ANIP,NASDAQ,True,2026-09-11,259,80.98,26546525.8,0.617,32.824,40.921,32.824,204,259,0,Q4,
ANIX,NASDAQ,True,2026-09-11,259,3.13,502013.8,15.974,66.666,68.205,66.666,246,259,0,Q2,
ANNA,NASDAQ,True,2026-09-11,259,3.22,301730.1,15.528,170.576,189.695,170.576,219,259,0,Q1 least liquid,
ANNX,NASDAQ,True,2026-09-11,259,5.17,11740147.1,9.671,33.106,51.144,33.106,162,259,0,Q3,
ANRO,NYSE,True,2026-09-11,259,19.98,5944791.4,2.503,69.672,77.978,69.672,169,259,0,Q3,
ANTX,NASDAQ,True,2026-09-11,259,2.97,406649.3,16.835,65.855,85.713,65.855,151,259,1,Q2,
ANVS,NYSE,True,2026-09-11,259,2.17,1371798.3,23.041,0.0,80.513,23.041,112,259,0,Q2,
AOMR,NYSE,True,2026-09-11,259,8.88,791631.9,5.631,37.343,37.404,37.343,255,259,0,Q2,
AON,NYSE,True,2026-09-11,259,343.2,419389522.9,0.146,0.0,37.935,0.146,88,259,0,Q5 most liquid,0.0
AORT,NYSE,True,2026-09-11,259,37.48,15412785.4,1.334,0.0,31.561,1.334,69,259,0,Q3,
AOS,NYSE,True,2026-09-11,259,65.79,87500535.2,0.76,19.796,24.557,19.796,188,259,0,Q4,
AOUT,NASDAQ,True,2026-09-11,259,9.03,512919.2,5.537,39.832,41.821,39.832,217,259,0,Q2,
AP,NYSE,True,2026-09-11,259,7.54,942132.8,6.631,55.1,67.278,55.1,163,259,0,Q2,
APA,NASDAQ,True,2026-09-11,259,32.36,186897326.0,1.545,28.339,32.238,28.339,209,259,0,Q5 most liquid,3.487
APAM,NYSE,True,2026-09-11,259,41.48,24106686.9,1.205,21.233,25.206,21.233,194,259,0,Q4,
APC,NASDAQ,True,2026-09-11,146,18.895,2435257.4,2.646,51.283,51.283,47.493,83,146,1,Q2,
APD,NYSE,True,2026-09-11,259,282.85,325082346.8,0.177,5.992,22.649,5.992,136,259,0,Q5 most liquid,0.737
APEI,NASDAQ,True,2026-09-11,259,45.23,10862250.2,1.105,49.531,56.952,49.531,178,259,1,Q3,
APG,NYSE,True,2026-09-11,259,41.19,104034899.3,1.214,33.987,35.586,33.987,240,259,0,Q5 most liquid,4.182
APH,NYSE,True,2026-09-11,259,139.36,1107322761.5,0.359,63.005,66.797,63.005,237,259,0,Q5 most liquid,7.753
APLD,NASDAQ,True,2026-09-11,259,29.87,659618979.4,1.674,0.0,60.791,1.674,77,259,1,Q5 most liquid,0.0
APLE,NYSE,True,2026-09-11,259,12.42,35284686.4,4.026,24.036,27.119,24.036,219,259,0,Q4,
APO,NYSE,True,2026-09-11,259,129.53,464736800.2,0.386,25.661,27.812,25.661,226,259,0,Q5 most liquid,3.157
APOG,NASDAQ,True,2026-09-11,259,38.42,7348077.4,1.301,0.0,69.592,1.301,119,259,0,Q3,
APP,NASDAQ,True,2026-09-11,259,492.98,2450701227.0,0.101,0.0,39.125,0.101,51,259,0,Q5 most liquid,0.0
APPF,NASDAQ,True,2026-09-11,259,195.965,62795771.6,0.255,0.0,66.124,0.255,100,259,0,Q4,
APPN,NASDAQ,True,2026-09-11,259,28.15,22915991.3,1.776,0.0,58.134,1.776,117,259,0,Q4,
APPS,NASDAQ,True,2026-09-11,259,5.22,15975734.1,9.579,0.0,90.072,9.579,103,259,1,Q3,
APRE,NASDAQ,True,2026-09-11,259,0.8601,79440.8,58.133,149.644,160.46,149.644,249,259,0,Q1 least liquid,
APT,AMEX,True,2026-09-11,259,4.84,138052.9,10.331,57.321,62.087,57.321,200,259,0,Q1 least liquid,
APTV,NYSE,True,2026-09-11,259,72.36,163721463.7,0.691,27.777,31.407,27.777,193,259,0,Q5 most liquid,3.418
APUS,AMEX,True,2026-09-11,259,1.84,84156.2,27.174,196.65,199.031,196.65,238,259,0,Q1 least liquid,
APVO,NASDAQ,True,2026-09-11,259,4.37,252877.2,11.442,138.115,243.892,138.115,232,259,0,Q1 least liquid,
APWC,NASDAQ,True,2026-09-11,259,1.6599,9966.6,30.122,121.308,121.308,121.308,259,259,2,Q1 least liquid,
APXT,NASDAQ,True,2026-09-11,205,9.99,306776.0,5.005,12.927,12.927,12.927,205,205,0,Q1 least liquid,
APYX,NASDAQ,True,2026-09-11,259,3.78,338636.0,13.228,37.106,54.515,37.106,173,259,0,Q1 least liquid,
AQB,NASDAQ,True,2026-09-11,259,0.9802,36871.7,51.01,139.325,148.014,139.325,194,259,0,Q1 least liquid,
AQMS,NASDAQ,True,2026-09-11,259,4.6,232350.6,10.87,82.277,106.52,33.637,133,259,1,Q1 least liquid,
AQN,NYSE,True,2026-09-11,259,5.96,24746117.2,8.389,0.0,32.582,8.389,94,259,0,Q4,
AQST,NASDAQ,True,2026-09-11,259,4.25,10334441.4,11.765,0.0,50.012,11.765,69,259,0,Q3,
AR,NYSE,True,2026-09-11,259,34.9,167182342.5,1.433,33.508,36.662,33.508,212,259,0,Q5 most liquid,4.123
ARAI,NASDAQ,True,2026-09-11,259,1.05,435393.3,47.619,87.05,92.001,87.05,212,259,0,Q2,
ARAY,NASDAQ,True,2026-09-11,259,0.4903,609596.0,101.978,129.181,133.132,129.181,245,259,0,Q2,
ARCB,NASDAQ,True,2026-09-11,259,100.51,31657090.0,0.497,29.475,44.099,29.475,156,259,0,Q4,
ARCC,NASDAQ,True,2026-09-11,259,19.52,102582682.8,2.561,0.0,16.486,2.561,117,259,0,Q5 most liquid,0.0
ARCI,NASDAQ,True,2026-09-11,125,9.98,33933.7,5.01,23.426,23.426,23.426,125,125,0,Q1 least liquid,
ARCO,NYSE,True,2026-09-11,259,8.02,8789049.3,6.234,7.557,25.844,7.557,136,259,0,Q3,
ARCT,NASDAQ,True,2026-09-11,259,7.58,4064769.9,6.596,33.77,61.393,6.596,104,259,3,Q3,
ARDT,NYSE,True,2026-09-11,259,9.69,3987154.0,5.16,0.0,79.91,5.16,122,259,0,Q3,
ARDX,NASDAQ,True,2026-09-11,259,5.83,17804775.3,8.576,0.0,63.41,8.576,86,259,0,Q3,
ARE,NYSE,True,2026-09-11,259,51.45,106301879.3,0.972,0.0,25.711,0.972,88,259,0,Q5 most liquid,0.0
AREC,NASDAQ,True,2026-09-11,259,2.62,7432545.1,19.084,98.115,107.539,98.115,211,259,0,Q3,
ARES,NYSE,True,2026-09-11,259,138.06,306867594.9,0.362,0.0,44.866,0.362,91,259,0,Q5 most liquid,0.0
ARHS,NASDAQ,True,2026-09-11,259,8.94,11399199.0,5.593,50.25,52.735,50.25,233,259,0,Q3,
ARI,NYSE,True,2026-09-11,259,10.28,11891094.2,4.864,40.814,40.814,40.814,259,259,0,Q3,
ARIS,NYSE,True,2026-09-11,259,16.66,22823700.2,3.001,0.0,38.319,3.001,46,259,0,Q4,
ARKO,NASDAQ,True,2026-09-11,259,5.19,3739520.7,9.634,0.0,32.186,9.634,87,259,0,Q2,
ARKR,NASDAQ,True,2026-09-11,259,6.75,10638.6,7.407,139.53,139.53,139.53,259,259,0,Q1 least liquid,
ARL,NYSE,True,2026-09-11,259,15.69,24875.8,3.187,146.245,149.293,146.245,253,259,0,Q1 least liquid,
ARLO,NYSE,True,2026-09-11,259,13.93,16686145.9,3.589,0.0,66.661,3.589,104,259,1,Q3,
ARMH,ARCA,False,2026-09-11,259,60.512,60637.2,0.826,0.0,41.717,0.826,92,259,0,Q1 least liquid,
ARMK,NYSE,True,2026-09-11,259,40.53,105303780.8,1.234,25.707,26.356,25.707,244,259,0,Q5 most liquid,3.163
ARMP,AMEX,True,2026-09-11,259,6.4,349785.2,7.812,100.628,100.875,89.647,195,259,2,Q1 least liquid,
AROC,NYSE,True,2026-09-11,259,32.7,50759681.4,1.529,42.304,46.89,42.304,237,259,0,Q4,
AROW,NASDAQ,True,2026-09-11,259,33.98,2440155.4,1.471,24.468,27.23,24.468,204,259,0,Q2,
ARQ,NASDAQ,True,2026-09-11,259,3.2,1003360.1,15.625,0.0,59.482,15.625,76,259,1,Q2,
ARQT,NASDAQ,True,2026-09-11,259,24.78,36909221.1,2.018,25.122,36.598,25.122,192,259,0,Q4,
ARR,NYSE,True,2026-09-11,259,16.95,51622780.8,2.95,6.296,13.923,6.296,140,259,0,Q4,
ARRY,NASDAQ,True,2026-09-11,259,7.97,45875456.2,6.274,68.762,77.172,68.762,181,259,0,Q4,
ARTL,NASDAQ,True,2026-09-11,259,1.78,228016.6,28.09,0.0,134.028,28.09,84,259,2,Q1 least liquid,
ARTNA,NASDAQ,True,2026-09-11,259,32.63,952320.7,1.532,28.54,28.54,28.54,259,259,0,Q2,
ARTV,NASDAQ,True,2026-09-11,259,5.47,1332735.6,9.141,56.587,89.751,56.587,147,259,0,Q2,
ARTW,NASDAQ,True,2026-09-11,259,2.48,51804.7,20.161,113.604,113.604,113.604,259,259,0,Q1 least liquid,
ARVN,NASDAQ,True,2026-09-11,259,9.8,8830409.5,5.102,37.49,57.746,37.49,154,259,1,Q3,
ARW,NYSE,True,2026-09-11,259,145.85,83525361.5,0.343,0.0,24.916,0.343,123,259,0,Q4,
ARWR,NASDAQ,True,2026-09-11,259,66.69,114963733.5,0.75,0.0,44.413,0.75,113,259,1,Q5 most liquid,0.0
ARX,NYSE,True,2026-09-11,259,13.71,16415150.6,3.647,0.0,27.807,3.647,55,259,0,Q3,
AS,NYSE,True,2026-09-11,259,35.19,145111477.0,1.421,4.902,22.422,4.902,134,259,0,Q5 most liquid,0.603
ASA,NYSE,True,2026-09-11,259,58.6,4864305.0,0.853,12.428,29.309,12.428,139,259,0,Q3,
ASAN,NYSE,True,2026-09-11,259,8.83,42458093.9,5.663,0.0,45.203,5.663,69,259,0,Q4,
ASB,NYSE,True,2026-09-11,259,27.17,50345081.1,1.84,28.865,28.865,28.865,259,259,0,Q4,
ASBP,NASDAQ,True,2026-09-11,259,1.125,590898.0,44.444,0.0,188.9,44.444,76,259,2,Q2,
ASC,NYSE,True,2026-09-11,259,14.96,8409524.8,3.342,13.017,44.014,13.017,137,259,0,Q3,
ASG,NYSE,True,2026-09-11,259,5.3,1192996.0,9.434,14.349,15.867,14.349,212,259,0,Q2,
ASH,NYSE,True,2026-09-11,259,57.97,39635476.9,0.863,11.245,28.371,11.245,142,259,1,Q4,
ASIC,NYSE,True,2026-09-11,259,20.24,1647465.1,2.47,62.406,67.921,61.761,202,259,0,Q2,
ASIX,NYSE,True,2026-09-11,259,19.63,5772101.2,2.547,0.0,18.982,2.547,48,259,0,Q3,
ASLE,NASDAQ,True,2026-09-11,259,6.62,2119863.8,7.553,41.018,43.771,41.018,228,259,0,Q2,
ASM,AMEX,True,2026-09-11,259,6.42,28741473.3,7.788,0.0,49.164,7.788,90,259,0,Q4,
ASMB,NASDAQ,True,2026-09-11,259,28.34,3287590.9,1.764,30.662,47.287,30.662,170,259,0,Q2,
ASMH,ARCA,False,2026-09-11,259,81.23,84066.4,0.616,31.651,45.435,31.651,177,259,0,Q1 least liquid,
ASND,NASDAQ,True,2026-09-11,259,223.59,124137262.8,0.224,47.816,47.829,47.816,258,259,0,Q5 most liquid,5.884
ASO,NASDAQ,True,2026-09-11,259,51.05,74892404.8,0.979,11.269,28.413,11.269,143,259,0,Q4,
ASPI,NASDAQ,True,2026-09-11,259,5.805,27308900.5,8.613,0.0,42.315,8.613,36,259,0,Q4,
ASPN,NYSE,True,2026-09-11,259,4.67,6234547.0,10.707,0.0,57.418,10.707,100,259,0,Q3,
ASRV,NASDAQ,True,2026-09-11,259,3.68,45698.3,13.587,109.714,109.714,109.714,259,259,0,Q1 least liquid,
ASST,NASDAQ,True,2026-09-11,259,9.25,55973516.2,5.405,0.0,204.728,5.405,53,259,2,Q4,
ASTC,NASDAQ,True,2026-09-11,259,3.83,106969.3,13.055,0.0,126.453,13.055,95,259,1,Q1 least liquid,
ASTE,NASDAQ,True,2026-09-11,259,48.7,8841657.5,1.027,0.0,49.912,1.027,103,259,0,Q3,
ASTH,NASDAQ,True,2026-09-11,259,29.79,12764835.4,1.678,0.0,15.026,1.678,33,259,0,Q3,
ASTI,NASDAQ,True,2026-09-11,259,3.94,2745028.3,12.69,151.098,160.581,151.098,192,259,2,Q2,
ASTS,NASDAQ,True,2026-09-11,259,76.4,1069600645.4,0.654,36.875,68.464,36.875,146,259,0,Q5 most liquid,4.537
ASUR,NASDAQ,True,2026-09-11,259,8.48,760191.8,5.896,0.0,20.953,5.896,121,259,0,Q2,
ASX,NYSE,True,2026-09-11,259,22.15,175330309.0,2.257,32.216,36.354,32.216,213,259,0,Q5 most liquid,3.964
ASYS,NASDAQ,True,2026-09-11,259,13.75,4027639.7,3.636,71.411,86.459,71.411,197,259,0,Q3,
ATAI,NASDAQ,True,2026-09-11,259,4.32,20492617.5,11.574,20.024,86.466,20.024,135,259,0,Q3,
ATCH,AMEX,True,2026-09-11,259,0.2413,728658.3,207.211,94.498,105.071,207.211,165,259,0,Q2,
ATCX,NASDAQ,True,2026-09-11,169,4.96,118628.6,10.081,127.412,127.412,113.545,107,169,0,Q1 least liquid,
ATEC,NASDAQ,True,2026-09-11,259,12.72,28897349.7,3.931,0.0,80.463,3.931,72,259,0,Q4,
ATEN,NYSE,True,2026-09-11,259,20.91,18670688.2,2.391,0.0,48.717,2.391,122,259,0,Q3,
ATER,NASDAQ,True,2026-09-11,259,0.7728,76066.5,64.7,83.186,158.415,83.186,179,259,0,Q1 least liquid,
ATEX,NASDAQ,True,2026-09-11,259,37.2,12016685.6,1.344,11.757,37.943,11.757,135,259,0,Q3,
ATHR,NASDAQ,True,2026-09-11,259,4.31,49679.2,11.601,244.086,244.086,244.086,259,259,0,Q1 least liquid,
ATI,NYSE,True,2026-09-11,259,147.96,242390362.6,0.338,16.545,34.802,16.545,144,259,0,Q5 most liquid,2.036
ATKR,NYSE,True,2026-09-11,259,68.32,28028760.1,0.732,0.0,43.088,0.732,112,259,0,Q4,
ATLC,NASDAQ,True,2026-09-11,259,67.09,4810125.6,0.745,18.927,33.0,18.927,153,259,0,Q3,
ATLO,NASDAQ,True,2026-09-11,259,27.51,989317.7,1.818,31.45,31.45,31.45,259,259,0,Q2,
ATLX,NASDAQ,True,2026-09-11,259,4.57,2232760.5,10.941,0.0,48.608,10.941,73,259,0,Q2,
ATMU,NYSE,True,2026-09-11,259,51.63,34857076.3,0.968,18.368,24.036,18.368,165,259,0,Q4,
ATNI,NASDAQ,True,2026-09-11,259,24.64,1535750.2,2.029,0.0,75.167,2.029,66,259,0,Q2,
ATNM,AMEX,True,2026-09-11,259,1.21,145906.5,41.322,60.063,69.134,60.063,209,259,0,Q1 least liquid,
ATO,NYSE,True,2026-09-11,259,173.35,167017046.9,0.288,21.7,23.219,21.7,213,259,0,Q5 most liquid,2.67
ATOM,NASDAQ,True,2026-09-11,259,4.53,2671414.6,11.038,97.451,164.483,97.451,185,259,0,Q2,
ATOS,NASDAQ,True,2026-09-11,259,2.36,386380.8,21.186,0.0,485.761,21.186,104,259,2,Q1 least liquid,
ATPC,NASDAQ,True,2026-09-11,259,2.13,101359.4,23.474,0.0,129.151,23.474,92,259,1,Q1 least liquid,
ATR,NYSE,True,2026-09-11,259,125.98,55962407.3,0.397,21.826,25.994,21.826,197,259,0,Q4,
ATRA,NASDAQ,True,2026-09-11,259,9.63,667974.4,5.192,54.102,67.781,5.192,116,259,2,Q2,
ATRC,NASDAQ,True,2026-09-11,259,34.77,20588342.4,1.438,36.256,52.302,36.256,177,259,0,Q4,
ATRO,NASDAQ,True,2026-09-11,259,71.47,37177466.8,0.7,22.069,63.589,22.069,143,259,0,Q4,
ATS,NYSE,True,2026-09-11,259,27.87,3815320.5,1.794,0.0,25.833,1.794,96,259,0,Q2,
ATXG,NASDAQ,True,2026-09-11,259,1.0,41155.3,50.0,206.859,214.173,206.859,226,259,0,Q1 least liquid,
ATYR,NASDAQ,True,2026-09-11,259,0.7591,1165632.1,65.867,54.262,104.005,65.867,106,259,2,Q2,
AU,NYSE,True,2026-09-11,259,89.55,234758311.5,0.558,25.078,48.01,25.078,164,259,0,Q5 most liquid,3.086
AUB,NYSE,True,2026-09-11,259,37.36,35589301.9,1.338,33.181,33.181,33.181,259,259,0,Q4,
AUBN,NASDAQ,True,2026-09-11,259,25.5,31065.6,1.961,131.016,131.016,131.016,259,259,0,Q1 least liquid,
AUDC,NASDAQ,True,2026-09-11,259,9.09,937114.7,5.501,15.137,43.032,15.137,133,259,0,Q2,
AUID,NASDAQ,True,2026-09-11,259,1.24,220703.3,40.323,111.103,117.231,111.103,206,259,0,Q1 least liquid,
AUNA,NYSE,True,2026-09-11,259,5.15,912128.6,9.709,46.212,57.814,46.212,193,259,0,Q2,
AUR,NASDAQ,True,2026-09-11,259,5.23,100774710.0,9.56,0.0,58.338,9.56,66,259,0,Q5 most liquid,0.0
AURA,NASDAQ,True,2026-09-11,259,6.38,1856410.6,7.837,0.0,35.086,7.837,104,259,0,Q2,
AUST,AMEX,True,2026-09-11,259,1.51,167283.6,33.113,105.139,149.323,105.139,185,259,0,Q1 least liquid,
AUUD,NASDAQ,True,2026-09-11,259,1.17,196316.7,42.735,84.101,162.108,84.101,137,259,1,Q1 least liquid,
AVA,NYSE,True,2026-09-11,259,40.06,23588370.4,1.248,14.245,16.908,14.245,190,259,0,Q4,
AVAH,NASDAQ,True,2026-09-11,259,8.46,11095988.9,5.91,43.514,66.673,43.514,191,259,0,Q3,
AVAL,NYSE,True,2026-09-11,259,4.35,511150.5,11.494,32.989,46.943,32.989,190,259,0,Q2,
AVAT,NASDAQ,True,2026-09-11,259,10.42,253823.9,4.798,8.205,12.579,8.205,194,259,0,Q1 least liquid,
AVAV,NASDAQ,True,2026-09-11,259,221.57,255519686.8,0.226,0.0,128.422,0.226,116,259,0,Q5 most liquid,0.0
AVBC,NYSE,True,2026-09-11,259,19.03,1218861.6,2.627,36.056,36.056,35.101,218,259,0,Q2,
AVBH,NASDAQ,True,2026-09-11,259,28.96,1815337.7,1.727,21.382,23.569,17.488,202,259,0,Q2,
AVBP,NASDAQ,True,2026-09-11,259,23.94,10132636.8,2.089,44.212,49.024,44.212,228,259,0,Q3,
AVGO,NASDAQ,True,2026-09-11,259,358.39,8120834643.9,0.14,53.59,56.147,53.59,230,259,0,Q5 most liquid,6.594
AVIR,NASDAQ,True,2026-09-11,259,4.36,1353115.1,11.468,59.721,63.623,59.721,212,259,1,Q2,
AVNT,NYSE,True,2026-09-11,259,35.99,24539197.4,1.389,0.0,38.601,1.389,108,259,0,Q4,
AVNW,NASDAQ,True,2026-09-11,259,21.65,2558208.1,2.309,46.048,53.12,46.048,234,259,0,Q2,
AVO,NASDAQ,True,2026-09-11,259,12.63,8582245.0,3.959,0.0,27.061,3.959,111,259,0,Q3,
AVPT,NASDAQ,True,2026-09-11,259,12.76,19624579.8,3.918,0.0,31.089,3.918,112,259,0,Q3,
AVR,NASDAQ,True,2026-09-11,259,5.89,4163623.8,8.489,66.939,70.929,66.939,206,259,0,Q3,
AVT,NASDAQ,True,2026-09-11,259,63.31,66814793.9,0.79,17.413,34.555,17.413,140,259,0,Q4,
AVTR,NYSE,True,2026-09-11,259,11.2,99162039.3,4.464,69.955,79.897,69.955,202,259,0,Q5 most liquid,8.608
AVTX,NASDAQ,True,2026-09-11,259,16.27,9376932.6,3.073,78.774,79.827,78.774,240,259,0,Q3,
AVXL,NASDAQ,True,2026-09-11,259,3.67,4741862.4,13.624,38.487,51.569,38.487,173,259,0,Q3,
AVY,NYSE,True,2026-09-11,259,170.76,113989132.8,0.293,0.0,24.162,0.293,80,259,0,Q5 most liquid,0.0
AWI,NYSE,True,2026-09-11,259,179.87,64144802.5,0.278,0.0,14.481,0.278,69,259,0,Q4,
AWK,NYSE,True,2026-09-11,259,132.72,230654183.4,0.377,22.721,30.226,22.721,165,259,0,Q5 most liquid,2.796
AWR,NYSE,True,2026-09-11,259,75.33,19740089.6,0.664,20.702,22.533,20.702,218,259,0,Q3,
AWRE,NASDAQ,True,2026-09-11,259,1.58,48579.2,31.646,126.378,126.378,126.378,259,259,0,Q1 least liquid,
AWX,AMEX,True,2026-09-11,259,2.6,12688.7,19.231,128.96,128.96,128.96,259,259,0,Q1 least liquid,
AX,NYSE,True,2026-09-11,259,89.21,29378216.7,0.56,24.234,26.638,24.234,206,259,0,Q4,
AXG,NASDAQ,True,2026-09-11,259,3.5,1293094.9,14.286,85.827,85.962,85.827,255,259,1,Q2,
AXGN,NASDAQ,True,2026-09-11,259,33.37,29758457.9,1.498,84.034,106.372,84.034,138,259,0,Q4,
AXIL,AMEX,True,2026-09-11,259,6.35,88044.0,7.874,229.626,229.626,229.626,259,259,0,Q1 least liquid,
AXON,NASDAQ,True,2026-09-11,259,543.55,429053971.5,0.092,0.0,125.385,0.092,66,259,0,Q5 most liquid,0.0
AXP,NYSE,True,2026-09-11,259,337.78,932665532.4,0.148,0.0,24.435,0.148,72,259,0,Q5 most liquid,0.0
AXR,NYSE,True,2026-09-11,259,23.79,147775.0,2.102,80.58,80.58,80.58,259,259,0,Q1 least liquid,
AXS,NYSE,True,2026-09-11,259,100.7,61933617.6,0.497,25.754,31.245,25.754,235,259,0,Q4,
AXSM,NASDAQ,True,2026-09-11,259,178.9,104774114.5,0.279,20.53,53.427,20.53,136,259,0,Q5 most liquid,2.526
AXTA,NYSE,True,2026-09-11,259,31.17,78986747.0,1.604,37.168,37.731,37.168,255,259,0,Q4,
AXTI,NASDAQ,True,2026-09-11,259,41.76,345234137.0,1.197,148.122,153.816,148.122,229,259,0,Q5 most liquid,18.226
AYI,NYSE,True,2026-09-11,259,330.59,97816121.0,0.151,0.0,34.122,0.151,78,259,0,Q5 most liquid,0.0
AYTU,NASDAQ,True,2026-09-11,259,2.3,103461.8,21.739,90.403,92.688,90.403,223,259,2,Q1 least liquid,
AZIO,NASDAQ,True,2026-09-11,259,1.65,438978.0,30.303,40.725,87.746,30.303,121,259,2,Q2,
AZN,NYSE,True,2026-09-11,154,184.83,413144424.0,0.271,23.523,31.393,0.271,67,154,0,Q5 most liquid,2.894
AZO,NYSE,True,2026-09-11,259,3496.19,579219114.8,0.014,0.0,24.681,0.014,115,259,0,Q5 most liquid,0.0
AZTA,NASDAQ,True,2026-09-11,259,29.52,19644031.6,1.694,0.0,48.294,1.694,101,259,0,Q3,
AZTR,AMEX,True,2026-09-11,259,0.2332,152899.8,214.408,172.917,173.043,214.408,258,259,1,Q1 least liquid,
AZZ,NYSE,True,2026-09-11,259,128.46,25415169.1,0.389,12.365,54.607,12.365,140,259,0,Q4,
B,NYSE,True,2026-09-11,259,40.91,545140968.0,1.222,0.0,57.56,1.222,116,259,0,Q5 most liquid,0.0
BA,NYSE,True,2026-09-11,259,217.8,1409093745.1,0.23,0.0,23.598,0.23,124,259,0,Q5 most liquid,0.0
BAC,NYSE,True,2026-09-11,259,53.12,1817187587.4,0.941,0.0,11.328,0.941,94,259,0,Q5 most liquid,0.0
BAER,NASDAQ,True,2026-09-11,259,1.89,865885.1,26.455,52.998,78.493,52.998,152,259,0,Q2,
BAFN,NASDAQ,True,2026-09-11,259,6.92,77399.5,7.225,114.746,114.818,114.746,257,259,0,Q1 least liquid,
BAH,NYSE,True,2026-09-11,259,80.33,156311219.4,0.622,0.0,24.598,0.622,116,259,0,Q5 most liquid,0.0
BALL,NYSE,True,2026-09-11,259,57.35,125532473.0,0.872,23.276,28.077,23.276,197,259,1,Q5 most liquid,2.864
BALY,NYSE,True,2026-09-11,259,13.56,978008.9,3.687,45.368,73.987,45.368,150,259,0,Q2,
BAM,NYSE,True,2026-09-11,259,50.56,131527338.8,0.989,28.342,31.152,28.342,208,259,0,Q5 most liquid,3.487
BANC,NYSE,True,2026-09-11,259,18.8,47342703.2,2.66,30.127,30.127,30.127,259,259,0,Q4,
BAND,NASDAQ,True,2026-09-11,259,16.77,6870584.1,2.982,27.595,43.46,27.595,148,259,0,Q3,
BANF,NASDAQ,True,2026-09-11,259,112.61,13627552.3,0.444,15.198,20.737,15.198,154,259,0,Q3,
BANR,NASDAQ,True,2026-09-11,259,64.65,15469901.2,0.773,26.624,27.335,26.624,234,259,0,Q3,
BANX,NASDAQ,True,2026-09-11,259,20.54,572742.4,2.434,22.115,22.195,22.115,255,259,0,Q2,
BAP,NYSE,True,2026-09-11,259,329.81,105693198.4,0.152,9.1,22.232,9.1,139,259,0,Q5 most liquid,1.12
BARK,NYSE,True,2026-09-11,259,0.8901,583853.3,56.173,91.01,97.146,91.01,211,259,0,Q2,
BATL,AMEX,True,2026-09-11,259,1.35,5782608.5,37.037,157.134,167.664,150.594,173,259,2,Q3,
BATRA,NASDAQ,True,2026-09-11,259,47.46,2669582.9,1.054,24.821,24.849,24.821,257,259,0,Q2,
BATRK,NASDAQ,True,2026-09-11,259,43.13,14876800.4,1.159,23.166,24.425,23.166,230,259,0,Q3,
BAX,NYSE,True,2026-09-11,259,19.91,140769293.2,2.511,0.0,45.641,2.511,87,259,0,Q5 most liquid,0.0
BB,NYSE,True,2026-09-11,259,4.55,47868088.2,10.989,0.0,67.197,10.989,123,259,0,Q4,
BBAI,NYSE,True,2026-09-11,259,4.19,179661799.8,11.933,84.351,87.163,84.351,240,259,0,Q5 most liquid,10.379
BBAR,NYSE,True,2026-09-11,259,16.02,11022763.0,3.121,50.62,71.214,50.62,189,259,0,Q3,
BBCP,NASDAQ,True,2026-09-11,259,7.11,790438.0,7.032,51.47,54.308,51.47,247,259,0,Q2,
BBDC,NYSE,True,2026-09-11,259,8.85,5497135.2,5.65,10.986,17.383,10.986,168,259,0,Q3,
BBGI,NASDAQ,True,2026-09-11,259,5.766,243484.9,8.672,134.42,135.956,71.58,131,259,2,Q1 least liquid,
BBIO,NASDAQ,True,2026-09-11,259,71.39,154757820.2,0.7,58.966,69.838,58.966,224,259,0,Q5 most liquid,7.256
BBLG,NASDAQ,True,2026-09-11,259,1.36,35386.3,36.765,136.17,144.72,136.17,195,259,0,Q1 least liquid,
BBNX,NASDAQ,True,2026-09-11,259,16.76,14692568.0,2.983,39.675,56.134,39.675,170,259,0,Q3,
BBOT,NASDAQ,True,2026-09-11,259,9.74,2219331.7,5.133,58.384,64.368,58.384,202,259,0,Q2,
BBSI,NASDAQ,True,2026-09-11,259,34.86,6993918.0,1.434,0.0,23.763,1.434,72,259,0,Q3,
BBT,NYSE,True,2026-09-11,259,28.89,21865109.6,1.731,21.218,27.263,21.218,199,259,0,Q4,
BBVA,NYSE,True,2026-09-11,259,22.73,32004097.7,2.2,18.526,28.652,18.526,153,259,0,Q4,
BBW,NYSE,True,2026-09-11,259,44.04,15445504.5,1.135,37.129,44.334,37.129,199,259,0,Q3,
BBWI,NYSE,True,2026-09-11,259,20.42,119284008.9,2.449,0.0,24.8,2.449,86,259,0,Q5 most liquid,0.0
BBY,NYSE,True,2026-09-11,259,74.17,271660089.2,0.674,22.429,30.046,22.429,170,259,0,Q5 most liquid,2.76
BC,NYSE,True,2026-09-11,259,77.33,53433458.3,0.647,17.063,24.576,17.063,146,259,0,Q4,
BCAL,NASDAQ,True,2026-09-11,259,18.85,3079933.3,2.653,23.883,24.088,23.883,247,259,0,Q2,
BCAX,NASDAQ,True,2026-09-11,259,18.79,10050646.2,2.661,31.785,73.859,31.785,160,259,0,Q3,
BCBP,NASDAQ,True,2026-09-11,259,8.64,785791.7,5.787,22.717,29.904,22.717,170,259,0,Q2,
BCC,NYSE,True,2026-09-11,259,76.06,28181572.3,0.657,17.202,27.973,17.202,152,259,0,Q4,
BCDA,NASDAQ,True,2026-09-11,259,1.2,115367.5,41.667,64.475,130.97,64.475,135,259,0,Q1 least liquid,
BCE,NYSE,True,2026-09-11,259,23.7,74579403.2,2.11,3.95,16.583,3.95,132,259,0,Q4,
BCG,NASDAQ,True,2026-09-11,259,1.84,41729.2,27.174,149.43,149.575,149.43,257,259,0,Q1 least liquid,
BCHT,AMEX,True,2026-09-11,137,1.68,140859.6,29.762,181.211,181.211,148.873,75,137,0,Q1 least liquid,
BCIC,NASDAQ,True,2026-09-11,259,9.205,639104.5,5.432,29.827,34.003,29.827,197,259,1,Q2,
BCML,NASDAQ,True,2026-09-11,259,29.85,847279.3,1.675,39.058,39.058,39.058,259,259,0,Q2,
BCO,NYSE,True,2026-09-11,259,112.76,36553970.0,0.443,36.015,37.858,36.015,210,259,0,Q4,
BCPC,NASDAQ,True,2026-09-11,259,162.32,27615479.1,0.308,11.627,16.678,11.627,186,259,0,Q4,
BCRX,NASDAQ,True,2026-09-11,259,8.33,31775088.8,6.002,28.772,74.61,28.772,138,259,0,Q4,
BCS,NYSE,True,2026-09-11,259,24.02,136412471.7,2.082,32.589,32.589,32.589,259,259,0,Q5 most liquid,4.01
BCSF,NYSE,True,2026-09-11,259,13.33,5046412.5,3.751,23.373,26.755,23.373,204,259,0,Q3,
BCSS,NYSE,True,2026-09-11,202,10.17,56476.9,4.916,18.297,18.297,16.812,140,202,0,Q1 least liquid,
BDC,NYSE,True,2026-09-11,259,118.01,41444829.9,0.424,0.0,25.422,0.424,63,259,0,Q4,
BDL,AMEX,True,2026-09-11,259,32.11,30618.0,1.557,180.932,180.932,180.932,259,259,0,Q1 least liquid,
BDMD,NASDAQ,True,2026-09-11,259,1.4,183788.9,35.714,140.933,142.257,140.933,248,259,1,Q1 least liquid,
BDRX,NASDAQ,True,2026-09-11,259,3.03,112411.6,16.502,136.652,172.464,135.49,193,259,1,Q1 least liquid,
BDSX,NASDAQ,True,2026-09-11,259,12.78,1058738.1,3.912,36.62,181.963,36.62,137,259,0,Q2,
BDTX,NASDAQ,True,2026-09-11,259,2.55,2237830.4,19.608,0.0,49.15,19.608,30,259,0,Q2,
BDX,NYSE,True,2026-09-11,259,180.59,358118251.0,0.277,33.036,34.757,33.036,201,259,0,Q5 most liquid,4.065
BE,NYSE,True,2026-09-11,259,154.51,1899891867.7,0.324,45.914,101.1,45.914,149,259,0,Q5 most liquid,5.65
BEAM,NASDAQ,True,2026-09-11,259,27.29,51218597.8,1.832,0.0,34.909,1.832,126,259,0,Q4,
BEAT,NASDAQ,True,2026-09-11,259,1.2,416381.5,41.667,57.536,81.201,41.667,122,259,1,Q2,
BEBE,NYSE,True,2026-09-11,150,9.93,0.0,5.035,10.806,10.806,10.806,150,150,0,Q1 least liquid,
BEEM,NASDAQ,True,2026-09-11,259,1.57,533767.2,31.847,104.518,114.834,104.518,238,259,0,Q2,
BEEP,NASDAQ,True,2026-09-11,259,2.72,120186.4,18.382,135.484,135.484,135.484,259,259,0,Q1 least liquid,
BELFA,NASDAQ,True,2026-09-11,259,198.45,10998507.0,0.252,50.923,54.256,50.923,225,259,0,Q3,
BELFB,NASDAQ,True,2026-09-11,259,214.98,36872074.6,0.233,36.053,42.252,36.053,192,259,0,Q4,
BEN,NYSE,True,2026-09-11,259,26.24,117567886.7,1.905,19.271,21.533,19.271,203,259,0,Q5 most liquid,2.371
BENF,NASDAQ,True,2026-09-11,259,3.31,107899.5,15.106,133.25,158.428,122.959,167,259,1,Q1 least liquid,
BEP,NYSE,True,2026-09-11,259,31.27,20805881.9,1.599,37.792,38.284,37.792,238,259,0,Q4,
BESS,AMEX,True,2026-09-11,141,3.05,248053.4,16.393,327.596,327.596,258.59,79,141,0,Q1 least liquid,
BETA,NYSE,True,2026-09-11,214,18.795,24036025.3,2.66,81.786,82.096,51.467,149,214,0,Q4,
BETR,NASDAQ,True,2026-09-11,259,31.53,13220735.6,1.586,86.552,118.104,86.552,201,259,1,Q3,
BFAM,NYSE,True,2026-09-11,259,81.7,63140611.2,0.612,0.0,43.027,0.612,50,259,0,Q4,
BFC,NASDAQ,True,2026-09-11,259,138.6,10659731.2,0.361,23.968,25.233,23.968,222,259,0,Q3,
BFH,NYSE,True,2026-09-11,259,75.81,49113432.2,0.66,12.454,21.759,12.454,151,259,0,Q4,
BFLY,NYSE,True,2026-09-11,259,4.09,21291721.3,12.225,0.0,19.371,12.225,14,259,0,Q4,
BFRG,NASDAQ,True,2026-09-11,259,0.7059,133689.5,70.832,126.275,126.275,97.658,196,259,1,Q1 least liquid,
BFRI,NASDAQ,True,2026-09-11,259,0.96,134666.5,52.083,153.11,153.11,153.11,259,259,1,Q1 least liquid,
BFS,NYSE,True,2026-09-11,259,33.31,2272014.2,1.501,24.613,24.613,24.613,259,259,0,Q2,
BFST,NASDAQ,True,2026-09-11,259,27.53,4488089.2,1.816,21.381,23.612,21.381,198,259,0,Q3,
BG,NYSE,True,2026-09-11,259,113.6,168883667.2,0.44,0.0,43.922,0.44,121,259,0,Q5 most liquid,0.0
BGC,NASDAQ,True,2026-09-11,259,9.68,26544247.6,5.165,17.674,25.946,17.674,183,259,0,Q4,
BGDE,NASDAQ,True,2026-09-11,259,4.5,653964.4,11.111,9.519,144.21,11.111,98,259,2,Q2,
BGLC,NASDAQ,True,2026-09-11,259,2.42,22814.4,20.661,172.029,173.049,172.029,240,259,0,Q1 least liquid,
BGMS,NASDAQ,True,2026-09-11,259,1.04,55596.0,48.077,178.648,179.861,174.824,231,259,3,Q1 least liquid,
BGS,NYSE,True,2026-09-11,259,4.44,8398182.4,11.261,0.0,15.054,11.261,36,259,0,Q3,
BGSF,NYSE,True,2026-09-11,259,5.48,120769.6,9.124,71.567,73.584,71.567,231,259,0,Q1 least liquid,
BGSI,NYSE,True,2026-09-11,216,123.795,3860899.6,0.404,36.818,39.534,25.415,140,216,0,Q2,
BH,NYSE,True,2026-09-11,259,340.93,22715345.6,0.147,29.092,42.379,29.092,177,259,0,Q4,
BHB,AMEX,True,2026-09-11,259,33.57,2640960.5,1.489,38.756,38.756,38.756,259,259,0,Q2,
BHC,NYSE,True,2026-09-11,259,6.03,10666882.4,8.292,0.0,24.425,8.292,53,259,1,Q3,
BHE,NYSE,True,2026-09-11,259,57.04,18353279.9,0.877,24.645,44.217,24.645,159,259,0,Q3,
BHF,NASDAQ,True,2026-09-11,259,62.3,39920632.6,0.803,18.751,20.099,18.751,242,259,0,Q4,
BHK,NYSE,True,2026-09-11,259,9.38,2664116.0,5.33,10.658,10.726,10.658,247,259,0,Q2,
BHR,NYSE,True,2026-09-11,259,2.55,873035.1,19.608,0.0,37.831,19.608,116,259,1,Q2,
BHRB,NASDAQ,True,2026-09-11,259,64.4,5892830.3,0.776,21.358,22.803,21.358,224,259,0,Q3,
BHST,NASDAQ,True,2026-09-11,259,4.4,124074.8,11.364,131.63,131.63,131.63,259,259,0,Q1 least liquid,
BHVN,NYSE,True,2026-09-11,259,11.6,28714850.2,4.31,126.837,140.858,126.837,182,259,0,Q4,
BIAF,NASDAQ,True,2026-09-11,259,1.48,272582.0,33.784,0.0,84.079,33.784,57,259,2,Q1 least liquid,
BIDU,NASDAQ,True,2026-09-11,259,121.53,320944212.1,0.411,0.0,39.624,0.411,76,259,0,Q5 most liquid,0.0
BIIB,NASDAQ,True,2026-09-11,259,184.87,215675573.8,0.27,0.0,28.425,0.27,128,259,0,Q5 most liquid,0.0
BIII,NYSE,True,2026-09-11,156,9.94,2190.7,5.03,9.686,9.686,8.842,94,156,0,Q1 least liquid,
BILL,NYSE,True,2026-09-11,259,46.63,102099271.6,1.072,0.0,26.939,1.072,85,259,0,Q5 most liquid,0.0
BIO,NYSE,True,2026-09-11,259,299.79,71863416.9,0.167,0.0,71.362,0.167,119,259,0,Q4,
BIOA,NASDAQ,True,2026-09-11,259,16.11,6325127.6,3.104,34.81,80.577,34.81,152,259,1,Q3,
BIRD,NASDAQ,True,2026-09-11,259,4.07,438168.3,12.285,0.0,66.836,12.285,87,259,1,Q2,
BIRK,NYSE,True,2026-09-11,259,40.94,86105173.0,1.221,19.661,27.887,19.661,163,259,0,Q4,
BIVI,NASDAQ,True,2026-09-11,259,1.5,159299.8,33.333,99.537,125.909,99.537,209,259,0,Q1 least liquid,
BJ,NYSE,True,2026-09-11,259,93.4,173361886.5,0.535,20.2,27.618,20.2,177,259,0,Q5 most liquid,2.486
BJDX,NASDAQ,True,2026-09-11,259,1.59,148037.1,31.447,170.693,194.05,95.608,143,259,2,Q1 least liquid,
BJRI,NASDAQ,True,2026-09-11,259,40.54,16445250.0,1.233,34.002,58.13,34.002,192,259,0,Q3,
BKE,NYSE,True,2026-09-11,259,52.72,22425741.5,0.948,0.0,16.97,0.948,101,259,0,Q4,
BKH,NYSE,True,2026-09-11,259,72.23,57543143.2,0.692,19.056,24.791,19.056,197,259,0,Q4,
BKKT,NYSE,True,2026-09-11,259,9.67,13244649.6,5.171,70.37,88.629,70.37,165,259,1,Q3,
BKNG,NASDAQ,True,2026-09-11,259,4237.75,1243346007.2,0.012,18.595,25.274,18.595,168,259,0,Q5 most liquid,2.288
BKR,NASDAQ,True,2026-09-11,259,57.48,423611394.2,0.87,0.0,24.583,0.87,96,259,0,Q5 most liquid,0.0
BKSY,NYSE,True,2026-09-11,259,24.35,36671032.8,2.053,51.023,66.842,51.023,175,259,1,Q4,
BKTI,AMEX,True,2026-09-11,259,78.88,3158233.8,0.634,75.314,77.489,75.314,210,259,0,Q2,
BKU,NYSE,True,2026-09-11,259,46.0,35212356.0,1.087,36.566,39.003,36.566,204,259,0,Q4,
BKV,NYSE,True,2026-09-11,259,26.54,20069829.5,1.884,50.374,50.907,50.374,255,259,0,Q3,
BL,NASDAQ,True,2026-09-11,259,37.01,36248296.9,1.351,25.326,33.672,25.326,200,259,0,Q4,
BLBD,NASDAQ,True,2026-09-11,259,58.25,23968031.4,0.858,0.0,36.285,0.858,124,259,0,Q4,
BLCO,NYSE,True,2026-09-11,259,16.28,6460583.6,3.071,48.257,48.266,48.257,258,259,0,Q3,
BLDR,NYSE,True,2026-09-11,259,93.68,196705679.1,0.534,0.0,43.836,0.534,124,259,0,Q5 most liquid,0.0
BLFS,NASDAQ,True,2026-09-11,259,25.41,10134969.2,1.968,7.158,38.84,7.158,132,259,0,Q3,
BLIN,NASDAQ,True,2026-09-11,259,0.9914,40591.9,50.434,125.023,125.374,125.023,256,259,0,Q1 least liquid,
BLIV,NASDAQ,True,2026-09-11,259,2.9,3860.9,17.241,437.068,437.068,437.068,259,259,1,Q1 least liquid,
BLK,NYSE,True,2026-09-11,259,1076.16,707378202.8,0.046,13.485,20.868,13.485,150,259,0,Q5 most liquid,1.659
BLKB,NASDAQ,True,2026-09-11,259,47.68,20556698.2,1.049,0.0,45.051,1.049,92,259,0,Q3,
BLLN,NASDAQ,True,2026-09-11,212,92.93,34319194.6,0.538,63.714,99.389,0.538,100,212,0,Q4,
BLMN,NASDAQ,True,2026-09-11,259,7.1,15520846.9,7.042,55.341,68.322,55.341,185,259,0,Q3,
BLND,NYSE,True,2026-09-11,259,1.79,6875241.4,27.933,39.279,55.203,39.279,174,259,0,Q3,
BLNE,NASDAQ,True,2026-09-11,259,2.03,1356476.9,24.631,0.0,91.983,24.631,128,259,1,Q2,
BLNK,NASDAQ,True,2026-09-11,259,0.7233,1831246.5,69.128,57.487,63.032,69.128,214,259,0,Q2,
BLSH,NYSE,True,2026-09-11,259,37.19,57648838.4,1.344,28.431,49.541,1.344,128,259,0,Q4,
BLX,NYSE,True,2026-09-11,259,49.64,6811106.6,1.007,16.313,20.017,16.313,190,259,0,Q3,
BLZE,NASDAQ,True,2026-09-11,259,7.4,5308434.7,6.757,0.0,80.612,6.757,59,259,0,Q3,
BMA,NYSE,True,2026-09-11,259,81.99,25991778.2,0.61,40.871,47.208,40.871,181,259,0,Q4,
BMBL,NASDAQ,True,2026-09-11,259,3.45,9999056.6,14.493,29.185,44.046,29.185,149,259,0,Q3,
BMEA,NASDAQ,True,2026-09-11,259,1.37,1472709.2,36.496,69.608,75.283,69.608,213,259,1,Q2,
BMI,NYSE,True,2026-09-11,259,151.93,53756611.1,0.329,0.0,32.618,0.329,129,259,0,Q4,
BMNR,NYSE,True,2026-09-11,259,22.53,1004267945.4,2.219,0.0,41.901,2.219,91,259,1,Q5 most liquid,0.0
BMO,NYSE,True,2026-09-11,259,141.4,94306968.1,0.354,19.683,19.777,19.683,257,259,0,Q5 most liquid,2.422
BMR,NASDAQ,True,2026-09-11,259,1.84,147968.9,27.174,58.344,61.2,58.344,241,259,0,Q1 least liquid,
BMRA,NASDAQ,True,2026-09-11,259,2.24,33127.0,22.321,110.854,110.879,110.854,258,259,1,Q1 least liquid,
BMRC,NASDAQ,True,2026-09-11,259,26.22,2551978.2,1.907,11.488,17.211,11.488,170,259,0,Q2,
BMRN,NASDAQ,True,2026-09-11,259,56.08,111962716.8,0.892,0.0,38.623,0.892,127,259,0,Q5 most liquid,0.0
BMY,NYSE,True,2026-09-11,259,56.77,632473026.6,0.881,0.0,14.827,0.881,90,259,0,Q5 most liquid,0.0
BN,NYSE,True,2026-09-11,259,45.23,185220494.3,1.105,4.489,14.152,4.489,134,259,0,Q5 most liquid,0.552
BNAI,NASDAQ,True,2026-09-11,259,13.54,3610033.6,3.693,72.219,163.513,72.219,148,259,1,Q2,
BNC,NASDAQ,True,2026-09-11,259,3.69,1379370.0,13.55,0.0,74.683,13.55,90,259,1,Q2,
BNED,NYSE,True,2026-09-11,259,9.4,2347954.1,5.319,0.0,41.928,5.319,78,259,1,Q2,
BNGO,NASDAQ,True,2026-09-11,259,1.24,228185.3,40.323,54.953,63.837,54.953,191,259,2,Q1 least liquid,
BNKD,ARCA,True,2026-09-11,259,26.6283,8541.0,1.878,22.558,74.818,22.558,138,259,0,Q1 least liquid,
BNKK,NASDAQ,True,2026-09-11,259,1.48,348720.6,33.784,171.751,178.84,157.883,194,259,1,Q1 least liquid,
BNKU,ARCA,True,2026-09-11,259,32.812,426938.6,1.524,45.354,52.248,45.354,170,259,0,Q2,
BNL,NYSE,True,2026-09-11,259,19.25,33289216.0,2.597,23.677,23.801,23.677,246,259,0,Q4,
BNS,NYSE,True,2026-09-11,259,74.72,135102577.0,0.669,6.879,17.491,6.879,152,259,0,Q5 most liquid,0.846
BNT,NYSE,True,2026-09-11,259,45.26,899005.6,1.105,19.294,33.85,19.294,162,259,0,Q2,
BNTC,NASDAQ,True,2026-09-11,259,12.47,1199451.3,4.01,52.308,59.673,52.308,205,259,1,Q2,
BNY,NYSE,True,2026-09-11,259,120.51,408128034.9,0.415,18.442,19.609,18.442,221,259,0,Q5 most liquid,2.269
BOBS,NYSE,True,2026-09-11,151,15.4,13570466.5,3.247,33.016,44.216,3.247,54,151,0,Q3,
BOC,NYSE,True,2026-09-11,259,12.87,1946032.4,3.885,25.264,26.462,25.264,214,259,0,Q2,
BODI,NASDAQ,True,2026-09-11,259,9.92,356071.7,5.04,0.0,126.37,5.04,117,259,0,Q1 least liquid,
BOF,NASDAQ,True,2026-09-11,259,3.45,165367.8,14.493,63.491,66.265,63.491,246,259,1,Q1 least liquid,
BOH,NYSE,True,2026-09-11,259,75.44,26545475.3,0.663,24.806,26.444,24.806,227,259,0,Q4,
BOKF,NASDAQ,True,2026-09-11,259,128.65,33412652.0,0.389,16.176,19.207,16.176,193,259,0,Q4,
BOLD,NASDAQ,True,2026-09-11,259,1.27,135349.4,39.37,79.172,106.582,79.172,155,259,1,Q1 least liquid,
BOLT,NASDAQ,True,2026-09-11,259,4.83,92194.8,10.352,137.078,137.241,137.078,255,259,0,Q1 least liquid,
BOOM,NASDAQ,True,2026-09-11,259,6.83,1317185.2,7.321,0.0,95.935,7.321,51,259,0,Q2,
BOOT,NYSE,True,2026-09-11,259,171.08,99528765.8,0.292,42.407,51.015,42.407,215,259,0,Q5 most liquid,5.218
BORR,NYSE,True,2026-09-11,259,4.37,21998766.8,11.442,51.434,61.284,51.434,198,259,1,Q4,
BOSC,NASDAQ,True,2026-09-11,259,4.66,219221.8,10.73,55.396,56.531,55.396,250,259,0,Q1 least liquid,
BOTJ,NASDAQ,True,2026-09-11,259,20.7,116997.6,2.415,72.629,72.629,72.629,259,259,0,Q1 least liquid,
BOW,NYSE,True,2026-09-11,259,26.78,5520216.0,1.867,32.652,37.996,32.652,192,259,0,Q3,
BOX,NYSE,True,2026-09-11,259,29.13,59800585.1,1.716,25.955,34.778,25.955,180,259,0,Q4,
BOXL,NASDAQ,True,2026-09-11,259,1.47,223918.5,34.014,56.229,423.306,34.014,106,259,2,Q1 least liquid,
BP,NYSE,True,2026-09-11,259,38.84,314470117.6,1.287,20.921,25.9,20.921,178,259,0,Q5 most liquid,2.574
BPH,ARCA,False,2026-09-11,259,60.17,24120.3,0.831,28.564,37.264,28.564,200,259,0,Q1 least liquid,
BPOP,NASDAQ,True,2026-09-11,259,136.81,70279499.1,0.365,26.832,29.573,26.832,199,259,0,Q4,
BPRN,NASDAQ,True,2026-09-11,259,35.27,398352.4,1.418,52.584,53.031,52.584,255,259,0,Q1 least liquid,
BQ,AMEX,True,2026-09-11,259,1.19,133891.1,42.017,241.256,241.453,241.256,258,259,0,Q1 least liquid,
BR,NYSE,True,2026-09-11,259,178.91,179552978.2,0.279,0.0,14.86,0.279,127,259,0,Q5 most liquid,0.0
BRAI,NASDAQ,True,2026-09-11,146,7.2875,381896.0,6.861,0.0,362.513,6.861,8,146,1,Q1 least liquid,
BRBI,NASDAQ,True,2026-09-11,246,13.8791,20323.2,3.603,200.218,200.218,183.216,184,246,0,Q1 least liquid,
BRBR,NYSE,True,2026-09-11,259,17.59,68287436.2,2.843,0.0,47.373,2.843,86,259,0,Q4,
BRBS,AMEX,True,2026-09-11,259,4.06,946242.0,12.315,17.309,23.196,17.309,161,259,0,Q2,
BRC,NYSE,True,2026-09-11,259,83.11,17240118.0,0.602,0.0,23.232,0.602,116,259,0,Q3,
BRCB,NASDAQ,True,2026-09-11,251,14.42,5709131.6,3.467,22.792,51.927,3.467,99,251,0,Q3,
BRCC,NYSE,True,2026-09-11,259,1.21,751314.9,41.322,86.988,118.112,86.988,202,259,0,Q2,
BRFH,NASDAQ,True,2026-09-11,259,2.78,18262.0,17.986,182.577,182.577,182.577,259,259,0,Q1 least liquid,
BRIA,AMEX,True,2026-09-11,259,1.75,11481.0,28.571,292.163,292.163,292.163,259,259,0,Q1 least liquid,
BRID,NASDAQ,True,2026-09-11,259,7.5292,14523.6,6.641,147.075,147.075,147.075,259,259,0,Q1 least liquid,
BRKR,NASDAQ,True,2026-09-11,259,43.85,105528965.4,1.14,12.906,48.304,12.906,135,259,0,Q5 most liquid,1.588
BRLT,NASDAQ,True,2026-09-11,259,1.46,102145.4,34.247,72.631,79.893,72.631,195,259,0,Q1 least liquid,
BRN,AMEX,True,2026-09-11,259,1.1043,70595.9,45.278,125.357,125.357,125.357,259,259,2,Q1 least liquid,
BRO,NYSE,True,2026-09-11,259,71.6,195674883.0,0.698,20.04,31.226,20.04,147,259,0,Q5 most liquid,2.466
BROS,NYSE,True,2026-09-11,259,55.77,206448162.8,0.897,0.0,92.279,0.897,123,259,0,Q5 most liquid,0.0
BRR,NASDAQ,True,2026-09-11,259,2.6,1696138.4,19.231,0.0,56.464,19.231,113,259,0,Q2,
BRSL,NYSE,True,2026-09-11,259,13.17,20596738.1,3.797,0.0,22.336,3.797,122,259,0,Q4,
BRSP,NYSE,True,2026-09-11,259,5.61,4545404.3,8.913,23.754,24.007,23.754,251,259,0,Q3,
BRT,NYSE,True,2026-09-11,259,14.68,515244.8,3.406,36.172,36.172,36.172,259,259,0,Q2,
BRTX,NASDAQ,True,2026-09-11,259,0.3944,95915.1,126.775,43.707,101.971,126.775,130,259,0,Q1 least liquid,
BRUN,NASDAQ,True,2026-09-11,259,12.68,7185642.8,3.943,61.437,64.633,61.437,235,259,0,Q3,
BRX,NYSE,True,2026-09-11,259,29.11,70171790.4,1.718,24.283,25.362,24.283,214,259,0,Q4,
BRZE,NASDAQ,True,2026-09-11,259,25.69,55510931.6,1.946,0.0,88.436,1.946,100,259,0,Q4,
BSAC,NYSE,True,2026-09-11,259,32.09,10304004.0,1.558,16.318,23.649,16.318,165,259,0,Q3,
BSBK,NASDAQ,True,2026-09-11,259,8.595,47457.3,5.817,90.649,90.649,90.649,259,259,0,Q1 least liquid,
BSBR,NYSE,True,2026-09-11,259,5.79,5410863.4,8.636,15.877,34.544,15.877,155,259,0,Q3,
BSET,NASDAQ,True,2026-09-11,259,15.61,353812.5,3.203,50.176,59.217,50.176,230,259,0,Q1 least liquid,
BSIN,NASDAQ,True,2026-09-11,259,1.06,1224672.5,47.17,105.188,108.285,105.188,249,259,1,Q2,
BSM,NYSE,True,2026-09-11,259,14.03,5251847.7,3.564,22.588,23.391,22.588,239,259,0,Q3,
BSRR,NASDAQ,True,2026-09-11,259,35.58,1794478.4,1.405,9.973,26.853,9.973,147,259,0,Q2,
BSVN,NASDAQ,True,2026-09-11,259,43.95,559972.0,1.138,57.41,57.41,57.41,259,259,0,Q2,
BSX,NYSE,True,2026-09-11,259,71.35,913453947.0,0.701,0.0,18.064,0.701,69,259,0,Q5 most liquid,0.0
BSY,NASDAQ,True,2026-09-11,259,36.56,86136852.2,1.368,20.753,31.981,20.753,176,259,0,Q4,
BTBD,NASDAQ,True,2026-09-11,259,1.47,73766.2,34.014,75.919,100.366,75.919,193,259,0,Q1 least liquid,
BTCS,NASDAQ,True,2026-09-11,259,1.85,1951040.7,27.027,70.492,73.219,70.492,237,259,0,Q2,
BTE,NYSE,True,2026-09-11,259,3.91,71408323.0,12.788,21.128,50.238,21.128,138,259,0,Q4,
BTG,AMEX,True,2026-09-11,259,4.66,150461102.5,10.73,24.847,50.369,24.847,159,259,0,Q5 most liquid,3.057
BTGO,NYSE,True,2026-09-11,161,8.01,7025280.8,6.242,75.153,87.604,6.242,68,161,0,Q3,
BTLN,NASDAQ,True,2026-09-11,259,0.895,91018.4,55.866,156.743,162.495,156.743,232,259,1,Q1 least liquid,
BTMD,NASDAQ,True,2026-09-11,259,2.25,365452.8,22.222,41.084,59.045,41.084,183,259,0,Q1 least liquid,
BTOC,NASDAQ,True,2026-09-11,259,0.3227,38338.7,154.943,194.834,194.834,194.834,259,259,0,Q1 least liquid,
BTQ,NASDAQ,True,2026-09-11,241,3.97,10231039.5,12.594,44.471,108.815,12.594,94,241,0,Q3,
BTSG,NASDAQ,True,2026-09-11,259,41.34,105696752.1,1.209,27.577,36.584,27.577,187,259,0,Q5 most liquid,3.393
BTU,NYSE,True,2026-09-11,259,28.21,81939947.4,1.772,40.985,52.941,40.985,188,259,0,Q4,
BUD,NYSE,True,2026-09-11,259,72.93,136941109.2,0.686,0.0,11.089,0.686,53,259,0,Q5 most liquid,0.0
BUDA,AMEX,True,2026-09-11,170,8.98,108387.0,5.568,233.193,233.193,194.467,108,170,0,Q1 least liquid,
BUR,NYSE,True,2026-09-11,259,8.27,14011373.5,6.046,37.725,39.468,37.725,250,259,0,Q3,
BURL,NYSE,True,2026-09-11,259,303.88,239583766.7,0.165,33.455,54.125,33.455,171,259,0,Q5 most liquid,4.117
BUSE,NASDAQ,True,2026-09-11,259,25.66,14861919.0,1.949,26.588,28.129,26.588,245,259,0,Q3,
BUUU,NASDAQ,True,2026-09-11,259,14.15,227402.0,3.534,277.725,282.068,263.302,183,259,0,Q1 least liquid,
BV,NYSE,True,2026-09-11,259,12.78,8646361.6,3.912,0.0,42.934,3.912,100,259,1,Q3,
BVFL,NASDAQ,True,2026-09-11,259,19.36,279818.1,2.583,54.773,54.773,54.773,259,259,0,Q1 least liquid,
BVN,NYSE,True,2026-09-11,259,31.89,37085971.8,1.568,0.0,27.684,1.568,63,259,0,Q4,
BVS,NASDAQ,True,2026-09-11,259,8.61,3275593.6,5.807,43.989,56.742,43.989,153,259,0,Q2,
BW,NYSE,True,2026-09-11,259,9.19,30536469.8,5.441,0.0,151.604,5.441,80,259,0,Q4,
BWA,NYSE,True,2026-09-11,259,53.3,118308093.4,0.938,0.0,33.854,0.938,123,259,0,Q5 most liquid,0.0
BWB,NASDAQ,True,2026-09-11,259,18.41,1617857.3,2.716,37.644,38.335,37.644,247,259,0,Q2,
BWEN,NASDAQ,True,2026-09-11,259,2.88,722634.8,17.361,0.0,84.803,17.361,124,259,1,Q2,
BWFG,NASDAQ,True,2026-09-11,259,48.74,1978118.4,1.026,15.79,28.586,15.79,177,259,0,Q2,
BWIN,NASDAQ,True,2026-09-11,259,25.04,28765094.1,1.997,0.0,35.335,1.997,46,259,0,Q4,
BWLP,NYSE,True,2026-09-11,259,16.94,6107667.7,2.952,0.0,24.009,2.952,106,259,0,Q3,
BWMN,NASDAQ,True,2026-09-11,259,33.75,4187712.2,1.481,6.228,21.956,6.228,137,259,0,Q3,
BWMX,NYSE,True,2026-09-11,259,16.64,977497.7,3.005,35.619,47.813,35.619,157,259,0,Q2,
BWXT,NYSE,True,2026-09-11,259,193.93,192095000.6,0.258,44.479,51.731,44.479,182,259,0,Q5 most liquid,5.473
BX,NYSE,True,2026-09-11,259,134.68,623410818.8,0.371,26.191,32.036,26.191,172,259,0,Q5 most liquid,3.223
BXBL,NASDAQ,True,2026-09-11,259,10.04,396417.2,4.98,13.223,13.223,13.223,259,259,1,Q1 least liquid,
BXC,NYSE,True,2026-09-11,259,62.39,6138494.9,0.801,12.46,32.214,12.46,142,259,0,Q3,
BXP,NYSE,True,2026-09-11,259,67.11,100819957.8,0.745,24.577,24.652,24.577,257,259,0,Q5 most liquid,3.024
BY,NYSE,True,2026-09-11,259,31.91,6061226.6,1.567,25.698,25.698,25.698,259,259,0,Q3,
BYD,NYSE,True,2026-09-11,259,84.12,69953121.8,0.594,16.24,20.72,16.24,212,259,0,Q4,
BYFC,NASDAQ,True,2026-09-11,259,8.0,16771.1,6.25,113.383,113.383,113.383,259,259,1,Q1 least liquid,
BYND,NASDAQ,True,2026-09-11,259,0.8501,27370350.5,58.817,102.027,116.452,89.74,158,259,1,Q4,
BYRN,NASDAQ,True,2026-09-11,259,10.8,4510848.6,4.63,38.603,71.594,38.603,141,259,0,Q3,
BZAI,NASDAQ,True,2026-09-11,259,1.79,4898780.6,27.933,89.956,128.099,65.652,150,259,1,Q3,
BZFD,NASDAQ,True,2026-09-11,259,1.09,329377.5,45.872,78.61,100.51,78.61,196,259,0,Q1 least liquid,
BZH,NYSE,True,2026-09-11,259,23.87,9972930.4,2.095,53.361,59.703,53.361,206,259,0,Q3,
C,NYSE,True,2026-09-11,259,117.36,1401159739.2,0.426,15.937,22.2,15.937,149,259,0,Q5 most liquid,1.961
CAAP,NYSE,True,2026-09-11,259,25.18,5102973.1,1.986,0.0,41.247,1.986,129,259,0,Q3,
CAAS,NASDAQ,True,2026-09-11,259,4.43,92848.7,11.287,75.278,75.278,75.278,259,259,0,Q1 least liquid,
CABA,NASDAQ,True,2026-09-11,259,2.79,7402950.5,17.921,30.93,77.079,30.93,167,259,0,Q3,
CABO,NYSE,True,2026-09-11,259,96.37,13143915.2,0.519,6.652,57.836,6.652,130,259,0,Q3,
CABR,NASDAQ,True,2026-09-11,207,1.11,71868.6,45.045,235.354,235.632,223.66,144,207,0,Q1 least liquid,
CAC,NASDAQ,True,2026-09-11,259,47.52,3930476.4,1.052,23.889,26.49,23.889,237,259,0,Q3,
CACC,NASDAQ,True,2026-09-11,259,500.62,70942221.2,0.1,34.481,39.677,34.481,211,259,0,Q4,
CACI,NYSE,True,2026-09-11,259,558.48,140613443.6,0.09,0.0,26.031,0.09,78,259,0,Q5 most liquid,0.0
CADL,NASDAQ,True,2026-09-11,259,5.85,6387107.6,8.547,0.0,56.323,8.547,122,259,0,Q3,
CAG,NYSE,True,2026-09-11,259,16.67,198218856.2,2.999,16.46,18.856,16.46,197,259,0,Q5 most liquid,2.025
CAH,NYSE,True,2026-09-11,259,208.33,384776607.6,0.24,0.0,22.2,0.24,106,259,0,Q5 most liquid,0.0
CAI,NASDAQ,True,2026-09-11,259,22.18,44697343.0,2.254,51.7,60.813,50.806,186,259,1,Q4,
CAKE,NASDAQ,True,2026-09-11,259,59.92,75833775.0,0.834,25.326,28.484,25.326,189,259,0,Q4,
CAL,NYSE,True,2026-09-11,259,12.69,8240486.8,3.94,75.883,77.649,75.883,246,259,0,Q3,
CALC,NASDAQ,True,2026-09-11,259,0.8915,183885.5,56.085,117.183,136.248,98.057,151,259,1,Q1 least liquid,
CALM,NASDAQ,True,2026-09-11,259,83.35,75321443.1,0.6,31.945,37.621,31.945,184,259,0,Q4,
CALX,NYSE,True,2026-09-11,259,51.02,36792070.0,0.98,0.0,33.779,0.98,56,259,0,Q4,
CALY,NYSE,True,2026-09-11,259,14.2,31081506.8,3.521,0.0,40.377,3.521,77,259,0,Q4,
CAMP,NASDAQ,True,2026-09-11,259,4.21,424581.8,11.876,119.594,134.291,119.594,197,259,0,Q2,
CANG,NYSE,True,2026-09-11,259,1.31,715617.2,38.168,162.549,162.549,162.549,259,259,0,Q2,
CAPR,NASDAQ,True,2026-09-11,259,24.04,25201213.5,2.08,89.608,90.068,89.608,256,259,2,Q4,
CAPS,NASDAQ,True,2026-09-11,259,0.6021,103476.3,83.043,149.963,151.64,149.963,249,259,0,Q1 least liquid,
CAR,NASDAQ,True,2026-09-11,259,145.13,86363800.0,0.345,0.0,45.075,0.345,76,259,1,Q4,
CARE,NASDAQ,True,2026-09-11,259,21.69,4325911.9,2.305,24.711,25.345,24.711,246,259,0,Q3,
CARG,NASDAQ,True,2026-09-11,259,35.0,34251908.6,1.429,14.055,26.352,14.055,144,259,0,Q4,
CARL,NASDAQ,True,2026-09-11,259,12.56,1112602.4,3.981,65.361,70.331,45.911,159,259,0,Q2,
CARR,NYSE,True,2026-09-11,259,60.15,365907739.9,0.831,0.0,37.989,0.831,124,259,0,Q5 most liquid,0.0
CARS,NYSE,True,2026-09-11,259,11.27,8477085.1,4.437,0.0,64.835,4.437,120,259,0,Q3,
CART,NASDAQ,True,2026-09-11,259,41.48,173466406.1,1.205,37.592,43.85,37.592,195,259,0,Q5 most liquid,4.626
CASH,NASDAQ,True,2026-09-11,259,82.59,16009308.5,0.605,28.654,40.578,28.654,196,259,0,Q3,
CASS,NASDAQ,True,2026-09-11,259,44.82,3331419.8,1.116,24.923,25.254,24.923,243,259,0,Q2,
CAST,NASDAQ,True,2026-09-11,129,2.08,777257.2,24.038,343.61,343.61,205.054,67,129,0,Q2,
CASY,NASDAQ,True,2026-09-11,259,671.75,239707575.6,0.074,17.779,24.221,17.779,177,259,0,Q5 most liquid,2.188
CAT,NYSE,True,2026-09-11,259,721.24,1861517645.3,0.069,0.0,39.898,0.069,66,259,0,Q5 most liquid,0.0
CATO,NYSE,True,2026-09-11,259,3.23,145121.9,15.48,45.632,51.862,45.632,181,259,0,Q1 least liquid,
CATX,AMEX,True,2026-09-11,259,3.22,4120903.9,15.528,52.639,65.615,52.639,188,259,1,Q3,
CATY,NASDAQ,True,2026-09-11,259,51.27,20421755.2,0.975,25.287,26.631,25.287,253,259,0,Q3,
CAVA,NYSE,True,2026-09-11,259,66.95,222715587.5,0.747,0.0,84.404,0.747,66,259,0,Q5 most liquid,0.0
CB,NYSE,True,2026-09-11,259,324.15,523862056.3,0.154,0.0,16.326,0.154,97,259,0,Q5 most liquid,0.0
CBAN,NYSE,True,2026-09-11,259,19.68,2663157.0,2.541,27.552,28.353,27.552,223,259,0,Q2,
CBC,NASDAQ,True,2026-09-11,202,25.54,14774788.7,1.958,28.55,28.55,25.03,140,202,0,Q3,
CBFV,NASDAQ,True,2026-09-11,259,35.08,170623.2,1.425,59.637,59.637,59.637,259,259,0,Q1 least liquid,
CBIO,NASDAQ,True,2026-09-11,259,13.68,2230534.7,3.655,85.148,96.576,85.148,211,259,3,Q2,
CBK,NASDAQ,True,2026-09-11,237,26.75,1254336.2,1.869,47.108,47.108,47.108,237,237,0,Q2,
CBL,NYSE,True,2026-09-11,259,37.83,6456854.9,1.322,8.553,14.716,8.553,154,259,0,Q3,
CBLL,NASDAQ,True,2026-09-11,259,18.72,5167598.1,2.671,0.0,22.577,2.671,56,259,0,Q3,
CBNA,NYSE,True,2026-09-11,259,35.6,193137.9,1.404,71.567,71.567,71.567,259,259,0,Q1 least liquid,
CBNK,NASDAQ,True,2026-09-11,259,31.37,1538033.3,1.594,31.649,31.679,31.649,258,259,0,Q2,
CBOE,BATS,True,2026-09-11,259,274.4,232754899.6,0.182,15.87,19.041,15.87,208,259,0,Q5 most liquid,1.953
CBRE,NYSE,True,2026-09-11,259,149.46,237217712.2,0.335,16.352,29.487,16.352,157,259,0,Q5 most liquid,2.012
CBRL,NASDAQ,True,2026-09-11,259,32.83,41020706.8,1.523,7.028,40.004,7.028,131,259,0,Q4,
CBSH,NASDAQ,True,2026-09-11,259,53.68,59967909.4,0.931,12.44,14.11,12.44,222,259,0,Q4,
CBT,NYSE,True,2026-09-11,259,75.76,30141504.9,0.66,0.0,35.881,0.66,105,259,0,Q4,
CBU,NYSE,True,2026-09-11,259,61.74,13720637.9,0.81,10.941,19.919,10.941,157,259,0,Q3,
CBUS,NASDAQ,True,2026-09-11,259,1.59,391341.6,31.447,54.148,73.625,54.148,196,259,1,Q1 least liquid,
CBZ,NYSE,True,2026-09-11,259,46.17,32063442.5,1.083,12.346,27.892,12.346,142,259,0,Q4,
CC,NYSE,True,2026-09-11,259,16.75,44803508.5,2.985,0.0,17.349,2.985,5,259,0,Q4,
CCAP,NASDAQ,True,2026-09-11,259,13.4,2569657.0,3.731,33.99,37.517,33.99,200,259,0,Q2,
CCB,NASDAQ,True,2026-09-11,259,82.1,10829144.0,0.609,19.88,30.04,19.88,175,259,0,Q3,
CCBG,NASDAQ,True,2026-09-11,259,43.71,3156147.0,1.144,27.67,27.821,27.67,255,259,0,Q2,
CCC,NASDAQ,True,2026-09-11,259,6.85,53651354.8,7.299,28.893,42.593,28.893,141,259,0,Q4,
CCCC,NASDAQ,True,2026-09-11,259,2.73,5360542.5,18.315,73.001,75.081,73.001,248,259,2,Q3,
CCEC,NASDAQ,True,2026-09-11,259,21.44,159431.0,2.332,115.132,115.132,115.132,259,259,0,Q1 least liquid,
CCEL,AMEX,True,2026-09-11,259,3.58,25575.5,13.966,225.198,225.198,225.198,259,259,0,Q1 least liquid,
CCI,NYSE,True,2026-09-11,259,87.85,273760050.7,0.569,0.0,17.605,0.569,115,259,0,Q5 most liquid,0.0
CCJ,NYSE,True,2026-09-11,259,100.85,368528151.7,0.496,0.0,41.212,0.496,129,259,0,Q5 most liquid,0.0
CCK,NYSE,True,2026-09-11,259,102.56,114729397.0,0.488,18.022,23.37,18.022,220,259,0,Q5 most liquid,2.218
CCL,NYSE,True,2026-09-11,259,27.86,575818037.5,1.795,46.066,48.501,46.066,233,259,0,Q5 most liquid,5.668
CCLD,NASDAQ,True,2026-09-11,259,2.9,948268.2,17.241,0.0,28.219,17.241,56,259,0,Q2,
CCM,NYSE,True,2026-09-11,259,4.54,20650.3,11.013,198.781,198.781,198.781,259,259,0,Q1 least liquid,
CCNE,NASDAQ,True,2026-09-11,259,28.73,3747898.4,1.74,12.654,15.324,12.654,196,259,0,Q2,
CCO,NYSE,True,2026-09-11,259,2.37,9364674.4,21.097,30.626,32.943,30.626,211,259,0,Q3,
CCOI,NASDAQ,True,2026-09-11,259,19.99,22369416.0,2.501,0.0,68.606,2.501,28,259,0,Q4,
CCOR,ARCA,False,2026-09-11,259,26.2152,59936.9,1.907,17.713,17.713,17.713,259,259,0,Q1 least liquid,
CCS,NYSE,True,2026-09-11,259,62.86,17029622.5,0.795,4.064,24.031,4.064,132,259,0,Q3,
CCSI,NASDAQ,True,2026-09-11,259,28.02,4189611.2,1.784,0.0,24.458,1.784,48,259,0,Q3,
CCU,NYSE,True,2026-09-11,259,11.98,1760584.3,4.174,30.871,55.141,30.871,198,259,0,Q2,
CDE,NYSE,True,2026-09-11,259,18.44,405203337.6,2.711,56.534,60.804,56.534,213,259,0,Q5 most liquid,6.956
CDIO,NASDAQ,True,2026-09-11,259,2.04,102122.0,24.51,120.081,131.416,120.081,190,259,1,Q1 least liquid,
CDLX,NASDAQ,True,2026-09-11,259,1.21,622715.1,41.322,15.71,70.257,41.322,103,259,1,Q2,
CDNA,NASDAQ,True,2026-09-11,259,19.73,16143160.6,2.534,43.7,61.024,43.7,181,259,0,Q3,
CDNL,NASDAQ,True,2026-09-11,189,41.32,18771598.2,1.21,55.569,109.901,26.187,98,189,0,Q3,
CDNS,NASDAQ,True,2026-09-11,259,327.31,655010884.4,0.153,17.078,31.959,17.078,175,259,0,Q5 most liquid,2.101
CDP,NYSE,True,2026-09-11,259,31.64,28848382.5,1.58,20.634,25.816,20.634,236,259,0,Q4,
CDRE,NYSE,True,2026-09-11,259,33.4,10142165.8,1.497,29.268,35.517,29.268,163,259,0,Q3,
CDT,NASDAQ,True,2026-09-11,259,1.43,186287.2,34.965,114.57,270.453,114.57,149,259,0,Q1 least liquid,
CDW,NASDAQ,True,2026-09-11,259,136.91,212819100.3,0.365,18.114,22.608,18.114,195,259,0,Q5 most liquid,2.229
CDXS,NASDAQ,True,2026-09-11,259,1.82,1740425.4,27.473,51.233,62.849,51.233,195,259,0,Q2,
CDZI,NASDAQ,True,2026-09-11,259,4.82,3433566.4,10.373,31.674,36.609,31.674,182,259,0,Q2,
CE,NYSE,True,2026-09-11,259,46.17,91763007.9,1.083,19.154,32.056,19.154,157,259,0,Q5 most liquid,2.357
CECO,NASDAQ,True,2026-09-11,259,64.8,33076056.9,0.772,0.0,104.039,0.772,106,259,0,Q4,
CEG,NASDAQ,True,2026-09-11,259,299.05,862519895.4,0.167,23.624,42.573,23.624,160,259,0,Q5 most liquid,2.907
CELC,NASDAQ,True,2026-09-11,259,100.55,82209352.4,0.497,51.503,141.016,51.503,177,259,0,Q4,
CELH,NASDAQ,True,2026-09-11,259,40.94,247783767.2,1.221,0.0,24.661,1.221,63,259,0,Q5 most liquid,0.0
CELU,NASDAQ,True,2026-09-11,259,1.265,75368.2,39.526,124.997,151.48,124.997,233,259,0,Q1 least liquid,
CELZ,NASDAQ,True,2026-09-11,259,2.14,138111.9,23.364,135.723,144.595,135.723,195,259,1,Q1 least liquid,
CENN,NASDAQ,True,2026-09-11,259,0.5221,118989.2,95.767,167.715,167.715,167.715,259,259,0,Q1 least liquid,
CENT,NASDAQ,True,2026-09-11,259,37.08,2542090.2,1.348,15.161,24.643,15.161,163,259,0,Q2,
CENTA,NASDAQ,True,2026-09-11,259,33.17,9789660.2,1.507,0.0,24.779,1.507,124,259,0,Q3,
CENX,NASDAQ,True,2026-09-11,259,46.21,86372722.5,1.082,0.0,45.077,1.082,124,259,0,Q4,
CERS,NASDAQ,True,2026-09-11,259,2.15,3160811.5,23.256,0.0,40.713,23.256,80,259,0,Q2,
CERT,NASDAQ,True,2026-09-11,259,8.0,20117974.0,6.25,48.43,51.049,48.43,211,259,0,Q3,
CET,AMEX,True,2026-09-11,259,51.95,1818660.0,0.962,24.896,24.896,24.896,259,259,0,Q2,
CETX,NASDAQ,True,2026-09-11,259,2.47,560346.7,20.243,255.454,339.318,255.454,193,259,2,Q2,
CETY,NASDAQ,True,2026-09-11,259,0.8647,68805.0,57.824,248.111,253.416,248.111,221,259,1,Q1 least liquid,
CEVA,NASDAQ,True,2026-09-11,259,26.23,10485564.3,1.906,71.409,71.458,71.409,258,259,0,Q3,
CF,NYSE,True,2026-09-11,259,104.71,264520553.2,0.478,0.0,38.902,0.478,92,259,0,Q5 most liquid,0.0
CFBK,NASDAQ,True,2026-09-11,259,28.55,1015379.6,1.751,26.876,27.17,26.876,248,259,0,Q2,
CFFI,NASDAQ,True,2026-09-11,259,73.44,336137.0,0.681,71.088,71.088,71.088,259,259,0,Q1 least liquid,
CFFN,NASDAQ,True,2026-09-11,259,7.28,5920392.6,6.868,13.622,17.082,13.622,184,259,0,Q3,
CFG,NYSE,True,2026-09-11,259,61.6,259879830.8,0.812,30.313,33.423,30.313,201,259,0,Q5 most liquid,3.73
CFR,NYSE,True,2026-09-11,259,137.77,68460990.8,0.363,29.566,30.23,29.566,230,259,0,Q4,
CG,NASDAQ,True,2026-09-11,259,51.29,153796513.6,0.975,7.963,28.754,7.963,131,259,0,Q5 most liquid,0.98
CGAU,NYSE,True,2026-09-11,259,16.47,24225449.2,3.036,48.03,50.152,48.03,195,259,0,Q4,
CGBD,NASDAQ,True,2026-09-11,259,11.69,6541574.6,4.277,25.813,25.813,25.813,259,259,0,Q3,
CGEM,NASDAQ,True,2026-09-11,259,13.22,10172832.2,3.782,0.0,49.232,3.782,88,259,0,Q3,
CGNX,NASDAQ,True,2026-09-11,259,50.8,90302197.9,0.984,0.0,35.662,0.984,99,259,0,Q4,
CGON,NASDAQ,True,2026-09-11,259,57.76,50508236.2,0.866,38.09,61.858,38.09,167,259,0,Q4,
CGTX,NASDAQ,True,2026-09-11,259,1.21,1158260.3,41.322,48.112,69.341,48.112,170,259,0,Q2,
CHCI,NASDAQ,True,2026-09-11,259,15.07,297843.1,3.318,70.18,91.375,70.18,218,259,1,Q1 least liquid,
CHCO,NASDAQ,True,2026-09-11,259,124.26,11906648.9,0.402,16.252,17.512,16.252,228,259,0,Q3,
CHD,NYSE,True,2026-09-11,259,94.65,187150410.4,0.528,17.713,28.985,17.713,161,259,0,Q5 most liquid,2.18
CHDN,NASDAQ,True,2026-09-11,259,91.93,74252455.8,0.544,0.0,13.26,0.544,38,259,0,Q4,
CHE,NYSE,True,2026-09-11,259,439.36,79424948.8,0.114,14.978,19.592,14.978,147,259,0,Q4,
CHEC,NASDAQ,True,2026-09-11,209,10.09,2125.5,4.955,15.358,15.358,10.982,146,209,0,Q1 least liquid,
CHEF,NASDAQ,True,2026-09-11,259,64.65,29645048.2,0.773,0.0,42.981,0.773,123,259,0,Q4,
CHGA,NASDAQ,True,2026-09-11,259,0.732,95696.3,68.306,193.901,205.129,193.901,218,259,1,Q1 least liquid,
CHGG,NYSE,True,2026-09-11,259,0.9471,1371976.3,52.793,176.216,176.498,176.216,257,259,2,Q2,
CHH,NYSE,True,2026-09-11,259,106.16,61076625.0,0.471,22.058,30.201,22.058,155,259,0,Q4,
CHMG,NASDAQ,True,2026-09-11,259,58.45,559854.4,0.855,41.063,41.063,41.063,259,259,0,Q2,
CHMI,NYSE,True,2026-09-11,259,2.55,518612.5,19.608,45.901,45.901,45.901,259,259,0,Q2,
CHNR,NASDAQ,True,2026-09-11,259,4.03,44615.4,12.407,204.441,204.441,204.441,259,259,2,Q1 least liquid,
CHOW,AMEX,True,2026-09-11,249,0.487,228055.6,102.669,225.271,332.791,102.669,116,249,0,Q1 least liquid,
CHPG,NASDAQ,True,2026-09-11,259,10.3,0.0,4.854,11.316,11.553,10.156,199,259,0,Q1 least liquid,
CHPT,NYSE,True,2026-09-11,259,6.66,3273494.2,7.508,0.0,54.785,7.508,42,259,0,Q2,
CHR,NASDAQ,True,2026-09-11,259,1.45,144773.0,34.483,242.487,293.174,242.487,238,259,1,Q1 least liquid,
CHRD,NASDAQ,True,2026-09-11,259,114.0,86574525.7,0.439,40.592,40.592,40.592,259,259,0,Q4,
CHRN,NASDAQ,True,2026-09-11,259,10.26,1269338.7,4.873,117.933,137.66,103.124,154,259,2,Q2,
CHRS,NASDAQ,True,2026-09-11,259,1.55,1523473.7,32.258,0.0,35.414,32.258,98,259,0,Q2,
CHRW,NASDAQ,True,2026-09-11,259,166.84,248030082.5,0.3,0.0,35.127,0.3,118,259,0,Q5 most liquid,0.0
CHT,NYSE,True,2026-09-11,259,42.97,6669907.9,1.164,0.0,10.651,1.164,121,259,0,Q3,
CHTR,NASDAQ,True,2026-09-11,259,206.02,393827617.3,0.243,0.0,70.736,0.243,121,259,0,Q5 most liquid,0.0
CHWY,NYSE,True,2026-09-11,259,26.46,206174345.9,1.89,13.601,30.568,13.601,135,259,0,Q5 most liquid,1.674
CHYM,NASDAQ,True,2026-09-11,259,21.62,80111752.4,2.313,0.0,34.67,2.313,26,259,0,Q4,
CI,NYSE,True,2026-09-11,259,280.45,435848035.3,0.178,0.0,29.927,0.178,127,259,0,Q5 most liquid,0.0
CIA,NYSE,True,2026-09-11,259,5.4,503260.1,9.259,62.576,62.576,62.576,259,259,0,Q2,
CIEN,NYSE,True,2026-09-11,259,337.38,760839103.0,0.148,0.0,38.753,0.148,48,259,0,Q5 most liquid,0.0
CIFR,NASDAQ,True,2026-09-11,259,17.39,554691647.8,2.875,0.0,54.317,2.875,60,259,0,Q5 most liquid,0.0
CIG,NYSE,True,2026-09-11,259,2.13,8866447.1,23.474,35.428,35.428,35.428,259,259,0,Q3,
CIIT,NASDAQ,True,2026-09-11,259,0.6599,73008.1,75.769,225.312,316.286,225.312,138,259,0,Q1 least liquid,
CIM,NYSE,True,2026-09-11,259,13.02,8696689.4,3.84,11.313,34.711,11.313,180,259,0,Q3,
CINF,NASDAQ,True,2026-09-11,259,163.9,96948866.5,0.305,0.0,17.731,0.305,107,259,0,Q5 most liquid,0.0
CING,NASDAQ,True,2026-09-11,259,4.84,1157331.8,10.331,53.161,69.967,53.161,182,259,1,Q2,
CINT,NYSE,True,2026-09-11,259,4.51,522513.6,11.086,59.45,70.5,59.45,198,259,0,Q2,
CION,NYSE,True,2026-09-11,259,7.95,3383674.6,6.289,0.0,24.934,6.289,90,259,0,Q2,
CIRC,NASDAQ,True,2026-09-11,259,2.04,207988.7,24.51,196.849,197.356,121.449,200,259,1,Q1 least liquid,
CISO,NASDAQ,True,2026-09-11,259,0.375,121326.9,133.333,124.395,124.395,133.333,259,259,0,Q1 least liquid,
CISS,NASDAQ,True,2026-09-11,259,1.71,311531.4,29.24,0.0,133.436,29.24,26,259,2,Q1 least liquid,
CITR,AMEX,True,2026-09-11,193,6.98,196189.0,7.163,129.589,129.589,120.512,131,193,0,Q1 least liquid,
CIVB,NASDAQ,True,2026-09-11,259,23.9,2207376.3,2.092,21.74,22.659,21.74,223,259,0,Q2,
CIX,AMEX,True,2026-09-11,259,23.6,87464.6,2.119,92.746,92.746,92.746,259,259,0,Q1 least liquid,
CJMB,NASDAQ,True,2026-09-11,259,1.73,75308.1,28.902,170.055,206.171,170.055,161,259,0,Q1 least liquid,
CKX,AMEX,True,2026-09-11,259,10.7,12530.7,4.673,189.349,189.349,189.349,259,259,0,Q1 least liquid,
CL,NYSE,True,2026-09-11,259,85.55,481459247.2,0.584,13.344,17.49,13.344,175,259,0,Q5 most liquid,1.642
CLAR,NASDAQ,True,2026-09-11,259,3.35,470659.0,14.925,46.756,50.157,46.756,204,259,0,Q2,
CLB,NYSE,True,2026-09-11,259,14.54,6641157.6,3.439,0.0,47.122,3.439,114,259,0,Q3,
CLBK,NASDAQ,True,2026-09-11,259,16.47,4102422.3,3.036,22.282,30.643,22.282,185,259,0,Q3,
CLBR,NYSE,True,2026-09-11,259,17.24,0.0,2.9,31.372,41.684,2.9,117,259,0,Q1 least liquid,
CLDI,AMEX,True,2026-09-11,259,1.02,190957.7,49.02,135.391,153.734,135.391,220,259,1,Q1 least liquid,
CLDX,NASDAQ,True,2026-09-11,259,29.54,24761824.0,1.693,25.757,40.178,25.757,154,259,0,Q4,
CLF,NYSE,True,2026-09-11,259,11.63,197181336.6,4.299,0.0,63.29,4.299,60,259,0,Q5 most liquid,0.0
CLFD,NASDAQ,True,2026-09-11,259,31.21,3712557.2,1.602,52.751,61.687,52.751,195,259,0,Q2,
CLH,NYSE,True,2026-09-11,259,282.76,126569070.3,0.177,33.976,34.76,33.976,230,259,0,Q5 most liquid,4.181
CLIK,NASDAQ,True,2026-09-11,259,2.21,90883.2,22.624,156.335,227.93,156.335,187,259,2,Q1 least liquid,
CLIR,NASDAQ,True,2026-09-11,259,0.9601,71840.8,52.078,142.676,153.827,142.676,197,259,2,Q1 least liquid,
CLMB,NASDAQ,True,2026-09-11,259,84.76,4614286.1,0.59,0.0,29.554,0.59,77,259,0,Q3,
CLMT,NASDAQ,True,2026-09-11,259,29.08,27219915.2,1.719,39.022,43.745,39.022,223,259,1,Q4,
CLNE,NASDAQ,True,2026-09-11,259,2.23,2779648.1,22.422,0.0,30.749,22.422,52,259,0,Q2,
CLNN,NASDAQ,True,2026-09-11,259,5.99,497803.9,8.347,87.501,91.856,87.501,237,259,1,Q2,
CLOV,NASDAQ,True,2026-09-11,259,2.7,15802720.7,18.519,0.0,21.835,18.519,41,259,0,Q3,
CLPR,NYSE,True,2026-09-11,259,3.36,194833.6,14.881,67.182,67.182,67.182,259,259,0,Q1 least liquid,
CLPS,NASDAQ,True,2026-09-11,259,0.93,8729.9,53.763,175.125,175.125,175.125,259,259,1,Q1 least liquid,
CLPT,NASDAQ,True,2026-09-11,259,13.99,8123551.0,3.574,0.0,141.901,3.574,127,259,0,Q3,
CLRB,NASDAQ,True,2026-09-11,259,3.04,152681.6,16.447,108.327,110.09,108.327,240,259,0,Q1 least liquid,
CLRO,NASDAQ,True,2026-09-11,259,5.06,43301.2,9.881,232.176,232.176,216.79,209,259,3,Q1 least liquid,
CLS,NYSE,True,2026-09-11,259,309.76,734204966.0,0.161,69.559,87.704,69.559,188,259,0,Q5 most liquid,8.559
CLSK,NASDAQ,True,2026-09-11,259,12.69,294424605.5,3.94,0.0,63.329,3.94,85,259,0,Q5 most liquid,0.0
CLST,NASDAQ,True,2026-09-11,259,15.95,44306.0,3.135,48.005,49.132,48.005,235,259,0,Q1 least liquid,
CLVT,NYSE,True,2026-09-11,259,2.59,12967928.2,19.305,43.883,62.471,43.883,170,259,0,Q3,
CLW,NYSE,True,2026-09-11,259,17.61,3057713.6,2.839,0.0,36.753,2.839,63,259,0,Q2,
CLWT,NASDAQ,True,2026-09-11,259,1.25,9254.4,40.0,189.361,189.361,189.361,259,259,1,Q1 least liquid,
CLX,NYSE,True,2026-09-11,259,104.7,228375009.0,0.478,11.786,18.12,11.786,143,259,0,Q5 most liquid,1.45
CLYM,NASDAQ,True,2026-09-11,259,6.95,4130674.5,7.194,0.0,45.381,7.194,128,259,0,Q3,
CM,NYSE,True,2026-09-11,259,97.39,97679286.9,0.513,20.059,20.92,20.059,209,259,0,Q5 most liquid,2.468
CMBT,NYSE,True,2026-09-11,259,12.85,20318055.7,3.891,0.0,36.519,3.891,66,259,0,Q3,
CMC,NYSE,True,2026-09-11,259,68.03,71068941.8,0.735,19.065,27.356,19.065,187,259,0,Q4,
CMCL,AMEX,True,2026-09-11,259,25.61,5860301.3,1.952,33.647,56.529,33.647,175,259,0,Q3,
CMCO,NASDAQ,True,2026-09-11,259,15.71,6179379.5,3.183,34.166,48.493,34.166,182,259,0,Q3,
CMCSA,NASDAQ,True,2026-09-11,259,27.89,792399135.4,1.793,41.191,53.832,41.191,218,259,0,Q5 most liquid,5.068
CMCT,NASDAQ,True,2026-09-11,259,3.85,181940.7,12.987,0.0,154.36,12.987,120,259,0,Q1 least liquid,
CMDB,NYSE,True,2026-09-11,259,16.68,835604.0,2.998,42.383,45.826,42.383,203,259,0,Q2,
CME,NASDAQ,True,2026-09-11,259,273.74,584987195.1,0.183,15.625,19.317,15.625,180,259,0,Q5 most liquid,1.923
CMG,NYSE,True,2026-09-11,259,35.0,589632798.1,1.429,33.659,43.1,33.659,180,259,0,Q5 most liquid,4.142
CMI,NYSE,True,2026-09-11,259,567.44,478888449.9,0.088,0.0,30.211,0.088,83,259,0,Q5 most liquid,0.0
CMP,NYSE,True,2026-09-11,259,24.14,10504596.0,2.071,0.0,33.095,2.071,119,259,0,Q3,
CMPR,NASDAQ,True,2026-09-11,259,75.64,11457680.5,0.661,36.198,43.624,36.198,158,259,0,Q3,
CMPX,NASDAQ,True,2026-09-11,259,3.9,8243937.1,12.821,75.722,79.076,75.722,240,259,0,Q3,
CMRC,NASDAQ,True,2026-09-11,259,3.08,2519404.4,16.234,72.553,78.439,72.553,202,259,0,Q2,
CMRE,NYSE,True,2026-09-11,259,15.59,6491581.2,3.207,28.644,38.316,28.644,192,259,0,Q3,
CMS,NYSE,True,2026-09-11,259,73.23,197162853.1,0.683,21.143,21.205,21.143,257,259,0,Q5 most liquid,2.602
CMT,AMEX,True,2026-09-11,259,21.22,526799.2,2.356,72.934,72.934,72.934,259,259,0,Q2,
CMTL,NASDAQ,True,2026-09-11,259,3.21,821038.8,15.576,0.0,62.398,15.576,120,259,0,Q2,
CMTV,NASDAQ,True,2026-09-11,154,39.195,955101.3,1.276,86.201,86.201,78.537,92,154,0,Q2,
CNA,NYSE,True,2026-09-11,259,46.91,18604466.1,1.066,5.195,14.058,5.195,142,259,0,Q3,
CNC,NYSE,True,2026-09-11,259,41.9,281099949.2,1.193,0.0,52.255,1.193,113,259,0,Q5 most liquid,0.0
CNDT,NASDAQ,True,2026-09-11,259,1.7,1980495.6,29.412,88.186,88.186,88.186,259,259,0,Q2,
CNET,NASDAQ,True,2026-09-11,259,1.2337,9881.2,40.528,216.624,216.624,216.624,259,259,1,Q1 least liquid,
CNH,NYSE,True,2026-09-11,259,10.68,135842652.8,4.682,33.739,46.635,33.739,203,259,0,Q5 most liquid,4.151
CNI,NYSE,True,2026-09-11,259,106.21,147732813.5,0.471,14.547,15.278,14.547,210,259,0,Q5 most liquid,1.79
CNK,NYSE,True,2026-09-11,259,27.99,72884179.8,1.786,36.178,36.891,36.178,249,259,0,Q4,
CNM,NYSE,True,2026-09-11,259,49.89,110767165.3,1.002,25.127,31.28,25.127,176,259,0,Q5 most liquid,3.092
CNMD,NYSE,True,2026-09-11,259,41.75,18800037.5,1.198,8.773,27.178,8.773,141,259,0,Q3,
CNNE,NYSE,True,2026-09-11,259,14.88,7681589.0,3.36,44.743,45.02,44.743,255,259,0,Q3,
CNO,NYSE,True,2026-09-11,259,42.84,27895619.9,1.167,24.399,24.399,24.399,259,259,0,Q4,
CNOB,NASDAQ,True,2026-09-11,259,27.62,8334680.2,1.81,26.512,28.964,26.512,239,259,0,Q3,
CNP,NYSE,True,2026-09-11,259,40.4,211006575.4,1.238,21.597,21.597,21.597,259,259,0,Q5 most liquid,2.657
CNQ,NYSE,True,2026-09-11,259,41.81,317425116.9,1.196,0.0,19.911,1.196,89,259,0,Q5 most liquid,0.0
CNR,NYSE,True,2026-09-11,259,88.17,61593649.5,0.567,28.45,39.029,28.45,175,259,0,Q4,
CNS,NYSE,True,2026-09-11,259,68.32,20497008.8,0.732,27.52,28.546,27.52,239,259,0,Q3,
CNSP,NASDAQ,True,2026-09-11,259,5.4999,71382.6,9.091,167.323,177.232,167.323,226,259,1,Q1 least liquid,
CNSY,NASDAQ,True,2026-09-11,259,0.655,1526962.8,76.336,0.0,259.193,76.336,113,259,4,Q2,
CNTN,NASDAQ,True,2026-09-11,259,3.01,1600985.7,16.611,89.929,99.034,73.772,145,259,3,Q2,
CNTX,NASDAQ,True,2026-09-11,259,1.21,1144631.9,41.322,98.291,105.557,65.435,180,259,1,Q2,
CNTY,NASDAQ,True,2026-09-11,259,1.45,88063.2,34.483,79.647,91.461,79.647,197,259,0,Q1 least liquid,
CNVS,NASDAQ,True,2026-09-11,259,2.54,318982.1,19.685,28.648,60.101,28.648,134,259,2,Q1 least liquid,
CNX,NYSE,True,2026-09-11,259,36.2,63722663.6,1.381,38.585,38.585,38.585,259,259,0,Q4,
CNXC,NASDAQ,True,2026-09-11,259,32.16,36403315.5,1.555,52.805,74.394,52.805,214,259,0,Q4,
CNXN,NASDAQ,True,2026-09-11,259,62.69,5169217.0,0.798,26.508,28.414,26.508,223,259,0,Q3,
COCH,NASDAQ,True,2026-09-11,259,0.705,115326.9,70.922,161.112,161.112,158.234,196,259,1,Q1 least liquid,
COCO,NASDAQ,True,2026-09-11,259,54.22,51370220.9,0.922,8.007,38.372,8.007,133,259,0,Q4,
COCP,NASDAQ,True,2026-09-11,259,1.06,72323.4,47.17,130.163,131.51,130.163,258,259,0,Q1 least liquid,
CODA,NASDAQ,True,2026-09-11,259,10.11,1005359.9,4.946,72.796,72.796,72.796,259,259,0,Q2,
CODI,NYSE,True,2026-09-11,259,7.48,7894339.5,6.684,43.216,46.504,43.216,230,259,0,Q3,
CODX,NASDAQ,True,2026-09-11,259,1.54,373884.7,32.468,0.0,203.541,32.468,85,259,2,Q1 least liquid,
COEP,NASDAQ,False,2026-04-24,163,14.25,693531.0,3.509,95.578,95.578,95.578,163,163,0,Q2,
COF,NYSE,True,2026-09-11,259,211.34,852612617.2,0.237,0.0,25.396,0.237,89,259,0,Q5 most liquid,0.0
COFS,NASDAQ,True,2026-09-11,259,30.33,2470983.5,1.649,27.234,34.601,27.234,179,259,0,Q2,
COGT,NASDAQ,True,2026-09-11,259,36.14,64739780.0,1.384,0.0,63.215,1.384,126,259,1,Q4,
COHN,AMEX,True,2026-09-11,259,13.58,225882.5,3.682,68.713,102.713,68.713,176,259,1,Q1 least liquid,
COHR,NYSE,True,2026-09-11,259,247.8,1366422982.7,0.202,48.008,66.052,48.008,179,259,0,Q5 most liquid,5.907
COHU,NASDAQ,True,2026-09-11,259,30.35,27737637.5,1.647,73.749,77.401,73.749,240,259,0,Q4,
COIN,NASDAQ,True,2026-09-11,259,196.68,2008348823.5,0.254,0.0,28.278,0.254,39,259,0,Q5 most liquid,0.0
COKE,NASDAQ,True,2026-09-11,259,175.0,75365956.9,0.286,0.0,11.561,0.286,49,259,0,Q4,
COLB,NASDAQ,True,2026-09-11,259,29.02,83381608.1,1.723,25.29,27.496,25.29,209,259,0,Q4,
COLL,NASDAQ,True,2026-09-11,259,35.62,15957750.4,1.404,0.0,56.945,1.404,67,259,0,Q3,
COLM,NASDAQ,True,2026-09-11,259,57.04,32603141.6,0.877,0.0,31.477,0.877,110,259,0,Q4,
COMP,NYSE,True,2026-09-11,259,9.49,116035877.5,5.269,0.0,45.35,5.269,16,259,0,Q5 most liquid,0.0
CON,NYSE,True,2026-09-11,259,22.57,19267650.1,2.215,43.09,43.09,43.09,259,259,0,Q3,
COO,NASDAQ,True,2026-09-11,259,71.39,157512900.4,0.7,22.967,71.19,22.967,178,259,0,Q5 most liquid,2.826
COOK,NYSE,True,2026-09-11,259,1.35,541906.0,37.037,112.944,113.031,112.944,255,259,0,Q2,
COP,NYSE,True,2026-09-11,259,110.52,761784063.5,0.452,22.053,24.631,22.053,212,259,0,Q5 most liquid,2.714
COPL,NYSE,True,2026-09-11,259,10.3,7938.0,4.854,17.81,17.81,17.81,259,259,0,Q1 least liquid,
COR,NYSE,True,2026-09-11,259,321.23,414574103.5,0.156,0.0,17.126,0.156,81,259,0,Q5 most liquid,0.0
CORT,NASDAQ,True,2026-09-11,259,73.47,68082093.4,0.681,33.733,38.715,24.38,160,259,1,Q4,
CORZ,NASDAQ,True,2026-09-11,259,18.06,228201007.3,2.769,26.287,46.116,26.287,161,259,1,Q5 most liquid,3.235
COSM,NASDAQ,True,2026-09-11,259,0.3763,394323.3,132.873,170.782,197.917,170.782,225,259,1,Q1 least liquid,
COSO,NYSE,True,2026-09-11,259,24.86,1532157.8,2.011,27.143,27.143,25.798,239,259,0,Q2,
COST,NASDAQ,True,2026-09-11,259,952.75,2028060046.0,0.052,0.0,13.88,0.052,77,259,0,Q5 most liquid,0.0
COTY,NYSE,True,2026-09-11,259,2.75,19674605.0,18.182,13.41,52.175,18.182,139,259,0,Q3,
COUR,NYSE,True,2026-09-11,259,6.13,27288422.3,8.157,52.016,58.518,52.016,173,259,0,Q4,
COYA,NASDAQ,True,2026-09-11,259,4.87,714867.8,10.267,71.058,71.058,71.058,259,259,0,Q2,
CP,NYSE,True,2026-09-11,259,81.17,202181900.6,0.616,23.136,23.136,23.136,259,259,0,Q5 most liquid,2.847
CPA,NYSE,True,2026-09-11,259,126.45,38524897.5,0.395,0.0,17.922,0.395,102,259,0,Q4,
CPAC,NYSE,True,2026-09-11,259,10.56,183015.2,4.735,86.345,90.872,86.345,238,259,0,Q1 least liquid,
CPAY,NYSE,True,2026-09-11,259,320.48,171716919.7,0.156,8.585,15.885,8.585,152,259,0,Q5 most liquid,1.056
CPB,NASDAQ,True,2026-09-11,259,25.06,167376569.9,1.995,0.0,27.265,1.995,121,259,0,Q5 most liquid,0.0
CPBI,NASDAQ,True,2026-09-11,259,17.5,35057.6,2.857,55.741,63.117,55.741,230,259,0,Q1 least liquid,
CPF,NYSE,True,2026-09-11,259,32.83,4554210.8,1.523,28.111,31.2,28.111,193,259,0,Q3,
CPHC,NASDAQ,True,2026-09-11,259,15.7,18861.1,3.185,75.429,75.429,75.429,259,259,0,Q1 least liquid,
CPHI,AMEX,True,2026-09-11,259,1.08,25002.9,46.296,189.804,189.804,189.804,259,259,1,Q1 least liquid,
CPIX,NASDAQ,True,2026-09-11,259,3.91,313695.5,12.788,133.936,134.223,133.936,258,259,1,Q1 least liquid,
CPK,NYSE,True,2026-09-11,259,128.86,17365120.3,0.388,23.563,23.873,23.563,247,259,0,Q3,
CPNG,NYSE,True,2026-09-11,259,19.57,337487196.5,2.555,19.893,30.842,19.893,174,259,0,Q5 most liquid,2.448
CPRI,NYSE,True,2026-09-11,259,19.98,53357070.1,2.503,40.816,41.821,40.816,248,259,1,Q4,
CPRT,NASDAQ,True,2026-09-11,259,35.55,308566064.8,1.406,19.574,22.495,19.574,206,259,0,Q5 most liquid,2.409
CPS,NYSE,True,2026-09-11,259,30.64,4979028.7,1.632,8.283,42.561,8.283,130,259,0,Q3,
CPSH,NASDAQ,True,2026-09-11,259,4.02,955276.1,12.438,41.314,90.829,41.314,148,259,0,Q2,
CPZ,NASDAQ,True,2026-09-11,259,14.55,1019675.2,3.436,30.175,30.175,30.175,259,259,0,Q2,
CQP,NYSE,True,2026-09-11,259,60.27,5637836.9,0.83,15.946,18.141,15.946,188,259,0,Q3,
CR,NYSE,True,2026-09-11,259,188.98,72530696.0,0.265,35.584,41.442,35.584,174,259,0,Q4,
CRAI,NASDAQ,True,2026-09-11,259,173.33,21629414.2,0.288,31.088,33.393,31.088,216,259,0,Q4,
CRBG,NYSE,True,2026-09-11,259,30.38,125049517.0,1.646,34.974,36.298,34.974,232,259,0,Q5 most liquid,4.303
CRBP,NASDAQ,True,2026-09-11,259,9.66,2604907.5,5.176,48.573,66.996,48.573,176,259,2,Q2,
CRBU,NASDAQ,True,2026-09-11,259,1.84,2076429.2,27.174,59.103,71.309,59.103,196,259,0,Q2,
CRC,NYSE,True,2026-09-11,259,53.36,43540307.9,0.937,48.036,48.63,48.036,239,259,0,Q4,
CRCL,NYSE,True,2026-09-11,259,88.57,1128434870.0,0.565,0.0,52.883,0.565,108,259,0,Q5 most liquid,0.0
CRCT,NASDAQ,True,2026-09-11,259,4.63,2477192.0,10.799,0.0,57.509,10.799,105,259,0,Q2,
CRDF,NASDAQ,True,2026-09-11,259,1.78,1390976.6,28.09,31.654,50.179,31.654,147,259,2,Q2,
CREX,NASDAQ,True,2026-09-11,259,3.17,93397.4,15.773,117.814,118.413,117.814,251,259,1,Q1 least liquid,
CRGY,NYSE,True,2026-09-11,259,10.29,60092700.5,4.859,39.495,47.716,39.495,184,259,0,Q4,
CRH,NYSE,True,2026-09-11,259,112.64,486977036.9,0.444,33.0,34.074,33.0,226,259,0,Q5 most liquid,4.061
CRI,NYSE,True,2026-09-11,259,34.75,36075892.8,1.439,0.0,64.491,1.439,79,259,0,Q4,
CRIS,NASDAQ,True,2026-09-11,259,1.11,152928.4,45.045,123.923,123.923,123.923,259,259,0,Q1 least liquid,
CRK,NYSE,True,2026-09-11,259,17.87,42458890.5,2.798,0.0,37.185,2.798,99,259,0,Q4,
CRL,NYSE,True,2026-09-11,259,181.34,163872398.7,0.276,18.048,44.722,18.048,169,259,0,Q5 most liquid,2.221
CRM,NYSE,True,2026-09-11,259,199.44,2237453903.8,0.251,0.0,30.365,0.251,98,259,0,Q5 most liquid,0.0
CRMD,NASDAQ,True,2026-09-11,259,8.27,12486562.7,6.046,0.0,59.2,6.046,108,259,0,Q3,
CRMT,NASDAQ,True,2026-09-11,259,18.23,2263180.0,2.743,18.876,45.783,18.876,144,259,0,Q2,
CRNC,NASDAQ,True,2026-09-11,259,9.88,8139771.0,5.061,0.0,81.154,5.061,54,259,1,Q3,
CRON,NASDAQ,True,2026-09-11,259,2.66,3224170.8,18.797,29.358,34.421,29.358,177,259,0,Q2,
CROX,NASDAQ,True,2026-09-11,259,89.7,123710652.9,0.557,31.095,44.852,31.095,172,259,0,Q5 most liquid,3.826
CRS,NYSE,True,2026-09-11,259,387.47,280030166.4,0.129,0.0,40.923,0.129,78,259,0,Q5 most liquid,0.0
CRSR,NASDAQ,True,2026-09-11,259,7.12,7336872.3,7.022,0.0,54.871,7.022,89,259,0,Q3,
CRUS,NASDAQ,True,2026-09-11,259,131.24,77542945.1,0.381,46.393,46.393,46.393,259,259,0,Q4,
CRVL,NASDAQ,True,2026-09-11,259,64.26,11985430.0,0.778,0.0,18.89,0.778,54,259,0,Q3,
CRVO,NASDAQ,True,2026-09-11,259,4.31,474579.9,11.601,44.06,52.782,44.06,174,259,1,Q2,
CRVS,NASDAQ,True,2026-09-11,259,13.15,12895406.8,3.802,0.0,49.825,3.802,91,259,1,Q3,
CRWD,NASDAQ,True,2026-09-11,259,454.61,1384820550.2,0.11,31.761,36.516,31.761,187,259,0,Q5 most liquid,3.908
CRWS,NASDAQ,True,2026-09-11,259,2.86,111114.7,17.483,66.508,66.508,66.508,259,259,0,Q1 least liquid,
CRWV,NASDAQ,True,2026-09-11,259,92.98,2426426460.5,0.538,0.0,43.684,0.538,23,259,0,Q5 most liquid,0.0
CSAI,NASDAQ,True,2026-09-11,259,0.8375,241037.6,59.701,159.069,194.736,159.069,189,259,1,Q1 least liquid,
CSBR,NASDAQ,True,2026-09-11,259,6.12,47386.0,8.17,138.09,138.09,138.09,259,259,0,Q1 least liquid,
CSCO,NASDAQ,True,2026-09-11,259,79.27,1615992208.0,0.631,10.499,20.551,10.499,161,259,0,Q5 most liquid,1.292
CSGP,NASDAQ,True,2026-09-11,259,44.99,237195093.3,1.111,0.0,42.575,1.111,102,259,0,Q5 most liquid,0.0
CSIQ,NASDAQ,True,2026-09-11,259,15.97,39581184.4,3.131,35.439,53.938,35.439,163,259,0,Q4,
CSL,NYSE,True,2026-09-11,259,342.59,141656730.0,0.146,0.0,32.86,0.146,124,259,0,Q5 most liquid,0.0
CSPI,NASDAQ,True,2026-09-11,259,9.44,152646.5,5.297,89.719,89.719,89.719,259,259,0,Q1 least liquid,
CSQ,NASDAQ,True,2026-09-11,259,19.33,4246443.9,2.587,16.646,17.121,16.646,242,259,0,Q3,
CSR,NYSE,True,2026-09-11,259,60.22,7436968.5,0.83,34.554,36.223,34.554,214,259,1,Q3,
CSTL,NASDAQ,True,2026-09-11,259,25.32,9466013.2,1.975,0.0,19.8,1.975,16,259,1,Q3,
CSV,NYSE,True,2026-09-11,259,42.94,3748914.0,1.164,20.87,26.7,20.87,165,259,0,Q2,
CSW,NYSE,True,2026-09-11,259,277.21,37556319.8,0.18,25.463,39.934,25.463,175,259,0,Q4,
CSWC,NASDAQ,True,2026-09-11,259,22.98,13833288.1,2.176,20.571,20.571,20.571,259,259,0,Q3,
CSX,NASDAQ,True,2026-09-11,259,40.9,492036960.0,1.222,18.814,21.371,18.814,204,259,0,Q5 most liquid,2.315
CTAS,NASDAQ,True,2026-09-11,259,189.16,366487380.5,0.264,11.824,20.214,11.824,183,259,0,Q5 most liquid,1.455
CTEV,NYSE,True,2026-09-11,259,30.76,4104666.2,1.625,0.0,55.661,1.625,25,259,1,Q3,
CTGO,AMEX,True,2026-09-11,259,22.52,6247447.9,2.22,0.0,47.664,2.22,104,259,0,Q3,
CTKB,NASDAQ,True,2026-09-11,259,4.48,3656607.1,11.161,44.23,48.618,44.23,225,259,0,Q2,
CTM,AMEX,True,2026-09-11,259,0.8599,1074390.7,58.146,107.691,172.18,107.691,214,259,0,Q2,
CTMX,NASDAQ,True,2026-09-11,259,3.81,11030960.8,13.123,19.974,41.456,19.974,135,259,1,Q3,
CTNM,NASDAQ,True,2026-09-11,259,12.83,2454073.6,3.897,18.397,60.037,18.397,144,259,0,Q2,
CTNT,NASDAQ,True,2026-09-11,259,1.56,75225.0,32.051,129.595,129.595,118.018,196,259,1,Q1 least liquid,
CTO,NYSE,True,2026-09-11,259,18.98,5519364.6,2.634,19.206,19.874,19.206,229,259,0,Q3,
CTOR,NASDAQ,True,2026-09-11,259,1.005,150198.6,49.751,79.842,84.087,79.842,225,259,1,Q1 least liquid,
CTOS,NYSE,True,2026-09-11,259,6.64,6266587.2,7.53,55.668,59.274,55.668,189,259,0,Q3,
CTRE,NYSE,True,2026-09-11,259,37.76,74881640.7,1.324,21.97,23.222,21.97,237,259,0,Q4,
CTRI,NYSE,True,2026-09-11,259,27.02,35931759.6,1.85,39.673,51.254,39.673,180,259,0,Q4,
CTRN,NASDAQ,True,2026-09-11,259,45.33,4498748.9,1.103,39.488,77.59,39.488,204,259,0,Q3,
CTS,NYSE,True,2026-09-11,259,51.93,9829510.7,0.963,30.213,34.907,30.213,220,259,0,Q3,
CTSH,NASDAQ,True,2026-09-11,259,63.76,364633999.8,0.784,5.54,28.989,5.54,133,259,0,Q5 most liquid,0.682
CTSO,NASDAQ,True,2026-09-11,259,0.6451,46762.4,77.507,125.594,125.814,125.594,255,259,0,Q1 least liquid,
CTVA,NYSE,True,2026-09-11,259,76.46,283528340.7,0.654,22.452,27.528,22.452,181,259,0,Q5 most liquid,2.763
CTXR,NASDAQ,True,2026-09-11,259,0.8006,319757.9,62.453,0.0,134.351,62.453,117,259,0,Q1 least liquid,
CUBE,NYSE,True,2026-09-11,259,39.73,77350879.3,1.258,16.225,19.325,16.225,208,259,0,Q4,
CUBI,NYSE,True,2026-09-11,259,74.34,21469879.3,0.673,0.0,21.048,0.673,122,259,0,Q4,
CUE,NASDAQ,True,2026-09-11,259,0.7275,473803.4,68.729,106.072,115.343,82.454,159,259,1,Q2,
CULP,NASDAQ,True,2026-09-11,259,3.48,70068.5,14.368,77.574,77.574,77.574,259,259,0,Q1 least liquid,
CURB,NYSE,True,2026-09-11,259,26.66,21337580.4,1.875,30.665,31.146,30.665,244,259,0,Q4,
CURI,NASDAQ,True,2026-09-11,259,3.31,1537955.9,15.106,0.0,64.396,15.106,110,259,0,Q2,
CURV,NYSE,True,2026-09-11,259,1.55,504015.5,32.258,81.25,117.933,81.25,181,259,0,Q2,
CURX,NASDAQ,True,2026-09-11,259,0.4075,57680.2,122.699,165.394,168.573,155.973,162,259,1,Q1 least liquid,
CUZ,NYSE,True,2026-09-11,259,26.37,41463218.2,1.896,21.81,22.479,21.81,247,259,0,Q4,
CV,NASDAQ,True,2026-09-11,259,6.07,662236.6,8.237,115.964,115.964,115.151,239,259,0,Q2,
CVBF,NASDAQ,True,2026-09-11,259,20.08,23521697.4,2.49,20.669,21.735,20.669,231,259,0,Q4,
CVCO,NASDAQ,True,2026-09-11,259,563.115,76544069.8,0.089,25.312,41.558,25.312,147,259,0,Q4,
CVE,NYSE,True,2026-09-11,259,23.13,217639744.8,2.162,0.0,28.735,2.162,105,259,0,Q5 most liquid,0.0
CVEO,NYSE,True,2026-09-11,259,27.85,1706449.8,1.795,25.29,34.067,25.29,218,259,0,Q2,
CVGI,NASDAQ,True,2026-09-11,259,1.95,496451.2,25.641,60.611,77.041,60.611,173,259,0,Q2,
CVI,NYSE,True,2026-09-11,259,32.79,32740968.0,1.525,11.536,25.904,11.536,147,259,0,Q4,
CVKD,NASDAQ,True,2026-09-11,259,6.35,254407.7,7.874,19.702,73.633,19.702,135,259,0,Q1 least liquid,
CVLG,NYSE,True,2026-09-11,259,28.08,4348233.7,1.781,26.358,35.267,26.358,199,259,0,Q3,
CVLT,NASDAQ,True,2026-09-11,259,125.1,84056619.9,0.4,0.0,68.938,0.4,65,259,0,Q4,
CVM,AMEX,True,2026-09-11,259,4.28,359442.0,11.682,93.898,133.301,93.898,194,259,0,Q1 least liquid,
CVNA,NYSE,True,2026-09-11,259,328.19,871689086.0,0.152,0.0,41.559,0.152,122,259,0,Q5 most liquid,0.0
CVR,AMEX,True,2026-09-11,259,10.3275,27554.6,4.841,195.988,195.988,195.988,259,259,0,Q1 least liquid,
CVRX,NASDAQ,True,2026-09-11,259,7.32,1666859.8,6.831,0.0,80.956,6.831,77,259,0,Q2,
CVS,NYSE,True,2026-09-11,259,79.85,594740743.8,0.626,17.78,21.322,17.78,190,259,0,Q5 most liquid,2.188
CVSA,NYSE,True,2026-09-11,259,117.89,40843020.1,0.424,0.0,62.464,0.424,84,259,0,Q4,
CVU,AMEX,True,2026-09-11,259,3.92,285466.4,12.755,98.505,99.892,98.505,254,259,0,Q1 least liquid,
CVV,NASDAQ,True,2026-09-11,259,4.25,323298.0,11.765,0.0,53.52,11.765,101,259,1,Q1 least liquid,
CVX,NYSE,True,2026-09-11,259,181.6,1581493951.8,0.275,12.522,20.882,12.522,175,259,0,Q5 most liquid,1.541
CW,NYSE,True,2026-09-11,259,663.99,163571405.8,0.075,36.554,38.13,36.554,224,259,0,Q5 most liquid,4.498
CWBC,NASDAQ,True,2026-09-11,259,23.56,3693790.8,2.122,20.462,21.829,20.462,233,259,0,Q2,
CWD,NASDAQ,True,2026-09-11,259,1.24,148158.1,40.323,242.939,242.939,242.939,259,259,0,Q1 least liquid,
CWEN,NYSE,True,2026-09-11,259,35.03,34345830.0,1.427,27.86,29.208,27.86,216,259,0,Q4,
CWH,NYSE,True,2026-09-11,259,7.76,20561954.0,6.443,0.0,52.103,6.443,65,259,0,Q4,
CWK,NYSE,True,2026-09-11,259,14.28,24771578.0,3.501,44.662,47.954,44.662,225,259,0,Q4,
CWST,NASDAQ,True,2026-09-11,259,90.83,56608829.4,0.55,22.549,33.732,22.549,176,259,0,Q4,
CWT,NYSE,True,2026-09-11,259,45.59,17754183.0,1.097,31.477,33.824,31.477,197,259,0,Q3,
CX,NYSE,True,2026-09-11,259,11.59,71293278.8,4.314,0.0,30.233,4.314,129,259,0,Q4,
CXAI,NASDAQ,True,2026-09-11,259,0.2597,623021.0,192.53,101.914,149.015,192.53,210,259,2,Q2,
CXDO,NASDAQ,True,2026-09-11,259,6.66,1220626.4,7.508,0.0,33.195,7.508,94,259,0,Q2,
CXM,NYSE,True,2026-09-11,259,6.35,15741830.5,7.874,17.873,27.596,17.873,170,259,0,Q3,
CXT,NYSE,True,2026-09-11,259,50.64,29224730.6,0.987,30.006,39.209,30.006,200,259,0,Q4,
CXW,NYSE,True,2026-09-11,259,20.06,20519154.3,2.493,46.896,52.002,46.896,197,259,0,Q3,
CYAB,NASDAQ,True,2026-09-11,259,10.5,80981.4,4.762,61.63,127.455,55.48,170,259,1,Q1 least liquid,
CYCU,NASDAQ,True,2026-09-11,259,1.05,609295.4,47.619,92.591,314.054,47.619,134,259,1,Q2,
CYD,NYSE,True,2026-09-11,259,41.37,6717568.7,1.209,5.676,57.415,5.676,131,259,0,Q3,
CYH,NYSE,True,2026-09-11,259,3.12,4341886.8,16.026,8.895,54.317,16.026,131,259,1,Q3,
CYN,NASDAQ,True,2026-09-11,259,1.68,545558.2,29.762,96.533,108.925,96.533,234,259,2,Q2,
CYPH,NASDAQ,True,2026-09-11,259,0.733,2001444.7,68.213,99.222,126.102,99.222,188,259,0,Q2,
CYRX,NASDAQ,True,2026-09-11,259,10.05,5387137.9,4.975,15.603,45.145,15.603,157,259,0,Q3,
CYTK,NASDAQ,True,2026-09-11,259,65.37,123377248.4,0.765,0.0,22.726,0.765,89,259,0,Q5 most liquid,0.0
CZFS,NASDAQ,True,2026-09-11,259,62.97,561952.6,0.794,86.68,86.68,86.68,259,259,0,Q2,
CZNC,NASDAQ,True,2026-09-11,259,21.73,980138.9,2.301,18.902,26.596,18.902,166,259,0,Q2,
CZR,NASDAQ,True,2026-09-11,259,26.43,125393342.8,1.892,0.0,24.978,1.892,120,259,0,Q5 most liquid,0.0
CZWI,NASDAQ,True,2026-09-11,259,18.64,583654.7,2.682,38.006,39.039,38.006,249,259,0,Q2,
D,NYSE,True,2026-09-11,259,62.42,305102557.8,0.801,11.978,27.132,11.978,136,259,0,Q5 most liquid,1.474
DAC,NYSE,True,2026-09-11,259,111.7,9054818.8,0.448,20.106,20.598,20.106,251,259,0,Q3,
DAIC,NASDAQ,True,2026-09-11,259,1.25,114830.0,40.0,105.745,123.892,92.935,162,259,1,Q1 least liquid,
DAIO,NASDAQ,True,2026-09-11,259,3.04,74785.2,16.447,117.42,117.42,117.42,259,259,0,Q1 least liquid,
DAKT,NASDAQ,True,2026-09-11,259,19.88,8482151.1,2.515,5.022,58.584,5.022,130,259,0,Q3,
DAL,NYSE,True,2026-09-11,259,69.38,531203992.0,0.721,41.443,48.25,41.443,196,259,0,Q5 most liquid,5.099
DAN,NYSE,True,2026-09-11,259,28.45,39101619.5,1.757,0.0,23.97,1.757,72,259,0,Q4,
DAR,NYSE,True,2026-09-11,259,53.09,114889691.3,0.942,21.294,29.648,21.294,194,259,0,Q5 most liquid,2.62
DARE,NASDAQ,True,2026-09-11,259,1.95,224925.1,25.641,40.759,67.979,40.759,171,259,1,Q1 least liquid,
DASH,NASDAQ,True,2026-09-11,259,196.51,801111445.2,0.254,0.0,31.118,0.254,77,259,0,Q5 most liquid,0.0
DAVE,NASDAQ,True,2026-09-11,259,227.8,107387554.6,0.219,0.0,59.54,0.219,115,259,0,Q5 most liquid,0.0
DB,NYSE,True,2026-09-11,259,35.47,83552110.2,1.41,0.0,39.746,1.41,128,259,0,Q4,
DBD,NYSE,True,2026-09-11,259,70.97,16922916.0,0.705,19.386,22.339,19.386,203,259,0,Q3,
DBGI,NASDAQ,True,2026-09-11,259,6.73,1060913.2,7.429,174.61,295.358,174.61,170,259,0,Q2,
DBI,NYSE,True,2026-09-11,259,6.03,3569259.2,8.292,45.591,69.179,45.591,149,259,0,Q2,
DBRG,NYSE,True,2026-09-11,259,15.41,41308785.7,3.245,8.27,8.406,8.27,227,259,0,Q4,
DBX,NASDAQ,True,2026-09-11,259,28.15,93293327.4,1.776,29.041,38.888,29.041,208,259,0,Q5 most liquid,3.573
DC,AMEX,True,2026-09-11,259,5.39,6526729.0,9.276,60.313,78.603,60.313,152,259,0,Q3,
DCGO,NASDAQ,True,2026-09-11,259,0.7057,486308.1,70.852,93.57,98.597,93.57,246,259,0,Q2,
DCH,NYSE,True,2026-09-11,259,6.22,21475167.0,8.039,31.77,59.16,31.77,144,259,0,Q4,
DCI,NYSE,True,2026-09-11,259,88.52,54344501.1,0.565,0.0,17.838,0.565,77,259,0,Q4,
DCO,NYSE,True,2026-09-11,259,125.19,21329573.6,0.399,15.247,20.515,15.247,184,259,0,Q4,
DCOM,NYSE,True,2026-09-11,259,33.87,8590942.0,1.476,34.521,34.964,34.521,243,259,0,Q3,
DCOY,NASDAQ,True,2026-09-11,259,4.03,133157.4,12.407,141.824,294.723,12.407,84,259,5,Q1 least liquid,
DCTH,NASDAQ,True,2026-09-11,259,10.745,5248370.3,4.653,48.039,49.419,48.039,233,259,3,Q3,
DD,NYSE,True,2026-09-11,259,48.26,188483006.1,1.036,42.14,56.72,42.14,173,259,0,Q5 most liquid,5.185
DDC,AMEX,True,2026-09-11,259,2.1497,190137.5,23.259,190.712,190.712,190.712,259,259,1,Q1 least liquid,
DDD,NYSE,True,2026-09-11,259,2.47,7174862.4,20.243,0.0,48.274,20.243,93,259,1,Q3,
DDOG,NASDAQ,True,2026-09-11,259,153.0,716493302.0,0.327,0.0,38.587,0.327,105,259,0,Q5 most liquid,0.0
DDS,NYSE,True,2026-09-11,259,605.77,75647536.3,0.083,24.973,35.036,24.973,178,259,0,Q4,
DE,NYSE,True,2026-09-11,259,567.69,700525609.9,0.088,12.159,15.835,12.159,159,259,0,Q5 most liquid,1.496
DEA,NYSE,True,2026-09-11,259,23.17,9515042.3,2.158,31.34,31.34,31.34,259,259,0,Q3,
DEC,NYSE,True,2026-09-11,259,14.3,9470325.3,3.497,39.858,46.404,39.858,193,259,0,Q3,
DECK,NYSE,True,2026-09-11,259,102.04,245114657.0,0.49,7.814,32.127,7.814,133,259,0,Q5 most liquid,0.961
DEFT,NASDAQ,True,2026-09-11,259,0.7537,3419637.8,66.339,93.891,115.354,93.891,196,259,0,Q2,
DEI,NYSE,True,2026-09-11,259,11.66,23876987.6,4.288,24.619,29.452,24.619,218,259,0,Q4,
DELL,NYSE,True,2026-09-11,259,156.76,1209723347.2,0.319,0.0,49.161,0.319,122,259,0,Q5 most liquid,0.0
DEO,NYSE,True,2026-09-11,259,88.51,118321543.9,0.565,0.0,9.642,0.565,34,259,0,Q5 most liquid,0.0
DERM,NASDAQ,True,2026-09-11,259,7.23,1040118.1,6.916,0.0,57.633,6.916,126,259,0,Q2,
DFDV,NASDAQ,True,2026-09-11,259,4.56,6223257.0,10.965,0.0,167.394,10.965,83,259,1,Q3,
DFH,NYSE,True,2026-09-11,259,17.1,8481458.0,2.924,0.0,41.103,2.924,86,259,0,Q3,
DFIN,NYSE,True,2026-09-11,259,48.09,11633812.0,1.04,0.0,26.091,1.04,122,259,0,Q3,
DFLI,NASDAQ,True,2026-09-11,259,1.79,975518.9,27.933,119.546,151.561,75.627,154,259,2,Q2,
DFNS,NASDAQ,True,2026-09-11,259,3.65,4290445.9,13.699,0.0,92.723,13.699,67,259,2,Q3,
DFSC,NASDAQ,True,2026-09-11,259,2.36,132349.7,21.186,65.499,140.063,58.477,151,259,1,Q1 least liquid,
DG,NYSE,True,2026-09-11,259,119.59,347984037.7,0.418,39.05,43.136,39.05,184,259,0,Q5 most liquid,4.805
DGICA,NASDAQ,True,2026-09-11,259,18.83,2066518.4,2.655,22.118,22.232,22.118,253,259,0,Q2,
DGICB,NASDAQ,True,2026-09-11,259,17.38,7768.9,2.877,254.985,254.985,254.985,259,259,0,Q1 least liquid,
DGII,NASDAQ,True,2026-09-11,259,49.6,14490934.2,1.008,55.412,75.473,55.412,200,259,0,Q3,
DGLY,NASDAQ,False,2026-09-11,259,0.8718,0.0,57.353,88.388,88.861,69.959,135,259,1,Q1 least liquid,
DGX,NYSE,True,2026-09-11,259,192.88,172715253.1,0.259,0.0,17.442,0.259,111,259,0,Q5 most liquid,0.0
DH,NASDAQ,True,2026-09-11,259,1.19,513543.6,42.017,54.343,66.909,54.343,211,259,0,Q2,
DHC,NASDAQ,True,2026-09-11,259,6.78,9154834.4,7.375,46.217,46.217,46.217,259,259,0,Q3,
DHI,NYSE,True,2026-09-11,259,149.98,370274668.8,0.333,18.042,28.289,18.042,156,259,0,Q5 most liquid,2.22
DHR,NYSE,True,2026-09-11,259,202.46,770231402.9,0.247,12.702,22.092,12.702,153,259,0,Q5 most liquid,1.563
DHT,NYSE,True,2026-09-11,259,16.72,43950409.9,2.99,19.397,45.33,19.397,153,259,0,Q4,
DHX,NYSE,True,2026-09-11,259,2.74,532397.1,18.248,98.327,101.043,98.327,241,259,0,Q2,
DIBS,NASDAQ,True,2026-09-11,259,4.78,678603.5,10.46,74.915,78.739,74.915,204,259,0,Q2,
DIN,NYSE,True,2026-09-11,259,30.92,11567523.6,1.617,36.929,44.206,36.929,186,259,0,Q3,
DINO,NYSE,True,2026-09-11,259,57.17,141965922.4,0.875,44.943,46.446,44.943,235,259,0,Q5 most liquid,5.53
DIOD,NASDAQ,True,2026-09-11,259,67.84,30526653.9,0.737,0.0,42.783,0.737,129,259,0,Q4,
DIS,NYSE,True,2026-09-11,259,105.44,969154250.8,0.474,0.0,23.004,0.474,126,259,0,Q5 most liquid,0.0
DIT,AMEX,True,2026-09-11,259,107.19,31921.0,0.466,144.409,145.436,144.409,243,259,0,Q1 least liquid,
DJCO,NASDAQ,True,2026-09-11,259,519.41,37255242.8,0.096,53.57,53.575,53.57,258,259,0,Q4,
DJT,NASDAQ,True,2026-09-11,259,10.27,44321705.6,4.869,22.179,42.614,22.179,138,259,1,Q4,
DK,NYSE,True,2026-09-11,259,40.85,58199614.7,1.224,36.056,39.126,36.056,217,259,0,Q4,
DKL,NYSE,True,2026-09-11,259,50.41,2958520.5,0.992,35.13,35.13,35.13,259,259,0,Q2,
DKNG,NASDAQ,True,2026-09-11,259,25.97,333089110.8,1.925,0.0,25.506,1.925,83,259,0,Q5 most liquid,0.0
DKS,NYSE,True,2026-09-11,259,213.38,251892540.7,0.234,41.658,46.34,41.658,222,259,0,Q5 most liquid,5.126
DLB,NYSE,True,2026-09-11,259,63.78,40662343.3,0.784,24.842,25.864,24.842,233,259,0,Q4,
DLHC,NASDAQ,True,2026-09-11,259,5.63,52966.6,8.881,72.137,104.572,72.137,198,259,0,Q1 least liquid,
DLNG,NYSE,True,2026-09-11,259,3.78,185630.4,13.228,67.763,67.763,67.763,259,259,0,Q1 least liquid,
DLPN,NASDAQ,True,2026-09-11,259,1.46,35143.6,34.247,123.265,131.903,123.265,209,259,0,Q1 least liquid,
DLTH,NASDAQ,True,2026-09-11,259,3.27,209072.4,15.291,14.189,103.482,15.291,134,259,0,Q1 least liquid,
DLTR,NASDAQ,True,2026-09-11,259,112.92,356847187.2,0.443,34.838,36.608,34.838,242,259,0,Q5 most liquid,4.287
DLX,NYSE,True,2026-09-11,259,23.75,8499433.3,2.105,0.0,52.942,2.105,111,259,0,Q3,
DMAC,NASDAQ,True,2026-09-11,259,6.86,1396744.9,7.289,25.01,60.795,25.01,135,259,0,Q2,
DMC,NYSE,True,2026-09-11,259,35.52,10280277.8,1.408,21.635,27.974,21.635,167,259,0,Q3,
DMRC,NASDAQ,True,2026-09-11,259,7.29,1300843.2,6.859,0.0,54.471,6.859,55,259,0,Q2,
DNA,NYSE,True,2026-09-11,259,8.77,9103605.6,5.701,0.0,37.946,5.701,99,259,0,Q3,
DNLI,NASDAQ,True,2026-09-11,259,19.68,29999278.9,2.541,19.548,35.687,19.548,166,259,0,Q4,
DNN,AMEX,True,2026-09-11,259,3.22,119263459.8,15.528,0.0,53.564,15.528,117,259,0,Q5 most liquid,0.0
DNOW,NYSE,True,2026-09-11,259,13.79,30797054.5,3.626,37.984,59.78,37.984,196,259,0,Q4,
DNTH,NASDAQ,True,2026-09-11,259,76.42,45450062.2,0.654,37.084,76.465,37.084,183,259,0,Q4,
DNUT,NASDAQ,True,2026-09-11,259,3.46,9327868.4,14.451,23.739,65.161,23.739,152,259,0,Q3,
DOC,NYSE,True,2026-09-11,259,18.04,129129837.6,2.772,0.0,20.747,2.772,100,259,0,Q5 most liquid,0.0
DOCN,NYSE,True,2026-09-11,259,68.16,226641453.1,0.734,14.501,61.093,14.501,134,259,0,Q5 most liquid,1.784
DOCS,NYSE,True,2026-09-11,259,25.94,79047438.3,1.928,40.995,55.034,40.995,184,259,0,Q4,
DOCU,NASDAQ,True,2026-09-11,259,56.215,184333804.7,0.889,3.12,24.837,3.12,130,259,0,Q5 most liquid,0.384
DOGZ,NASDAQ,True,2026-09-11,259,1.43,154912.7,34.965,49.638,103.328,49.638,136,259,1,Q1 least liquid,
DOLE,NYSE,True,2026-09-11,259,14.26,11431592.4,3.506,36.529,38.379,36.529,215,259,0,Q3,
DOMH,NASDAQ,True,2026-09-11,259,3.35,522641.6,14.925,0.0,53.552,14.925,88,259,2,Q2,
DOMO,NASDAQ,True,2026-09-11,259,4.03,5719004.7,12.407,58.749,101.792,58.749,191,259,0,Q3,
DORM,NASDAQ,True,2026-09-11,259,128.21,25214391.9,0.39,0.0,21.611,0.39,20,259,0,Q4,
DOUG,NYSE,True,2026-09-11,259,2.23,946185.8,22.422,24.555,44.752,24.555,144,259,0,Q2,
DOV,NYSE,True,2026-09-11,259,206.47,207091969.9,0.242,23.03,23.478,23.03,253,259,0,Q5 most liquid,2.834
DOW,NYSE,True,2026-09-11,259,29.84,329635666.1,1.676,0.0,30.63,1.676,108,259,0,Q5 most liquid,0.0
DOYU,NASDAQ,True,2026-09-11,259,5.15,169224.3,9.709,72.195,72.195,72.195,259,259,1,Q1 least liquid,
DPZ,NASDAQ,True,2026-09-11,259,385.13,269846938.5,0.13,13.273,18.834,13.273,169,259,0,Q5 most liquid,1.633
DRCT,NASDAQ,True,2026-09-11,259,1.02,153157.4,49.02,85.835,128.72,85.835,144,259,2,Q1 least liquid,
DRD,NYSE,True,2026-09-11,259,28.06,10170492.2,1.782,59.991,61.281,59.991,246,259,0,Q3,
DRH,NASDAQ,True,2026-09-11,259,9.59,23187491.1,5.214,19.712,23.164,19.712,203,259,0,Q4,
DRI,NYSE,True,2026-09-11,259,199.68,241316025.7,0.25,10.333,34.576,10.333,144,259,0,Q5 most liquid,1.271
DRIO,NASDAQ,True,2026-09-11,259,8.42,126670.2,5.938,150.557,150.848,150.557,255,259,0,Q1 least liquid,
DRMA,NASDAQ,True,2026-09-11,259,1.4,137768.6,35.714,0.0,116.869,35.714,123,259,2,Q1 least liquid,
DRS,NASDAQ,True,2026-09-11,259,42.07,38370992.1,1.188,6.185,21.793,6.185,134,259,0,Q4,
DRUG,NASDAQ,True,2026-09-11,259,74.61,12230030.0,0.67,49.531,79.066,49.531,216,259,1,Q3,
DRVN,NASDAQ,True,2026-09-11,259,14.22,15028065.4,3.516,35.434,90.679,35.434,167,259,0,Q3,
DSGN,NASDAQ,True,2026-09-11,259,10.37,3838451.8,4.822,43.44,51.067,43.44,208,259,0,Q2,
DSGR,NASDAQ,True,2026-09-11,259,28.39,2247455.3,1.761,82.338,82.338,82.338,259,259,0,Q2,
DSGX,NASDAQ,True,2026-09-11,259,76.62,41598792.7,0.653,16.665,27.285,16.665,146,259,0,Q4,
DSP,NASDAQ,True,2026-09-11,259,11.14,2295880.8,4.488,34.416,59.001,34.416,147,259,0,Q2,
DSS,AMEX,True,2026-09-11,259,0.92,22596.5,54.348,194.009,194.009,194.009,259,259,0,Q1 least liquid,
DSX,NYSE,True,2026-09-11,259,2.22,1138004.5,22.523,67.533,67.533,67.533,259,259,0,Q2,
DT,NYSE,True,2026-09-11,259,43.84,196443229.5,1.141,44.028,44.618,44.028,237,259,0,Q5 most liquid,5.417
DTCX,NASDAQ,True,2026-09-11,259,2.3,703809.8,21.739,58.723,86.524,58.723,144,259,0,Q2,
DTE,NYSE,True,2026-09-11,259,141.15,175873194.0,0.354,8.653,15.758,8.653,176,259,0,Q5 most liquid,1.065
DTI,NASDAQ,True,2026-09-11,259,2.62,477352.9,19.084,45.3,59.427,45.3,213,259,0,Q2,
DTIL,NASDAQ,True,2026-09-11,259,6.3,1287954.3,7.937,72.395,72.413,72.395,258,259,1,Q2,
DTM,NYSE,True,2026-09-11,259,131.64,97472235.7,0.38,26.032,26.032,26.032,259,259,0,Q5 most liquid,3.203
DTST,NASDAQ,True,2026-09-11,259,4.06,92130.9,12.315,60.515,77.758,60.515,212,259,0,Q1 least liquid,
DUK,NYSE,True,2026-09-11,259,123.99,423754382.8,0.403,13.845,14.471,13.845,209,259,0,Q5 most liquid,1.704
DUOL,NASDAQ,True,2026-09-11,259,135.32,232486276.4,0.369,49.777,79.411,49.777,172,259,0,Q5 most liquid,6.125
DUOT,NASDAQ,True,2026-09-11,259,8.92,3642027.6,5.605,35.389,54.712,35.389,175,259,0,Q2,
DV,NYSE,True,2026-09-11,259,10.92,27952442.3,4.579,10.254,59.806,10.254,135,259,0,Q4,
DVA,NYSE,True,2026-09-11,259,149.9,110992640.3,0.334,0.0,11.013,0.334,19,259,0,Q5 most liquid,0.0
DVLT,NASDAQ,True,2026-09-11,259,0.6817,24585526.6,73.346,53.489,109.804,73.346,163,259,0,Q4,
DVN,NYSE,True,2026-09-11,259,43.11,426437820.4,1.16,10.859,29.536,10.859,133,259,0,Q5 most liquid,1.336
DWSN,NASDAQ,True,2026-09-11,259,2.72,210840.2,18.382,49.866,94.401,49.866,151,259,0,Q1 least liquid,
DWTX,NASDAQ,True,2026-09-11,259,2.81,130644.9,17.794,122.832,122.911,122.832,255,259,1,Q1 least liquid,
DX,NYSE,True,2026-09-11,259,13.22,66469564.1,3.782,21.359,21.456,21.359,256,259,0,Q4,
DXC,NYSE,True,2026-09-11,259,12.57,30527790.9,3.978,31.883,47.776,31.883,160,259,0,Q4,
DXCM,NASDAQ,True,2026-09-11,259,69.23,331984224.3,0.722,0.0,27.12,0.722,125,259,0,Q5 most liquid,0.0
DXLG,NASDAQ,True,2026-09-11,259,0.6931,52973.6,72.14,141.384,141.384,141.384,259,259,0,Q1 least liquid,
DXPE,NASDAQ,True,2026-09-11,259,140.47,19414593.7,0.356,0.0,33.032,0.356,101,259,0,Q3,
DXR,NASDAQ,True,2026-09-11,259,11.3701,31482.3,4.397,186.371,186.371,186.371,259,259,0,Q1 least liquid,
DXYZ,NYSE,True,2026-09-11,259,28.1,30331582.8,1.779,32.018,72.57,32.018,146,259,1,Q4,
DY,NYSE,True,2026-09-11,259,364.51,140899031.2,0.137,10.5,36.898,10.5,140,259,0,Q5 most liquid,1.292
DYAI,NASDAQ,True,2026-09-11,259,0.8855,80695.1,56.465,165.193,165.193,165.193,259,259,0,Q1 least liquid,
DYN,NASDAQ,True,2026-09-11,259,18.44,36511004.2,2.711,55.317,63.69,55.317,184,259,0,Q4,
E,NYSE,True,2026-09-11,259,46.79,14045333.9,1.069,20.416,23.163,20.416,215,259,0,Q3,
EAF,NYSE,True,2026-09-11,259,8.95,2415630.8,5.587,0.0,64.033,5.587,127,259,0,Q2,
EARN,NYSE,True,2026-09-11,259,4.89,1665811.2,10.225,14.113,19.41,14.113,183,259,0,Q2,
EAT,NYSE,True,2026-09-11,259,149.44,174250216.8,0.335,29.223,33.587,29.223,204,259,0,Q5 most liquid,3.596
EBAY,NASDAQ,True,2026-09-11,259,93.61,427520843.5,0.534,22.52,28.256,22.52,169,259,0,Q5 most liquid,2.771
EBC,NASDAQ,True,2026-09-11,259,19.78,40547890.0,2.528,31.839,32.021,31.839,254,259,0,Q4,
EBF,NYSE,True,2026-09-11,259,20.4,3017920.8,2.451,32.647,32.672,32.647,258,259,0,Q2,
EBMT,NASDAQ,True,2026-09-11,259,21.71,766625.0,2.303,31.4,31.487,31.4,256,259,0,Q2,
EBS,NYSE,True,2026-09-11,259,8.45,6933299.9,5.917,0.0,136.711,5.917,117,259,0,Q3,
EC,NYSE,True,2026-09-11,259,12.85,30825411.4,3.891,0.0,48.347,3.891,124,259,0,Q4,
ECBK,NASDAQ,True,2026-09-11,259,17.52,150685.7,2.854,74.289,74.289,74.289,259,259,0,Q1 least liquid,
ECC,NYSE,True,2026-09-11,259,4.13,6556173.5,12.107,18.013,32.506,18.013,157,259,0,Q3,
ECG,NYSE,True,2026-09-11,259,113.7,56082791.4,0.44,32.718,52.883,32.718,149,259,0,Q4,
ECHO,NASDAQ,True,2026-09-11,259,103.91,460282814.3,0.481,73.211,76.355,73.211,254,259,0,Q5 most liquid,9.008
ECL,NYSE,True,2026-09-11,259,271.73,380184347.5,0.184,0.0,9.642,0.184,47,259,0,Q5 most liquid,0.0
ECO,NYSE,True,2026-09-11,259,47.69,17827380.6,1.048,21.189,32.926,21.189,164,259,0,Q3,
ECOR,NASDAQ,True,2026-09-11,259,6.19,336005.9,8.078,78.866,98.921,78.866,183,259,1,Q1 least liquid,
ECPG,NASDAQ,True,2026-09-11,259,68.02,16874186.3,0.735,38.488,41.404,38.488,241,259,0,Q3,
ECVT,NYSE,True,2026-09-11,259,11.0,14702749.2,4.545,28.619,32.583,28.619,207,259,0,Q3,
ED,NYSE,True,2026-09-11,259,106.84,206797614.5,0.468,21.308,22.185,21.308,241,259,0,Q5 most liquid,2.622
EDBL,NASDAQ,True,2026-09-11,259,1.39,182419.6,35.971,103.32,138.178,103.32,171,259,0,Q1 least liquid,
EDIT,NASDAQ,True,2026-09-11,259,2.7,4477351.7,18.519,0.0,42.481,18.519,86,259,0,Q3,
EDN,NYSE,True,2026-09-11,259,26.5,2881265.2,1.887,59.852,66.139,59.852,158,259,0,Q2,
EDTK,NASDAQ,True,2026-09-11,259,1.0,2256.1,50.0,202.781,202.781,202.781,259,259,0,Q1 least liquid,
EDUC,NASDAQ,True,2026-09-11,259,1.38,45400.2,36.232,164.978,164.978,164.978,259,259,0,Q1 least liquid,
EDVA,AMEX,True,2026-09-11,259,0.452,150639.1,110.619,238.167,240.933,238.167,238,259,1,Q1 least liquid,
EE,NYSE,True,2026-09-11,259,33.89,11563945.4,1.475,38.746,43.701,38.746,198,259,0,Q3,
EEFT,NASDAQ,True,2026-09-11,259,73.29,49734422.4,0.682,0.0,27.476,0.682,126,259,0,Q4,
EEIQ,NASDAQ,True,2026-09-11,259,2.29,46575.8,21.834,174.939,192.759,132.906,132,259,2,Q1 least liquid,
EFC,NYSE,True,2026-09-11,259,13.46,16739528.0,3.715,8.669,19.867,8.669,166,259,0,Q3,
EFOI,NASDAQ,True,2026-09-11,259,2.75,28977.8,18.182,147.673,147.673,130.39,196,259,1,Q1 least liquid,
EFOR,NYSE,True,2026-09-11,259,40.43,24007298.6,1.237,43.815,44.586,38.163,185,259,1,Q4,
EFSC,NASDAQ,True,2026-09-11,259,58.49,11322301.3,0.855,23.792,24.092,23.792,249,259,0,Q3,
EFSI,NASDAQ,True,2026-09-11,259,38.81,593925.1,1.288,43.649,43.75,43.649,258,259,0,Q2,
EFX,NYSE,True,2026-09-11,259,192.62,273247029.4,0.26,0.0,40.1,0.26,104,259,0,Q5 most liquid,0.0
EFXT,NYSE,True,2026-09-11,259,20.18,8449599.1,2.478,17.896,31.127,17.896,167,259,0,Q3,
EG,NYSE,True,2026-09-11,259,339.63,119981502.5,0.147,13.555,26.027,13.555,160,259,0,Q5 most liquid,1.668
EGAN,NASDAQ,True,2026-09-11,259,8.49,1820423.2,5.889,21.209,56.114,21.209,136,259,0,Q2,
EGBN,NASDAQ,True,2026-09-11,259,25.56,7298839.5,1.956,14.39,22.356,14.39,149,259,0,Q3,
EGG,AMEX,True,2026-09-11,259,5.56,80090.4,8.993,276.596,276.596,255.148,185,259,1,Q1 least liquid,
EGHT,NASDAQ,True,2026-09-11,259,1.97,1895196.3,25.381,0.0,70.475,25.381,126,259,0,Q2,
EGO,NYSE,True,2026-09-11,259,32.74,75191341.4,1.527,37.148,43.857,37.148,147,259,0,Q4,
EGP,NYSE,True,2026-09-11,259,189.91,65285523.0,0.263,30.669,30.669,30.669,259,259,0,Q4,
EGY,NYSE,True,2026-09-11,259,5.15,5357276.2,9.709,11.826,29.849,11.826,139,259,0,Q3,
EH,NASDAQ,True,2026-09-11,259,11.59,7729695.1,4.314,12.244,48.52,12.244,137,259,0,Q3,
EHC,NYSE,True,2026-09-11,259,108.04,90185093.1,0.463,34.202,35.083,34.202,197,259,0,Q4,
EHLD,NASDAQ,True,2026-09-11,259,7.2657,24335.6,6.882,93.963,93.963,93.963,259,259,1,Q1 least liquid,
EHTH,NASDAQ,True,2026-09-11,259,1.81,913412.5,27.624,0.0,46.24,27.624,81,259,0,Q2,
EIC,NYSE,True,2026-09-11,259,10.48,1443920.2,4.771,31.394,31.807,31.394,231,259,0,Q2,
EIG,NYSE,True,2026-09-11,259,42.59,9377006.9,1.174,0.0,36.423,1.174,103,259,0,Q3,
EIKN,NASDAQ,True,2026-09-11,151,10.66,3622517.8,4.69,0.0,44.889,4.69,23,151,0,Q2,
EIX,NYSE,True,2026-09-11,259,68.57,186101066.4,0.729,24.532,25.968,24.532,230,259,0,Q5 most liquid,3.019
EL,NYSE,True,2026-09-11,259,88.7,312124870.8,0.564,0.0,29.968,0.564,118,259,0,Q5 most liquid,0.0
ELA,AMEX,True,2026-09-11,259,13.76,1192644.0,3.634,26.963,77.701,26.963,134,259,0,Q2,
ELAB,NASDAQ,True,2026-09-11,259,3.31,545993.2,15.106,91.081,567.301,91.081,148,259,1,Q2,
ELAN,NYSE,True,2026-09-11,259,23.36,112976510.6,2.14,26.358,45.236,26.358,148,259,0,Q5 most liquid,3.243
ELBM,NASDAQ,True,2026-09-11,259,0.7187,519408.1,69.57,131.703,134.536,114.056,188,259,1,Q2,
ELDN,NASDAQ,True,2026-09-11,259,2.93,3098543.7,17.065,34.355,72.957,17.065,131,259,4,Q2,
ELE,NASDAQ,True,2026-09-11,199,17.9,4383379.8,2.793,0.0,54.545,2.793,52,199,0,Q3,
ELF,NYSE,True,2026-09-11,259,79.14,171784696.2,0.632,30.055,48.584,30.055,159,259,0,Q5 most liquid,3.698
ELLO,AMEX,True,2026-09-11,259,21.4,54390.0,2.336,129.124,129.124,129.124,259,259,0,Q1 least liquid,
ELMD,AMEX,True,2026-09-11,259,27.25,1599488.6,1.835,32.194,58.914,32.194,176,259,0,Q2,
ELME,NYSE,True,2026-09-11,259,2.16,3510325.7,23.148,20.795,29.763,23.148,177,259,0,Q2,
ELS,NYSE,True,2026-09-11,259,62.94,97921477.3,0.794,22.016,23.833,22.016,203,259,0,Q5 most liquid,2.709
ELTX,NASDAQ,True,2026-09-11,259,9.13,1013727.0,5.476,34.427,45.888,34.427,155,259,0,Q2,
ELUT,NASDAQ,True,2026-09-11,259,0.955,130754.6,52.356,161.953,161.953,161.953,259,259,0,Q1 least liquid,
ELV,NYSE,True,2026-09-11,259,348.8,529212428.1,0.143,0.0,30.502,0.143,125,259,0,Q5 most liquid,0.0
ELVN,NASDAQ,True,2026-09-11,259,29.42,25044616.4,1.7,0.0,93.867,1.7,113,259,0,Q4,
ELWT,NASDAQ,True,2026-09-11,213,6.89,213804.1,7.257,185.798,185.798,165.704,151,213,0,Q1 least liquid,
EMA,NYSE,True,2026-09-11,259,50.73,14079175.3,0.986,20.044,20.044,20.044,259,259,0,Q3,
EMAT,NASDAQ,True,2026-09-11,172,7.12,935735.2,7.022,118.668,119.096,105.393,107,172,0,Q2,
EMBC,NASDAQ,True,2026-09-11,259,9.6,6558977.5,5.208,57.22,82.648,57.22,185,259,0,Q3,
EME,NYSE,True,2026-09-11,259,740.87,281871813.3,0.067,34.867,38.036,34.867,200,259,0,Q5 most liquid,4.29
EML,NASDAQ,True,2026-09-11,259,21.41,281943.0,2.335,59.58,61.58,59.58,226,259,0,Q1 least liquid,
EMN,NYSE,True,2026-09-11,259,69.16,92293928.2,0.723,24.525,32.734,24.525,171,259,0,Q5 most liquid,3.018
EMPD,NASDAQ,True,2026-09-11,259,4.565,3250186.1,10.953,0.0,60.049,10.953,100,259,1,Q2,
EMR,NYSE,True,2026-09-11,259,139.26,369046224.4,0.359,25.706,32.217,25.706,188,259,0,Q5 most liquid,3.163
ENB,NYSE,True,2026-09-11,259,50.91,201792106.1,0.982,13.841,14.699,13.841,210,259,0,Q5 most liquid,1.703
ENGN,NASDAQ,True,2026-09-11,259,6.98,1775729.6,7.163,40.29,74.184,7.163,124,259,1,Q2,
ENHA,NYSE,True,2026-09-11,259,9.97,741398.4,5.015,12.935,14.355,9.939,138,259,0,Q2,
ENOV,NYSE,True,2026-09-11,259,25.59,23226446.1,1.954,9.824,48.312,9.824,135,259,0,Q4,
ENPH,NASDAQ,True,2026-09-11,259,37.54,218080568.5,1.332,0.0,41.757,1.332,128,259,0,Q5 most liquid,0.0
ENR,NYSE,True,2026-09-11,259,20.69,21253098.2,2.417,0.0,91.652,2.417,83,259,0,Q4,
ENS,NYSE,True,2026-09-11,259,175.95,70588843.3,0.284,34.159,37.002,34.159,224,259,0,Q4,
ENSC,NASDAQ,True,2026-09-11,259,0.5243,159340.8,95.365,127.072,134.245,127.072,180,259,2,Q1 least liquid,
ENSG,NASDAQ,True,2026-09-11,259,177.88,69471911.5,0.281,9.493,18.087,9.493,144,259,0,Q4,
ENTA,NASDAQ,True,2026-09-11,259,13.31,2792045.2,3.757,63.179,66.434,63.179,257,259,0,Q2,
ENTG,NASDAQ,True,2026-09-11,259,119.74,292066841.4,0.418,46.103,50.14,46.103,193,259,0,Q5 most liquid,5.673
ENVA,NYSE,True,2026-09-11,259,158.34,39408712.4,0.316,0.0,37.142,0.316,117,259,0,Q4,
ENVB,NASDAQ,True,2026-09-11,259,1.99,171268.0,25.126,138.388,157.395,75.074,140,259,5,Q1 least liquid,
ENVX,NASDAQ,True,2026-09-11,259,6.69,38929674.1,7.474,28.27,62.582,28.27,131,259,0,Q4,
EOG,NYSE,True,2026-09-11,259,128.65,451410707.6,0.389,13.391,25.266,13.391,152,259,0,Q5 most liquid,1.648
EOLS,NASDAQ,True,2026-09-11,259,6.41,5326956.8,7.8,34.415,38.299,34.415,196,259,0,Q3,
EONR,AMEX,True,2026-09-11,259,0.4989,686440.0,100.22,120.124,122.035,120.124,247,259,0,Q2,
EOSE,NASDAQ,True,2026-09-11,259,7.865,171684832.2,6.357,94.222,110.274,94.222,189,259,0,Q5 most liquid,11.594
EP,AMEX,True,2026-09-11,259,2.99,133182.6,16.722,95.583,95.583,95.583,259,259,0,Q1 least liquid,
EPAC,NYSE,True,2026-09-11,259,37.32,13875469.9,1.34,0.0,36.091,1.34,125,259,0,Q3,
EPAM,NYSE,True,2026-09-11,259,137.99,145458051.7,0.362,44.268,48.035,44.268,198,259,0,Q5 most liquid,5.447
EPC,NYSE,True,2026-09-11,259,20.72,14616101.4,2.413,0.0,38.827,2.413,105,259,0,Q3,
EPD,NYSE,True,2026-09-11,259,36.57,122655605.5,1.367,17.287,17.918,17.287,244,259,0,Q5 most liquid,2.127
EPM,AMEX,True,2026-09-11,259,4.23,1402101.4,11.82,11.217,25.238,11.82,140,259,0,Q2,
EPR,NYSE,True,2026-09-11,259,56.39,41239812.6,0.887,11.772,15.919,11.772,180,259,0,Q4,
EPRX,NASDAQ,True,2026-09-11,259,6.69,1183506.8,7.474,88.875,88.875,88.875,259,259,0,Q2,
EPSN,NASDAQ,True,2026-09-11,259,5.39,802016.0,9.276,36.723,39.215,36.723,221,259,0,Q2,
EQ,NASDAQ,True,2026-09-11,259,1.87,807460.3,26.738,128.645,129.474,128.645,254,259,1,Q2,
EQBK,NYSE,True,2026-09-11,259,45.6,3987498.8,1.096,27.789,34.968,27.789,234,259,0,Q3,
EQH,NYSE,True,2026-09-11,259,46.1,134085372.2,1.085,18.164,23.502,18.164,197,259,0,Q5 most liquid,2.235
EQIX,NASDAQ,True,2026-09-11,259,963.39,482709648.3,0.052,8.942,28.696,8.942,147,259,0,Q5 most liquid,1.1
EQPT,NASDAQ,True,2026-09-11,160,20.56,41576813.1,2.432,0.0,52.451,2.432,39,160,0,Q4,
EQS,NYSE,True,2026-09-11,259,1.4,9165.0,35.714,227.659,227.659,227.659,259,259,0,Q1 least liquid,
EQT,NYSE,True,2026-09-11,259,55.17,427878962.2,0.906,24.876,33.587,24.876,203,259,0,Q5 most liquid,3.061
EQX,AMEX,True,2026-09-11,259,12.74,136810178.9,3.925,35.418,60.839,35.418,179,259,0,Q5 most liquid,4.358
ERAS,NASDAQ,True,2026-09-11,259,11.88,47585070.7,4.209,75.04,76.092,66.103,184,259,1,Q4,
ERIE,NASDAQ,True,2026-09-11,259,263.77,47595114.2,0.19,0.0,17.582,0.19,124,259,0,Q4,
ERII,NASDAQ,True,2026-09-11,259,11.09,6677719.0,4.509,14.232,27.245,14.232,140,259,0,Q3,
ERNA,NASDAQ,True,2026-09-11,259,1.3,128438.1,38.462,194.848,211.344,194.848,200,259,1,Q1 least liquid,
ERO,NYSE,True,2026-09-11,259,26.97,30983749.0,1.854,0.0,25.553,1.854,73,259,0,Q4,
ES,NYSE,True,2026-09-11,259,69.97,170792235.4,0.715,16.13,20.573,16.13,190,259,0,Q5 most liquid,1.985
ESAB,NYSE,True,2026-09-11,259,107.04,52957939.7,0.467,3.944,17.908,3.944,135,259,0,Q4,
ESBA,ARCA,True,2026-09-11,259,5.64,30511.4,8.865,158.913,158.913,158.913,259,259,0,Q1 least liquid,
ESCA,NASDAQ,True,2026-09-11,259,15.42,381354.5,3.243,41.544,48.057,41.544,230,259,0,Q1 least liquid,
ESE,NYSE,True,2026-09-11,259,270.66,55633808.2,0.185,0.0,58.161,0.185,123,259,0,Q4,
ESEA,NASDAQ,True,2026-09-11,259,65.11,2777997.7,0.768,32.23,36.427,32.23,173,259,1,Q2,
ESI,NYSE,True,2026-09-11,259,33.11,88601066.0,1.51,39.942,42.937,39.942,207,259,0,Q4,
ESLA,NASDAQ,True,2026-09-11,259,1.15,57329.4,43.478,195.051,195.388,195.051,253,259,1,Q1 least liquid,
ESNT,NYSE,True,2026-09-11,259,62.07,38108812.3,0.806,21.055,25.994,21.055,195,259,0,Q4,
ESOA,NASDAQ,True,2026-09-11,259,12.56,1544773.4,3.981,45.045,49.827,45.045,172,259,0,Q2,
ESP,AMEX,True,2026-09-11,259,56.37,1282249.8,0.887,68.58,68.627,68.58,256,259,0,Q2,
ESQ,NASDAQ,True,2026-09-11,259,107.03,9126689.0,0.467,23.13,33.105,23.13,147,259,0,Q3,
ESTC,NYSE,True,2026-09-11,259,69.52,118587387.5,0.719,33.987,60.191,33.987,133,259,0,Q5 most liquid,4.182
ETD,NYSE,True,2026-09-11,259,22.97,8260753.7,2.177,26.237,28.917,26.237,207,259,0,Q3,
ETON,NASDAQ,True,2026-09-11,259,20.26,6940588.2,2.468,0.0,67.07,2.468,95,259,0,Q3,
ETR,NYSE,True,2026-09-11,259,104.7,266399014.6,0.478,17.059,17.968,17.059,216,259,0,Q5 most liquid,2.099
ETS,NASDAQ,True,2026-09-11,259,0.6295,38572.3,79.428,163.673,164.263,136.738,202,259,0,Q1 least liquid,
ETSY,NYSE,True,2026-09-11,259,61.77,204042760.2,0.809,0.0,30.484,0.809,122,259,0,Q5 most liquid,0.0
EURK,NASDAQ,True,2026-09-11,259,11.2,1420.4,4.464,29.751,33.251,29.751,192,259,0,Q1 least liquid,
EVAC,NYSE,True,2026-09-11,259,10.09,271813.1,4.955,18.375,18.375,12.458,203,259,0,Q1 least liquid,
EVC,NYSE,True,2026-09-11,259,3.15,1046358.7,15.873,11.887,34.586,15.873,105,259,2,Q2,
EVCM,NASDAQ,True,2026-09-11,259,11.13,1627810.8,4.492,106.072,145.429,106.072,237,259,0,Q2,
EVER,NASDAQ,True,2026-09-11,259,23.2,11819075.9,2.155,0.0,65.411,2.155,55,259,0,Q3,
EVEX,NYSE,True,2026-09-11,259,3.12,3553299.0,16.026,0.0,45.286,16.026,73,259,0,Q2,
EVGO,NASDAQ,True,2026-09-11,259,2.38,9022274.4,21.008,54.467,64.87,54.467,191,259,0,Q3,
EVH,NYSE,True,2026-09-11,259,4.12,11653936.6,12.136,67.308,68.628,67.308,250,259,0,Q3,
EVI,AMEX,True,2026-09-11,259,20.58,522154.4,2.43,107.188,107.955,107.188,254,259,0,Q2,
EVLV,NASDAQ,True,2026-09-11,259,6.19,15534267.8,8.078,19.335,31.542,19.335,157,259,0,Q3,
EVMN,NYSE,True,2026-09-11,212,19.875,6683796.1,2.516,77.21,204.37,2.516,97,212,0,Q3,
EVR,NYSE,True,2026-09-11,259,331.28,142482367.9,0.151,27.133,30.087,27.133,230,259,0,Q5 most liquid,3.339
EVRG,NASDAQ,True,2026-09-11,259,80.92,156541824.6,0.618,16.254,16.297,16.254,258,259,0,Q5 most liquid,2.0
EVTC,NYSE,True,2026-09-11,259,29.27,12113062.4,1.708,13.642,20.294,13.642,143,259,0,Q3,
EVTL,NYSE,True,2026-09-11,259,3.94,6064690.2,12.69,0.0,55.816,12.69,84,259,0,Q3,
EW,NYSE,True,2026-09-11,259,83.92,340910090.0,0.596,28.781,29.006,28.781,253,259,0,Q5 most liquid,3.541
EWBC,NASDAQ,True,2026-09-11,259,115.57,95495320.3,0.433,27.177,28.36,27.177,225,259,0,Q5 most liquid,3.344
EWTX,NASDAQ,True,2026-09-11,259,30.09,29616541.1,1.662,44.259,64.82,44.259,196,259,0,Q4,
EXC,NASDAQ,True,2026-09-11,259,45.69,334086103.9,1.094,15.313,16.789,15.313,220,259,0,Q5 most liquid,1.884
EXE,NASDAQ,True,2026-09-11,259,100.89,320377175.9,0.496,24.949,31.491,24.949,182,259,2,Q5 most liquid,3.07
EXEL,NASDAQ,True,2026-09-11,259,44.08,107364114.0,1.134,27.223,39.485,27.223,172,259,0,Q5 most liquid,3.35
EXFY,NASDAQ,True,2026-09-11,259,1.5,798035.4,33.333,0.0,67.832,33.333,87,259,0,Q2,
EXK,NYSE,True,2026-09-11,259,9.26,91905941.3,5.4,68.29,83.913,68.29,196,259,0,Q5 most liquid,8.403
EXLS,NASDAQ,True,2026-09-11,259,34.66,59249020.4,1.443,0.0,34.74,1.443,117,259,0,Q4,
EXOD,AMEX,True,2026-09-11,259,9.86,924766.9,5.071,133.972,133.972,133.972,259,259,0,Q2,
EXOZ,NASDAQ,True,2026-09-11,259,10.0,27170.6,5.0,231.121,231.121,231.121,259,259,0,Q1 least liquid,
EXP,NYSE,True,2026-09-11,259,214.0,85023676.8,0.234,11.912,24.133,11.912,158,259,0,Q4,
EXPD,NYSE,True,2026-09-11,259,151.06,166314946.0,0.331,0.0,22.369,0.331,113,259,0,Q5 most liquid,0.0
EXPE,NASDAQ,True,2026-09-11,259,245.07,411856512.8,0.204,0.0,52.509,0.204,108,259,0,Q5 most liquid,0.0
EXPO,NASDAQ,True,2026-09-11,259,68.29,28660163.2,0.732,0.0,17.73,0.732,121,259,0,Q4,
EXR,NYSE,True,2026-09-11,259,142.41,154686394.3,0.351,5.954,27.168,5.954,131,259,0,Q5 most liquid,0.733
EXTR,NASDAQ,True,2026-09-11,259,20.17,31364624.2,2.479,37.032,53.515,37.032,136,259,0,Q4,
EYE,NASDAQ,True,2026-09-11,259,25.13,37004771.2,1.99,25.68,32.44,25.68,160,259,0,Q4,
EYPT,NASDAQ,True,2026-09-11,259,13.52,15050673.3,3.698,9.75,85.958,3.698,122,259,1,Q3,
EZPW,NASDAQ,True,2026-09-11,259,25.8,18468553.8,1.938,37.118,44.733,37.118,170,259,0,Q3,
EZRA,NASDAQ,True,2026-09-11,259,0.7462,283092.0,67.006,0.0,393.426,67.006,96,259,2,Q1 least liquid,
F,NYSE,True,2026-09-11,259,13.34,726134938.1,3.748,0.0,13.476,3.748,7,259,0,Q5 most liquid,0.0
FA,NASDAQ,True,2026-09-11,259,14.87,12314911.2,3.362,22.256,28.775,22.256,175,259,0,Q3,
FABC,NASDAQ,True,2026-09-11,259,2.93,428061.4,17.065,0.0,131.699,17.065,97,259,3,Q2,
FAC,NASDAQ,True,2026-09-11,259,10.235,783643.2,4.885,10.934,11.026,10.792,238,259,0,Q2,
FAF,NYSE,True,2026-09-11,259,65.9,52953623.9,0.759,0.0,20.958,0.759,119,259,0,Q4,
FANG,NASDAQ,True,2026-09-11,259,176.71,344618301.1,0.283,20.018,23.547,20.018,194,259,0,Q5 most liquid,2.463
FAST,NASDAQ,True,2026-09-11,259,45.54,301873359.4,1.098,0.0,13.155,1.098,54,259,0,Q5 most liquid,0.0
FATE,NASDAQ,True,2026-09-11,259,1.34,2242929.2,37.313,53.99,61.523,53.99,192,259,0,Q2,
FATN,NASDAQ,True,2026-09-11,259,3.735,226916.3,13.387,48.704,185.86,48.704,149,259,0,Q1 least liquid,
FBIN,NYSE,True,2026-09-11,259,49.72,95602200.1,1.006,45.865,53.363,45.865,167,259,0,Q5 most liquid,5.644
FBIO,NASDAQ,True,2026-09-11,259,2.91,1393192.1,17.182,0.0,57.892,17.182,127,259,0,Q2,
FBIZ,NASDAQ,True,2026-09-11,259,56.39,1819238.9,0.887,33.703,34.432,33.703,234,259,0,Q2,
FBK,NYSE,True,2026-09-11,259,55.59,17051188.7,0.899,34.08,34.08,34.08,259,259,0,Q3,
FBLA,NASDAQ,True,2026-09-11,259,13.31,1180664.5,3.757,19.066,19.712,19.066,231,259,0,Q2,
FBLG,NASDAQ,True,2026-09-11,259,0.54,286693.8,92.593,216.019,216.088,216.019,258,259,0,Q1 least liquid,
FBNC,NASDAQ,True,2026-09-11,259,57.79,11472633.1,0.865,4.861,19.004,4.861,131,259,0,Q3,
FBP,NYSE,True,2026-09-11,259,22.14,27811673.5,2.258,32.623,32.623,32.623,259,259,0,Q4,
FBYD,NASDAQ,True,2026-09-11,259,11.39,857654.7,4.39,117.465,125.375,117.465,226,259,0,Q2,
FC,NYSE,True,2026-09-11,259,19.49,1828151.7,2.565,0.0,72.515,2.565,117,259,0,Q2,
FCAP,NASDAQ,True,2026-09-11,259,53.43,286780.6,0.936,83.871,88.762,83.871,235,259,0,Q1 least liquid,
FCBC,NASDAQ,True,2026-09-11,259,40.36,2826623.4,1.239,35.84,37.905,35.84,226,259,0,Q2,
FCCO,NASDAQ,True,2026-09-11,259,29.81,1542955.9,1.677,16.794,18.322,16.794,202,259,0,Q2,
FCEL,NASDAQ,True,2026-09-11,259,8.73,36723814.5,5.727,0.0,107.436,5.727,64,259,1,Q4,
FCF,NYSE,True,2026-09-11,259,18.03,12111213.4,2.773,22.337,22.337,22.337,259,259,0,Q3,
FCFS,NASDAQ,True,2026-09-11,259,190.31,57426814.0,0.263,19.588,20.269,19.588,247,259,0,Q4,
FCHL,NASDAQ,True,2026-09-11,257,0.623,93994.8,80.257,175.29,187.371,80.257,93,257,1,Q1 least liquid,
FCN,NYSE,True,2026-09-11,259,162.9,56574083.9,0.307,8.722,28.57,8.722,157,259,0,Q4,
FCNCA,NASDAQ,True,2026-09-11,259,1993.08,173106879.6,0.025,26.913,29.713,26.913,230,259,0,Q5 most liquid,3.312
FCRS,NYSE,True,2026-09-11,205,10.21,591835.1,4.897,11.645,11.645,11.278,143,205,0,Q2,
FCUV,NASDAQ,True,2026-09-11,259,3.22,101866.8,15.528,12.218,124.385,15.528,117,259,1,Q1 least liquid,
FCX,NYSE,True,2026-09-11,259,60.41,895459713.5,0.828,0.0,26.487,0.828,128,259,0,Q5 most liquid,0.0
FDBC,NASDAQ,True,2026-09-11,259,45.28,297584.5,1.104,76.985,76.985,76.985,259,259,0,Q1 least liquid,
FDMT,NASDAQ,True,2026-09-11,259,9.71,7068186.9,5.149,73.402,80.259,73.402,198,259,0,Q3,
FDS,NYSE,True,2026-09-11,259,264.58,202815378.2,0.189,30.158,33.186,30.158,193,259,0,Q5 most liquid,3.711
FDSB,NASDAQ,True,2026-09-11,259,15.0,104999.3,3.333,29.091,29.091,29.091,259,259,0,Q1 least liquid,
FDUS,NASDAQ,True,2026-09-11,259,19.5,4768743.7,2.564,22.091,24.877,22.091,207,259,0,Q3,
FDX,NYSE,True,2026-09-11,259,315.19,509292454.3,0.159,30.937,31.786,30.937,244,259,0,Q5 most liquid,3.807
FE,NYSE,True,2026-09-11,259,46.78,202158636.9,1.069,20.507,20.507,20.507,259,259,0,Q5 most liquid,2.523
FEAM,NASDAQ,True,2026-09-11,259,1.93,354074.0,25.907,35.166,87.504,35.166,146,259,0,Q1 least liquid,
FEED,NASDAQ,True,2026-09-11,259,2.07,240599.1,24.155,0.0,177.542,24.155,82,259,2,Q1 least liquid,
FEIM,NASDAQ,True,2026-09-11,259,53.56,10367605.4,0.934,71.181,75.031,71.181,223,259,0,Q3,
FELE,NASDAQ,True,2026-09-11,259,98.56,23743155.4,0.507,0.0,17.166,0.507,110,259,0,Q4,
FEMY,NASDAQ,True,2026-09-11,259,0.6087,354670.6,82.142,159.998,185.175,159.998,242,259,1,Q1 least liquid,
FENC,NASDAQ,True,2026-09-11,259,8.49,1073656.8,5.889,89.061,117.629,89.061,177,259,1,Q2,
FERG,NYSE,True,2026-09-11,259,235.69,333608143.4,0.212,5.277,21.335,5.277,132,259,0,Q5 most liquid,0.649
FET,NYSE,True,2026-09-11,259,50.41,7279453.6,0.992,28.607,39.896,28.607,176,259,1,Q3,
FF,NYSE,True,2026-09-11,259,4.07,1026604.2,12.285,31.356,42.827,31.356,176,259,0,Q2,
FFAI,NASDAQ,True,2026-09-11,259,1.04,6287710.8,48.077,121.892,140.482,121.892,204,259,2,Q3,
FFBC,NASDAQ,True,2026-09-11,259,28.59,20301896.8,1.749,27.616,27.616,27.616,259,259,0,Q3,
FFIN,NASDAQ,True,2026-09-11,259,32.43,21928974.6,1.542,28.282,28.446,28.282,252,259,0,Q4,
FFIV,NASDAQ,True,2026-09-11,259,309.03,213621333.0,0.162,32.318,36.55,32.318,159,259,0,Q5 most liquid,3.977
FG,NYSE,True,2026-09-11,259,28.55,12823541.0,1.751,20.954,35.967,20.954,146,259,0,Q3,
FGBI,NASDAQ,True,2026-09-11,259,8.58,121271.0,5.828,56.683,58.568,56.683,226,259,0,Q1 least liquid,
FGNX,NASDAQ,True,2026-09-11,259,6.1,1055026.7,8.197,0.0,93.416,8.197,105,259,1,Q2,
FHB,NASDAQ,True,2026-09-11,259,26.23,37097375.9,1.906,22.839,23.536,22.839,239,259,0,Q4,
FHI,NYSE,True,2026-09-11,259,55.27,33442169.3,0.905,17.607,28.167,17.607,164,259,0,Q4,
FHN,NYSE,True,2026-09-11,259,24.16,131268979.6,2.07,25.094,25.094,25.094,259,259,0,Q5 most liquid,3.088
FHTX,NASDAQ,True,2026-09-11,259,4.9,792982.0,10.204,0.0,63.676,10.204,101,259,0,Q2,
FIBK,NASDAQ,True,2026-09-11,259,35.45,34474904.9,1.41,21.828,24.236,21.828,214,259,0,Q4,
FICO,NYSE,True,2026-09-11,259,1300.94,366821534.8,0.038,0.0,51.022,0.038,110,259,0,Q5 most liquid,0.0
FIEE,NASDAQ,True,2026-09-11,259,4.01,61822.2,12.469,196.373,202.395,196.373,225,259,0,Q1 least liquid,
FIG,NYSE,True,2026-09-11,259,27.03,352805958.3,1.85,0.0,70.599,1.85,92,259,0,Q5 most liquid,0.0
FIGR,NASDAQ,True,2026-09-11,252,36.005,124141268.5,1.389,0.0,35.15,1.389,76,252,0,Q5 most liquid,0.0
FIGS,NYSE,True,2026-09-11,259,11.44,29788882.9,4.371,0.0,53.933,4.371,61,259,0,Q4,
FIGX,NASDAQ,True,2026-09-11,259,10.13,5734.4,4.936,15.37,15.37,11.048,207,259,0,Q1 least liquid,
FINW,NASDAQ,True,2026-09-11,259,16.71,248009.6,2.992,87.953,87.953,87.953,259,259,0,Q1 least liquid,
FIP,NASDAQ,True,2026-09-11,259,4.82,5278692.5,10.373,67.871,81.326,67.871,214,259,0,Q3,
FIRY,NYSE,True,2026-09-11,259,6.67,466995.5,7.496,97.887,98.904,97.887,253,259,0,Q2,
FIS,NYSE,True,2026-09-11,259,49.21,245459328.0,1.016,22.189,31.278,22.189,150,259,0,Q5 most liquid,2.73
FISI,NASDAQ,True,2026-09-11,259,32.77,4027574.5,1.526,18.785,22.738,18.785,166,259,0,Q3,
FISK,ARCA,True,2026-09-11,259,5.6,0.0,8.929,191.996,197.415,186.156,242,259,0,Q1 least liquid,
FISV,NASDAQ,True,2026-09-11,259,60.84,429733741.8,0.822,0.0,24.506,0.822,59,259,0,Q5 most liquid,0.0
FITB,NYSE,True,2026-09-11,259,49.34,336655311.0,1.013,17.931,24.869,17.931,195,259,0,Q5 most liquid,2.206
FIVE,NASDAQ,True,2026-09-11,259,197.8,211816117.3,0.253,45.109,45.109,45.109,259,259,0,Q5 most liquid,5.551
FIVN,NASDAQ,True,2026-09-11,259,21.23,43575932.9,2.355,27.108,37.99,27.108,152,259,0,Q4,
FIX,NYSE,True,2026-09-11,259,1391.16,548431043.2,0.036,0.0,51.445,0.036,119,259,0,Q5 most liquid,0.0
FIZZ,NASDAQ,True,2026-09-11,259,34.11,9691363.0,1.466,17.657,37.248,17.657,151,259,0,Q3,
FJET,AMEX,True,2026-09-11,183,5.68,5766627.5,8.803,139.048,139.86,81.776,118,183,0,Q3,
FKWL,NASDAQ,True,2026-09-11,259,3.81,34649.5,13.123,86.904,86.904,86.904,259,259,0,Q1 least liquid,
FLD,NASDAQ,True,2026-09-11,259,1.49,244499.2,33.557,133.211,135.623,133.211,258,259,0,Q1 least liquid,
FLG,NYSE,True,2026-09-11,259,13.27,57917875.2,3.768,23.53,26.182,23.53,187,259,1,Q4,
FLGT,NASDAQ,True,2026-09-11,259,20.61,5914093.3,2.426,0.0,69.866,2.426,49,259,0,Q3,
FLL,NASDAQ,True,2026-09-11,259,2.55,348409.4,19.608,51.645,54.381,51.645,233,259,0,Q1 least liquid,
FLLA,ARCA,False,2026-09-11,259,26.9285,741226.9,1.857,6.725,19.881,6.725,139,259,0,Q2,
FLNA,NASDAQ,True,2026-09-11,259,1.98,928618.8,25.253,0.0,45.612,25.253,116,259,4,Q2,
FLNC,NASDAQ,True,2026-09-11,259,16.38,102483927.1,3.053,0.0,105.727,3.053,106,259,0,Q5 most liquid,0.0
FLNT,NASDAQ,True,2026-09-11,259,3.06,79709.4,16.34,158.437,158.678,158.437,254,259,0,Q1 least liquid,
FLO,NYSE,True,2026-09-11,259,9.04,44948552.8,5.531,22.216,31.086,22.216,150,259,0,Q4,
FLOC,NYSE,True,2026-09-11,259,20.69,8280505.0,2.417,44.787,46.888,44.787,246,259,0,Q3,
FLR,NYSE,True,2026-09-11,259,46.97,121246000.9,1.065,0.0,44.591,1.065,119,259,0,Q5 most liquid,0.0
FLS,NYSE,True,2026-09-11,259,72.97,122427931.9,0.685,15.325,42.14,15.325,135,259,0,Q5 most liquid,1.886
FLUT,NYSE,True,2026-09-11,259,111.57,369262362.4,0.448,0.0,41.403,0.448,51,259,0,Q5 most liquid,0.0
FLUX,NASDAQ,True,2026-09-11,259,1.3,211837.8,38.462,43.416,77.108,43.416,149,259,0,Q1 least liquid,
FLWS,NASDAQ,True,2026-09-11,259,3.94,1750649.3,12.69,59.78,147.697,59.78,154,259,0,Q2,
FLXS,NASDAQ,True,2026-09-11,259,48.26,1991137.4,1.036,53.455,81.13,53.455,195,259,0,Q2,
FLY,NASDAQ,True,2026-09-11,259,26.14,79562328.1,1.913,90.668,93.195,90.668,235,259,0,Q4,
FLYE,NASDAQ,True,2026-09-11,259,2.01,47171.9,24.876,293.903,293.903,241.033,207,259,1,Q1 least liquid,
FLYW,NASDAQ,True,2026-09-11,259,13.77,23419868.0,3.631,35.763,55.893,35.763,177,259,0,Q4,
FLYX,AMEX,True,2026-09-11,259,2.49,351663.6,20.08,147.759,183.268,147.759,195,259,0,Q1 least liquid,
FMAO,NASDAQ,True,2026-09-11,259,26.73,1063783.6,1.871,32.556,42.453,32.556,198,259,0,Q2,
FMBH,NASDAQ,True,2026-09-11,259,42.26,4320550.2,1.183,26.016,29.242,26.016,211,259,0,Q3,
FMC,NYSE,True,2026-09-11,259,13.91,51708268.4,3.595,0.0,40.321,3.595,118,259,0,Q4,
FMNB,NASDAQ,True,2026-09-11,259,13.99,4356706.2,3.574,29.359,29.359,29.359,259,259,0,Q3,
FMS,NYSE,True,2026-09-11,259,23.51,11509166.7,2.127,0.0,21.055,2.127,91,259,0,Q3,
FMX,NYSE,True,2026-09-11,259,111.06,47855443.6,0.45,38.973,39.568,38.973,244,259,0,Q4,
FN,NYSE,True,2026-09-11,259,483.55,340714765.0,0.103,29.992,65.591,29.992,146,259,0,Q5 most liquid,3.69
FNB,NYSE,True,2026-09-11,259,17.53,100656000.9,2.852,27.507,27.507,27.507,259,259,0,Q5 most liquid,3.385
FND,NYSE,True,2026-09-11,259,59.61,144694148.4,0.839,39.045,42.921,39.045,216,259,0,Q5 most liquid,4.804
FNF,NYSE,True,2026-09-11,259,51.94,72032791.6,0.963,12.695,22.39,12.695,148,259,0,Q4,
FNGR,NASDAQ,True,2026-09-11,259,1.13,240206.7,44.248,55.711,64.981,55.711,205,259,1,Q1 least liquid,
FNGS,ARCA,True,2026-09-11,259,70.39,2942509.9,0.71,18.251,21.09,18.251,208,259,0,Q2,
FNGU,ARCA,True,2026-09-11,259,27.25,134979836.1,1.835,39.129,59.943,39.129,164,259,0,Q5 most liquid,4.815
FNKO,NASDAQ,True,2026-09-11,259,4.13,3207193.2,12.107,0.0,56.39,12.107,56,259,0,Q2,
FNLC,NASDAQ,True,2026-09-11,259,28.29,520561.2,1.767,41.556,41.556,41.556,259,259,0,Q2,
FNV,NYSE,True,2026-09-11,259,222.91,169883336.0,0.224,34.435,34.436,34.435,257,259,0,Q5 most liquid,4.237
FNWB,NASDAQ,True,2026-09-11,259,9.85,241314.2,5.076,52.929,52.929,52.929,259,259,0,Q1 least liquid,
FNWD,NASDAQ,True,2026-09-11,259,35.59,389739.8,1.405,64.66,66.025,64.66,222,259,0,Q1 least liquid,
FOA,NYSE,True,2026-09-11,259,22.11,1550657.8,2.261,0.0,29.832,2.261,124,259,0,Q2,
FOR,NYSE,True,2026-09-11,259,26.9,3632599.2,1.859,13.471,30.722,13.471,136,259,0,Q2,
FORM,NASDAQ,True,2026-09-11,259,94.71,116443252.5,0.528,62.709,73.776,62.709,194,259,0,Q5 most liquid,7.716
FORR,NASDAQ,True,2026-09-11,259,7.52,776036.6,6.649,42.975,44.24,42.975,236,259,0,Q2,
FOSL,NASDAQ,True,2026-09-11,259,4.03,2449621.6,12.407,35.984,79.425,35.984,142,259,0,Q2,
FOUR,NYSE,True,2026-09-11,259,52.5,94993645.5,0.952,0.0,12.279,0.952,16,259,0,Q5 most liquid,0.0
FOX,NASDAQ,True,2026-09-11,259,56.75,73736207.0,0.881,0.0,27.936,0.881,123,259,0,Q4,
FOXA,NASDAQ,True,2026-09-11,259,63.05,226170464.1,0.793,0.0,39.293,0.793,85,259,0,Q5 most liquid,0.0
FOXF,NASDAQ,True,2026-09-11,259,18.21,10289494.3,2.746,0.0,58.991,2.746,119,259,0,Q3,
FOXX,NASDAQ,True,2026-09-11,259,4.23,52080.3,11.82,203.881,224.12,203.881,197,259,0,Q1 least liquid,
FPI,NYSE,True,2026-09-11,259,10.37,4325401.6,4.822,0.0,22.368,4.822,129,259,0,Q3,
FPS,NYSE,True,2026-09-11,151,35.99,181187543.0,1.389,128.98,128.98,100.401,89,151,0,Q5 most liquid,15.871
FRAF,NASDAQ,True,2026-09-11,259,53.04,1580041.7,0.943,22.028,36.677,22.028,192,259,0,Q2,
FRBA,NASDAQ,False,2026-09-11,259,16.51,1030466.3,3.028,15.029,25.348,15.029,161,259,0,Q2,
FRD,NASDAQ,True,2026-09-11,259,20.9,489164.8,2.392,20.48,37.928,20.48,157,259,0,Q2,
FRHC,NASDAQ,True,2026-09-11,259,144.07,14316676.9,0.347,43.785,45.953,43.785,231,259,0,Q3,
FRME,NASDAQ,True,2026-09-11,259,39.91,13035565.8,1.253,17.911,20.709,17.911,200,259,0,Q3,
FRMI,NASDAQ,True,2026-09-11,238,7.995,80052307.5,6.254,100.376,101.741,82.518,167,238,0,Q4,
FRMM,NASDAQ,True,2026-09-11,259,5.03,2342696.0,9.94,0.0,144.748,9.94,40,259,3,Q2,
FRNM,NASDAQ,True,2026-09-11,259,11.18,476150.0,4.472,58.251,73.393,58.251,218,259,0,Q2,
FRO,NYSE,True,2026-09-11,259,33.82,83472393.2,1.478,35.487,40.941,35.487,199,259,0,Q4,
FRPH,NASDAQ,True,2026-09-11,259,23.34,1439096.4,2.142,30.105,30.639,30.105,240,259,0,Q2,
FRPT,NASDAQ,True,2026-09-11,259,60.08,77677366.3,0.832,33.994,41.229,33.994,186,259,0,Q4,
FRSH,NASDAQ,True,2026-09-11,259,11.05,53294948.6,4.525,43.796,46.438,43.796,192,259,0,Q4,
FRST,NASDAQ,True,2026-09-11,259,13.6,1649806.4,3.676,11.296,25.146,11.296,144,259,0,Q2,
FSBC,NASDAQ,True,2026-09-11,259,39.49,3192567.4,1.266,24.686,27.165,24.686,216,259,0,Q2,
FSBW,NASDAQ,True,2026-09-11,259,41.21,526669.7,1.213,47.328,47.328,47.328,259,259,0,Q2,
FSCO,NYSE,True,2026-09-11,259,5.25,6625847.4,9.524,25.535,30.308,25.535,180,259,0,Q3,
FSEA,NASDAQ,True,2026-09-11,259,12.9,33346.5,3.876,67.534,68.449,67.534,244,259,0,Q1 least liquid,
FSI,AMEX,True,2026-09-11,259,6.31,155308.8,7.924,57.977,62.883,57.977,199,259,0,Q1 least liquid,
FSK,NYSE,True,2026-09-11,259,12.26,34207286.6,4.078,17.727,24.546,17.727,160,259,0,Q4,
FSLR,NASDAQ,True,2026-09-11,259,227.83,471095560.5,0.219,33.788,50.001,33.788,156,259,0,Q5 most liquid,4.157
FSLY,NASDAQ,True,2026-09-11,259,17.41,83897437.1,2.872,0.0,109.048,2.872,32,259,0,Q4,
FSM,NYSE,True,2026-09-11,259,9.56,70612345.2,5.23,47.609,51.373,47.609,208,259,0,Q4,
FSP,AMEX,True,2026-09-11,259,0.6844,327322.1,73.057,75.187,75.187,75.187,259,259,0,Q1 least liquid,
FSS,NYSE,True,2026-09-11,259,116.02,45528246.0,0.431,44.125,48.691,44.125,216,259,0,Q4,
FSTR,NASDAQ,True,2026-09-11,259,29.97,1064630.8,1.668,38.534,52.07,38.534,195,259,0,Q2,
FSUN,NASDAQ,True,2026-09-11,259,37.92,6413207.0,1.319,6.068,51.932,6.068,135,259,0,Q3,
FTAI,NASDAQ,True,2026-09-11,259,223.49,261738565.0,0.224,0.0,40.701,0.224,82,259,0,Q5 most liquid,0.0
FTCI,NASDAQ,True,2026-09-11,259,5.51,580374.2,9.074,34.336,135.311,34.336,147,259,1,Q2,
FTDR,NASDAQ,True,2026-09-11,259,63.47,34478055.3,0.788,0.0,46.786,0.788,113,259,0,Q4,
FTEK,NASDAQ,True,2026-09-11,259,1.53,272010.7,32.68,28.988,41.516,32.68,179,259,1,Q1 least liquid,
FTF,AMEX,True,2026-09-11,259,5.97,1014905.9,8.375,18.776,18.776,18.776,259,259,0,Q2,
FTFT,NASDAQ,True,2026-09-11,259,1.34,66163.7,37.313,150.596,162.132,150.596,234,259,0,Q1 least liquid,
FTH,NASDAQ,True,2026-09-11,259,16.77,760942.0,2.982,234.377,234.377,232.727,248,259,1,Q2,
FTHM,NASDAQ,True,2026-09-11,259,0.9978,133571.1,50.11,85.964,130.088,85.964,137,259,0,Q1 least liquid,
FTI,NYSE,True,2026-09-11,259,64.9,220943796.4,0.77,24.841,28.599,24.841,188,259,0,Q5 most liquid,3.057
FTK,NYSE,True,2026-09-11,259,17.18,5387898.1,2.91,67.669,79.324,67.669,230,259,1,Q3,
FTLF,NASDAQ,True,2026-09-11,259,14.36,207524.8,3.482,90.376,90.415,90.376,256,259,0,Q1 least liquid,
FTNT,NASDAQ,True,2026-09-11,259,84.31,518458494.4,0.593,40.129,55.891,40.129,152,259,0,Q5 most liquid,4.938
FTRE,NASDAQ,True,2026-09-11,259,13.7,16893557.8,3.65,0.0,75.013,3.65,102,259,0,Q3,
FTV,NYSE,True,2026-09-11,259,56.35,157718203.1,0.887,32.218,40.216,32.218,208,259,0,Q5 most liquid,3.964
FTW,NYSE,True,2026-09-11,259,10.57,648373.4,4.73,37.241,38.107,37.241,256,259,0,Q2,
FUBO,NYSE,True,2026-09-11,259,4.16,23108332.5,12.019,69.72,90.866,69.72,165,259,0,Q4,
FUL,NYSE,True,2026-09-11,259,59.71,28538447.5,0.837,17.913,43.643,17.913,154,259,0,Q4,
FULC,NASDAQ,True,2026-09-11,259,7.67,5805657.8,6.519,0.0,71.552,6.519,52,259,2,Q3,
FULT,NASDAQ,True,2026-09-11,259,20.77,35368683.4,2.407,30.848,30.848,30.848,259,259,0,Q4,
FUN,NYSE,True,2026-09-11,259,18.01,41036341.4,2.776,0.0,75.105,2.776,63,259,0,Q4,
FUNC,NASDAQ,True,2026-09-11,259,37.85,572508.0,1.321,41.707,46.51,41.707,215,259,0,Q2,
FURY,AMEX,True,2026-09-11,259,0.5997,242174.7,83.375,103.91,103.91,103.91,259,259,0,Q1 least liquid,
FUSB,NASDAQ,True,2026-09-11,259,15.29,43961.1,3.27,79.897,79.897,79.897,259,259,0,Q1 least liquid,
FUSE,NASDAQ,True,2026-09-11,222,1.42,99198.4,35.211,0.0,161.221,35.211,54,222,0,Q1 least liquid,
FVCB,NASDAQ,True,2026-09-11,259,15.33,873537.8,3.262,17.541,34.686,17.541,202,259,0,Q2,
FVR,NYSE,True,2026-09-11,259,16.36,2062120.1,3.056,45.055,45.055,45.055,259,259,0,Q2,
FVRR,NYSE,True,2026-09-11,259,11.45,10729445.2,4.367,6.034,57.929,6.034,132,259,0,Q3,
FWDI,NASDAQ,True,2026-09-11,259,5.07,5434153.9,9.862,43.69,96.22,43.69,195,259,1,Q3,
FWONA,NASDAQ,True,2026-09-11,259,86.15,11503475.1,0.58,26.073,26.161,26.073,255,259,0,Q3,
FWONK,NASDAQ,True,2026-09-11,259,93.77,156638015.8,0.533,21.422,28.907,21.422,208,259,0,Q5 most liquid,2.636
FWRD,NASDAQ,True,2026-09-11,259,20.13,12908622.1,2.484,39.172,51.672,39.172,198,259,0,Q3,
FWRG,NASDAQ,True,2026-09-11,259,13.12,16435844.3,3.811,32.112,35.205,32.112,216,259,0,Q3,
FXNC,NASDAQ,True,2026-09-11,259,26.72,990582.6,1.871,28.661,35.007,28.661,216,259,0,Q2,
G,NYSE,True,2026-09-11,259,38.12,79513803.7,1.312,0.0,24.749,1.312,91,259,0,Q4,
GABC,NASDAQ,True,2026-09-11,259,42.07,5265867.0,1.188,21.603,26.52,21.603,178,259,0,Q3,
GAIA,NASDAQ,True,2026-09-11,259,3.15,206098.6,15.873,26.789,46.368,26.789,168,259,0,Q1 least liquid,
GAIN,NASDAQ,True,2026-09-11,259,14.13,2752238.7,3.539,25.398,25.43,25.398,254,259,0,Q2,
GALT,NASDAQ,True,2026-09-11,259,3.49,1124738.9,14.327,46.988,59.765,46.988,173,259,0,Q2,
GAM,NYSE,True,2026-09-11,259,62.52,1316324.5,0.8,16.693,19.907,16.693,179,259,0,Q2,
GAME,NASDAQ,True,2026-09-11,259,0.444,606677.0,112.613,102.283,121.071,112.613,223,259,1,Q2,
GANX,NASDAQ,True,2026-09-11,259,1.89,1212351.8,26.455,37.225,63.831,37.225,148,259,0,Q2,
GAP,NYSE,True,2026-09-11,259,23.48,174640229.0,2.129,34.369,34.982,34.369,250,259,0,Q5 most liquid,4.229
GASS,NASDAQ,True,2026-09-11,259,8.38,916744.5,5.967,23.046,31.467,23.046,193,259,0,Q2,
GATX,NYSE,True,2026-09-11,259,175.17,32308744.4,0.285,15.422,24.933,15.422,168,259,0,Q4,
GAU,AMEX,True,2026-09-11,259,2.39,6608493.5,20.921,0.0,41.138,20.921,95,259,0,Q3,
GBCI,NYSE,True,2026-09-11,259,47.7,41683061.0,1.048,24.738,24.788,24.738,253,259,0,Q4,
GBDC,NASDAQ,True,2026-09-11,259,13.21,21390674.6,3.785,10.064,23.517,10.064,162,259,0,Q4,
GBFH,NASDAQ,True,2026-09-11,259,31.25,1657835.8,1.6,58.234,59.811,58.234,228,259,0,Q2,
GBLI,NASDAQ,True,2026-09-11,259,28.14,84398.4,1.777,98.156,98.156,98.156,259,259,0,Q1 least liquid,
GBR,AMEX,True,2026-09-11,259,0.7959,34367.8,62.822,185.397,185.397,185.397,259,259,0,Q1 least liquid,
GBTG,NYSE,True,2026-09-11,259,7.99,9885479.5,6.258,43.062,50.682,43.062,177,259,0,Q3,
GBX,NYSE,True,2026-09-11,259,47.67,15315470.2,1.049,18.926,24.155,18.926,176,259,0,Q3,
GCBC,NASDAQ,True,2026-09-11,259,23.54,307171.3,2.124,67.525,67.525,67.525,259,259,0,Q1 least liquid,
GCDT,AMEX,True,2026-09-11,167,0.8007,71519.8,62.445,418.429,418.429,408.434,105,167,0,Q1 least liquid,
GCMG,NASDAQ,True,2026-09-11,259,11.59,6076828.9,4.314,22.463,32.96,22.463,165,259,0,Q3,
GCO,NYSE,True,2026-09-11,259,32.45,5625055.0,1.541,41.016,58.869,41.016,140,259,0,Q3,
GCTK,NASDAQ,True,2026-09-11,259,1.55,206263.7,32.258,160.074,180.323,160.074,184,259,1,Q1 least liquid,
GCTS,NYSE,True,2026-09-11,259,1.44,1474754.2,34.722,133.967,139.724,133.967,197,259,0,Q2,
GD,NYSE,True,2026-09-11,259,346.5,411227446.7,0.144,2.479,27.524,2.479,130,259,0,Q5 most liquid,0.305
GDC,NASDAQ,True,2026-09-11,259,3.64,274436.0,13.736,104.944,104.944,90.564,195,259,5,Q1 least liquid,
GDDY,NYSE,True,2026-09-11,259,96.09,175469917.8,0.52,14.854,53.509,14.854,166,259,0,Q5 most liquid,1.828
GDOT,NYSE,True,2026-09-11,259,12.76,6300471.2,3.918,21.972,32.344,21.972,193,259,0,Q3,
GDRX,NASDAQ,True,2026-09-11,259,2.79,5197334.3,17.921,36.739,56.12,36.739,160,259,0,Q3,
GDS,NASDAQ,True,2026-09-11,259,35.74,66013879.1,1.399,0.0,45.398,1.399,96,259,0,Q4,
GDYN,NASDAQ,True,2026-09-11,259,7.56,9406539.4,6.614,54.726,59.487,54.726,217,259,0,Q3,
GE,NYSE,True,2026-09-11,259,309.02,1382625134.2,0.162,12.514,18.796,12.514,160,259,0,Q5 most liquid,1.54
GECC,NASDAQ,True,2026-09-11,259,6.16,502849.7,8.117,36.501,38.12,36.501,246,259,0,Q2,
GEF,NYSE,True,2026-09-11,259,68.09,14716189.2,0.734,0.0,24.532,0.734,120,259,0,Q3,
GEG,NASDAQ,True,2026-09-11,259,2.2,19733.3,22.727,146.577,146.577,146.577,259,259,0,Q1 least liquid,
GEHC,NASDAQ,True,2026-09-11,259,73.31,257301233.8,0.682,0.0,11.029,0.682,14,259,0,Q5 most liquid,0.0
GEL,NYSE,True,2026-09-11,259,16.09,3880770.9,3.108,32.383,32.383,32.383,259,259,0,Q2,
GEMI,NASDAQ,True,2026-09-11,251,6.0,11838566.8,8.333,0.0,105.152,8.333,64,251,0,Q3,
GEN,NASDAQ,True,2026-09-11,259,26.16,124627412.2,1.911,0.0,13.88,1.911,94,259,0,Q5 most liquid,0.0
GENB,NASDAQ,True,2026-09-11,136,13.6225,8021226.4,3.67,14.375,33.995,3.67,40,136,0,Q3,
GENC,AMEX,True,2026-09-11,259,14.73,375703.1,3.394,53.175,53.175,53.175,259,259,0,Q1 least liquid,
GENI,NYSE,True,2026-09-11,259,7.42,38686382.0,6.739,32.581,75.726,32.581,218,259,0,Q4,
GENK,NASDAQ,True,2026-09-11,259,2.08,74770.7,24.038,138.245,138.245,138.245,259,259,0,Q1 least liquid,
GEO,NYSE,True,2026-09-11,259,18.48,36459660.5,2.706,48.963,55.444,48.963,189,259,0,Q4,
GEOS,NASDAQ,True,2026-09-11,259,10.44,2289610.6,4.789,0.0,23.592,4.789,15,259,0,Q2,
GERN,NASDAQ,True,2026-09-11,259,1.38,13918218.2,36.232,37.267,63.431,37.267,202,259,0,Q3,
GETY,NYSE,True,2026-09-11,259,0.9401,1529676.5,53.186,282.448,282.448,282.448,259,259,0,Q2,
GEV,NYSE,True,2026-09-11,259,842.0,2107364210.0,0.059,30.092,46.299,30.092,140,259,0,Q5 most liquid,3.703
GEVO,NASDAQ,True,2026-09-11,259,1.91,6068975.8,26.178,38.947,48.583,38.947,171,259,0,Q3,
GFF,NYSE,True,2026-09-11,259,82.72,25559579.2,0.604,0.0,35.404,0.604,83,259,0,Q4,
GFI,NYSE,True,2026-09-11,259,42.27,143846749.2,1.183,47.49,62.622,47.49,177,259,0,Q5 most liquid,5.843
GFR,NYSE,True,2026-09-11,259,5.68,714449.8,8.803,49.218,51.7,49.218,244,259,0,Q2,
GGB,NYSE,True,2026-09-11,259,4.12,64523129.4,12.136,26.516,30.337,26.516,189,259,0,Q4,
GGG,NYSE,True,2026-09-11,259,82.49,87903912.0,0.606,13.41,16.702,13.41,179,259,0,Q4,
GH,NASDAQ,True,2026-09-11,259,101.85,196714294.7,0.491,0.0,50.672,0.491,100,259,0,Q5 most liquid,0.0
GHC,NYSE,True,2026-09-11,259,1119.88,22500111.1,0.045,31.706,31.728,31.706,258,259,0,Q4,
GHM,NYSE,True,2026-09-11,259,82.08,10088621.4,0.609,38.282,42.028,38.282,209,259,0,Q3,
GIB,NYSE,True,2026-09-11,259,74.77,30171417.4,0.669,21.43,26.749,21.43,163,259,0,Q4,
GIC,NYSE,True,2026-09-11,259,32.59,3047020.5,1.534,11.993,28.993,11.993,140,259,0,Q2,
GIFT,NASDAQ,True,2026-09-11,259,1.01,36020.1,49.505,186.392,186.392,186.392,259,259,0,Q1 least liquid,
GIII,NASDAQ,True,2026-09-11,259,29.98,13314697.4,1.668,37.834,61.743,37.834,227,259,0,Q3,
GIL,NYSE,True,2026-09-11,259,57.86,63804725.0,0.864,0.0,20.151,0.864,76,259,0,Q4,
GILD,NASDAQ,True,2026-09-11,259,130.28,833034602.4,0.384,29.213,29.915,29.213,213,259,0,Q5 most liquid,3.595
GIPR,NASDAQ,True,2026-09-11,259,0.651,89140.2,76.805,0.0,102.765,76.805,99,259,0,Q1 least liquid,
GIS,NYSE,True,2026-09-11,259,42.95,310477571.3,1.164,18.749,23.208,18.749,197,259,0,Q5 most liquid,2.307
GITS,NASDAQ,True,2026-09-11,259,2.04,53038.4,24.51,169.07,179.322,133.149,175,259,2,Q1 least liquid,
GIX,NASDAQ,True,2026-09-11,122,9.94,31783.0,5.03,43.235,43.235,43.235,122,122,0,Q1 least liquid,
GJH,NYSE,True,2026-09-11,259,9.7,1978.0,5.155,71.319,71.319,71.319,259,259,0,Q1 least liquid,
GJO,NYSE,True,2026-09-11,259,24.8468,0.0,2.012,28.923,29.236,28.923,237,259,0,Q1 least liquid,
GJP,NYSE,True,2026-09-11,259,24.72,0.0,2.023,34.288,41.603,34.288,222,259,0,Q1 least liquid,
GJS,NYSE,True,2026-09-11,259,23.35,7204.1,2.141,37.16,37.16,37.16,259,259,0,Q1 least liquid,
GJT,NYSE,True,2026-09-11,259,23.15,0.0,2.16,39.781,39.898,39.781,254,259,0,Q1 least liquid,
GKOS,NYSE,True,2026-09-11,259,116.18,92373513.0,0.43,62.995,85.225,62.995,225,259,0,Q5 most liquid,7.751
GL,NYSE,True,2026-09-11,259,143.65,74299224.4,0.348,24.682,26.723,24.682,215,259,0,Q4,
GLAD,NASDAQ,True,2026-09-11,259,19.48,3522551.9,2.567,0.0,19.177,2.567,129,259,0,Q2,
GLBS,NASDAQ,True,2026-09-11,259,1.93,121040.0,25.907,102.965,102.97,102.965,258,259,2,Q1 least liquid,
GLDG,AMEX,True,2026-09-11,259,1.24,2355012.1,40.323,35.302,74.086,40.323,151,259,0,Q2,
GLDI,NASDAQ,True,2026-09-11,259,167.45,2932287.5,0.299,20.634,22.008,20.634,197,259,0,Q2,
GLIBA,NASDAQ,True,2026-09-11,259,35.73,1439894.6,1.399,50.14,52.238,44.734,209,259,0,Q2,
GLIBK,NASDAQ,True,2026-09-11,259,35.51,13442289.7,1.408,23.418,35.404,12.21,136,259,0,Q3,
GLND,NASDAQ,True,2026-09-11,259,10.03,1528051.1,4.985,9.486,12.26,9.389,147,259,0,Q2,
GLNG,NASDAQ,True,2026-09-11,259,45.75,55481514.7,1.093,18.056,21.622,18.056,178,259,0,Q4,
GLOB,NYSE,True,2026-09-11,259,48.43,69521712.0,1.032,0.0,50.902,1.032,62,259,0,Q4,
GLOO,NASDAQ,True,2026-09-11,203,5.565,424102.5,8.985,130.202,130.202,102.884,141,203,0,Q2,
GLP,NYSE,True,2026-09-11,259,47.34,2363572.8,1.056,47.451,47.451,47.451,259,259,0,Q2,
GLPI,NASDAQ,True,2026-09-11,259,45.17,100571595.4,1.107,13.248,16.282,13.248,197,259,0,Q5 most liquid,1.63
GLSI,NASDAQ,True,2026-09-11,259,19.57,2276083.7,2.555,73.654,118.565,73.654,161,259,0,Q2,
GLUE,NASDAQ,True,2026-09-11,259,17.0,15617288.5,2.941,70.092,143.951,70.092,179,259,1,Q3,
GLW,NYSE,True,2026-09-11,259,132.9,1308012884.7,0.376,0.0,41.24,0.376,118,259,0,Q5 most liquid,0.0
GLXY,NASDAQ,True,2026-09-11,259,25.5,163194742.6,1.961,40.61,90.202,40.61,144,259,0,Q5 most liquid,4.997
GM,NYSE,True,2026-09-11,259,77.85,570724080.6,0.642,0.0,15.238,0.642,70,259,0,Q5 most liquid,0.0
GMAB,NASDAQ,True,2026-09-11,259,29.08,49692778.1,1.719,0.0,31.897,1.719,105,259,0,Q4,
GME,NYSE,True,2026-09-11,259,22.51,131290617.9,2.221,33.993,40.77,33.993,209,259,2,Q5 most liquid,4.183
GMED,NYSE,True,2026-09-11,259,84.51,108473306.0,0.592,0.0,44.486,0.592,129,259,0,Q5 most liquid,0.0
GNE,NYSE,True,2026-09-11,259,14.32,1070389.1,3.492,34.262,36.679,34.262,214,259,0,Q2,
GNK,NYSE,True,2026-09-11,259,22.55,8298484.2,2.217,35.977,54.212,35.977,151,259,0,Q3,
GNL,NYSE,True,2026-09-11,259,9.09,15355454.4,5.501,30.232,31.536,30.232,241,259,0,Q3,
GNLN,NASDAQ,True,2026-09-11,259,2.82,100399.4,17.73,154.189,177.973,151.462,183,259,1,Q1 least liquid,
GNLX,NASDAQ,True,2026-09-11,259,2.92,553406.4,17.123,63.414,68.815,63.414,193,259,0,Q2,
GNPX,NASDAQ,True,2026-09-11,259,1.94,527718.2,25.773,156.424,395.014,156.424,196,259,0,Q2,
GNRC,NYSE,True,2026-09-11,259,195.6,180538248.8,0.256,32.38,51.132,32.38,158,259,0,Q5 most liquid,3.984
GNS,AMEX,True,2026-09-11,259,0.3972,622984.6,125.881,86.665,138.573,125.881,163,259,2,Q2,
GNSS,NASDAQ,True,2026-09-11,259,1.95,220081.1,25.641,70.486,71.887,70.486,228,259,0,Q1 least liquid,
GNTX,NASDAQ,True,2026-09-11,259,23.67,50764284.9,2.112,12.662,21.095,12.662,167,259,0,Q4,
GNW,NYSE,True,2026-09-11,259,8.83,29423717.1,5.663,23.693,24.582,23.693,235,259,0,Q4,
GO,NASDAQ,True,2026-09-11,259,9.92,26062623.1,5.04,63.757,88.117,63.757,215,259,0,Q4,
GOAI,NASDAQ,True,2026-09-11,157,3.48,246312.6,14.368,143.811,149.693,51.832,83,157,0,Q1 least liquid,
GOGO,NASDAQ,True,2026-09-11,259,4.49,8159598.4,11.136,0.0,80.487,11.136,119,259,0,Q3,
GOLD,NYSE,True,2026-09-11,259,41.45,19092711.4,1.206,0.0,49.806,1.206,97,259,1,Q3,
GOLF,NYSE,True,2026-09-11,259,89.58,27465964.5,0.558,25.706,29.359,25.706,206,259,0,Q4,
GOOG,NASDAQ,True,2026-09-11,259,320.62,6187738201.8,0.156,18.015,39.217,18.015,143,259,0,Q5 most liquid,2.217
GOOGL,NASDAQ,True,2026-09-11,259,320.21,9358478432.2,0.156,7.695,40.9,7.695,134,259,0,Q5 most liquid,0.947
GOOS,NYSE,True,2026-09-11,259,11.84,6422096.8,4.223,28.861,44.692,28.861,172,259,0,Q3,
GOSS,NASDAQ,True,2026-09-11,259,0.456,5722826.6,109.649,58.539,60.604,109.649,175,259,2,Q3,
GOVX,NASDAQ,True,2026-09-11,259,0.9742,281746.5,51.324,48.057,104.649,51.324,151,259,0,Q1 least liquid,
GPAT,NASDAQ,True,2026-09-11,259,10.782,2708.3,4.637,17.575,17.575,17.575,259,259,0,Q1 least liquid,
GPC,NYSE,True,2026-09-11,259,126.21,157199821.2,0.396,8.006,26.415,8.006,134,259,0,Q5 most liquid,0.985
GPGI,NYSE,True,2026-09-11,259,18.5,23447798.8,2.703,0.0,33.736,2.703,86,259,0,Q4,
GPI,NYSE,True,2026-09-11,259,338.4,60774949.8,0.148,0.0,26.093,0.148,113,259,0,Q4,
GPK,NYSE,True,2026-09-11,259,11.89,64560353.0,4.205,42.839,49.201,42.839,208,259,0,Q4,
GPN,NYSE,True,2026-09-11,259,77.39,220402784.2,0.646,20.843,48.365,20.843,186,259,0,Q5 most liquid,2.565
GPOR,NYSE,True,2026-09-11,259,185.07,49759079.5,0.27,23.67,28.208,23.67,216,259,1,Q4,
GPRE,NASDAQ,True,2026-09-11,259,14.65,19941427.1,3.413,48.021,61.901,48.021,162,259,0,Q3,
GPRK,NYSE,True,2026-09-11,259,8.6,5667405.4,5.814,40.924,49.039,40.924,178,259,0,Q3,
GPRO,NASDAQ,True,2026-09-11,259,1.22,5310998.8,40.984,0.0,90.384,40.984,112,259,0,Q3,
GPUS,AMEX,True,2026-09-11,259,0.1938,5512868.8,257.998,192.3,223.679,257.998,229,259,0,Q3,
GRAL,NASDAQ,True,2026-09-11,259,69.48,49857996.6,0.72,0.0,68.233,0.72,79,259,1,Q4,
GRBK,NYSE,True,2026-09-11,259,69.39,15131413.5,0.721,0.0,22.402,0.721,121,259,0,Q3,
GRCE,NASDAQ,True,2026-09-11,259,3.1,351260.8,16.129,60.917,68.911,60.917,197,259,1,Q1 least liquid,
GRDN,NYSE,True,2026-09-11,259,33.88,10580071.7,1.476,0.0,43.495,1.476,109,259,0,Q3,
GRDX,NASDAQ,True,2026-09-11,259,3.33,305639.2,15.015,111.44,134.144,111.44,182,259,0,Q1 least liquid,
GRI,NASDAQ,True,2026-09-11,259,1.97,177886.7,25.381,118.616,159.271,118.616,180,259,2,Q1 least liquid,
GRML,NASDAQ,True,2026-09-11,259,0.3883,760621.8,128.766,157.399,160.007,151.775,241,259,1,Q2,
GRMN,NYSE,True,2026-09-11,259,237.85,192715800.5,0.21,25.323,36.527,25.323,176,259,0,Q5 most liquid,3.116
GRND,NYSE,True,2026-09-11,259,13.42,20032882.1,3.726,0.0,48.662,3.726,123,259,0,Q3,
GRNQ,NASDAQ,True,2026-09-11,259,1.69,25364.3,29.586,147.161,157.409,147.161,211,259,1,Q1 least liquid,
GRNT,NYSE,True,2026-09-11,259,5.12,3547791.4,9.766,36.38,37.317,36.38,230,259,0,Q2,
GRO,AMEX,True,2026-09-11,259,2.48,979141.7,20.161,85.043,87.186,85.043,247,259,0,Q2,
GROV,NYSE,True,2026-09-11,259,1.28,55256.5,39.062,105.221,105.221,105.221,259,259,0,Q1 least liquid,
GROW,NASDAQ,True,2026-09-11,259,2.67,68939.1,18.727,85.591,85.618,85.591,258,259,0,Q1 least liquid,
GROY,AMEX,True,2026-09-11,259,3.64,9076230.1,13.736,41.142,60.09,41.142,173,259,0,Q3,
GRPN,NASDAQ,True,2026-09-11,259,17.61,22524735.4,2.839,23.106,52.598,23.106,138,259,0,Q4,
GRWG,NASDAQ,True,2026-09-11,259,1.51,476180.1,33.113,18.421,71.586,33.113,142,259,0,Q2,
GS,NYSE,True,2026-09-11,259,916.65,1823221165.9,0.055,0.0,17.903,0.055,64,259,0,Q5 most liquid,0.0
GSAT,NASDAQ,True,2026-09-11,259,64.65,58142433.4,0.773,16.077,49.884,16.077,134,259,0,Q4,
GSBC,NASDAQ,True,2026-09-11,259,64.08,4440628.9,0.78,26.345,26.376,26.345,256,259,0,Q3,
GSBD,NYSE,True,2026-09-11,259,9.47,10896327.5,5.28,19.484,20.7,19.484,201,259,0,Q3,
GSHD,NASDAQ,True,2026-09-11,259,64.4,20467669.5,0.776,0.0,58.807,0.776,70,259,0,Q3,
GSIT,NASDAQ,True,2026-09-11,259,6.63,5516967.6,7.541,0.0,112.654,7.541,86,259,1,Q3,
GSKH,ARCA,False,2026-09-11,259,70.7168,16202.0,0.707,0.0,30.509,0.707,41,259,0,Q1 least liquid,
GSL,NYSE,True,2026-09-11,259,37.79,11683710.5,1.323,0.0,18.658,1.323,127,259,0,Q3,
GSRF,NASDAQ,True,2026-09-11,225,10.065,22082.6,4.968,6.833,7.288,4.968,117,225,0,Q1 least liquid,
GT,NASDAQ,True,2026-09-11,259,7.11,54311246.4,7.032,0.0,48.756,7.032,91,259,0,Q4,
GTBP,NASDAQ,True,2026-09-11,259,0.4706,397801.9,106.247,111.029,126.663,111.029,202,259,0,Q1 least liquid,
GTE,AMEX,True,2026-09-11,259,6.25,2724414.9,8.0,0.0,64.811,8.0,85,259,0,Q2,
GTES,NYSE,True,2026-09-11,259,25.42,50097692.0,1.967,36.258,42.559,36.258,207,259,0,Q4,
GTIM,NASDAQ,True,2026-09-11,259,1.3,33673.7,38.462,100.404,100.404,100.404,259,259,0,Q1 least liquid,
GTLB,NASDAQ,True,2026-09-11,259,35.35,149517578.6,1.414,30.838,37.409,30.838,175,259,0,Q5 most liquid,3.795
GTM,NASDAQ,True,2026-09-11,259,6.31,39776815.6,7.924,5.373,32.821,7.924,131,259,0,Q4,
GTN,NYSE,True,2026-09-11,259,4.76,5433547.1,10.504,0.0,70.963,10.504,95,259,0,Q3,
GTX,NASDAQ,True,2026-09-11,259,18.9,49099031.5,2.646,38.335,41.928,38.335,197,259,0,Q4,
GTY,NYSE,True,2026-09-11,259,32.31,12427224.8,1.548,14.189,15.169,14.189,205,259,0,Q3,
GURE,NASDAQ,True,2026-09-11,192,4.01,53081.2,12.469,264.975,264.981,245.567,129,192,0,Q1 least liquid,
GUTS,NASDAQ,True,2026-09-11,259,0.796,1458846.0,62.814,73.058,102.003,73.058,146,259,0,Q2,
GVA,NYSE,True,2026-09-11,259,121.57,71169603.1,0.411,13.158,30.091,13.158,131,259,0,Q4,
GWAV,NASDAQ,True,2026-09-11,259,4.18,91137.7,11.962,181.164,181.164,174.36,196,259,1,Q1 least liquid,
GWH,NYSE,True,2026-09-11,259,1.3,593858.2,38.462,84.456,120.904,84.456,173,259,1,Q2,
GWRE,NYSE,True,2026-09-11,259,160.29,189688255.2,0.312,0.0,52.076,0.312,110,259,0,Q5 most liquid,0.0
GWRS,NASDAQ,True,2026-09-11,259,8.51,621507.5,5.875,20.785,21.95,20.785,225,259,0,Q2,
GWW,NYSE,True,2026-09-11,259,1117.18,280311616.7,0.045,27.521,27.521,27.521,259,259,0,Q5 most liquid,3.386
GXAI,NASDAQ,True,2026-09-11,259,1.22,419595.0,40.984,91.938,126.645,91.938,182,259,0,Q2,
GXO,NYSE,True,2026-09-11,259,52.47,58123799.6,0.953,0.0,30.892,0.953,123,259,0,Q4,
GYRE,NASDAQ,True,2026-09-11,259,7.39,470935.6,6.766,57.487,70.969,57.487,193,259,2,Q2,
GYRO,NASDAQ,True,2026-09-11,259,8.7501,2262.9,5.714,138.524,162.861,138.524,229,259,0,Q1 least liquid,
H,NYSE,True,2026-09-11,259,163.73,130196857.8,0.305,0.0,28.454,0.305,92,259,0,Q5 most liquid,0.0
HAE,NYSE,True,2026-09-11,259,66.66,50909452.7,0.75,0.0,23.048,0.75,108,259,0,Q4,
HAFC,NASDAQ,True,2026-09-11,259,28.09,6078177.5,1.78,19.662,22.68,19.662,203,259,0,Q3,
HAFN,NYSE,True,2026-09-11,259,7.11,8668907.5,7.032,0.0,11.721,7.032,44,259,0,Q3,
HAIN,NASDAQ,True,2026-09-11,259,0.856,1112082.2,58.411,68.896,105.773,68.896,178,259,0,Q2,
HAL,NYSE,True,2026-09-11,259,33.87,381069706.1,1.476,13.582,35.775,13.582,147,259,0,Q5 most liquid,1.671
HALO,NASDAQ,True,2026-09-11,259,70.25,126043075.2,0.712,0.0,15.533,0.712,64,259,0,Q5 most liquid,0.0
HAPN,NASDAQ,True,2026-09-11,259,17.36,26775388.9,2.88,34.064,69.122,34.064,143,259,0,Q4,
HAS,NASDAQ,True,2026-09-11,259,86.89,140223959.1,0.575,23.491,48.242,23.491,156,259,0,Q5 most liquid,2.89
HASI,NYSE,True,2026-09-11,259,36.52,34086749.1,1.369,23.546,40.672,23.546,183,259,0,Q4,
HAVA,NASDAQ,True,2026-09-11,186,10.05,0.0,4.975,3.026,3.483,4.975,74,186,0,Q1 least liquid,
HAYW,NYSE,True,2026-09-11,259,15.35,28462337.7,3.257,28.569,32.177,28.569,193,259,0,Q4,
HBAN,NASDAQ,True,2026-09-11,259,17.02,423036910.5,2.938,20.928,23.493,20.928,219,259,0,Q5 most liquid,2.575
HBB,NYSE,True,2026-09-11,259,18.98,395096.6,2.634,64.843,66.882,64.843,219,259,0,Q1 least liquid,
HBCP,NASDAQ,True,2026-09-11,259,61.08,3329229.9,0.819,28.901,29.382,28.901,228,259,0,Q2,
HBIO,NASDAQ,True,2026-09-11,259,0.761,185695.4,65.703,0.0,89.449,65.703,124,259,0,Q1 least liquid,
HBM,NYSE,True,2026-09-11,259,22.51,110071278.4,2.221,0.0,27.491,2.221,62,259,0,Q5 most liquid,0.0
HBNC,NASDAQ,True,2026-09-11,259,17.67,6329808.8,2.83,28.069,30.953,28.069,210,259,0,Q3,
HBT,NASDAQ,True,2026-09-11,259,27.44,1261026.0,1.822,21.87,36.252,21.87,173,259,0,Q2,
HCA,NYSE,True,2026-09-11,259,434.78,529863387.2,0.115,15.346,27.148,15.346,153,259,0,Q5 most liquid,1.888
HCAT,NASDAQ,True,2026-09-11,259,2.09,1377698.6,23.923,45.675,72.583,45.675,136,259,0,Q2,
HCC,NYSE,True,2026-09-11,259,85.51,60206590.4,0.585,32.582,51.212,32.582,150,259,0,Q4,
HCI,NYSE,True,2026-09-11,259,174.97,25644734.2,0.286,39.736,41.85,39.736,202,259,0,Q4,
HCKT,NASDAQ,True,2026-09-11,259,13.88,3965054.6,3.602,39.931,55.627,39.931,170,259,0,Q3,
HCMA,NASDAQ,True,2026-09-11,245,10.15,78177.7,4.926,7.778,7.778,7.778,245,245,0,Q1 least liquid,
HCSG,NASDAQ,True,2026-09-11,259,19.54,12324557.3,2.559,0.0,83.452,2.559,78,259,0,Q3,
HCTI,NASDAQ,True,2026-09-11,259,2.26,469998.6,22.124,91.47,126.361,91.47,168,259,1,Q2,
HCWB,NASDAQ,True,2026-09-11,259,1.923,172811.2,26.001,124.552,166.566,124.552,138,259,1,Q1 least liquid,
HCWC,AMEX,True,2026-09-11,259,0.2851,115513.0,175.377,126.452,141.607,175.377,222,259,0,Q1 least liquid,
HD,NYSE,True,2026-09-11,259,348.86,1374913223.5,0.143,7.818,17.425,7.818,161,259,0,Q5 most liquid,0.962
HDB,NYSE,True,2026-09-11,259,29.48,175553407.2,1.696,0.0,10.844,1.696,21,259,0,Q5 most liquid,0.0
HDRN,NASDAQ,True,2026-09-11,259,10.5,346596.9,4.762,12.884,29.539,12.884,217,259,0,Q1 least liquid,
HDSN,NASDAQ,True,2026-09-11,259,6.44,2321029.8,7.764,22.141,43.269,22.141,145,259,1,Q2,
HE,NYSE,True,2026-09-11,259,13.23,24905878.6,3.779,0.0,23.947,3.779,118,259,0,Q4,
HEI,NYSE,True,2026-09-11,259,320.75,145244408.7,0.156,10.277,26.241,10.277,135,259,0,Q5 most liquid,1.265
HELE,NASDAQ,True,2026-09-11,259,21.25,13661769.4,2.353,40.313,51.392,40.313,178,259,0,Q3,
HELP,NASDAQ,True,2026-09-11,259,6.14,4604151.0,8.143,50.757,65.715,50.757,170,259,0,Q3,
HESM,NYSE,True,2026-09-11,259,37.92,51519868.4,1.319,28.59,29.195,28.59,246,259,0,Q4,
HFBL,NASDAQ,True,2026-09-11,259,18.5,12031.5,2.703,104.99,106.499,104.99,235,259,0,Q1 least liquid,
HFFG,NASDAQ,True,2026-09-11,259,2.02,230572.9,24.752,73.2,74.096,73.2,249,259,0,Q1 least liquid,
HFWA,NASDAQ,True,2026-09-11,259,26.45,6489931.8,1.89,19.297,23.106,19.297,158,259,0,Q3,
HGBL,NASDAQ,True,2026-09-11,259,1.31,90718.7,38.168,86.206,86.206,86.206,259,259,0,Q1 least liquid,
HGTY,NYSE,True,2026-09-11,259,11.95,1585946.2,4.184,29.752,38.573,29.752,180,259,0,Q2,
HGV,NYSE,True,2026-09-11,259,45.21,36483587.6,1.106,42.141,43.882,42.141,223,259,0,Q4,
HHH,NYSE,True,2026-09-11,259,72.37,28092708.4,0.691,14.901,29.418,14.901,159,259,0,Q4,
HHS,NASDAQ,True,2026-09-11,259,2.855,15979.6,17.513,180.985,186.195,180.985,243,259,0,Q1 least liquid,
HIFS,NASDAQ,False,2026-09-11,259,288.8,14510668.4,0.173,22.392,30.693,22.392,150,259,0,Q3,
HIG,NYSE,True,2026-09-11,259,135.24,193870871.1,0.37,11.337,14.112,11.337,196,259,0,Q5 most liquid,1.395
HIHO,NASDAQ,True,2026-09-11,259,0.9296,19235.3,53.787,142.823,217.833,142.823,197,259,0,Q1 least liquid,
HII,NYSE,True,2026-09-11,259,317.7,146660329.9,0.157,0.0,80.626,0.157,112,259,0,Q5 most liquid,0.0
HIMS,NYSE,True,2026-09-11,259,31.23,536322621.9,1.601,58.675,76.41,58.675,205,259,0,Q5 most liquid,7.22
HIND,NASDAQ,True,2026-09-11,259,2.35,72195.9,21.277,140.269,146.581,140.269,210,259,3,Q1 least liquid,
HIPO,NYSE,True,2026-09-11,259,30.27,4052117.6,1.652,45.746,52.776,45.746,205,259,0,Q3,
HIT,NASDAQ,True,2026-09-11,259,1.39,262847.9,35.971,109.922,121.396,109.922,225,259,0,Q1 least liquid,
HIW,NYSE,True,2026-09-11,259,27.51,32724065.0,1.818,22.179,26.672,22.179,226,259,0,Q4,
HKIT,NASDAQ,True,2026-09-11,259,1.86,130903.7,26.882,125.293,201.251,125.293,150,259,0,Q1 least liquid,
HL,NYSE,True,2026-09-11,259,17.55,354729037.2,2.849,63.572,70.262,63.572,216,259,0,Q5 most liquid,7.822
HLF,NYSE,True,2026-09-11,259,12.57,18053793.5,3.978,0.0,41.659,3.978,81,259,0,Q3,
HLI,NYSE,True,2026-09-11,259,160.87,87434386.6,0.311,10.308,15.639,10.308,168,259,0,Q4,
HLIO,NYSE,True,2026-09-11,259,67.51,20148613.2,0.741,44.695,47.459,44.695,208,259,0,Q3,
HLIT,NASDAQ,True,2026-09-11,259,10.4,11632133.0,4.808,49.554,50.701,49.554,238,259,0,Q3,
HLLY,NYSE,True,2026-09-11,259,3.1,2272771.8,16.129,32.105,60.348,32.105,141,259,0,Q2,
HLMN,NASDAQ,True,2026-09-11,259,8.66,9330933.0,5.774,10.603,29.755,10.603,146,259,0,Q3,
HLNE,NASDAQ,True,2026-09-11,259,106.78,67274397.6,0.468,0.0,56.048,0.468,96,259,0,Q4,
HLSQ,AMEX,True,2026-09-11,259,0.6398,243257.0,78.149,198.452,234.061,78.149,121,259,4,Q1 least liquid,
HLT,NYSE,True,2026-09-11,259,304.95,505540217.1,0.164,16.345,21.287,16.345,186,259,0,Q5 most liquid,2.011
HMN,NYSE,True,2026-09-11,259,45.58,10462986.3,1.097,20.312,23.425,20.312,192,259,0,Q3,
HMR,NASDAQ,True,2026-09-11,259,1.12,59935.7,44.643,113.424,113.424,113.424,259,259,0,Q1 least liquid,
HMY,NYSE,True,2026-09-11,259,17.79,79125615.3,2.811,35.426,61.531,35.426,152,259,0,Q4,
HNGE,NYSE,True,2026-09-11,259,49.74,62551357.2,1.005,57.315,61.345,57.315,209,259,0,Q4,
HNI,NYSE,True,2026-09-11,259,42.1,24251441.4,1.188,0.0,29.293,1.188,127,259,0,Q4,
HNNA,NASDAQ,True,2026-09-11,259,9.99,63175.0,5.005,71.647,71.647,71.647,259,259,0,Q1 least liquid,
HNRG,NASDAQ,True,2026-09-11,259,18.4,11182759.3,2.717,60.053,67.176,60.053,221,259,0,Q3,
HNST,NASDAQ,True,2026-09-11,259,3.38,6098143.9,14.793,0.0,35.017,14.793,40,259,0,Q3,
HNVR,NASDAQ,True,2026-09-11,259,22.91,365593.8,2.182,52.049,53.273,52.049,228,259,0,Q1 least liquid,
HODO,NASDAQ,True,2026-09-11,259,0.6823,220900.1,73.282,171.104,188.387,75.829,137,259,2,Q1 least liquid,
HOFT,NASDAQ,True,2026-09-11,259,12.7,407629.2,3.937,60.081,78.771,60.081,197,259,0,Q2,
HOG,NYSE,True,2026-09-11,259,24.43,56759262.0,2.047,27.199,31.565,27.199,196,259,0,Q4,
HOMB,NYSE,True,2026-09-11,259,28.28,36245317.1,1.768,26.825,26.825,26.825,259,259,0,Q4,
HON,NASDAQ,True,2026-09-11,259,217.64,845951289.2,0.23,26.656,27.629,26.656,223,259,0,Q5 most liquid,3.28
HOOD,NASDAQ,True,2026-09-11,259,103.4,2487490746.0,0.484,0.0,31.042,0.484,84,259,0,Q5 most liquid,0.0
HOPE,NASDAQ,True,2026-09-11,259,11.82,10237974.4,4.23,15.874,19.752,15.874,170,259,0,Q3,
HOS,NYSE,True,2026-09-11,259,8.85,12595149.3,5.65,46.276,50.422,46.276,211,259,0,Q3,
HOUR,NASDAQ,True,2026-09-11,259,1.92,46430.0,26.042,93.935,94.143,85.629,194,259,2,Q1 least liquid,
HOV,NYSE,True,2026-09-11,259,121.69,12852573.2,0.411,5.046,51.975,5.046,131,259,0,Q3,
HOVR,NASDAQ,True,2026-09-11,259,1.89,1659716.8,26.455,67.28,78.122,67.28,186,259,0,Q2,
HOWL,NASDAQ,True,2026-09-11,259,0.7196,339499.9,69.483,91.307,105.773,81.988,176,259,1,Q1 least liquid,
HP,NYSE,True,2026-09-11,259,33.85,41765933.0,1.477,47.876,48.274,47.876,249,259,0,Q4,
HPE,NYSE,True,2026-09-11,259,24.62,589554146.2,2.031,42.852,50.987,42.852,202,259,0,Q5 most liquid,5.273
HPK,NASDAQ,True,2026-09-11,259,6.71,3731658.3,7.452,0.0,41.54,7.452,92,259,0,Q2,
HPP,NYSE,True,2026-09-11,259,9.06,11018934.6,5.519,0.0,68.815,5.519,106,259,0,Q3,
HPQ,NYSE,True,2026-09-11,259,24.22,335450408.7,2.064,0.0,20.193,2.064,103,259,0,Q5 most liquid,0.0
HQH,NYSE,True,2026-09-11,259,19.25,3427087.8,2.597,8.322,16.399,8.322,144,259,0,Q2,
HQI,NASDAQ,True,2026-09-11,259,10.86,164440.9,4.604,105.277,105.277,105.277,259,259,0,Q1 least liquid,
HQL,NYSE,True,2026-09-11,259,17.16,2262561.4,2.914,0.0,15.643,2.914,75,259,0,Q2,
HQY,NASDAQ,True,2026-09-11,259,91.54,75943845.0,0.546,23.741,31.067,23.741,188,259,0,Q4,
HRB,NYSE,True,2026-09-11,259,41.71,72200365.3,1.199,0.0,41.644,1.199,106,259,0,Q4,
HRI,NYSE,True,2026-09-11,259,139.21,64698048.4,0.359,0.0,36.324,0.359,65,259,1,Q4,
HRL,NYSE,True,2026-09-11,259,23.88,100496184.7,2.094,18.811,22.274,18.811,194,259,0,Q5 most liquid,2.315
HRMY,NASDAQ,True,2026-09-11,259,33.83,24348146.0,1.478,15.285,36.346,15.285,141,259,0,Q4,
HROW,NASDAQ,True,2026-09-11,259,40.01,22716505.9,1.25,0.0,41.195,1.25,114,259,0,Q4,
HRTG,NYSE,True,2026-09-11,259,26.65,8665376.6,1.876,0.0,64.903,1.876,102,259,0,Q3,
HRTX,NASDAQ,True,2026-09-11,259,1.1,1576528.8,45.455,49.446,65.216,49.446,174,259,0,Q2,
HRZN,NASDAQ,True,2026-09-11,259,5.01,3894466.6,9.98,0.0,26.243,9.98,32,259,0,Q2,
HSBC,NYSE,True,2026-09-11,259,86.84,133261170.9,0.576,10.686,24.866,10.686,138,259,0,Q5 most liquid,1.315
HSBH,ARCA,False,2026-09-11,259,95.3338,370662.8,0.524,9.822,21.049,9.822,140,259,0,Q1 least liquid,
HSCS,NASDAQ,True,2026-09-11,259,2.69,76690.0,18.587,115.19,128.523,115.19,202,259,0,Q1 least liquid,
HSDT,NASDAQ,True,2026-09-11,259,2.21,843564.1,22.624,54.502,69.695,54.502,176,259,1,Q2,
HSHP,NYSE,True,2026-09-11,259,13.11,3205242.9,3.814,0.0,31.592,3.814,70,259,0,Q2,
HSIC,NASDAQ,True,2026-09-11,259,76.29,95237087.2,0.655,0.0,25.458,0.655,79,259,0,Q5 most liquid,0.0
HSLV,AMEX,True,2026-09-11,128,5.31,1943912.6,9.416,0.0,18.743,9.416,5,128,0,Q2,
HST,NASDAQ,True,2026-09-11,259,19.35,157110680.5,2.584,18.531,26.56,18.531,180,259,0,Q5 most liquid,2.28
HSTM,NASDAQ,True,2026-09-11,259,24.62,5135825.3,2.031,0.0,32.526,2.031,120,259,0,Q3,
HSY,NYSE,True,2026-09-11,259,186.4,311983341.0,0.268,0.0,10.449,0.268,29,259,0,Q5 most liquid,0.0
HTB,NYSE,True,2026-09-11,259,44.04,3167391.0,1.135,30.148,30.649,30.148,234,259,0,Q2,
HTCR,NASDAQ,True,2026-09-11,259,0.8689,91947.2,57.544,167.666,167.666,167.666,259,259,1,Q1 least liquid,
HTFL,NASDAQ,True,2026-09-11,259,30.21,26995176.1,1.655,27.986,58.898,6.715,131,259,0,Q4,
HTGC,NYSE,True,2026-09-11,259,16.88,23847300.5,2.962,21.841,22.628,21.841,216,259,0,Q4,
HTH,NYSE,True,2026-09-11,259,36.8,10893344.6,1.359,16.007,28.38,16.007,176,259,0,Q3,
HTLD,NASDAQ,True,2026-09-11,259,10.77,5927644.8,4.643,0.0,32.252,4.643,121,259,0,Q3,
HTO,NASDAQ,True,2026-09-11,259,56.19,20925239.2,0.89,22.983,22.983,22.983,259,259,0,Q4,
HTT,NYSE,True,2026-09-11,259,2.87,656645.4,17.422,11.545,45.797,17.422,131,259,0,Q2,
HTZ,NASDAQ,True,2026-09-11,259,5.14,36730833.5,9.728,0.0,52.063,9.728,96,259,0,Q4,
HUBB,NYSE,True,2026-09-11,259,476.04,245512620.1,0.105,31.394,34.563,31.394,213,259,0,Q5 most liquid,3.863
HUBG,NASDAQ,True,2026-09-11,259,41.06,28535097.7,1.218,28.972,43.719,28.972,202,259,0,Q4,
HUBS,NYSE,True,2026-09-11,259,251.12,340828377.3,0.199,0.0,51.55,0.199,93,259,0,Q5 most liquid,0.0
HUM,NYSE,True,2026-09-11,259,270.67,391285877.8,0.185,0.0,57.205,0.185,121,259,0,Q5 most liquid,0.0
HUMA,NASDAQ,True,2026-09-11,259,1.07,5103707.3,46.729,0.0,109.52,46.729,113,259,0,Q3,
HUN,NYSE,True,2026-09-11,259,11.23,53227821.2,4.452,0.0,37.032,4.452,97,259,0,Q4,
HURA,NASDAQ,True,2026-09-11,259,2.14,633121.8,23.364,0.0,64.499,23.364,108,259,2,Q2,
HURC,NASDAQ,True,2026-09-11,259,17.22,401790.4,2.904,78.99,84.655,78.99,197,259,0,Q2,
HURN,NASDAQ,True,2026-09-11,259,145.0,27593609.2,0.345,0.0,17.639,0.345,120,259,0,Q4,
HUT,NASDAQ,True,2026-09-11,259,56.18,334066218.8,0.89,65.819,83.437,65.819,182,259,0,Q5 most liquid,8.099
HUYA,NYSE,True,2026-09-11,259,3.02,2872783.4,16.556,38.573,61.109,38.573,152,259,0,Q2,
HVMC,NASDAQ,True,2026-09-11,237,10.08,4120.9,4.96,7.326,7.381,5.828,174,237,0,Q1 least liquid,
HVT,NYSE,True,2026-09-11,259,23.67,2193046.0,2.112,32.853,35.294,32.853,203,259,0,Q2,
HWBK,NASDAQ,True,2026-09-11,259,34.3,255452.8,1.458,74.939,74.939,74.939,259,259,0,Q1 least liquid,
HWC,NASDAQ,True,2026-09-11,259,66.97,54340548.8,0.747,34.255,34.255,34.255,259,259,0,Q4,
HWH,NASDAQ,True,2026-09-11,259,1.56,39145.7,32.051,175.605,227.679,175.605,197,259,0,Q1 least liquid,
HWKN,NASDAQ,True,2026-09-11,259,147.99,20390965.0,0.338,0.0,14.067,0.338,14,259,0,Q3,
HWM,NYSE,True,2026-09-11,259,239.04,515396871.4,0.209,8.981,27.457,8.981,143,259,0,Q5 most liquid,1.105
HXL,NYSE,True,2026-09-11,259,84.17,85095850.0,0.594,0.0,36.055,0.594,118,259,0,Q4,
HY,NYSE,True,2026-09-11,259,34.67,3005200.9,1.442,9.691,23.064,9.691,140,259,0,Q2,
HYFM,NASDAQ,True,2026-09-11,259,1.38,34452.0,36.232,148.2,151.22,139.679,214,259,1,Q1 least liquid,
HYFT,NASDAQ,True,2026-09-11,259,1.55,458697.6,32.258,65.927,76.409,65.927,192,259,0,Q2,
HYLN,AMEX,True,2026-09-11,259,2.1,2776570.8,23.81,73.263,81.07,73.263,204,259,0,Q2,
HYMC,NASDAQ,True,2026-09-11,259,25.01,49713979.6,1.999,0.0,56.839,1.999,55,259,1,Q4,
HYNE,NASDAQ,True,2026-09-11,193,15.69,343511.8,3.187,43.402,43.402,29.571,131,193,0,Q1 least liquid,
HYPD,NASDAQ,True,2026-09-11,259,3.59,1451572.5,13.928,0.0,166.032,13.928,99,259,1,Q2,
HYPR,NASDAQ,True,2026-09-11,259,1.14,561756.6,43.86,49.055,50.784,49.055,247,259,0,Q2,
HZO,NYSE,True,2026-09-11,259,28.36,9310646.4,1.763,27.588,38.487,27.588,180,259,0,Q3,
IA,NASDAQ,True,2026-09-11,259,18.49,6603679.7,2.704,43.481,63.669,43.481,184,259,0,Q3,
IAC,NASDAQ,False,2026-06-03,190,37.715,39207930.9,1.326,12.047,21.98,12.047,108,190,1,Q4,
IAG,NYSE,True,2026-09-11,259,16.75,122753756.6,2.985,37.172,45.941,37.172,186,259,0,Q5 most liquid,4.574
IART,NASDAQ,True,2026-09-11,259,13.62,11452827.8,3.671,0.0,59.194,3.671,119,259,0,Q3,
IAUX,AMEX,True,2026-09-11,259,1.49,11794801.3,33.557,57.227,59.133,57.227,237,259,0,Q3,
IBAC,NASDAQ,True,2026-09-11,259,10.7,12162.3,4.673,67.723,67.988,67.723,258,259,0,Q1 least liquid,
IBCP,NASDAQ,True,2026-09-11,259,33.9,4952229.5,1.475,25.802,26.814,25.802,233,259,0,Q3,
IBIO,NASDAQ,True,2026-09-11,259,1.62,1348337.0,30.864,101.074,131.809,101.074,231,259,3,Q2,
IBKR,NASDAQ,True,2026-09-11,259,73.29,338544511.9,0.682,22.352,33.891,22.352,155,259,0,Q5 most liquid,2.75
IBM,NYSE,True,2026-09-11,259,262.35,1363414795.2,0.191,0.0,38.165,0.191,121,259,0,Q5 most liquid,0.0
IBN,NYSE,True,2026-09-11,259,29.88,161933128.5,1.673,2.589,27.3,2.589,130,259,0,Q5 most liquid,0.319
IBO,AMEX,True,2026-09-11,259,0.512,35812.6,97.656,223.184,227.486,223.184,246,259,3,Q1 least liquid,
IBOC,NASDAQ,True,2026-09-11,259,70.83,19727896.8,0.706,16.439,19.552,16.439,204,259,0,Q3,
IBP,NYSE,True,2026-09-11,259,259.39,88870614.9,0.193,0.0,42.213,0.193,79,259,0,Q4,
IBRX,NASDAQ,True,2026-09-11,259,7.1,70073441.0,7.042,0.0,71.835,7.042,101,259,0,Q4,
IBTA,NYSE,True,2026-09-11,259,29.38,7236444.6,1.702,0.0,53.478,1.702,61,259,1,Q3,
ICCC,NASDAQ,True,2026-09-11,259,6.58,129641.6,7.599,103.638,103.639,103.638,258,259,0,Q1 least liquid,
ICE,NYSE,True,2026-09-11,259,157.3,540947673.1,0.318,5.586,16.44,5.586,142,259,0,Q5 most liquid,0.687
ICFI,NASDAQ,True,2026-09-11,259,80.88,16138591.1,0.618,21.537,34.779,21.537,172,259,0,Q3,
ICL,NYSE,True,2026-09-11,259,5.49,6402794.9,9.107,12.493,25.963,12.493,139,259,0,Q3,
ICMB,NASDAQ,True,2026-09-11,259,2.69,61751.1,18.587,81.689,96.501,81.689,227,259,0,Q1 least liquid,
ICON,NASDAQ,True,2026-09-11,259,1.11,83917.7,45.045,130.721,135.586,130.721,246,259,1,Q1 least liquid,
ICU,NASDAQ,True,2026-09-11,259,2.58,293087.3,19.38,0.0,71.678,19.38,90,259,1,Q1 least liquid,
ICUI,NASDAQ,True,2026-09-11,259,142.0,35864194.4,0.352,35.984,42.36,35.984,166,259,0,Q4,
IDA,NYSE,True,2026-09-11,259,137.74,60639525.7,0.363,20.586,20.586,20.586,259,259,0,Q4,
IDAI,NASDAQ,True,2026-09-11,259,2.975,197469.7,16.807,94.139,103.928,94.139,234,259,2,Q1 least liquid,
IDCC,NASDAQ,True,2026-09-11,259,334.81,86805400.3,0.149,30.234,78.683,30.234,159,259,0,Q4,
IDN,NASDAQ,True,2026-09-11,259,4.94,865432.3,10.121,0.0,19.272,10.121,54,259,0,Q2,
IDR,AMEX,True,2026-09-11,259,35.6,11434866.3,1.404,57.546,90.511,57.546,163,259,0,Q3,
IDT,NYSE,True,2026-09-11,259,51.8,8499647.7,0.965,21.052,33.994,21.052,168,259,0,Q3,
IDXX,NASDAQ,True,2026-09-11,259,608.41,313571539.0,0.082,0.0,35.27,0.082,82,259,0,Q5 most liquid,0.0
IDYA,NASDAQ,True,2026-09-11,259,32.83,28775442.8,1.523,41.385,50.036,41.385,237,259,0,Q4,
IE,AMEX,True,2026-09-11,259,12.79,23865400.7,3.909,0.0,61.455,3.909,106,259,0,Q4,
IEP,NASDAQ,True,2026-09-11,259,7.76,5962296.4,6.443,0.0,18.997,6.443,63,259,0,Q3,
IESC,NASDAQ,True,2026-09-11,259,468.21,87596507.0,0.107,0.0,41.757,0.107,114,259,0,Q4,
IEX,NYSE,True,2026-09-11,259,199.72,125154020.4,0.25,31.224,34.514,31.224,204,259,0,Q5 most liquid,3.842
IFF,NYSE,True,2026-09-11,259,71.83,130205041.4,0.696,0.0,15.349,0.696,115,259,0,Q5 most liquid,0.0
IFRX,NASDAQ,True,2026-09-11,259,1.36,992691.2,36.765,136.216,149.959,136.216,210,259,1,Q2,
IFS,NYSE,True,2026-09-11,259,46.94,10742719.7,1.065,0.0,30.526,1.065,100,259,0,Q3,
IGC,AMEX,True,2026-09-11,259,0.2959,139759.2,168.976,114.573,114.573,168.976,259,259,2,Q1 least liquid,
IGIC,NASDAQ,True,2026-09-11,259,25.0,1499636.3,2.0,24.333,35.655,24.333,155,259,0,Q2,
IHG,NYSE,True,2026-09-11,259,141.23,28340829.0,0.354,20.705,25.412,20.705,218,259,0,Q4,
IHRT,NASDAQ,True,2026-09-11,259,3.65,2315248.4,13.699,57.621,86.71,57.621,167,259,0,Q2,
IHS,NYSE,True,2026-09-11,259,8.16,6769400.2,6.127,26.318,26.612,26.318,252,259,0,Q3,
III,NASDAQ,True,2026-09-11,259,5.01,1113973.5,9.98,27.882,33.173,27.882,184,259,0,Q2,
IIIN,NYSE,True,2026-09-11,259,31.9,4448532.7,1.567,25.192,41.262,25.192,135,259,0,Q3,
IIIV,NASDAQ,True,2026-09-11,259,22.435,6549759.8,2.229,52.711,82.247,52.711,180,259,0,Q3,
IIPR,NYSE,True,2026-09-11,259,54.41,15442015.7,0.919,18.184,34.924,18.184,152,259,0,Q3,
IKT,NASDAQ,True,2026-09-11,259,1.71,992317.5,29.24,55.257,58.332,55.257,227,259,0,Q2,
ILLR,NASDAQ,True,2026-09-11,259,0.438,156580.1,114.155,205.927,208.154,179.007,181,259,1,Q1 least liquid,
ILMN,NASDAQ,True,2026-09-11,259,132.86,233622339.0,0.376,16.434,29.66,16.434,151,259,0,Q5 most liquid,2.022
ILPT,NASDAQ,True,2026-09-11,259,6.1,2067688.7,8.197,41.99,52.601,41.99,181,259,0,Q2,
IMA,NASDAQ,True,2026-09-11,259,6.05,141693.1,8.264,127.463,127.463,127.463,259,259,1,Q1 least liquid,
IMAX,NYSE,True,2026-09-11,259,37.24,39396108.5,1.343,21.585,34.911,21.585,176,259,0,Q4,
IMDX,NASDAQ,True,2026-09-11,259,5.12,472888.6,9.766,112.907,113.23,112.907,253,259,0,Q2,
IMKTA,NASDAQ,True,2026-09-11,259,84.7,9720970.4,0.59,17.467,27.396,17.467,165,259,0,Q3,
IMMR,NASDAQ,True,2026-09-11,259,6.66,2810710.7,7.508,26.691,42.905,26.691,144,259,0,Q2,
IMMX,NASDAQ,True,2026-09-11,259,8.32,6255522.1,6.01,88.511,88.511,88.511,259,259,0,Q3,
IMNM,NASDAQ,True,2026-09-11,259,21.49,23320780.7,2.327,34.319,42.292,34.319,203,259,0,Q4,
IMNN,NASDAQ,True,2026-09-11,259,3.14,121140.8,15.924,129.102,129.884,129.102,253,259,3,Q1 least liquid,
IMO,AMEX,True,2026-09-11,259,117.3,58497803.5,0.426,27.383,30.009,27.383,219,259,0,Q4,
IMRX,NASDAQ,True,2026-09-11,259,5.25,5143944.2,9.524,24.976,48.862,24.976,152,259,1,Q3,
IMSR,NASDAQ,True,2026-09-11,259,7.41,14677663.7,6.748,53.102,72.005,53.102,189,259,0,Q3,
IMUX,NASDAQ,True,2026-09-11,259,1.0,1920728.3,50.0,57.381,65.073,57.381,173,259,1,Q2,
IMVT,NASDAQ,True,2026-09-11,259,26.45,35983533.6,1.89,31.771,42.226,31.771,176,259,1,Q4,
IMXI,NASDAQ,True,2026-09-11,259,15.12,4541412.3,3.307,14.724,22.774,14.724,239,259,0,Q3,
INAB,NASDAQ,True,2026-09-11,259,1.64,87343.2,30.488,115.635,118.619,115.635,243,259,0,Q1 least liquid,
INBK,NASDAQ,True,2026-09-11,259,22.69,1079522.0,2.204,23.651,34.511,23.651,152,259,0,Q2,
INBS,NASDAQ,True,2026-09-11,259,2.4,169314.4,20.833,65.549,100.719,65.549,150,259,2,Q1 least liquid,
INBX,NASDAQ,True,2026-09-11,259,81.66,19285819.7,0.612,67.773,91.288,55.94,167,259,1,Q3,
INCY,NASDAQ,True,2026-09-11,259,100.11,164538435.0,0.499,0.0,16.75,0.499,114,259,0,Q5 most liquid,0.0
INDB,NASDAQ,True,2026-09-11,259,77.67,22911374.6,0.644,27.924,28.986,27.924,243,259,0,Q4,
INDI,NASDAQ,True,2026-09-11,259,3.93,15371681.8,12.723,0.0,59.223,12.723,92,259,0,Q3,
INDO,AMEX,True,2026-09-11,259,2.99,1481302.4,16.722,52.239,66.436,52.239,210,259,2,Q2,
INDP,NASDAQ,True,2026-09-11,259,2.31,151853.9,21.645,195.481,304.23,195.481,185,259,0,Q1 least liquid,
INDV,NASDAQ,True,2026-09-11,259,34.36,59994452.1,1.455,49.072,63.286,49.072,197,259,0,Q4,
INFQ,NYSE,True,2026-09-11,259,13.34,67345216.6,3.748,0.0,55.128,3.748,32,259,0,Q4,
INFU,AMEX,True,2026-09-11,259,9.48,1286106.3,5.274,30.921,74.068,30.921,174,259,0,Q2,
INGM,NYSE,True,2026-09-11,259,22.34,17416456.1,2.238,33.777,34.969,33.777,235,259,0,Q3,
INGN,NASDAQ,True,2026-09-11,259,6.56,1411511.0,7.622,0.0,35.222,7.622,115,259,0,Q2,
INGR,NYSE,True,2026-09-11,259,111.02,67582707.1,0.45,18.121,21.697,18.121,196,259,0,Q4,
INHD,NASDAQ,True,2026-09-11,259,1.3,411155.1,38.462,0.0,155.644,38.462,85,259,1,Q2,
INKT,NASDAQ,True,2026-09-11,259,11.62,226171.2,4.303,119.385,119.438,114.844,231,259,2,Q1 least liquid,
INLX,AMEX,True,2026-09-11,259,7.63,4849.2,6.553,100.277,101.663,100.277,239,259,0,Q1 least liquid,
INMB,NASDAQ,True,2026-09-11,259,1.62,585097.2,30.864,80.583,83.471,80.583,238,259,0,Q2,
INN,NYSE,True,2026-09-11,259,5.34,4172629.1,9.363,45.07,47.343,45.07,241,259,0,Q3,
INNV,NASDAQ,True,2026-09-11,259,7.59,1741233.4,6.588,28.993,96.867,28.993,135,259,0,Q2,
INO,NASDAQ,True,2026-09-11,259,1.59,2107090.3,31.447,0.0,43.814,31.447,25,259,0,Q2,
INOD,NASDAQ,True,2026-09-11,259,59.41,71983376.9,0.842,11.117,87.513,11.117,130,259,0,Q4,
INR,NYSE,True,2026-09-11,259,14.04,3964977.6,3.561,64.216,67.834,64.216,208,259,0,Q3,
INSE,NASDAQ,True,2026-09-11,259,7.91,792144.9,6.321,44.689,59.758,44.689,188,259,0,Q2,
INSG,NASDAQ,True,2026-09-11,259,11.46,2309046.8,4.363,0.0,77.848,4.363,123,259,0,Q2,
INSM,NASDAQ,True,2026-09-11,259,145.1,324565917.9,0.345,0.0,41.023,0.345,107,259,0,Q5 most liquid,0.0
INSP,NYSE,True,2026-09-11,259,62.14,61923455.9,0.805,0.0,88.768,0.805,126,259,0,Q4,
INSW,NYSE,True,2026-09-11,259,70.01,35275390.9,0.714,20.831,37.706,20.831,141,259,0,Q4,
INTA,NASDAQ,True,2026-09-11,259,36.36,24140040.5,1.375,0.0,49.236,1.375,123,259,0,Q4,
INTC,NASDAQ,True,2026-09-11,259,47.18,6046324355.6,1.06,49.352,54.888,49.352,203,259,0,Q5 most liquid,6.073
INTG,NASDAQ,True,2026-09-11,259,33.4,664884.0,1.497,141.01,141.01,141.01,259,259,0,Q2,
INTS,NASDAQ,True,2026-09-11,259,3.99,289776.3,12.531,83.678,95.233,41.716,130,259,1,Q1 least liquid,
INTT,AMEX,True,2026-09-11,259,11.22,1088068.4,4.456,74.62,76.309,74.62,241,259,0,Q2,
INTU,NASDAQ,True,2026-09-11,259,429.03,1268334949.8,0.117,0.0,27.964,0.117,110,259,0,Q5 most liquid,0.0
INTZ,NASDAQ,True,2026-09-11,259,0.9879,150427.0,50.612,110.429,126.516,110.429,213,259,1,Q1 least liquid,
INUV,AMEX,True,2026-09-11,259,2.07,308696.0,24.155,18.962,67.296,24.155,134,259,0,Q1 least liquid,
INV,NASDAQ,True,2026-09-11,259,4.18,5572233.2,11.962,94.158,118.771,94.158,171,259,0,Q3,
INVA,NASDAQ,True,2026-09-11,259,21.35,14467309.8,2.342,24.646,28.751,24.646,171,259,0,Q3,
INVE,NASDAQ,True,2026-09-11,259,3.51,213421.0,14.245,103.746,127.169,103.746,195,259,0,Q1 least liquid,
INVH,NYSE,True,2026-09-11,259,28.26,146006750.1,1.769,24.064,29.153,24.064,200,259,0,Q5 most liquid,2.961
INVX,NYSE,True,2026-09-11,259,25.13,9319132.3,1.99,33.887,42.418,33.887,224,259,0,Q3,
IONQ,NYSE,True,2026-09-11,259,46.28,961032263.1,1.08,50.942,75.255,50.942,165,259,0,Q5 most liquid,6.268
IONS,NASDAQ,True,2026-09-11,259,74.17,148606498.2,0.674,0.0,32.562,0.674,124,259,0,Q5 most liquid,0.0
IOR,AMEX,True,2026-09-11,259,18.0,0.0,2.778,206.511,206.511,198.765,250,259,0,Q1 least liquid,
IOSP,NASDAQ,True,2026-09-11,259,79.21,15142979.2,0.631,0.0,17.907,0.631,120,259,0,Q3,
IOT,NYSE,True,2026-09-11,259,35.84,194180634.6,1.395,0.0,47.795,1.395,13,259,0,Q5 most liquid,0.0
IOVA,NASDAQ,True,2026-09-11,259,3.43,39624772.5,14.577,0.0,89.777,14.577,114,259,0,Q4,
IP,NYSE,True,2026-09-11,259,39.0,193567503.8,1.282,0.0,26.027,1.282,79,259,0,Q5 most liquid,0.0
IPAR,NASDAQ,True,2026-09-11,259,95.24,23676177.1,0.525,0.0,20.837,0.525,127,259,0,Q4,
IPGP,NASDAQ,True,2026-09-11,259,88.95,34750562.1,0.562,23.481,39.446,23.481,143,259,0,Q4,
IPHA,NASDAQ,True,2026-09-11,259,1.79,25644.4,27.933,144.415,154.778,144.415,197,259,1,Q1 least liquid,
IPI,NYSE,True,2026-09-11,259,34.17,6141154.3,1.463,0.0,68.184,1.463,87,259,0,Q3,
IPM,NASDAQ,True,2026-09-11,259,1.83,42162.9,27.322,98.037,98.037,98.037,259,259,0,Q1 least liquid,
IPSC,NASDAQ,True,2026-09-11,259,2.04,1369541.5,24.51,90.982,98.073,90.982,197,259,0,Q2,
IPST,NASDAQ,True,2026-09-11,259,2.08,154118.5,24.038,140.467,228.243,140.467,170,259,0,Q1 least liquid,
IPW,NASDAQ,True,2026-09-11,259,2.06,377256.7,24.272,0.0,244.949,24.272,79,259,2,Q1 least liquid,
IPWR,NASDAQ,True,2026-09-11,259,4.38,361435.4,11.416,115.388,123.591,115.388,216,259,1,Q1 least liquid,
IQST,NASDAQ,True,2026-09-11,259,1.91,336757.9,26.178,71.649,79.044,71.649,216,259,0,Q1 least liquid,
IQV,NYSE,True,2026-09-11,259,203.2,288592742.2,0.246,0.0,23.232,0.246,115,259,0,Q5 most liquid,0.0
IR,NYSE,True,2026-09-11,259,80.51,266541361.2,0.621,16.309,24.516,16.309,159,259,0,Q5 most liquid,2.007
IRAB,NYSE,True,2026-09-11,139,9.93,0.0,5.035,14.356,15.876,5.035,61,139,0,Q1 least liquid,
IRD,NASDAQ,True,2026-09-11,259,3.57,2400534.8,14.006,52.546,52.978,52.546,247,259,2,Q2,
IRDM,NASDAQ,True,2026-09-11,259,24.78,53098503.6,2.018,31.107,56.754,31.107,152,259,0,Q4,
IRHO,NASDAQ,True,2026-09-11,150,10.01,81205.9,4.995,9.513,9.513,4.995,88,150,0,Q1 least liquid,
IRIX,NASDAQ,True,2026-09-11,259,1.07,60378.5,46.729,86.362,87.211,86.362,244,259,0,Q1 least liquid,
IRM,NYSE,True,2026-09-11,259,106.46,169564626.2,0.47,21.785,24.06,21.785,200,259,0,Q5 most liquid,2.681
IRMD,NASDAQ,True,2026-09-11,259,92.83,7530002.6,0.539,35.036,35.276,35.036,252,259,0,Q3,
IRON,NASDAQ,True,2026-09-11,259,73.54,30285233.9,0.68,48.414,53.786,48.414,215,259,1,Q4,
IRTC,NASDAQ,True,2026-09-11,259,127.95,66454040.0,0.391,0.0,75.104,0.391,64,259,0,Q4,
IRWD,NASDAQ,True,2026-09-11,259,3.68,7270301.4,13.587,0.0,40.341,13.587,26,259,0,Q3,
ISBA,NASDAQ,True,2026-09-11,259,41.63,1118875.3,1.201,75.549,75.549,75.549,259,259,0,Q2,
ISOU,AMEX,True,2026-09-11,259,10.3,892305.1,4.854,62.51,65.391,62.51,216,259,0,Q2,
ISPC,NASDAQ,True,2026-09-11,259,0.8028,255390.6,62.282,371.433,371.762,371.433,258,259,1,Q1 least liquid,
ISPR,NASDAQ,True,2026-09-11,259,1.91,104894.6,26.178,145.261,145.261,145.261,259,259,0,Q1 least liquid,
ISRG,NASDAQ,True,2026-09-11,259,455.85,956397003.9,0.11,24.457,27.272,24.457,182,259,0,Q5 most liquid,3.009
ISTR,NASDAQ,True,2026-09-11,259,27.87,2612426.7,1.794,14.0,16.561,14.0,189,259,0,Q2,
IT,NYSE,True,2026-09-11,259,179.59,219897198.4,0.278,28.772,33.637,28.772,199,259,0,Q5 most liquid,3.54
ITGR,NYSE,True,2026-09-11,259,87.92,47905020.0,0.569,15.761,93.11,15.761,160,259,0,Q4,
ITIC,NASDAQ,True,2026-09-11,259,255.09,5986820.4,0.196,34.871,35.4,34.871,247,259,0,Q3,
ITP,AMEX,True,2026-09-11,259,0.201,51606.9,248.756,162.719,162.719,248.756,259,259,1,Q1 least liquid,
ITRG,AMEX,True,2026-09-11,259,2.89,7287428.2,17.301,0.0,60.516,17.301,100,259,0,Q3,
ITRI,NASDAQ,True,2026-09-11,259,96.47,60242588.6,0.518,46.573,48.337,46.573,226,259,0,Q4,
ITT,NYSE,True,2026-09-11,259,190.4,139136228.8,0.263,30.099,32.47,30.099,208,259,0,Q5 most liquid,3.704
ITW,NYSE,True,2026-09-11,259,261.37,311719855.0,0.191,21.479,22.96,21.479,217,259,0,Q5 most liquid,2.643
IVDA,NASDAQ,True,2026-09-11,259,0.35,151364.0,142.857,0.0,122.526,142.857,86,259,0,Q1 least liquid,
IVF,NASDAQ,True,2026-09-11,259,1.03,184815.5,48.544,314.995,315.502,105.222,141,259,2,Q1 least liquid,
IVT,NYSE,True,2026-09-11,259,30.78,15711364.5,1.624,24.618,25.073,24.618,242,259,0,Q3,
IVVD,NASDAQ,True,2026-09-11,259,1.47,3978319.8,34.014,105.377,112.538,105.377,223,259,1,Q3,
IXHL,NASDAQ,True,2026-09-11,259,2.91,1811288.6,17.182,142.408,188.1,17.182,127,259,5,Q2,
IZEA,NASDAQ,True,2026-09-11,259,3.73,224545.8,13.405,54.603,54.603,54.603,259,259,0,Q1 least liquid,
J,NYSE,True,2026-09-11,259,136.11,118231929.0,0.367,31.143,31.423,31.143,258,259,0,Q5 most liquid,3.832
JACK,NASDAQ,True,2026-09-11,259,16.6,11939062.7,3.012,0.0,31.122,3.012,23,259,0,Q3,
JACS,NYSE,True,2026-09-11,259,10.52,3741.8,4.753,16.243,16.243,16.243,259,259,0,Q1 least liquid,
JAGU,AMEX,True,2026-09-11,148,1.89,232748.1,26.455,180.941,180.941,145.136,86,148,0,Q1 least liquid,
JAGX,NASDAQ,True,2026-09-11,259,1.17,184443.2,42.735,85.056,97.288,42.735,128,259,3,Q1 least liquid,
JAKK,NASDAQ,True,2026-09-11,259,20.09,1530272.0,2.489,37.09,49.845,37.09,192,259,0,Q2,
JAN,NYSE,True,2026-09-11,121,27.23,31791593.7,1.836,127.678,127.678,127.678,121,121,0,Q4,
JANX,NASDAQ,True,2026-09-11,259,15.19,15759168.4,3.292,39.731,53.132,39.731,179,259,0,Q3,
JAZZ,NASDAQ,True,2026-09-11,259,182.32,153799461.6,0.274,29.867,30.23,29.867,254,259,0,Q5 most liquid,3.675
JBHT,NASDAQ,True,2026-09-11,259,219.25,205555793.7,0.228,29.463,34.921,29.463,181,259,0,Q5 most liquid,3.625
JBI,NYSE,True,2026-09-11,259,5.65,7889872.6,8.85,9.584,56.621,9.584,134,259,0,Q3,
JBIO,NASDAQ,True,2026-09-11,259,15.38,6246993.1,3.251,56.268,67.871,56.268,221,259,1,Q3,
JBK,NYSE,True,2026-09-11,259,25.93,0.0,1.928,65.265,70.227,62.7,223,259,0,Q1 least liquid,
JBL,NYSE,True,2026-09-11,259,261.1,298273848.6,0.191,48.027,53.475,48.027,187,259,0,Q5 most liquid,5.91
JBLU,NASDAQ,True,2026-09-11,259,4.95,109705175.9,10.101,18.551,43.807,18.551,141,259,0,Q5 most liquid,2.283
JBS,NYSE,True,2026-09-11,259,14.25,71678286.8,3.509,16.888,30.353,16.268,155,259,0,Q4,
JBSS,NASDAQ,True,2026-09-11,259,75.68,5986865.7,0.661,0.0,32.925,0.661,119,259,0,Q3,
JBTM,NYSE,True,2026-09-11,259,136.52,67785321.5,0.366,24.347,36.634,24.347,159,259,0,Q4,
JCAP,NASDAQ,True,2026-09-11,259,20.27,4307243.2,2.467,9.838,42.744,9.838,138,259,0,Q3,
JCI,NYSE,True,2026-09-11,259,134.72,487341510.7,0.371,23.371,31.212,23.371,164,259,0,Q5 most liquid,2.876
JEF,NYSE,True,2026-09-11,259,54.84,103742842.3,0.912,30.104,37.759,30.104,180,259,0,Q5 most liquid,3.704
JELD,NYSE,True,2026-09-11,259,2.08,3304745.6,24.038,0.0,89.112,24.038,126,259,0,Q2,
JENA,NYSE,True,2026-09-11,259,10.25,1426.6,4.878,32.41,32.41,29.042,227,259,0,Q1 least liquid,
JHX,NYSE,True,2026-09-11,259,21.75,141241134.2,2.299,16.408,45.278,16.408,141,259,0,Q5 most liquid,2.019
JILL,NYSE,True,2026-09-11,259,15.73,976884.5,3.179,0.0,33.143,3.179,126,259,1,Q2,
JJSF,NASDAQ,True,2026-09-11,259,85.24,18592332.7,0.587,21.068,34.379,21.068,193,259,0,Q3,
JKHY,NASDAQ,True,2026-09-11,259,157.0,153083051.3,0.318,15.408,20.199,15.408,159,259,0,Q5 most liquid,1.896
JKS,NYSE,True,2026-09-11,259,24.11,13382103.8,2.074,0.0,34.835,2.074,90,259,0,Q3,
JLL,NYSE,True,2026-09-11,259,316.98,114051168.1,0.158,26.785,32.008,26.785,193,259,0,Q5 most liquid,3.296
JMIA,NYSE,True,2026-09-11,259,7.91,18580939.5,6.321,43.532,66.654,43.532,141,259,0,Q3,
JMSB,NASDAQ,True,2026-09-11,259,20.6,489629.1,2.427,46.797,46.797,46.797,259,259,0,Q2,
JNJ,NYSE,True,2026-09-11,259,230.0,1735662567.8,0.217,0.0,13.996,0.217,123,259,0,Q5 most liquid,0.0
JOB,AMEX,True,2026-09-11,259,0.2132,43525.3,234.522,128.848,128.848,234.522,259,259,1,Q1 least liquid,
JOBY,NYSE,True,2026-09-11,259,10.25,301013476.2,4.878,37.349,65.956,37.349,186,259,0,Q5 most liquid,4.596
JOE,NYSE,True,2026-09-11,259,63.8,12547556.6,0.784,8.845,23.483,8.845,145,259,0,Q3,
JOUT,NASDAQ,True,2026-09-11,259,44.82,2320374.0,1.116,37.914,45.21,37.914,197,259,0,Q2,
JPM,NYSE,True,2026-09-11,259,310.82,2580103300.8,0.161,12.396,20.56,12.396,144,259,0,Q5 most liquid,1.525
JRSH,NASDAQ,True,2026-09-11,259,3.3,258243.3,15.152,76.801,76.801,76.801,259,259,0,Q1 least liquid,
JRVR,NASDAQ,True,2026-09-11,259,5.55,1302330.7,9.009,0.0,55.45,9.009,99,259,0,Q2,
JSPR,NASDAQ,True,2026-09-11,259,1.25,531078.8,40.0,122.712,123.01,122.712,258,259,1,Q2,
JTAI,NASDAQ,True,2026-09-11,259,2.04,688564.8,24.51,86.385,90.399,55.532,165,259,1,Q2,
JUNS,NASDAQ,True,2026-09-11,259,0.6157,103456.8,81.208,122.134,122.134,119.238,252,259,1,Q1 least liquid,
JVA,NASDAQ,True,2026-09-11,259,3.82,150332.9,13.089,0.0,50.809,13.089,125,259,0,Q1 least liquid,
JXG,NASDAQ,True,2026-09-11,259,4.12,45740.9,12.136,239.672,239.672,239.672,259,259,6,Q1 least liquid,
JXN,NYSE,True,2026-09-11,259,107.75,59109489.0,0.464,30.704,32.47,30.704,215,259,0,Q4,
JYNT,NASDAQ,True,2026-09-11,259,8.73,601853.2,5.727,44.577,44.661,44.577,257,259,0,Q2,
JZ,NASDAQ,True,2026-09-11,259,1.12,33838.5,44.643,297.966,297.966,278.952,243,259,1,Q1 least liquid,
KAI,NYSE,True,2026-09-11,259,306.15,42138722.6,0.163,20.741,38.913,20.741,149,259,0,Q4,
KALA,NASDAQ,True,2026-09-11,259,0.7297,371957.1,68.521,110.422,164.95,110.422,153,259,1,Q1 least liquid,
KALU,NASDAQ,True,2026-09-11,259,131.01,27962068.2,0.382,0.0,34.674,0.382,108,259,0,Q4,
KAPA,AMEX,True,2026-09-11,259,0.6294,96521.3,79.441,197.402,197.402,197.402,259,259,0,Q1 least liquid,
KB,NYSE,True,2026-09-11,259,101.44,17312671.8,0.493,0.0,37.053,0.493,73,259,0,Q3,
KBDC,NYSE,True,2026-09-11,259,14.07,4534763.1,3.554,29.21,30.49,29.21,226,259,0,Q3,
KBH,NYSE,True,2026-09-11,259,57.61,59155113.3,0.868,0.0,34.724,0.868,115,259,0,Q4,
KBR,NYSE,True,2026-09-11,259,39.38,50760422.4,1.27,0.0,47.454,1.27,124,259,0,Q4,
KD,NYSE,True,2026-09-11,259,13.59,51200882.4,3.679,0.0,59.531,3.679,129,259,0,Q4,
KDK,NASDAQ,True,2026-09-11,259,7.9,4612939.8,6.329,86.254,108.078,86.254,207,259,0,Q3,
KDP,NASDAQ,True,2026-09-11,259,28.45,344500226.4,1.757,9.569,17.264,9.569,151,259,0,Q5 most liquid,1.177
KE,NASDAQ,True,2026-09-11,259,26.3,4528241.1,1.901,28.231,35.63,28.231,172,259,0,Q3,
KEEL,NASDAQ,True,2026-09-11,259,3.1,129331191.4,16.129,13.518,70.131,16.129,133,259,0,Q5 most liquid,1.663
KELYA,NASDAQ,True,2026-09-11,259,10.67,4048385.9,4.686,49.948,51.743,49.948,229,259,0,Q3,
KELYB,NASDAQ,True,2026-09-11,259,14.6,9688.8,3.425,0.0,231.206,3.425,101,259,0,Q1 least liquid,
KEN,NYSE,True,2026-09-11,259,67.72,1190109.5,0.738,0.0,35.669,0.738,109,259,0,Q2,
KEP,NYSE,True,2026-09-11,259,14.87,9930994.9,3.362,0.0,29.461,3.362,97,259,0,Q3,
KEQU,NASDAQ,True,2026-09-11,259,38.1,166348.8,1.312,83.063,94.046,83.063,214,259,0,Q1 least liquid,
KEX,NYSE,True,2026-09-11,259,129.84,79692867.6,0.385,0.0,35.864,0.385,86,259,0,Q4,
KEY,NYSE,True,2026-09-11,259,21.21,294878962.2,2.357,20.036,21.367,20.036,199,259,0,Q5 most liquid,2.465
KEYS,NYSE,True,2026-09-11,259,284.12,303904100.9,0.176,0.0,51.521,0.176,120,259,0,Q5 most liquid,0.0
KFFB,NASDAQ,True,2026-09-11,259,4.52,9558.8,11.062,223.489,223.489,223.489,259,259,0,Q1 least liquid,
KFRC,NYSE,True,2026-09-11,259,31.83,7806942.7,1.571,0.0,54.557,1.571,66,259,0,Q3,
KFY,NYSE,True,2026-09-11,259,68.03,30977883.3,0.735,29.501,29.988,29.501,240,259,0,Q4,
KG,NASDAQ,True,2026-09-11,259,11.24,187737.6,4.448,109.586,114.249,109.586,248,259,0,Q1 least liquid,
KGC,NYSE,True,2026-09-11,259,27.99,262777877.9,1.786,30.017,35.131,30.017,186,259,0,Q5 most liquid,3.693
KGEI,NASDAQ,True,2026-09-11,259,5.04,614018.4,9.921,0.0,56.176,9.921,108,259,0,Q2,
KGS,NYSE,True,2026-09-11,259,55.54,73536734.3,0.9,43.619,46.301,43.619,222,259,0,Q4,
KHC,NASDAQ,True,2026-09-11,259,24.47,343929847.0,2.043,17.463,20.58,17.463,189,259,0,Q5 most liquid,2.149
KIDS,NASDAQ,True,2026-09-11,259,17.96,2768837.8,2.784,29.392,40.117,29.392,168,259,0,Q2,
KIDZ,NASDAQ,True,2026-09-11,259,0.6528,445448.1,76.593,136.237,363.558,136.237,171,259,1,Q2,
KIM,NYSE,True,2026-09-11,259,22.79,100932188.0,2.194,19.252,19.878,19.252,240,259,0,Q5 most liquid,2.369
KINS,NASDAQ,True,2026-09-11,259,15.74,1888170.0,3.177,12.432,38.254,12.432,141,259,0,Q2,
KITT,NASDAQ,True,2026-09-11,259,1.04,1134500.6,48.077,164.818,185.202,164.818,246,259,1,Q2,
KKR,NYSE,True,2026-09-11,259,105.92,513880061.0,0.472,35.281,47.46,35.281,170,259,0,Q5 most liquid,4.341
KLAC,NASDAQ,True,2026-09-11,259,1215.13,1539027000.0,0.041,28.134,65.47,28.134,170,259,0,Q5 most liquid,3.462
KLAR,NYSE,True,2026-09-11,253,19.27,79057305.6,2.595,0.0,23.457,2.595,75,253,0,Q4,
KLC,NYSE,True,2026-09-11,259,4.25,3369841.2,11.765,102.706,125.519,102.706,230,259,0,Q2,
KLIC,NASDAQ,True,2026-09-11,259,66.76,44086903.1,0.749,42.092,61.128,42.092,181,259,0,Q4,
KLRS,NASDAQ,True,2026-09-11,259,5.22,455404.9,9.579,89.199,100.178,89.199,193,259,1,Q2,
KLTR,NASDAQ,True,2026-09-11,259,1.48,433444.4,33.784,35.828,43.502,35.828,204,259,0,Q2,
KLXE,NASDAQ,True,2026-09-11,259,2.19,448244.2,22.831,42.788,85.14,42.788,138,259,0,Q2,
KMB,NASDAQ,True,2026-09-11,259,104.015,443169628.1,0.481,20.191,21.099,20.191,237,259,0,Q5 most liquid,2.484
KMI,NYSE,True,2026-09-11,259,31.39,358260737.1,1.593,27.505,27.505,27.505,259,259,0,Q5 most liquid,3.384
KMPR,NYSE,True,2026-09-11,259,32.5,28928668.7,1.538,80.432,97.933,80.432,169,259,0,Q4,
KMT,NYSE,True,2026-09-11,259,33.49,34432777.6,1.493,24.132,52.385,24.132,149,259,0,Q4,
KMTS,NASDAQ,True,2026-09-11,259,24.18,6345530.0,2.068,0.0,39.882,2.068,126,259,0,Q3,
KMX,NYSE,True,2026-09-11,259,44.5,140097678.0,1.124,0.0,48.423,1.124,99,259,0,Q5 most liquid,0.0
KN,NYSE,True,2026-09-11,259,26.26,18863592.0,1.904,29.993,34.272,29.993,200,259,0,Q3,
KNF,NYSE,True,2026-09-11,259,76.27,43497398.6,0.656,0.0,32.611,0.656,103,259,0,Q4,
KNOP,NYSE,True,2026-09-11,259,10.38,789498.9,4.817,35.263,40.537,35.263,212,259,0,Q2,
KNRX,AMEX,True,2026-09-11,240,1.215,44103.6,41.152,256.391,272.125,212.701,150,240,0,Q1 least liquid,
KNSL,NYSE,True,2026-09-11,259,376.37,90168592.7,0.133,0.0,22.956,0.133,75,259,0,Q4,
KNTK,NYSE,True,2026-09-11,259,45.55,45977719.4,1.098,34.259,41.002,34.259,185,259,1,Q4,
KNX,NYSE,True,2026-09-11,259,59.22,188097331.0,0.844,41.234,41.592,41.234,254,259,0,Q5 most liquid,5.074
KO,NYSE,True,2026-09-11,259,76.72,1189356307.8,0.652,0.0,22.245,0.652,98,259,0,Q5 most liquid,0.0
KOD,NASDAQ,True,2026-09-11,259,27.72,19514761.2,1.804,50.985,74.78,50.985,159,259,1,Q3,
KODK,NYSE,True,2026-09-11,259,8.23,7570270.6,6.075,0.0,65.992,6.075,75,259,1,Q3,
KOF,NYSE,True,2026-09-11,259,102.48,15165238.8,0.488,26.993,26.993,26.993,259,259,0,Q3,
KOP,NYSE,True,2026-09-11,259,37.04,5691120.5,1.35,34.835,37.468,34.835,211,259,0,Q3,
KOPN,NASDAQ,True,2026-09-11,259,2.96,12264362.4,16.892,74.494,100.634,74.494,157,259,0,Q3,
KOS,NYSE,True,2026-09-11,259,2.16,28193841.7,23.148,0.0,47.368,23.148,103,259,0,Q4,
KOSS,NASDAQ,True,2026-09-11,259,4.19,94593.4,11.933,82.33,85.663,82.33,224,259,1,Q1 least liquid,
KPLT,NASDAQ,True,2026-09-11,259,6.81,212597.0,7.342,101.082,107.329,101.082,235,259,0,Q1 least liquid,
KPRX,NASDAQ,True,2026-09-11,259,2.47,59764.9,20.243,70.254,70.322,70.254,257,259,4,Q1 least liquid,
KPTI,NASDAQ,True,2026-09-11,259,6.88,2514983.0,7.267,62.015,74.806,62.015,201,259,0,Q2,
KR,NYSE,True,2026-09-11,259,65.02,406695114.9,0.769,0.0,9.199,0.769,29,259,0,Q5 most liquid,0.0
KRC,NYSE,True,2026-09-11,259,37.55,55961257.0,1.332,25.785,26.319,25.785,247,259,0,Q4,
KRMD,NASDAQ,True,2026-09-11,259,4.19,520685.7,11.933,40.088,44.842,40.088,180,259,0,Q2,
KRMN,NYSE,True,2026-09-11,259,67.4,131054173.2,0.742,0.0,70.456,0.742,83,259,0,Q5 most liquid,0.0
KRNY,NASDAQ,True,2026-09-11,259,7.87,2799985.4,6.353,29.831,32.628,29.831,198,259,0,Q2,
KRO,NYSE,True,2026-09-11,259,6.13,1846025.0,8.157,0.0,54.131,8.157,113,259,0,Q2,
KROS,NASDAQ,True,2026-09-11,259,12.24,4596776.2,4.085,0.0,27.619,4.085,101,259,0,Q3,
KRRO,NASDAQ,True,2026-09-11,259,12.31,2065223.8,4.062,24.582,73.493,4.062,107,259,4,Q2,
KRSA,NASDAQ,True,2026-09-11,259,2.39,85991.5,20.921,172.327,172.347,157.686,192,259,4,Q1 least liquid,
KRSP,NYSE,True,2026-09-11,201,10.38,30083.4,4.817,24.762,25.635,21.898,124,201,0,Q1 least liquid,
KRT,NASDAQ,True,2026-09-11,259,25.97,2401792.0,1.925,0.0,36.091,1.925,64,259,0,Q2,
KRUS,NASDAQ,True,2026-09-11,259,56.11,15653164.4,0.891,60.235,64.205,60.235,217,259,0,Q3,
KRYS,NASDAQ,True,2026-09-11,259,268.04,68729486.4,0.187,0.0,36.434,0.187,127,259,0,Q4,
KSCP,NASDAQ,True,2026-09-11,259,3.77,1482386.6,13.263,58.716,75.427,58.716,205,259,0,Q2,
KSS,NYSE,True,2026-09-11,259,16.9,68115885.5,2.959,26.047,76.939,26.047,134,259,0,Q4,
KT,NYSE,True,2026-09-11,259,19.15,28211392.6,2.611,18.845,24.439,18.845,178,259,0,Q4,
KTB,NYSE,True,2026-09-11,259,73.59,48268996.8,0.679,0.0,19.484,0.679,30,259,0,Q4,
KTCC,NASDAQ,True,2026-09-11,259,3.08,40916.2,16.234,125.834,125.834,125.834,259,259,0,Q1 least liquid,
KTN,NYSE,True,2026-09-11,259,26.04,33111.0,1.92,19.959,19.959,19.959,259,259,0,Q1 least liquid,
KTOS,NASDAQ,True,2026-09-11,259,72.41,241193116.4,0.691,0.0,53.378,0.691,99,259,0,Q5 most liquid,0.0
KTTA,NASDAQ,True,2026-09-11,259,0.7331,126323.7,68.204,107.914,117.993,107.914,195,259,0,Q1 least liquid,
KTWO,NASDAQ,True,2026-09-11,138,9.95,6048.5,5.025,27.841,27.841,27.841,138,138,0,Q1 least liquid,
KULR,AMEX,True,2026-09-11,259,3.15,4778913.0,15.873,47.162,84.031,47.162,155,259,0,Q3,
KURA,NASDAQ,True,2026-09-11,259,9.53,14527586.1,5.247,16.821,51.276,16.821,144,259,0,Q3,
KUST,NASDAQ,True,2026-09-11,259,1.37,145806.9,36.496,79.895,97.879,79.895,144,259,2,Q1 least liquid,
KVHI,NASDAQ,True,2026-09-11,259,7.24,783643.1,6.906,55.181,63.701,55.181,218,259,0,Q2,
KVUE,NYSE,True,2026-09-11,259,17.52,449059942.4,2.854,27.756,28.002,27.756,246,259,0,Q5 most liquid,3.415
KVYO,NYSE,True,2026-09-11,259,19.61,79466987.2,2.55,38.922,56.031,38.922,173,259,0,Q4,
KWR,NYSE,True,2026-09-11,259,142.14,19997113.8,0.352,0.0,24.219,0.352,126,259,0,Q3,
KWY,NYSE,True,2026-09-11,259,11.8,727901.4,4.237,11.814,23.685,11.814,142,259,0,Q2,
KYMR,NASDAQ,True,2026-09-11,259,81.42,51502170.7,0.614,30.569,51.677,30.569,141,259,0,Q4,
KYNB,NASDAQ,True,2026-09-11,259,7.78,150866.4,6.427,78.797,78.797,78.797,259,259,1,Q1 least liquid,
KYTX,NASDAQ,True,2026-09-11,259,8.055,5391616.5,6.207,80.319,83.511,80.319,236,259,0,Q3,
L,NYSE,True,2026-09-11,259,107.2,77322143.4,0.466,11.959,17.046,11.959,173,259,0,Q4,
LAB,NASDAQ,True,2026-09-11,259,1.11,1833727.0,45.045,65.31,73.327,65.31,184,259,1,Q2,
LAC,NYSE,True,2026-09-11,259,4.64,46751095.1,10.776,0.0,52.07,10.776,67,259,1,Q4,
LAD,NYSE,True,2026-09-11,259,313.67,85068957.1,0.159,17.772,26.709,17.772,176,259,0,Q4,
LADR,NYSE,True,2026-09-11,259,10.35,7939429.3,4.831,18.053,26.54,18.053,180,259,1,Q3,
LAFA,NASDAQ,True,2026-09-11,198,10.01,0.0,4.995,7.047,10.06,4.995,93,198,0,Q1 least liquid,
LAKE,NASDAQ,True,2026-09-11,259,10.77,1113940.8,4.643,0.0,32.785,4.643,92,259,0,Q2,
LAMR,NASDAQ,True,2026-09-11,259,132.83,69587888.4,0.376,17.595,19.596,17.595,191,259,0,Q4,
LAND,NASDAQ,True,2026-09-11,259,9.26,5239863.2,5.4,16.162,20.319,16.162,177,259,0,Q3,
LANV,NYSE,True,2026-09-11,259,1.63,52535.9,30.675,199.67,199.67,199.67,259,259,0,Q1 least liquid,
LAR,NYSE,True,2026-09-11,259,6.75,16016156.2,7.407,0.0,49.28,7.407,44,259,0,Q3,
LARK,NASDAQ,True,2026-09-11,259,27.54,185169.9,1.816,84.356,84.356,84.356,259,259,0,Q1 least liquid,
LASE,NASDAQ,True,2026-09-11,259,1.45,1504713.3,34.483,0.0,115.5,34.483,125,259,0,Q2,
LASR,NASDAQ,True,2026-09-11,259,50.89,54232111.1,0.983,109.503,109.504,109.503,258,259,0,Q4,
LAUR,NASDAQ,True,2026-09-11,259,33.6,37357073.1,1.488,9.194,27.926,9.194,140,259,0,Q4,
LAW,NYSE,True,2026-09-11,259,4.37,956484.8,11.442,32.597,52.323,32.597,174,259,0,Q2,
LAWR,NASDAQ,True,2026-09-11,259,3.75,0.0,13.333,0.0,108.504,13.333,23,259,0,Q1 least liquid,
LAZ,NYSE,True,2026-09-11,259,48.46,53140527.8,1.032,46.109,46.145,46.109,257,259,0,Q4,
LB,NYSE,True,2026-09-11,259,66.17,22112899.0,0.756,0.0,30.848,0.756,86,259,0,Q4,
LBRT,NYSE,True,2026-09-11,259,21.29,80839014.8,2.349,35.086,69.515,35.086,156,259,0,Q4,
LBRX,NASDAQ,True,2026-09-11,252,24.225,4981686.8,2.064,61.961,65.912,53.156,170,252,0,Q3,
LCFY,NASDAQ,True,2026-09-11,259,3.89,53361.0,12.853,161.366,171.197,161.366,213,259,0,Q1 least liquid,
LCID,NASDAQ,True,2026-09-11,259,9.92,89908516.1,5.04,62.444,84.758,62.444,173,259,0,Q4,
LCII,NYSE,True,2026-09-11,259,109.18,31215851.6,0.458,8.291,29.392,8.291,132,259,0,Q4,
LCNB,NASDAQ,True,2026-09-11,259,16.65,381716.9,3.003,45.958,45.958,45.958,259,259,0,Q1 least liquid,
LCTX,AMEX,True,2026-09-11,259,1.56,1632979.9,32.051,78.509,78.509,78.509,259,259,0,Q2,
LCUT,NASDAQ,True,2026-09-11,259,4.29,405216.0,11.655,97.902,97.902,97.902,259,259,0,Q2,
LDI,NYSE,True,2026-09-11,259,1.79,4576471.6,27.933,0.0,62.877,27.933,79,259,0,Q3,
LDOS,NYSE,True,2026-09-11,259,172.0,156925988.3,0.291,14.777,22.056,14.777,150,259,0,Q5 most liquid,1.818
LE,NASDAQ,True,2026-09-11,259,14.03,2865302.4,3.564,40.722,72.071,40.722,147,259,0,Q2,
LEA,NYSE,True,2026-09-11,259,122.64,67813980.3,0.408,0.0,32.387,0.408,70,259,0,Q4,
LEDS,NASDAQ,True,2026-09-11,259,1.9,36991.1,26.316,131.995,131.995,131.995,259,259,1,Q1 least liquid,
LEE,NASDAQ,True,2026-09-11,259,7.82,284469.5,6.394,99.521,101.755,99.521,245,259,0,Q1 least liquid,
LEGH,NASDAQ,True,2026-09-11,259,22.37,2062042.3,2.235,0.0,21.726,2.235,119,259,0,Q2,
LEGO,AMEX,True,2026-09-11,125,9.92,15190.0,5.04,18.448,18.821,18.448,84,125,0,Q1 least liquid,
LEN,NYSE,True,2026-09-11,259,99.94,288401546.0,0.5,29.227,35.153,29.227,178,259,0,Q5 most liquid,3.596
LENZ,NASDAQ,True,2026-09-11,259,12.02,9502744.4,4.16,64.854,71.666,64.854,185,259,1,Q3,
LEO,NYSE,True,2026-09-11,259,6.31,1179988.8,7.924,11.1,11.94,11.1,221,259,0,Q2,
LESL,NASDAQ,True,2026-09-11,259,1.71,440841.3,29.24,0.0,125.736,29.24,119,259,0,Q2,
LEU,NYSE,True,2026-09-11,259,206.04,180964444.2,0.243,94.591,102.594,94.591,211,259,0,Q5 most liquid,11.639
LEVI,NYSE,True,2026-09-11,259,21.85,48453308.5,2.288,33.403,39.149,33.403,191,259,0,Q4,
LEXX,NASDAQ,True,2026-09-11,259,0.792,135173.8,63.131,30.062,139.677,63.131,135,259,0,Q1 least liquid,
LFCR,NASDAQ,True,2026-09-11,259,6.54,974422.5,7.645,0.0,34.278,7.645,63,259,1,Q2,
LFMD,NASDAQ,True,2026-09-11,259,4.0,4109299.6,12.5,0.0,146.022,12.5,102,259,0,Q3,
LFST,NASDAQ,True,2026-09-11,259,7.07,14528191.0,7.072,29.087,45.396,29.087,152,259,0,Q3,
LFUS,NASDAQ,True,2026-09-11,259,345.06,75926954.8,0.145,0.0,22.561,0.145,91,259,0,Q4,
LFVN,NASDAQ,True,2026-09-11,259,6.31,873745.3,7.924,142.242,156.829,142.242,247,259,0,Q2,
LGCY,AMEX,True,2026-09-11,259,11.11,527854.0,4.5,74.383,93.751,74.383,213,259,1,Q2,
LGIH,NASDAQ,True,2026-09-11,259,50.145,18121075.2,0.997,0.0,43.662,0.997,121,259,0,Q3,
LGL,AMEX,True,2026-09-11,259,6.9,38319.4,7.246,121.019,121.019,121.019,259,259,0,Q1 least liquid,
LGN,NASDAQ,True,2026-09-11,251,52.98,58720897.6,0.944,59.238,67.374,43.142,149,251,0,Q4,
LGND,NASDAQ,True,2026-09-11,259,204.92,44185886.2,0.244,27.026,40.644,27.026,156,259,0,Q4,
LGPS,AMEX,True,2026-09-11,259,0.905,31096.6,55.249,215.716,215.716,207.361,236,259,1,Q1 least liquid,
LGVN,NASDAQ,True,2026-09-11,259,0.7501,252558.4,66.658,92.576,99.729,92.576,221,259,1,Q1 least liquid,
LH,NYSE,True,2026-09-11,259,270.68,169854514.5,0.185,24.887,33.67,24.887,162,259,0,Q5 most liquid,3.062
LHAI,NASDAQ,True,2026-09-11,259,1.33,471399.3,37.594,65.594,105.287,37.594,116,259,1,Q2,
LHX,NYSE,True,2026-09-11,259,298.2,372302701.6,0.168,14.417,21.636,14.417,162,259,0,Q5 most liquid,1.774
LIDR,NASDAQ,True,2026-09-11,259,1.89,2083615.3,26.455,113.773,160.329,113.773,189,259,0,Q2,
LIEN,NASDAQ,True,2026-09-11,259,10.12,476038.2,4.941,49.86,49.86,49.86,259,259,0,Q2,
LIF,NASDAQ,True,2026-09-11,259,54.05,47664332.1,0.925,0.0,55.218,0.925,68,259,0,Q4,
LIFE,NASDAQ,True,2026-09-11,156,17.695,7673359.9,2.826,106.588,148.158,106.588,127,156,0,Q3,
LII,NYSE,True,2026-09-11,259,505.76,221697670.7,0.099,15.534,28.348,15.534,150,259,0,Q5 most liquid,1.911
LILA,NASDAQ,True,2026-09-11,259,8.0,2678651.5,6.25,41.169,44.58,41.169,199,259,0,Q2,
LILAK,NASDAQ,True,2026-09-11,259,8.08,6968121.3,6.188,30.542,35.481,30.542,188,259,0,Q3,
LIMN,NASDAQ,True,2026-09-11,259,0.376,317309.2,132.979,0.0,139.672,132.979,70,259,2,Q1 least liquid,
LINC,NASDAQ,True,2026-09-11,259,27.3,12907492.1,1.832,38.029,56.954,38.029,174,259,0,Q3,
LIND,NASDAQ,True,2026-09-11,259,18.09,12002659.2,2.764,44.263,50.35,44.263,203,259,0,Q3,
LINE,NASDAQ,True,2026-09-11,259,39.0,41155266.0,1.282,34.466,38.639,34.466,229,259,1,Q4,
LINK,NASDAQ,True,2026-09-11,259,4.08,129584.1,12.255,113.667,113.992,113.667,258,259,0,Q1 least liquid,
LION,NYSE,True,2026-09-11,259,9.57,23994671.1,5.225,54.129,54.129,54.129,259,259,1,Q4,
LIQT,NASDAQ,True,2026-09-11,259,1.79,28956.5,27.933,190.849,191.988,190.849,254,259,0,Q1 least liquid,
LITE,NASDAQ,True,2026-09-11,259,672.0,2951838707.5,0.074,62.827,106.841,62.827,165,259,0,Q5 most liquid,7.731
LITS,NASDAQ,True,2026-09-11,259,1.17,433451.8,42.735,109.356,109.356,109.356,259,259,1,Q2,
LIVE,NASDAQ,True,2026-09-11,259,13.15,77562.6,3.802,209.527,209.527,209.527,259,259,0,Q1 least liquid,
LKFN,NASDAQ,True,2026-09-11,259,60.09,8608090.3,0.832,14.433,17.613,14.433,193,259,0,Q3,
LKQ,NASDAQ,True,2026-09-11,259,29.745,77081864.7,1.681,12.664,31.158,12.664,156,259,0,Q4,
LLY,NYSE,True,2026-09-11,259,1028.83,2947404522.8,0.049,0.0,20.006,0.049,91,259,0,Q5 most liquid,0.0
LLYVA,NASDAQ,True,2026-09-11,259,93.19,12611080.0,0.537,34.424,36.415,34.424,229,259,0,Q3,
LLYVK,NASDAQ,True,2026-09-11,259,95.58,29201021.9,0.523,23.4,25.036,23.4,218,259,0,Q4,
LMAT,NASDAQ,True,2026-09-11,259,90.61,19036259.8,0.552,0.0,30.999,0.552,113,259,0,Q3,
LMB,NASDAQ,True,2026-09-11,259,80.28,15947862.8,0.623,18.765,55.904,18.765,134,259,0,Q3,
LMND,NYSE,True,2026-09-11,259,58.72,108857690.3,0.851,0.0,43.535,0.851,90,259,0,Q5 most liquid,0.0
LMNR,NASDAQ,True,2026-09-11,259,13.75,909489.9,3.636,17.181,26.913,17.181,180,259,0,Q2,
LMRI,NASDAQ,True,2026-09-11,188,11.525,6819376.1,4.338,75.761,114.595,30.109,106,188,0,Q3,
LMT,NYSE,True,2026-09-11,259,522.59,670175722.0,0.096,11.459,27.431,11.459,145,259,0,Q5 most liquid,1.41
LNAI,NASDAQ,True,2026-09-11,259,0.9838,232296.8,50.823,69.596,188.487,69.596,131,259,0,Q1 least liquid,
LNC,NYSE,True,2026-09-11,259,40.25,69389724.8,1.242,38.944,40.816,38.944,222,259,0,Q4,
LND,NYSE,True,2026-09-11,259,3.76,184426.4,13.298,46.007,48.636,46.007,216,259,0,Q1 least liquid,
LNG,NYSE,True,2026-09-11,259,236.01,444771184.1,0.212,0.0,24.491,0.212,125,259,0,Q5 most liquid,0.0
LNN,NYSE,True,2026-09-11,259,117.61,15364767.4,0.425,36.43,42.802,36.43,209,259,0,Q3,
LNSR,NASDAQ,True,2026-09-11,259,9.97,416712.8,5.015,43.549,50.135,43.549,238,259,0,Q2,
LNT,NASDAQ,True,2026-09-11,259,69.17,145089117.4,0.723,14.162,15.545,14.162,219,259,0,Q5 most liquid,1.743
LNTH,NASDAQ,True,2026-09-11,259,75.72,72935807.5,0.66,28.0,33.672,28.0,210,259,0,Q4,
LNZA,NASDAQ,True,2026-09-11,259,13.29,300025.0,3.762,152.564,171.186,152.564,196,259,0,Q1 least liquid,
LOAN,NASDAQ,True,2026-09-11,259,4.46,97618.5,11.211,48.377,48.377,48.377,259,259,0,Q1 least liquid,
LOAR,NYSE,True,2026-09-11,259,69.12,50353205.8,0.723,47.156,47.177,47.156,258,259,0,Q4,
LOB,NYSE,True,2026-09-11,259,36.71,9077483.8,1.362,18.872,25.695,18.872,181,259,0,Q3,
LOCL,NYSE,True,2026-09-11,259,1.86,30508.0,26.882,139.239,139.573,139.239,254,259,0,Q1 least liquid,
LOCO,NASDAQ,True,2026-09-11,259,11.41,2856678.7,4.382,34.651,41.478,34.651,183,259,0,Q2,
LODE,AMEX,True,2026-09-11,259,3.32,3840394.0,15.06,21.332,55.228,21.332,144,259,0,Q2,
LONA,NASDAQ,True,2026-09-11,259,7.06,180284.3,7.082,96.395,112.125,59.121,134,259,2,Q1 least liquid,
LOOP,NASDAQ,True,2026-09-11,259,1.26,68999.4,39.683,81.915,89.627,81.915,231,259,0,Q1 least liquid,
LOPE,NASDAQ,True,2026-09-11,259,164.41,45499978.7,0.304,0.0,28.134,0.304,109,259,0,Q4,
LOVE,NASDAQ,True,2026-09-11,259,15.35,3931421.6,3.257,12.526,54.148,12.526,130,259,0,Q3,
LOW,NYSE,True,2026-09-11,259,238.13,640731150.0,0.21,19.224,20.847,19.224,232,259,0,Q5 most liquid,2.365
LPA,AMEX,True,2026-09-11,259,3.12,61924.6,16.026,155.535,155.535,155.535,259,259,5,Q1 least liquid,
LPCN,NASDAQ,True,2026-09-11,259,2.82,167267.1,17.73,101.157,112.7,101.157,193,259,1,Q1 least liquid,
LPCV,NASDAQ,True,2026-09-11,149,9.99,1058.9,5.005,15.955,16.875,5.005,72,149,0,Q1 least liquid,
LPG,NYSE,True,2026-09-11,259,34.08,17224269.8,1.467,0.0,37.839,1.467,98,259,0,Q3,
LPL,NYSE,True,2026-09-11,259,4.28,5233793.7,11.682,0.0,41.011,11.682,102,259,0,Q3,
LPLA,NASDAQ,True,2026-09-11,259,336.19,243144603.9,0.149,5.765,32.23,5.765,134,259,0,Q5 most liquid,0.709
LPTH,NASDAQ,True,2026-09-11,259,11.14,25300372.7,4.488,71.22,77.87,71.22,229,259,0,Q4,
LPX,NYSE,True,2026-09-11,259,77.66,71671295.5,0.644,18.526,22.9,18.526,185,259,0,Q4,
LQDA,NASDAQ,True,2026-09-11,259,37.66,63969405.3,1.328,33.551,46.943,33.551,183,259,0,Q4,
LQDT,NASDAQ,True,2026-09-11,259,31.83,5141737.9,1.571,21.852,29.691,21.852,169,259,0,Q3,
LRCX,NASDAQ,True,2026-09-11,259,231.29,2346444071.2,0.216,35.589,47.741,35.589,186,259,0,Q5 most liquid,4.379
LRHC,NASDAQ,True,2026-09-11,259,1.17,189141.5,42.735,144.595,186.009,144.595,156,259,1,Q1 least liquid,
LRMR,NASDAQ,True,2026-09-11,259,3.92,5517496.3,12.755,66.894,129.326,66.894,196,259,2,Q3,
LRN,NYSE,True,2026-09-11,259,86.32,73055974.6,0.579,0.0,34.889,0.579,98,259,0,Q4,
LSAK,NASDAQ,True,2026-09-11,259,4.62,280498.9,10.823,82.637,84.018,82.637,253,259,0,Q1 least liquid,
LSBK,NASDAQ,True,2026-09-11,259,15.45,128423.4,3.236,42.31,43.971,42.31,227,259,0,Q1 least liquid,
LSCC,NASDAQ,True,2026-09-11,259,94.92,162501683.8,0.527,39.504,44.166,39.504,204,259,0,Q5 most liquid,4.861
LSF,AMEX,True,2026-09-11,259,3.31,165697.4,15.106,79.975,85.366,79.975,246,259,1,Q1 least liquid,
LSPD,NYSE,True,2026-09-11,259,10.41,6823196.1,4.803,0.0,31.148,4.803,87,259,0,Q3,
LSTA,NASDAQ,True,2026-09-11,259,2.66,108143.8,18.797,49.773,124.82,49.773,137,259,1,Q1 least liquid,
LSTR,NASDAQ,True,2026-09-11,259,157.07,70792509.6,0.318,25.466,32.54,25.466,202,259,0,Q4,
LTBR,NASDAQ,True,2026-09-11,259,12.93,11892657.0,3.867,68.575,80.882,68.575,189,259,0,Q3,
LTC,NYSE,True,2026-09-11,259,37.34,14745029.8,1.339,13.382,16.934,13.382,199,259,0,Q3,
LTH,NYSE,True,2026-09-11,259,28.03,67941820.1,1.784,27.419,30.678,27.419,194,259,0,Q4,
LTRN,NASDAQ,True,2026-09-11,259,3.21,300588.5,15.576,54.825,73.791,54.825,189,259,0,Q1 least liquid,
LTRX,NASDAQ,True,2026-09-11,259,5.74,3478419.8,8.711,47.693,67.86,47.693,178,259,0,Q2,
LUCD,NASDAQ,True,2026-09-11,259,1.08,879668.5,46.296,69.471,72.892,69.471,218,259,0,Q2,
LUCK,NYSE,True,2026-09-11,259,8.18,1058110.8,6.112,47.286,52.63,47.286,203,259,0,Q2,
LUCY,NASDAQ,True,2026-09-11,259,1.11,135365.2,45.045,91.465,111.03,91.465,194,259,2,Q1 least liquid,
LUD,AMEX,True,2026-09-11,259,6.045,108432.3,8.271,277.065,277.065,277.065,259,259,0,Q1 least liquid,
LULU,NASDAQ,True,2026-09-11,259,164.16,471708562.7,0.305,19.715,83.614,19.715,132,259,0,Q5 most liquid,2.426
LUMN,NYSE,True,2026-09-11,259,7.63,94779004.2,6.553,29.684,55.136,29.684,145,259,1,Q5 most liquid,3.653
LUNG,NASDAQ,True,2026-09-11,259,1.61,635700.1,31.056,27.963,101.775,31.056,136,259,0,Q2,
LUNR,NASDAQ,True,2026-09-11,259,16.71,155097751.0,2.992,64.251,91.583,64.251,200,259,1,Q5 most liquid,7.906
LUV,NYSE,True,2026-09-11,259,40.86,287283472.9,1.224,0.0,28.785,1.224,113,259,0,Q5 most liquid,0.0
LVLU,NASDAQ,True,2026-09-11,259,9.3,150602.0,5.376,176.819,197.599,176.819,237,259,0,Q1 least liquid,
LVO,NASDAQ,True,2026-09-11,259,4.81,333973.6,10.395,83.073,125.174,83.073,170,259,0,Q1 least liquid,
LVS,NYSE,True,2026-09-11,259,53.78,254797969.9,0.93,0.0,24.656,0.93,111,259,0,Q5 most liquid,0.0
LVWR,NYSE,True,2026-09-11,259,1.92,296057.0,26.042,78.32,94.516,78.32,174,259,0,Q1 least liquid,
LW,NYSE,True,2026-09-11,259,47.26,83847066.2,1.058,0.0,25.531,1.058,122,259,0,Q4,
LWAY,NASDAQ,True,2026-09-11,259,24.75,2024371.5,2.02,35.275,66.205,35.275,194,259,0,Q2,
LWLG,NASDAQ,True,2026-09-11,259,5.345,14380526.4,9.355,0.0,30.624,9.355,14,259,0,Q3,
LXEO,NASDAQ,True,2026-09-11,259,6.28,4813492.3,7.962,48.59,55.704,48.59,198,259,0,Q3,
LXRX,NASDAQ,True,2026-09-11,259,1.6,3683029.9,31.25,52.182,64.091,52.182,193,259,1,Q2,
LXU,NYSE,True,2026-09-11,259,10.09,6640264.4,4.955,33.162,49.679,33.162,173,259,0,Q3,
LYB,NYSE,True,2026-09-11,259,57.1,288552709.5,0.876,8.857,54.003,8.857,135,259,0,Q5 most liquid,1.09
LYEL,NASDAQ,True,2026-09-11,259,17.68,1627805.3,2.828,51.191,95.979,51.191,164,259,0,Q2,
LYFT,NASDAQ,True,2026-09-11,259,16.61,219556738.5,3.01,25.597,50.323,25.597,150,259,0,Q5 most liquid,3.15
LYG,NYSE,True,2026-09-11,259,5.36,74245829.0,9.328,36.994,40.939,36.994,225,259,0,Q4,
LYTS,NASDAQ,True,2026-09-11,259,22.32,4633515.8,2.24,0.0,26.843,2.24,126,259,0,Q3,
LYV,NYSE,True,2026-09-11,259,158.28,366928609.6,0.316,17.2,21.233,17.2,206,259,0,Q5 most liquid,2.116
LZ,NASDAQ,True,2026-09-11,259,7.25,18710796.0,6.897,35.925,70.494,35.925,153,259,0,Q3,
LZB,NYSE,True,2026-09-11,259,35.92,14993707.8,1.392,50.406,61.087,50.406,199,259,0,Q3,
LZM,NYSE,True,2026-09-11,259,4.32,1310040.6,11.574,53.488,66.254,53.488,204,259,0,Q2,
M,NYSE,True,2026-09-11,259,20.75,127931186.5,2.41,0.0,41.141,2.41,84,259,0,Q5 most liquid,0.0
MA,NYSE,True,2026-09-11,259,540.44,1679273751.0,0.093,15.917,20.023,15.917,184,259,0,Q5 most liquid,1.959
MAA,NYSE,True,2026-09-11,259,133.19,119569535.4,0.375,18.422,19.556,18.422,228,259,0,Q5 most liquid,2.267
MAC,NYSE,True,2026-09-11,259,19.3,42310503.3,2.591,25.933,30.088,25.933,221,259,0,Q4,
MAGN,NYSE,True,2026-09-11,259,12.0,5271252.0,4.167,0.0,17.385,4.167,19,259,1,Q3,
MAIA,AMEX,True,2026-09-11,259,1.39,682867.1,35.971,16.245,85.45,35.971,133,259,0,Q2,
MAIN,NYSE,True,2026-09-11,259,57.45,31299005.6,0.87,12.798,16.345,12.798,180,259,0,Q4,
MAMA,NASDAQ,True,2026-09-11,259,14.71,5464534.7,3.399,42.523,45.911,42.523,220,259,0,Q3,
MAMO,NASDAQ,True,2026-09-11,259,1.05,82149.0,47.619,96.534,191.038,96.534,163,259,0,Q1 least liquid,
MAN,NYSE,True,2026-09-11,259,31.01,34785592.2,1.612,37.186,54.95,37.186,164,259,0,Q4,
MANE,NYSE,True,2026-09-11,152,98.74,44771956.2,0.506,38.918,52.843,0.506,53,152,0,Q4,
MANH,NASDAQ,True,2026-09-11,259,168.67,96503031.1,0.296,45.388,52.198,45.388,218,259,0,Q5 most liquid,5.585
MANU,NYSE,True,2026-09-11,259,17.55,5762968.9,2.849,0.0,23.245,2.849,126,259,0,Q3,
MAR,NASDAQ,True,2026-09-11,259,330.47,469492839.9,0.151,0.0,17.636,0.151,84,259,0,Q5 most liquid,0.0
MARA,NASDAQ,True,2026-09-11,259,11.74,519081977.7,4.259,27.469,50.887,27.469,148,259,0,Q5 most liquid,3.38
MAS,NYSE,True,2026-09-11,259,69.8,156917217.7,0.716,28.102,40.503,28.102,164,259,0,Q5 most liquid,3.458
MASS,NASDAQ,True,2026-09-11,259,7.03,2185171.9,7.112,65.31,81.371,65.31,205,259,1,Q2,
MAT,NASDAQ,True,2026-09-11,259,16.01,61556493.1,3.123,42.879,46.127,42.879,207,259,0,Q4,
MATV,NYSE,True,2026-09-11,259,11.02,3972806.5,4.537,0.0,23.544,4.537,35,259,0,Q3,
MATW,NASDAQ,True,2026-09-11,259,26.0,5615381.2,1.923,19.248,26.003,19.248,168,259,0,Q3,
MATX,NYSE,True,2026-09-11,259,163.24,41527693.7,0.306,27.132,38.594,27.132,178,259,0,Q4,
MAX,NYSE,True,2026-09-11,259,11.38,6075268.0,4.394,16.107,51.767,16.107,150,259,0,Q3,
MAYS,NASDAQ,True,2026-09-11,259,39.99,0.0,1.25,125.662,139.76,109.702,197,259,0,Q1 least liquid,
MAZE,NASDAQ,True,2026-09-11,259,29.05,13925893.8,1.721,0.0,29.352,1.721,109,259,0,Q3,
MBAI,NASDAQ,True,2026-09-11,259,1.675,106423.7,29.851,160.62,160.944,160.62,258,259,3,Q1 least liquid,
MBBC,NASDAQ,True,2026-09-11,259,13.54,24464.0,3.693,123.923,125.01,123.923,243,259,0,Q1 least liquid,
MBC,NYSE,True,2026-09-11,259,9.61,18844426.6,5.203,11.698,42.669,11.698,139,259,0,Q3,
MBI,NYSE,True,2026-09-11,259,6.39,1927418.5,7.825,18.446,22.681,18.446,185,259,0,Q2,
MBIN,NASDAQ,True,2026-09-11,259,42.91,6472186.2,1.165,7.462,36.689,7.462,136,259,0,Q3,
MBIO,NASDAQ,True,2026-09-11,259,0.8741,48857.1,57.202,119.021,121.98,119.021,237,259,1,Q1 least liquid,
MBLY,NASDAQ,True,2026-09-11,259,9.53,52643275.3,5.247,61.977,67.711,61.977,209,259,0,Q4,
MBOT,NASDAQ,True,2026-09-11,259,2.1,2981919.9,23.81,0.0,44.598,23.81,102,259,3,Q2,
MBRX,NASDAQ,True,2026-09-11,259,2.31,549382.1,21.645,16.271,118.416,21.645,135,259,1,Q2,
MBUU,NASDAQ,True,2026-09-11,259,28.23,6255316.9,1.771,29.102,52.329,29.102,161,259,0,Q3,
MBWM,NASDAQ,True,2026-09-11,259,51.12,4675340.3,0.978,30.666,31.835,30.666,227,259,0,Q3,
MBX,NASDAQ,True,2026-09-11,259,31.96,18808673.4,1.564,54.797,89.866,1.564,124,259,1,Q3,
MC,NYSE,True,2026-09-11,259,67.17,56056627.0,0.744,27.494,33.472,27.494,179,259,0,Q4,
MCB,NYSE,True,2026-09-11,259,87.63,9248381.4,0.571,30.608,33.109,30.608,196,259,0,Q3,
MCBS,NASDAQ,True,2026-09-11,259,29.11,2049130.7,1.718,33.815,35.235,33.815,234,259,0,Q2,
MCD,NYSE,True,2026-09-11,259,303.22,1042826342.9,0.165,17.844,19.193,17.844,197,259,0,Q5 most liquid,2.196
MCFT,NASDAQ,True,2026-09-11,259,22.31,2759792.9,2.241,39.989,45.285,39.989,189,259,0,Q2,
MCGA,NASDAQ,True,2026-09-11,259,10.21,413893.3,4.897,8.584,8.584,7.06,223,259,0,Q2,
MCHB,NASDAQ,True,2026-09-11,259,14.81,6169895.7,3.376,41.557,44.518,41.557,208,259,0,Q3,
MCHP,NASDAQ,True,2026-09-11,259,73.94,620728683.5,0.676,30.857,37.272,30.857,172,259,0,Q5 most liquid,3.797
MCHX,NASDAQ,True,2026-09-11,259,1.68,27860.4,29.762,127.716,127.716,127.716,259,259,0,Q1 least liquid,
MCI,NYSE,True,2026-09-11,259,19.34,521229.5,2.585,34.356,34.451,34.356,255,259,0,Q2,
MCK,NYSE,True,2026-09-11,259,826.43,651787809.7,0.061,0.0,10.871,0.061,48,259,0,Q5 most liquid,0.0
MCO,NYSE,True,2026-09-11,259,478.51,411615454.0,0.104,0.0,26.537,0.104,107,259,0,Q5 most liquid,0.0
MCRB,NASDAQ,True,2026-09-11,259,8.89,595139.9,5.624,107.984,118.925,107.984,228,259,1,Q2,
MCRI,NASDAQ,True,2026-09-11,259,99.66,11374649.4,0.502,0.0,30.47,0.502,82,259,0,Q3,
MCRP,AMEX,True,2026-09-11,259,1.79,310176.6,27.933,193.887,193.887,193.887,259,259,0,Q1 least liquid,
MCS,NYSE,True,2026-09-11,259,16.42,3244487.6,3.045,22.42,27.256,22.42,184,259,0,Q2,
MCY,NYSE,True,2026-09-11,259,92.98,20773535.5,0.538,20.494,25.07,20.494,177,259,0,Q4,
MD,NYSE,True,2026-09-11,259,21.97,16046983.0,2.276,22.187,33.437,22.187,163,259,0,Q3,
MDA,NYSE,True,2026-09-11,127,33.41,33703613.1,1.497,14.622,25.417,1.497,46,127,0,Q4,
MDAI,NASDAQ,True,2026-09-11,259,1.69,550464.0,29.586,62.726,76.232,62.726,204,259,0,Q2,
MDB,NASDAQ,True,2026-09-11,259,334.68,528152014.0,0.149,0.0,71.563,0.149,118,259,0,Q5 most liquid,0.0
MDBH,NASDAQ,True,2026-09-11,259,3.35,15635.0,14.925,166.681,166.681,166.681,259,259,0,Q1 least liquid,
MDCX,NASDAQ,True,2026-09-11,259,0.5237,562893.2,95.475,117.946,119.5,105.421,189,259,1,Q2,
MDGL,NASDAQ,True,2026-09-11,259,510.53,143934420.9,0.098,36.803,41.588,36.803,210,259,1,Q5 most liquid,4.528
MDIA,NASDAQ,True,2026-09-11,259,0.9111,22986.5,54.879,168.833,168.833,168.833,259,259,3,Q1 least liquid,
MDLN,NASDAQ,True,2026-09-11,184,41.41,237542666.6,1.207,17.989,41.352,1.207,69,184,0,Q5 most liquid,2.213
MDLZ,NASDAQ,True,2026-09-11,259,60.22,512234016.3,0.83,0.0,15.092,0.83,95,259,0,Q5 most liquid,0.0
MDRR,NASDAQ,True,2026-09-11,259,11.82,9262.0,4.23,155.514,155.514,155.514,259,259,0,Q1 least liquid,
MDT,NYSE,True,2026-09-11,259,92.09,690921543.5,0.543,0.0,25.073,0.543,129,259,0,Q5 most liquid,0.0
MDU,NYSE,True,2026-09-11,259,20.5,35205227.3,2.439,20.187,40.503,20.187,133,259,0,Q4,
MDXG,NASDAQ,True,2026-09-11,259,4.67,4547757.8,10.707,14.089,49.621,14.089,135,259,1,Q3,
MEC,NYSE,True,2026-09-11,259,19.36,3353072.2,2.583,39.178,55.661,39.178,156,259,0,Q2,
MED,NYSE,True,2026-09-11,259,11.44,1937679.8,4.371,42.239,44.583,42.239,198,259,0,Q2,
MEDP,NASDAQ,True,2026-09-11,259,530.35,144744017.0,0.094,54.781,65.149,54.781,166,259,0,Q5 most liquid,6.741
MEDS,NASDAQ,True,2026-09-11,259,0.5808,311697.4,86.088,172.218,308.991,172.218,179,259,0,Q1 least liquid,
MEI,NYSE,True,2026-09-11,259,8.0,3570923.5,6.25,0.0,43.196,6.25,99,259,0,Q2,
MELI,NASDAQ,True,2026-09-11,259,1922.73,857442473.1,0.026,30.643,39.626,30.643,169,259,0,Q5 most liquid,3.771
MEOH,NASDAQ,True,2026-09-11,259,49.0,31165640.9,1.02,37.9,55.154,37.9,183,259,0,Q4,
MERC,NASDAQ,True,2026-09-11,259,1.56,731878.9,32.051,55.998,79.949,55.998,182,259,0,Q2,
MET,NYSE,True,2026-09-11,259,79.78,270090731.5,0.627,23.921,23.921,23.921,259,259,0,Q5 most liquid,2.943
META,NASDAQ,True,2026-09-11,259,639.29,9164237607.8,0.078,0.0,22.612,0.078,127,259,0,Q5 most liquid,0.0
METC,NASDAQ,True,2026-09-11,259,15.55,34127260.4,3.215,73.419,82.3,73.419,207,259,0,Q4,
METCB,NASDAQ,True,2026-09-11,259,11.625,501657.7,4.301,92.467,93.007,92.467,256,259,0,Q2,
MFA,NYSE,True,2026-09-11,259,9.56,12590192.6,5.23,31.011,31.011,31.011,259,259,0,Q3,
MFAN,NYSE,True,2026-09-11,259,25.17,342649.4,1.986,10.749,10.749,10.749,259,259,0,Q1 least liquid,
MFC,NYSE,True,2026-09-11,259,36.95,64737745.2,1.353,0.0,16.189,1.353,126,259,0,Q4,
MFIC,NASDAQ,True,2026-09-11,259,11.27,6266648.9,4.437,29.541,30.245,29.541,247,259,0,Q3,
MFIN,NASDAQ,True,2026-09-11,259,9.98,454594.8,5.01,37.213,37.213,37.213,259,259,0,Q2,
MG,NYSE,True,2026-09-11,259,14.78,2322315.4,3.383,0.0,26.738,3.383,118,259,0,Q2,
MGA,NYSE,True,2026-09-11,259,56.72,78233926.7,0.882,0.0,23.958,0.882,109,259,0,Q4,
MGEE,NASDAQ,True,2026-09-11,259,80.08,11839825.4,0.624,15.874,17.99,15.874,188,259,0,Q3,
MGLD,AMEX,True,2026-09-11,259,1.07,9994.4,46.729,288.113,288.113,288.113,259,259,0,Q1 least liquid,
MGM,NYSE,True,2026-09-11,259,36.93,150172999.1,1.354,28.874,38.11,28.874,155,259,0,Q5 most liquid,3.553
MGNI,NASDAQ,True,2026-09-11,259,16.09,38493310.1,3.108,26.388,44.464,26.388,153,259,0,Q4,
MGNX,NASDAQ,True,2026-09-11,259,2.36,1900736.5,21.186,47.137,64.122,47.137,172,259,0,Q2,
MGPI,NASDAQ,True,2026-09-11,259,19.98,4670980.3,2.503,0.0,32.749,2.503,102,259,0,Q3,
MGRC,NASDAQ,True,2026-09-11,259,113.75,15126130.1,0.44,9.518,23.166,9.518,139,259,0,Q3,
MGRX,NASDAQ,True,2026-09-11,259,0.4717,321884.6,106.0,181.11,253.196,171.318,165,259,2,Q1 least liquid,
MGX,NASDAQ,True,2026-09-11,259,1.48,332944.2,33.784,71.189,72.254,71.189,239,259,0,Q1 least liquid,
MGY,NYSE,True,2026-09-11,259,25.86,64477278.2,1.933,41.746,42.043,41.746,251,259,0,Q4,
MGYR,NASDAQ,True,2026-09-11,259,17.48,31797.4,2.86,78.309,78.309,78.309,259,259,0,Q1 least liquid,
MH,NYSE,True,2026-09-11,259,13.14,6545662.5,3.805,27.495,46.967,3.805,129,259,0,Q3,
MHH,AMEX,True,2026-09-11,259,7.14,84223.7,7.003,168.033,168.033,168.033,259,259,0,Q1 least liquid,
MHK,NYSE,True,2026-09-11,259,113.64,90713712.2,0.44,0.0,16.35,0.44,26,259,0,Q4,
MHLA,NYSE,True,2026-09-11,259,12.71,27255.3,3.934,74.499,74.499,74.499,259,259,0,Q1 least liquid,
MHNC,NYSE,True,2026-09-11,259,14.47,41538.0,3.455,73.447,73.447,73.447,259,259,0,Q1 least liquid,
MHO,NYSE,True,2026-09-11,259,136.88,29511174.0,0.365,31.859,33.874,31.859,228,259,0,Q4,
MI,AMEX,True,2026-09-11,259,4.0,46356.0,12.5,180.253,226.025,146.027,144,259,3,Q1 least liquid,
MIAX,NYSE,True,2026-09-11,259,42.62,44121035.4,1.173,26.962,32.357,22.172,167,259,0,Q4,
MICC,NYSE,True,2026-09-11,191,16.33,19538388.9,3.062,24.457,36.668,6.712,97,191,0,Q3,
MIDD,NASDAQ,True,2026-09-11,259,139.28,83707232.6,0.359,42.996,46.706,42.996,195,259,0,Q4,
MIND,NASDAQ,True,2026-09-11,259,8.09,1119168.1,6.18,0.0,25.21,6.18,25,259,0,Q2,
MINE,AMEX,True,2026-09-11,158,3.02,120416.3,16.556,154.123,154.123,147.513,96,158,0,Q1 least liquid,
MIR,NYSE,True,2026-09-11,259,20.61,69096736.8,2.426,56.11,74.948,56.11,168,259,0,Q4,
MIRA,NASDAQ,True,2026-09-11,259,1.18,164043.6,42.373,106.543,106.601,106.543,258,259,2,Q1 least liquid,
MIRM,NASDAQ,True,2026-09-11,259,93.585,57122195.1,0.534,36.549,46.109,36.549,183,259,0,Q4,
MITK,NASDAQ,True,2026-09-11,259,13.7,9218330.9,3.65,0.0,80.004,3.65,73,259,0,Q3,
MITQ,AMEX,True,2026-09-11,259,0.6199,27435.1,80.659,212.253,212.253,212.253,259,259,0,Q1 least liquid,
MKC,NYSE,True,2026-09-11,259,60.97,180603208.8,0.82,10.472,18.225,10.472,146,259,0,Q5 most liquid,1.289
MKDW,NASDAQ,True,2026-09-11,259,2.49,65463.7,20.08,132.65,158.696,132.492,213,259,2,Q1 least liquid,
MKL,NYSE,True,2026-09-11,259,1944.6,99822337.6,0.026,0.0,13.008,0.026,122,259,0,Q5 most liquid,0.0
MKSI,NASDAQ,True,2026-09-11,259,236.98,275264225.3,0.211,75.475,81.035,75.475,230,259,0,Q5 most liquid,9.287
MKTW,NASDAQ,True,2026-09-11,259,16.72,191281.9,2.99,69.523,69.523,69.523,259,259,0,Q1 least liquid,
MKTX,NASDAQ,True,2026-09-11,259,166.55,100276883.8,0.3,5.066,22.749,5.066,132,259,0,Q5 most liquid,0.623
MKZR,NASDAQ,True,2026-09-11,259,3.68,54606.2,13.587,157.844,157.844,157.844,259,259,0,Q1 least liquid,
MLAB,NASDAQ,True,2026-09-11,259,90.59,10847490.0,0.552,0.0,31.571,0.552,124,259,0,Q3,
MLCI,NASDAQ,True,2026-09-11,250,5.075,174934.8,9.852,97.294,104.823,63.916,148,250,0,Q1 least liquid,
MLI,NYSE,True,2026-09-11,259,110.85,78258601.5,0.451,17.483,31.686,17.483,149,259,0,Q4,
MLKN,NASDAQ,True,2026-09-11,259,18.17,10897184.7,2.752,21.032,29.409,21.032,177,259,0,Q3,
MLM,NYSE,True,2026-09-11,259,612.01,279656294.4,0.082,14.819,23.702,14.819,153,259,0,Q5 most liquid,1.823
MLP,NYSE,True,2026-09-11,259,16.71,260302.8,2.992,57.238,57.238,57.238,259,259,0,Q1 least liquid,
MLR,NYSE,True,2026-09-11,259,44.28,3352041.0,1.129,44.647,45.352,44.647,248,259,0,Q2,
MLSS,AMEX,True,2026-09-11,259,0.3505,62933.2,142.653,178.798,180.05,178.798,246,259,0,Q1 least liquid,
MLYS,NASDAQ,True,2026-09-11,259,29.54,35267456.9,1.693,0.0,49.443,1.693,110,259,0,Q4,
MMA,AMEX,True,2026-09-11,259,0.623,156482.4,80.257,61.708,82.792,80.257,165,259,0,Q1 least liquid,
MMED,NASDAQ,True,2026-09-11,131,15.19,14505704.0,3.292,23.95,28.437,3.292,44,131,0,Q3,
MMI,NYSE,True,2026-09-11,259,28.99,5426592.3,1.725,27.676,37.263,27.676,198,259,0,Q3,
MMLP,NASDAQ,True,2026-09-11,259,2.62,31954.0,19.084,139.922,139.922,139.922,259,259,0,Q1 least liquid,
MMM,NYSE,True,2026-09-11,259,160.15,492171902.4,0.312,6.272,17.267,6.272,150,259,0,Q5 most liquid,0.772
MMS,NYSE,True,2026-09-11,259,73.27,43692260.7,0.682,15.527,27.72,15.527,150,259,0,Q4,
MMSI,NASDAQ,True,2026-09-11,259,81.61,50569747.0,0.613,31.093,31.093,31.093,259,259,0,Q4,
MMTX,NASDAQ,True,2026-09-11,186,10.06,3820.6,4.97,5.886,6.589,4.97,104,186,0,Q1 least liquid,
MNKD,NASDAQ,True,2026-09-11,259,4.16,16739968.6,12.019,57.114,59.372,57.114,197,259,1,Q3,
MNOV,NASDAQ,True,2026-09-11,259,1.39,52812.0,35.971,100.46,117.187,100.46,197,259,1,Q1 least liquid,
MNPR,NASDAQ,True,2026-09-11,259,68.66,12325161.2,0.728,41.918,78.503,41.918,207,259,5,Q3,
MNRO,NASDAQ,True,2026-09-11,259,17.21,14666823.1,2.905,25.937,75.279,25.937,154,259,0,Q3,
MNSB,NASDAQ,True,2026-09-11,259,22.295,766007.7,2.243,20.891,29.536,20.891,188,259,0,Q2,
MNST,NASDAQ,True,2026-09-11,259,76.15,409374998.7,0.657,0.0,21.996,0.657,120,259,0,Q5 most liquid,0.0
MNTK,NASDAQ,True,2026-09-11,259,1.7,260749.1,29.412,88.866,89.008,88.866,258,259,0,Q1 least liquid,
MNTN,NYSE,True,2026-09-11,259,10.85,7881713.8,4.608,78.001,99.635,78.001,195,259,0,Q3,
MNTS,NASDAQ,True,2026-09-11,259,4.51,3756085.2,11.086,94.891,125.325,94.891,175,259,0,Q2,
MO,NYSE,True,2026-09-11,259,66.19,531591202.3,0.755,0.0,23.361,0.755,62,259,0,Q5 most liquid,0.0
MOBX,NASDAQ,True,2026-09-11,259,0.8989,1106275.6,55.624,104.877,147.645,104.877,159,259,1,Q2,
MOD,NYSE,True,2026-09-11,259,195.6,216210422.2,0.256,0.0,45.403,0.256,93,259,0,Q5 most liquid,0.0
MODD,NASDAQ,True,2026-09-11,259,0.7042,160142.2,71.003,103.063,115.646,103.063,175,259,0,Q1 least liquid,
MOH,NYSE,True,2026-09-11,259,181.54,205835876.0,0.275,25.584,37.966,25.584,154,259,0,Q5 most liquid,3.148
MORN,NASDAQ,True,2026-09-11,259,198.29,78444338.6,0.252,8.621,18.044,8.621,148,259,0,Q4,
MOS,NYSE,True,2026-09-11,259,24.86,179167374.8,2.011,0.0,19.248,2.011,42,259,0,Q5 most liquid,0.0
MOV,NYSE,True,2026-09-11,259,24.5,3533347.8,2.041,24.776,32.834,24.776,196,259,0,Q2,
MOVE,NASDAQ,True,2026-09-11,259,11.72,650588.7,4.266,294.781,298.158,294.781,250,259,0,Q2,
MP,NYSE,True,2026-09-11,259,59.11,384052772.4,0.846,44.919,82.656,44.919,154,259,0,Q5 most liquid,5.527
MPAA,NASDAQ,True,2026-09-11,259,12.81,1403706.2,3.903,51.056,56.455,51.056,216,259,0,Q2,
MPB,NASDAQ,True,2026-09-11,259,32.43,3886740.2,1.542,18.035,21.211,18.035,207,259,0,Q2,
MPC,NYSE,True,2026-09-11,259,215.7,485606580.6,0.232,15.438,27.001,15.438,143,259,0,Q5 most liquid,1.9
MPLT,NASDAQ,True,2026-09-11,220,18.355,5475149.7,2.724,51.356,54.966,32.175,122,220,0,Q3,
MPLX,NYSE,True,2026-09-11,259,55.66,83129123.9,0.898,22.31,23.312,22.31,233,259,0,Q4,
MPTI,AMEX,True,2026-09-11,259,64.75,3614871.0,0.772,49.38,55.759,49.38,172,259,0,Q2,
MPU,AMEX,True,2026-09-11,259,0.8086,58400.0,61.835,215.655,216.563,215.655,255,259,2,Q1 least liquid,
MPV,NYSE,True,2026-09-11,259,18.32,235943.3,2.729,47.585,47.739,47.585,252,259,0,Q1 least liquid,
MPWR,NASDAQ,True,2026-09-11,259,1142.74,714156421.2,0.044,53.629,59.493,53.629,212,259,0,Q5 most liquid,6.599
MQ,NASDAQ,True,2026-09-11,259,4.66,15931765.0,10.73,10.774,77.193,10.774,131,259,0,Q3,
MRAM,NASDAQ,True,2026-09-11,259,11.39,6554933.6,4.39,0.0,117.83,4.39,35,259,0,Q3,
MRBK,NASDAQ,True,2026-09-11,259,18.71,1429688.3,2.672,10.525,16.947,10.525,149,259,0,Q2,
MRCY,NASDAQ,True,2026-09-11,259,83.46,48071940.0,0.599,0.0,26.308,0.599,63,259,0,Q4,
MRDN,NASDAQ,True,2026-09-11,259,6.39,262197.1,7.825,104.301,115.348,50.891,143,259,1,Q1 least liquid,
MRK,NYSE,True,2026-09-11,259,114.24,1144615236.9,0.438,0.0,16.64,0.438,89,259,0,Q5 most liquid,0.0
MRKR,NASDAQ,True,2026-09-11,259,1.37,149004.6,36.496,67.734,73.682,67.734,219,259,0,Q1 least liquid,
MRLN,NASDAQ,True,2026-09-11,259,10.4,5174824.4,4.808,13.282,20.569,13.282,144,259,0,Q3,
MRNA,NASDAQ,True,2026-09-11,259,47.6,325284545.9,1.05,0.0,30.955,1.05,86,259,0,Q5 most liquid,0.0
MRP,NYSE,True,2026-09-11,259,30.43,39639051.5,1.643,19.606,23.553,19.606,226,259,0,Q4,
MRSH,NYSE,True,2026-09-11,259,181.59,470679719.9,0.275,0.0,15.097,0.275,127,259,0,Q5 most liquid,0.0
MRT,AMEX,True,2026-09-11,259,2.09,64032.4,23.923,106.681,106.681,106.681,259,259,0,Q1 least liquid,
MRTN,NASDAQ,True,2026-09-11,259,13.33,9300546.4,3.751,22.361,28.162,22.361,186,259,0,Q3,
MRVI,NASDAQ,True,2026-09-11,259,3.61,5770854.4,13.85,0.0,98.46,13.85,92,259,0,Q3,
MRVL,NASDAQ,True,2026-09-11,259,92.36,2221891207.5,0.541,46.859,50.699,46.859,215,259,0,Q5 most liquid,5.766
MS,NYSE,True,2026-09-11,259,180.78,1005153458.0,0.277,0.0,26.978,0.277,67,259,0,Q5 most liquid,0.0
MSA,NYSE,True,2026-09-11,259,170.58,38109758.8,0.293,5.32,16.296,5.32,142,259,0,Q4,
MSAI,NASDAQ,True,2026-09-11,259,0.7402,242502.6,67.549,137.713,141.159,119.884,167,259,1,Q1 least liquid,
MSBI,NASDAQ,True,2026-09-11,259,23.03,3443438.2,2.171,18.612,25.117,18.612,167,259,0,Q2,
MSCI,NYSE,True,2026-09-11,259,568.75,330193148.9,0.088,16.19,20.067,16.19,181,259,0,Q5 most liquid,1.992
MSEX,NASDAQ,True,2026-09-11,259,53.15,6512418.0,0.941,5.719,19.354,5.719,143,259,0,Q3,
MSFT,NASDAQ,True,2026-09-11,259,459.38,12349108919.2,0.109,0.0,24.168,0.109,103,259,0,Q5 most liquid,0.0
MSGE,NYSE,True,2026-09-11,259,60.54,20685299.1,0.826,26.646,29.682,26.646,204,259,1,Q4,
MSGM,NASDAQ,True,2026-09-11,259,3.89,147840.2,12.853,95.019,96.957,95.019,251,259,2,Q1 least liquid,
MSGS,NYSE,True,2026-09-11,259,314.93,60710945.7,0.159,0.0,11.254,0.159,49,259,0,Q4,
MSI,NYSE,True,2026-09-11,259,432.18,435700152.1,0.116,0.0,12.885,0.116,95,259,0,Q5 most liquid,0.0
MSLE,NASDAQ,True,2026-09-11,150,8.24,369037.4,6.068,55.692,139.952,6.068,63,150,0,Q1 least liquid,
MSM,NYSE,True,2026-09-11,259,92.58,62498378.9,0.54,31.621,33.906,31.621,231,259,0,Q4,
MSN,AMEX,True,2026-09-11,259,0.4072,19898.3,122.79,226.17,226.17,226.17,259,259,0,Q1 least liquid,
MSS,NASDAQ,True,2026-09-11,259,0.6545,149985.2,76.394,62.472,213.695,76.394,146,259,1,Q1 least liquid,
MSTR,NASDAQ,True,2026-09-11,259,155.39,2898950378.3,0.322,26.788,53.942,26.788,146,259,0,Q5 most liquid,3.296
MT,NYSE,True,2026-09-11,259,56.64,84680402.5,0.883,31.676,36.124,31.676,181,259,0,Q4,
MTA,AMEX,True,2026-09-11,259,7.36,3617928.2,6.793,33.789,38.83,33.789,202,259,0,Q2,
MTAL,NYSE,True,2026-09-11,259,12.21,0.0,4.095,72.881,72.881,11.955,193,259,0,Q1 least liquid,
MTB,NYSE,True,2026-09-11,259,213.02,217808860.8,0.235,24.687,25.305,24.687,234,259,0,Q5 most liquid,3.038
MTCH,NASDAQ,True,2026-09-11,259,34.13,114371166.9,1.465,31.161,42.007,31.161,189,259,0,Q5 most liquid,3.834
MTD,NYSE,True,2026-09-11,259,1328.53,201291008.8,0.038,12.723,24.438,12.723,151,259,0,Q5 most liquid,1.566
MTDR,NYSE,True,2026-09-11,259,49.78,83823521.6,1.004,42.548,46.204,42.548,215,259,0,Q4,
MTEX,NASDAQ,True,2026-09-11,259,7.0,39701.8,7.143,146.885,183.791,146.885,219,259,0,Q1 least liquid,
MTG,NYSE,True,2026-09-11,259,27.76,47905329.8,1.801,9.12,20.782,9.12,167,259,0,Q4,
MTH,NYSE,True,2026-09-11,259,70.64,58873884.4,0.708,19.178,28.394,19.178,166,259,0,Q4,
MTN,NYSE,True,2026-09-11,259,140.26,102058792.0,0.356,32.842,42.139,32.842,201,259,0,Q5 most liquid,4.041
MTNB,AMEX,True,2026-09-11,259,0.638,32001.9,78.37,261.026,271.086,261.026,210,259,2,Q1 least liquid,
MTRN,NYSE,True,2026-09-11,259,149.12,34372054.5,0.335,0.0,31.898,0.335,87,259,0,Q4,
MTRX,NASDAQ,True,2026-09-11,259,12.26,2779498.9,4.078,41.197,53.096,41.197,188,259,0,Q2,
MTSI,NASDAQ,True,2026-09-11,259,233.04,262643222.1,0.215,57.22,60.717,57.22,225,259,0,Q5 most liquid,7.041
MTUS,NYSE,True,2026-09-11,259,18.21,5872402.7,2.746,54.142,56.313,54.142,241,259,0,Q3,
MTVA,NASDAQ,True,2026-09-11,259,1.5,183411.8,33.333,0.0,245.353,33.333,92,259,5,Q1 least liquid,
MTW,NYSE,True,2026-09-11,259,12.73,2871691.9,3.928,42.281,61.546,42.281,213,259,0,Q2,
MTX,NYSE,True,2026-09-11,259,70.18,12106739.9,0.712,21.576,26.491,21.576,166,259,0,Q3,
MTZ,NYSE,True,2026-09-11,259,264.18,255431789.2,0.189,34.386,38.869,34.386,207,259,0,Q5 most liquid,4.231
MU,NASDAQ,True,2026-09-11,259,412.37,16536247558.6,0.121,50.242,72.27,50.242,162,259,0,Q5 most liquid,6.182
MUFG,NYSE,True,2026-09-11,259,17.88,58158429.7,2.796,20.561,23.543,20.561,205,259,0,Q4,
MUR,NYSE,True,2026-09-11,259,33.73,64357023.2,1.482,40.962,43.484,40.962,230,259,0,Q4,
MUSA,NYSE,True,2026-09-11,259,444.85,135645862.2,0.112,0.0,51.38,0.112,61,259,0,Q5 most liquid,0.0
MUX,NYSE,True,2026-09-11,259,19.55,21529058.4,2.558,0.0,85.512,2.558,92,259,0,Q4,
MVBF,NASDAQ,True,2026-09-11,259,26.72,1088460.0,1.871,41.263,41.966,41.263,250,259,0,Q2,
MVIS,NASDAQ,True,2026-09-11,259,0.8535,3442893.7,58.582,37.719,77.12,58.582,151,259,0,Q2,
MVST,NASDAQ,True,2026-09-11,259,2.13,7859585.9,23.474,0.0,96.955,23.474,89,259,0,Q3,
MWA,NYSE,True,2026-09-11,259,25.62,27641150.0,1.952,11.71,30.613,11.71,150,259,0,Q4,
MWG,AMEX,True,2026-09-11,259,1.1768,15127.8,42.488,340.596,340.596,340.596,259,259,2,Q1 least liquid,
MWH,NASDAQ,True,2026-09-11,147,30.29,40273729.2,1.651,0.0,29.273,1.651,40,147,0,Q4,
MWYN,NASDAQ,True,2026-09-11,259,0.8805,62946.8,56.786,241.135,247.631,241.135,232,259,0,Q1 least liquid,
MX,NYSE,True,2026-09-11,259,3.06,1142806.0,16.34,0.0,35.197,16.34,46,259,0,Q2,
MXC,AMEX,True,2026-09-11,259,9.39,60067.9,5.325,152.893,155.783,152.893,246,259,0,Q1 least liquid,
MXCT,NASDAQ,True,2026-09-11,259,1.23,861246.6,40.65,68.969,83.342,68.969,187,259,0,Q2,
MXL,NASDAQ,True,2026-09-11,259,18.72,27807594.2,2.671,44.407,83.442,44.407,152,259,0,Q4,
MYE,NYSE,True,2026-09-11,259,21.16,5341695.6,2.363,35.312,37.742,35.312,210,259,0,Q3,
MYFW,NASDAQ,True,2026-09-11,259,26.0,758490.7,1.923,47.696,47.696,47.696,259,259,0,Q2,
MYGN,NASDAQ,True,2026-09-11,259,5.34,6414647.7,9.363,53.632,77.039,53.632,152,259,0,Q3,
MYO,AMEX,True,2026-09-11,259,0.94,567471.3,53.191,116.239,132.547,116.239,226,259,0,Q2,
MYPS,NASDAQ,True,2026-09-11,259,0.5975,177390.1,83.682,99.914,99.914,99.914,259,259,0,Q1 least liquid,
MYRG,NASDAQ,True,2026-09-11,259,270.32,72612027.9,0.185,46.381,56.659,46.381,183,259,0,Q4,
MYSE,NASDAQ,True,2026-09-11,259,2.08,138127.7,24.038,149.302,149.302,149.302,259,259,2,Q1 least liquid,
MYSZ,NASDAQ,True,2026-09-11,259,0.6876,39354.2,72.717,147.957,147.957,147.957,259,259,0,Q1 least liquid,
MZTI,NASDAQ,True,2026-09-11,259,154.7,29524538.6,0.323,0.0,14.187,0.323,59,259,0,Q4,
NABL,NYSE,True,2026-09-11,259,5.18,6509188.0,9.653,47.487,50.683,47.487,212,259,0,Q3,
NAGE,NASDAQ,True,2026-09-11,259,4.96,4461005.7,10.081,59.817,75.047,59.817,201,259,1,Q3,
NAII,NASDAQ,True,2026-09-11,259,2.71,37556.4,18.45,144.949,150.279,144.949,237,259,0,Q1 least liquid,
NAK,AMEX,True,2026-09-11,259,1.83,12656508.0,27.322,119.662,126.964,119.662,220,259,1,Q3,
NAKA,NASDAQ,True,2026-09-11,259,0.6248,1688355.7,80.026,102.577,139.938,102.577,152,259,0,Q2,
NAT,NYSE,True,2026-09-11,259,5.22,15436710.8,9.579,10.047,42.369,10.047,139,259,0,Q3,
NATH,NASDAQ,True,2026-09-11,259,100.79,2670236.5,0.496,18.671,19.441,18.671,252,259,0,Q2,
NATL,NYSE,True,2026-09-11,259,43.2,21442258.4,1.157,36.831,54.324,36.831,201,259,0,Q4,
NATR,NASDAQ,True,2026-09-11,259,21.17,2208182.4,2.362,37.282,54.655,37.282,163,259,0,Q2,
NAUT,NASDAQ,True,2026-09-11,259,1.98,651639.8,25.253,83.471,96.408,83.471,208,259,1,Q2,
NAVI,NASDAQ,True,2026-09-11,259,9.37,8724122.9,5.336,23.203,32.57,23.203,176,259,0,Q3,
NAVN,NASDAQ,True,2026-09-11,217,17.23,41134568.3,2.902,0.0,55.438,2.902,13,217,0,Q4,
NB,NASDAQ,True,2026-09-11,259,5.55,22084531.6,9.009,85.844,97.122,85.844,201,259,0,Q4,
NBBK,NASDAQ,True,2026-09-11,259,20.51,4975186.9,2.438,21.589,26.476,21.589,204,259,0,Q3,
NBHC,NYSE,True,2026-09-11,259,40.68,13838935.3,1.229,22.118,22.294,22.118,252,259,0,Q3,
NBIX,NASDAQ,True,2026-09-11,259,143.6,150209171.0,0.348,22.53,26.994,22.53,188,259,0,Q5 most liquid,2.772
NBN,NASDAQ,False,2026-09-11,259,115.52,11484865.4,0.433,0.0,26.095,0.433,86,259,0,Q3,
NBR,NYSE,True,2026-09-11,259,77.86,22437133.6,0.642,50.028,50.66,50.028,249,259,0,Q4,
NBRG,NASDAQ,True,2026-09-11,120,9.97,1338.6,5.015,10.741,10.741,5.015,58,120,0,Q1 least liquid,
NBTB,NASDAQ,True,2026-09-11,259,44.07,10350453.7,1.135,18.83,20.308,18.83,232,259,0,Q3,
NC,NYSE,True,2026-09-11,259,48.36,515620.0,1.034,58.679,60.929,58.679,233,259,0,Q2,
NCDL,NYSE,True,2026-09-11,259,13.44,2827526.0,3.72,28.08,28.276,28.08,256,259,0,Q2,
NCMI,NASDAQ,True,2026-09-11,259,3.75,1375390.7,13.333,34.873,40.971,34.873,175,259,0,Q2,
NCNO,NASDAQ,True,2026-09-11,259,19.2,45356601.8,2.604,43.088,46.845,43.088,224,259,0,Q4,
NCPL,NASDAQ,True,2026-09-11,259,0.6589,129362.4,75.884,76.396,138.992,76.396,140,259,0,Q1 least liquid,
NCRA,NASDAQ,True,2026-09-11,259,0.8791,52879.6,56.876,182.785,305.318,182.785,150,259,0,Q1 least liquid,
NDAQ,NASDAQ,True,2026-09-11,259,89.2,297897249.2,0.561,0.0,26.724,0.561,75,259,0,Q5 most liquid,0.0
NDLS,NASDAQ,True,2026-09-11,259,6.02,350238.6,8.306,119.322,119.484,119.322,258,259,0,Q1 least liquid,
NDRA,NASDAQ,True,2026-09-11,259,4.87,94208.1,10.267,184.468,184.468,184.468,259,259,0,Q1 least liquid,
NDSN,NASDAQ,True,2026-09-11,259,275.0,90916725.6,0.182,16.027,21.906,16.027,179,259,0,Q5 most liquid,1.972
NE,NYSE,True,2026-09-11,259,40.77,61145060.6,1.226,37.681,42.896,37.681,210,259,0,Q4,
NECB,NASDAQ,True,2026-09-11,259,23.8,935882.2,2.101,29.099,30.261,29.099,242,259,0,Q2,
NEE,NYSE,True,2026-09-11,259,85.89,823017665.9,0.582,21.407,21.842,21.407,249,259,0,Q5 most liquid,2.634
NEM,NYSE,True,2026-09-11,259,104.29,870117237.0,0.479,44.689,46.053,44.689,234,259,0,Q5 most liquid,5.499
NEN,AMEX,True,2026-09-11,259,62.26,21912.0,0.803,83.682,83.682,83.682,259,259,0,Q1 least liquid,
NEO,NASDAQ,True,2026-09-11,259,10.49,21237852.0,4.766,67.129,67.129,67.129,259,259,0,Q4,
NEOG,NASDAQ,True,2026-09-11,259,9.18,22436979.9,5.447,0.0,91.684,5.447,77,259,0,Q4,
NEON,NASDAQ,True,2026-09-11,259,1.73,250717.5,28.902,21.126,116.26,28.902,130,259,0,Q1 least liquid,
NEOV,NASDAQ,True,2026-09-11,259,3.51,1935492.3,14.245,63.47,80.296,63.47,193,259,0,Q2,
NEPH,NASDAQ,True,2026-09-11,259,4.08,124056.4,12.255,111.959,121.801,111.959,227,259,0,Q1 least liquid,
NERV,NASDAQ,True,2026-09-11,259,4.43,508332.2,11.287,0.0,60.252,11.287,118,259,0,Q2,
NET,NYSE,True,2026-09-11,259,213.88,686818773.7,0.234,0.0,68.218,0.234,103,259,0,Q5 most liquid,0.0
NEU,NYSE,True,2026-09-11,259,757.38,82877652.8,0.066,28.438,29.294,28.438,223,259,0,Q4,
NEUP,NASDAQ,True,2026-09-11,259,4.37,233443.0,11.442,84.589,89.337,84.589,188,259,0,Q1 least liquid,
NEWP,AMEX,True,2026-09-11,259,3.98,3267281.9,12.563,16.842,62.767,16.842,139,259,0,Q2,
NEWT,NASDAQ,True,2026-09-11,259,12.4,2520203.8,4.032,4.963,37.134,4.963,133,259,0,Q2,
NEXT,NASDAQ,True,2026-09-11,259,6.8,19622472.6,7.353,0.0,46.781,7.353,93,259,0,Q3,
NFG,NYSE,True,2026-09-11,259,82.45,52722016.7,0.606,24.056,24.581,24.056,227,259,0,Q4,
NFGC,AMEX,True,2026-09-11,259,2.07,3409933.1,24.155,11.792,42.83,24.155,135,259,0,Q2,
NFLX,NASDAQ,True,2026-09-11,259,91.37,3370083425.7,0.547,18.884,28.104,18.884,182,259,0,Q5 most liquid,2.324
NG,AMEX,True,2026-09-11,259,8.6,27929231.0,5.814,23.503,60.908,23.503,135,259,0,Q4,
NGEN,NASDAQ,True,2026-09-11,170,3.66,763510.2,13.661,20.993,112.238,13.661,58,170,0,Q2,
NGG,NYSE,True,2026-09-11,259,80.66,65405133.9,0.62,14.298,20.091,14.298,176,259,0,Q4,
NGL,NYSE,True,2026-09-11,259,12.0,2862514.6,4.167,70.164,91.029,70.164,167,259,0,Q2,
NGNE,NASDAQ,True,2026-09-11,259,25.63,3823226.5,1.951,0.0,50.82,1.951,68,259,0,Q2,
NGS,NYSE,True,2026-09-11,259,36.39,3366014.4,1.374,33.93,34.471,33.93,246,259,0,Q2,
NGVC,NYSE,True,2026-09-11,259,28.04,4867381.9,1.783,0.0,52.091,1.783,105,259,0,Q3,
NGVT,NYSE,True,2026-09-11,259,67.86,16722023.5,0.737,31.529,36.469,31.529,191,259,0,Q3,
NHC,AMEX,True,2026-09-11,259,161.42,14787461.0,0.31,21.343,24.101,21.343,215,259,0,Q3,
NHI,NYSE,True,2026-09-11,259,77.38,21571141.7,0.646,20.538,22.037,20.538,211,259,0,Q4,
NHTC,NASDAQ,True,2026-09-11,259,3.0,81155.3,16.667,43.837,65.524,43.837,177,259,0,Q1 least liquid,
NI,NYSE,True,2026-09-11,259,44.1,181790292.1,1.134,25.621,25.666,25.621,257,259,0,Q5 most liquid,3.153
NIC,NYSE,True,2026-09-11,259,144.55,21138268.2,0.346,13.508,19.802,13.508,164,259,0,Q4,
NIKI,NASDAQ,True,2026-09-11,259,1.08,61000.8,46.296,150.187,150.187,144.967,229,259,5,Q1 least liquid,
NINE,AMEX,True,2026-09-11,259,0.6742,375388.6,74.162,167.869,168.145,167.869,256,259,2,Q1 least liquid,
NIQ,NYSE,True,2026-09-11,259,12.46,15284550.5,4.013,0.0,35.126,4.013,112,259,0,Q3,
NIXX,NASDAQ,True,2026-09-11,259,0.9151,464733.4,54.639,56.294,159.592,56.294,177,259,1,Q2,
NJR,NYSE,True,2026-09-11,259,53.65,27939845.7,0.932,20.547,22.489,20.547,227,259,0,Q4,
NKE,NYSE,True,2026-09-11,259,56.53,912466891.2,0.884,0.0,15.86,0.884,58,259,0,Q5 most liquid,0.0
NKSH,NASDAQ,True,2026-09-11,259,35.78,714131.0,1.397,62.008,62.008,62.008,259,259,0,Q2,
NKTR,NASDAQ,True,2026-09-11,259,64.93,49635656.5,0.77,0.0,42.711,0.77,117,259,1,Q4,
NKTX,NASDAQ,True,2026-09-11,259,2.3,1476034.6,21.739,22.847,34.059,22.847,170,259,0,Q2,
NL,NYSE,True,2026-09-11,259,5.97,203375.2,8.375,75.075,75.586,75.075,245,259,0,Q1 least liquid,
NLOP,NYSE,True,2026-09-11,259,13.97,2125252.6,3.579,38.033,38.602,38.033,231,259,0,Q2,
NLY,NYSE,True,2026-09-11,259,22.41,154357771.8,2.231,25.281,26.63,25.281,252,259,0,Q5 most liquid,3.111
NMAD,NASDAQ,True,2026-09-11,259,4.2,437204.3,11.905,141.998,144.659,141.998,238,259,1,Q2,
NMAX,NYSE,True,2026-09-11,259,8.17,7565078.8,6.12,33.363,37.35,33.363,196,259,0,Q3,
NMFC,NASDAQ,True,2026-09-11,259,8.2,5512882.0,6.098,17.623,32.595,17.623,165,259,0,Q3,
NMG,NYSE,True,2026-09-11,259,2.17,1325537.5,23.041,61.959,70.08,61.959,207,259,0,Q2,
NMI,NYSE,True,2026-09-11,259,10.06,253208.1,4.97,22.801,22.801,22.801,259,259,0,Q1 least liquid,
NMIH,NASDAQ,True,2026-09-11,259,38.8,16858629.4,1.289,23.335,24.207,23.335,227,259,0,Q3,
NMM,NYSE,True,2026-09-11,259,66.54,7468982.1,0.751,0.0,32.724,0.751,64,259,0,Q3,
NMR,NYSE,True,2026-09-11,259,8.3,9602270.7,6.024,0.0,18.788,6.024,92,259,0,Q3,
NMRA,NASDAQ,True,2026-09-11,259,1.87,1650947.4,26.738,0.0,40.867,26.738,85,259,1,Q2,
NMRK,NASDAQ,True,2026-09-11,259,15.98,20326470.0,3.129,35.138,37.713,35.138,235,259,0,Q3,
NMTC,NASDAQ,True,2026-09-11,259,0.8943,147727.3,55.91,73.951,93.531,73.951,190,259,0,Q1 least liquid,
NN,NASDAQ,True,2026-09-11,259,16.33,22884263.1,3.062,14.024,38.769,14.024,140,259,0,Q4,
NNBR,NASDAQ,True,2026-09-11,259,1.95,670024.1,25.641,14.683,66.423,25.641,137,259,0,Q2,
NNE,NASDAQ,True,2026-09-11,259,26.37,55288381.5,1.896,39.526,58.224,39.526,160,259,0,Q4,
NNI,NYSE,True,2026-09-11,259,130.26,15087861.6,0.384,15.935,20.642,15.935,179,259,0,Q3,
NNN,NYSE,True,2026-09-11,259,43.61,61058418.8,1.147,18.399,18.399,18.399,259,259,0,Q4,
NNVC,AMEX,True,2026-09-11,259,1.34,325654.0,37.313,68.373,80.564,68.373,235,259,1,Q1 least liquid,
NOA,NYSE,True,2026-09-11,259,14.0,1406514.2,3.571,38.658,59.734,38.658,147,259,0,Q2,
NOC,NYSE,True,2026-09-11,259,575.96,451437362.1,0.087,0.0,51.401,0.087,101,259,0,Q5 most liquid,0.0
NODK,NASDAQ,True,2026-09-11,259,13.51,169663.5,3.701,91.348,91.348,91.348,259,259,0,Q1 least liquid,
NOEM,NASDAQ,True,2026-09-11,259,10.37,2291.8,4.822,19.974,20.151,19.974,257,259,0,Q1 least liquid,
NOG,NYSE,True,2026-09-11,259,23.93,52933403.0,2.089,33.983,38.521,33.983,227,259,0,Q4,
NOK,NYSE,True,2026-09-11,259,7.96,450862309.8,6.281,0.0,32.939,6.281,105,259,0,Q5 most liquid,0.0
NOMA,NASDAQ,True,2026-09-11,216,3.83,45952.0,13.055,304.156,304.156,270.449,154,216,0,Q1 least liquid,
NOMD,NYSE,True,2026-09-11,259,11.83,17191411.3,4.227,13.929,27.252,13.929,144,259,0,Q3,
NOV,NYSE,True,2026-09-11,259,18.75,68214481.4,2.667,39.565,39.92,39.565,254,259,0,Q4,
NOVT,NASDAQ,True,2026-09-11,259,132.29,53369460.4,0.378,46.362,57.312,46.362,189,259,0,Q4,
NOW,NYSE,True,2026-09-11,259,124.0,1887525216.5,0.403,0.0,34.234,0.403,77,259,0,Q5 most liquid,0.0
NP,NYSE,True,2026-09-11,238,26.7,10475429.5,1.873,68.028,82.958,68.028,192,238,0,Q3,
NPB,NYSE,True,2026-09-11,259,17.45,2840005.0,2.865,42.93,42.93,42.93,259,259,0,Q2,
NPCE,NASDAQ,True,2026-09-11,259,14.88,2401776.7,3.36,25.635,56.863,25.635,158,259,0,Q2,
NPK,NYSE,True,2026-09-11,259,124.99,10385239.5,0.4,17.769,21.088,17.769,193,259,0,Q3,
NPKI,NYSE,True,2026-09-11,259,13.72,9546244.8,3.644,30.36,30.659,30.36,248,259,0,Q3,
NPO,NYSE,True,2026-09-11,259,256.73,50235329.3,0.195,38.774,49.952,38.774,205,259,0,Q4,
NPWR,NYSE,True,2026-09-11,259,2.02,1645253.9,24.752,80.026,98.984,80.026,189,259,0,Q2,
NRC,NASDAQ,True,2026-09-11,259,17.66,1591041.8,2.831,24.806,35.819,24.806,175,259,0,Q2,
NRDS,NASDAQ,True,2026-09-11,259,10.54,7560531.5,4.744,48.512,58.315,48.512,197,259,0,Q3,
NRDY,NYSE,True,2026-09-11,259,0.9631,486825.2,51.916,102.383,116.684,102.383,190,259,1,Q2,
NREF,NYSE,True,2026-09-11,259,14.7,765559.9,3.401,20.901,24.528,20.901,212,259,0,Q2,
NRG,NYSE,True,2026-09-11,259,152.69,338379100.8,0.327,15.243,39.863,15.243,138,259,0,Q5 most liquid,1.876
NRGD,ARCA,True,2026-09-11,259,17.4281,238323.9,2.869,51.276,81.591,51.276,147,259,3,Q1 least liquid,
NRGU,ARCA,True,2026-09-11,259,29.95,2435370.1,1.669,53.502,65.709,53.502,197,259,1,Q2,
NRGV,NYSE,True,2026-09-11,259,3.65,13214463.6,13.699,0.0,78.478,13.699,80,259,0,Q3,
NRIM,NASDAQ,True,2026-09-11,259,25.02,3236866.4,1.998,21.987,30.399,21.987,174,259,0,Q2,
NRIX,NASDAQ,True,2026-09-11,259,16.68,19877557.2,2.998,62.577,62.747,62.577,256,259,0,Q3,
NRP,NYSE,True,2026-09-11,259,105.25,3110102.4,0.475,46.662,46.662,46.662,259,259,0,Q2,
NRXP,NASDAQ,True,2026-09-11,259,2.94,1691227.2,17.007,55.999,65.743,55.999,178,259,0,Q2,
NRXS,AMEX,True,2026-09-11,259,5.81,435945.5,8.606,96.305,96.378,96.305,257,259,0,Q2,
NSC,NYSE,True,2026-09-11,259,299.62,357515356.1,0.167,14.457,15.925,14.457,211,259,0,Q5 most liquid,1.779
NSIT,NASDAQ,True,2026-09-11,259,91.54,36728976.2,0.546,21.119,29.257,21.119,177,259,0,Q4,
NSLR,NASDAQ,True,2026-09-11,259,9.84,1983606.5,5.081,10.325,31.018,10.325,135,259,0,Q2,
NSP,NYSE,True,2026-09-11,259,38.72,26570369.6,1.291,13.704,66.651,13.704,135,259,0,Q4,
NSPR,NASDAQ,True,2026-09-11,259,1.635,74546.4,30.581,136.859,136.859,136.859,259,259,2,Q1 least liquid,
NSRX,AMEX,True,2026-09-11,259,4.64,40352.9,10.776,241.643,254.165,205.726,194,259,0,Q1 least liquid,
NSSC,NASDAQ,True,2026-09-11,259,40.93,14094209.1,1.222,17.068,65.778,17.068,152,259,0,Q3,
NSTS,NASDAQ,True,2026-09-11,259,12.41,42566.4,4.029,55.086,55.107,55.086,258,259,0,Q1 least liquid,
NSYS,NASDAQ,True,2026-09-11,259,9.7064,74159.1,5.151,129.381,129.381,129.381,259,259,0,Q1 least liquid,
NTAP,NASDAQ,True,2026-09-11,259,116.64,247031912.2,0.429,36.319,39.759,36.319,194,259,0,Q5 most liquid,4.469
NTB,NYSE,True,2026-09-11,259,52.03,8492442.0,0.961,22.444,22.682,22.444,249,259,0,Q3,
NTCT,NASDAQ,True,2026-09-11,259,30.06,17138783.9,1.663,16.977,22.818,16.977,172,259,0,Q3,
NTGR,NASDAQ,True,2026-09-11,259,24.33,9335563.9,2.055,0.0,31.864,2.055,91,259,0,Q3,
NTHI,NASDAQ,True,2026-09-11,259,7.53,405848.8,6.64,72.84,86.466,72.84,227,259,0,Q2,
NTIC,NASDAQ,True,2026-09-11,259,8.04,74076.9,6.219,79.273,79.452,79.273,255,259,0,Q1 least liquid,
NTIP,AMEX,True,2026-09-11,259,1.48,25955.2,33.784,182.965,182.965,182.965,259,259,0,Q1 least liquid,
NTLA,NASDAQ,True,2026-09-11,259,12.87,55148927.8,3.885,108.121,151.827,108.121,163,259,0,Q4,
NTNX,NASDAQ,True,2026-09-11,259,51.85,171976788.0,0.964,0.0,26.757,0.964,55,259,0,Q5 most liquid,0.0
NTRA,NASDAQ,True,2026-09-11,259,212.73,260763823.2,0.235,0.0,30.931,0.235,129,259,0,Q5 most liquid,0.0
NTRB,NASDAQ,True,2026-09-11,259,4.31,60548.0,11.601,84.935,87.852,84.935,225,259,0,Q1 least liquid,
NTRP,NASDAQ,True,2026-09-11,259,2.98,100027.8,16.779,145.788,145.788,145.788,259,259,1,Q1 least liquid,
NTRS,NASDAQ,True,2026-09-11,259,146.17,152460287.6,0.342,16.34,21.017,16.34,180,259,0,Q5 most liquid,2.011
NTSK,NASDAQ,True,2026-09-11,247,13.5,42916826.2,3.704,29.935,92.317,3.704,113,247,0,Q4,
NTST,NYSE,True,2026-09-11,259,19.63,22647678.0,2.547,26.224,26.224,26.224,259,259,0,Q4,
NTWK,NASDAQ,True,2026-09-11,259,4.02,95664.2,12.438,77.409,88.367,77.409,197,259,0,Q1 least liquid,
NU,NYSE,True,2026-09-11,259,15.02,715403583.7,3.329,0.0,21.6,3.329,99,259,0,Q5 most liquid,0.0
NUAI,NASDAQ,True,2026-09-11,259,4.6,28034253.9,10.87,0.0,120.932,10.87,98,259,0,Q4,
NUCL,NASDAQ,True,2026-09-11,138,7.68,2339567.4,6.51,0.0,26.821,6.51,15,138,0,Q2,
NUE,NYSE,True,2026-09-11,259,177.72,277728566.8,0.281,0.0,21.813,0.281,87,259,0,Q5 most liquid,0.0
NUS,NYSE,True,2026-09-11,259,7.66,3924567.8,6.527,19.931,39.574,19.931,152,259,0,Q3,
NUTX,NASDAQ,True,2026-09-11,259,128.68,18165323.5,0.389,17.821,50.539,17.821,138,259,0,Q3,
NUVB,NYSE,True,2026-09-11,259,5.26,28872284.9,9.506,0.0,43.031,9.506,67,259,0,Q4,
NUWE,NASDAQ,True,2026-09-11,259,1.93,159142.6,25.907,82.946,227.866,82.946,166,259,2,Q1 least liquid,
NVA,AMEX,True,2026-09-11,259,6.85,3109369.2,7.299,0.0,48.19,7.299,120,259,0,Q2,
NVAX,NASDAQ,True,2026-09-11,259,8.54,33595601.9,5.855,0.0,40.963,5.855,67,259,2,Q4,
NVCT,NASDAQ,True,2026-09-11,259,8.56,665137.7,5.841,31.02,48.791,31.02,171,259,0,Q2,
NVDA,NASDAQ,True,2026-09-11,259,189.21,30691367476.7,0.264,19.402,28.772,19.402,163,259,0,Q5 most liquid,2.387
NVEC,NASDAQ,True,2026-09-11,259,71.375,3811441.9,0.701,0.0,33.475,0.701,101,259,0,Q2,
NVGS,NYSE,True,2026-09-11,259,19.29,6435809.2,2.592,11.333,16.311,11.333,180,259,0,Q3,
NVNO,NASDAQ,True,2026-09-11,259,10.2001,126447.8,4.902,147.862,148.935,147.862,255,259,1,Q1 least liquid,
NVO,NYSE,True,2026-09-11,259,47.64,655202945.4,1.05,0.0,31.307,1.05,40,259,0,Q5 most liquid,0.0
NVOH,ARCA,False,2026-09-11,259,26.03,59642.5,1.921,82.864,86.058,82.864,249,259,0,Q1 least liquid,
NVR,NYSE,True,2026-09-11,259,7000.92,169972431.5,0.007,19.435,25.498,19.435,190,259,0,Q5 most liquid,2.391
NVRI,NYSE,True,2026-09-11,259,18.92,16030765.4,2.643,68.592,98.241,68.592,204,259,0,Q3,
NVS,NYSE,True,2026-09-11,259,148.18,231368571.7,0.337,0.0,13.85,0.337,118,259,0,Q5 most liquid,0.0
NVST,NYSE,True,2026-09-11,259,24.5,56707480.4,2.041,15.098,26.824,15.098,157,259,0,Q4,
NVTS,NASDAQ,True,2026-09-11,259,10.06,201527513.2,4.97,0.0,62.968,4.97,101,259,0,Q5 most liquid,0.0
NWAX,NYSE,True,2026-09-11,159,10.12,377240.0,4.941,16.332,16.332,13.793,97,159,0,Q1 least liquid,
NWBI,NASDAQ,True,2026-09-11,259,12.89,12470046.1,3.879,9.275,15.317,9.275,149,259,0,Q3,
NWE,NASDAQ,True,2026-09-11,259,68.46,28572836.7,0.73,30.367,30.367,30.367,259,259,0,Q4,
NWFL,NASDAQ,True,2026-09-11,259,29.57,684721.1,1.691,33.723,34.378,33.723,243,259,0,Q2,
NWL,NASDAQ,True,2026-09-11,259,4.49,30664102.5,11.136,0.0,101.609,11.136,98,259,0,Q4,
NWN,NYSE,True,2026-09-11,259,49.06,11384413.1,1.019,16.072,16.985,16.072,236,259,0,Q3,
NWPX,NASDAQ,True,2026-09-11,259,75.32,7579441.2,0.664,0.0,51.652,0.664,111,259,0,Q3,
NWS,NASDAQ,True,2026-09-11,259,30.1,33053959.5,1.661,23.776,30.417,23.776,204,259,0,Q4,
NWSA,NASDAQ,True,2026-09-11,259,26.31,97808851.8,1.9,0.0,20.765,1.9,129,259,0,Q5 most liquid,0.0
NWTG,NASDAQ,True,2026-09-11,259,1.44,51375.0,34.722,134.968,135.066,134.968,258,259,3,Q1 least liquid,
NX,NYSE,True,2026-09-11,259,17.7,8031020.9,2.825,37.887,88.263,37.887,145,259,0,Q3,
NXB,AMEX,True,2026-09-11,207,2.42,99071.3,20.661,203.057,203.057,183.75,145,207,0,Q1 least liquid,
NXDR,NYSE,True,2026-09-11,259,2.02,4762850.4,24.752,55.111,60.198,55.111,220,259,0,Q3,
NXE,NYSE,True,2026-09-11,259,10.36,66703316.5,4.826,0.0,31.292,4.826,123,259,0,Q4,
NXGL,NASDAQ,True,2026-09-11,259,0.98,78578.1,51.02,112.241,134.252,112.241,211,259,0,Q1 least liquid,
NXH,NASDAQ,True,2026-09-11,259,5.66,11241464.8,8.834,66.466,91.741,66.466,199,259,0,Q3,
NXL,NASDAQ,True,2026-09-11,259,0.5169,90653.1,96.731,157.847,159.465,142.067,187,259,1,Q1 least liquid,
NXP,NYSE,True,2026-09-11,259,14.3,1840137.6,3.497,13.952,14.5,13.952,242,259,0,Q2,
NXPI,NASDAQ,True,2026-09-11,259,227.66,665767423.9,0.22,36.023,41.767,36.023,218,259,0,Q5 most liquid,4.433
NXPL,NASDAQ,True,2026-09-11,259,0.8061,88412.0,62.027,148.827,169.721,148.827,197,259,0,Q1 least liquid,
NXST,NASDAQ,True,2026-09-11,259,196.06,60783634.5,0.255,14.061,30.383,14.061,142,259,0,Q4,
NXT,NASDAQ,True,2026-09-11,259,103.405,210189544.8,0.484,0.0,43.667,0.484,125,259,0,Q5 most liquid,0.0
NXTC,NASDAQ,True,2026-09-11,259,9.63,346420.9,5.192,116.987,119.18,99.886,208,259,1,Q1 least liquid,
NXTS,NASDAQ,True,2026-09-11,259,2.57,71142.8,19.455,0.0,176.362,19.455,123,259,0,Q1 least liquid,
NYC,NYSE,True,2026-09-11,259,8.49,30121.7,5.889,188.097,188.097,188.097,259,259,0,Q1 least liquid,
NYT,NYSE,True,2026-09-11,259,71.22,122621889.4,0.702,8.233,17.14,8.233,143,259,0,Q5 most liquid,1.013
O,NYSE,True,2026-09-11,259,61.36,340999093.5,0.815,13.664,14.034,13.664,242,259,0,Q5 most liquid,1.681
OABI,NASDAQ,True,2026-09-11,259,1.85,791421.6,27.027,57.049,57.693,57.049,250,259,0,Q2,
OACC,NASDAQ,True,2026-09-11,259,10.64,9639.8,4.699,27.505,27.505,27.505,259,259,0,Q1 least liquid,
OBDC,NYSE,True,2026-09-11,259,11.55,51265648.7,4.329,28.99,35.093,28.99,217,259,0,Q4,
OBE,AMEX,True,2026-09-11,259,8.04,4924270.3,6.219,0.0,21.445,6.219,122,259,0,Q3,
OBK,NYSE,True,2026-09-11,259,42.35,6838390.3,1.181,24.742,27.377,24.742,218,259,0,Q3,
OBT,NASDAQ,True,2026-09-11,259,32.72,1289568.0,1.528,19.816,20.645,19.816,236,259,0,Q2,
OC,NYSE,True,2026-09-11,259,124.12,145316074.7,0.403,0.0,19.565,0.403,73,259,0,Q5 most liquid,0.0
OCC,NASDAQ,True,2026-09-11,259,9.08,1198732.2,5.507,0.0,66.3,5.507,83,259,0,Q2,
OCCI,NASDAQ,True,2026-09-11,259,3.34,950868.0,14.97,0.0,26.513,14.97,108,259,0,Q2,
OCFC,NASDAQ,True,2026-09-11,259,18.72,11956190.4,2.671,29.975,31.906,29.975,218,259,0,Q3,
OCGN,NASDAQ,True,2026-09-11,259,1.43,6886126.7,34.965,0.0,46.623,34.965,98,259,1,Q3,
OCSL,NASDAQ,True,2026-09-11,259,12.63,8256975.9,3.959,0.0,17.648,3.959,92,259,0,Q3,
OCUL,NASDAQ,True,2026-09-11,259,10.27,28737504.5,4.869,35.381,70.789,35.381,172,259,0,Q4,
ODC,NYSE,True,2026-09-11,259,65.27,4407425.4,0.766,0.0,17.189,0.766,64,259,0,Q3,
ODFL,NASDAQ,True,2026-09-11,259,189.75,337905482.2,0.264,30.484,42.239,30.484,169,259,0,Q5 most liquid,3.751
ODYS,NASDAQ,True,2026-09-11,259,4.2963,71596.7,11.638,177.851,177.851,177.851,259,259,0,Q1 least liquid,
OEC,NYSE,True,2026-09-11,259,6.35,3675360.6,7.874,16.239,49.153,16.239,135,259,0,Q2,
OESX,NASDAQ,True,2026-09-11,259,10.24,457631.6,4.883,0.0,65.234,4.883,98,259,0,Q2,
OFG,NYSE,True,2026-09-11,259,42.74,10966417.3,1.17,0.0,19.195,1.17,121,259,0,Q3,
OFIX,NASDAQ,True,2026-09-11,259,12.7,3316672.0,3.937,31.919,36.288,31.919,193,259,0,Q2,
OFLX,NASDAQ,True,2026-09-11,259,30.15,1008639.0,1.658,54.477,56.667,54.477,241,259,0,Q2,
OFRM,NYSE,True,2026-09-11,150,17.13,8147863.6,2.919,0.0,,2.919,0,150,0,Q3,
OFS,NASDAQ,True,2026-09-11,259,4.05,296349.2,12.346,31.795,40.916,31.795,184,259,0,Q1 least liquid,
OGCP,ARCA,True,2026-09-11,259,5.75,775.7,8.696,200.742,200.858,199.684,246,259,0,Q1 least liquid,
OGE,NYSE,True,2026-09-11,259,46.55,61767830.5,1.074,21.324,21.439,21.324,253,259,0,Q4,
OGEN,AMEX,True,2026-09-11,259,0.715,39348.3,69.93,170.106,174.956,170.106,240,259,1,Q1 least liquid,
OGG,NYSE,True,2026-09-11,259,3.23,5318782.5,15.48,71.159,73.644,71.159,222,259,0,Q3,
OGN,NYSE,True,2026-09-11,259,9.59,36518693.7,5.214,0.0,20.281,5.214,118,259,0,Q4,
OGS,NYSE,True,2026-09-11,259,80.38,37678280.9,0.622,32.27,32.27,32.27,259,259,0,Q4,
OHI,NYSE,True,2026-09-11,259,45.5,84086124.2,1.099,16.971,18.709,16.971,203,259,0,Q4,
OI,NYSE,True,2026-09-11,259,11.38,21341854.9,4.394,20.533,53.4,20.533,155,259,0,Q4,
OII,NYSE,True,2026-09-11,259,35.14,31468910.8,1.423,44.143,47.519,44.143,219,259,0,Q4,
OIS,NYSE,True,2026-09-11,259,8.38,5412512.5,5.967,0.0,39.452,5.967,54,259,0,Q3,
OKE,NYSE,True,2026-09-11,259,85.03,314768506.8,0.588,9.384,15.498,9.384,167,259,0,Q5 most liquid,1.155
OKLO,NYSE,True,2026-09-11,259,68.13,740207987.2,0.734,80.058,96.22,80.058,200,259,0,Q5 most liquid,9.851
OKTA,NASDAQ,True,2026-09-11,259,89.5,272160862.8,0.559,27.479,47.116,27.479,137,259,0,Q5 most liquid,3.381
OKUR,NASDAQ,True,2026-09-11,259,3.34,385414.4,14.97,92.389,94.349,92.389,235,259,1,Q1 least liquid,
OLB,NASDAQ,True,2026-09-11,259,0.551,91083.3,90.744,119.629,130.177,119.629,196,259,0,Q1 least liquid,
OLED,NASDAQ,True,2026-09-11,259,99.61,66387992.6,0.502,38.161,40.52,38.161,247,259,0,Q4,
OLLI,NASDAQ,True,2026-09-11,259,106.4,129235310.9,0.47,33.985,40.239,33.985,190,259,0,Q5 most liquid,4.182
OLMA,NASDAQ,True,2026-09-11,259,12.91,16315245.7,3.873,77.001,235.977,77.001,169,259,0,Q3,
OLN,NYSE,True,2026-09-11,259,23.46,59495426.4,2.131,56.672,60.032,56.672,221,259,0,Q4,
OLOX,NASDAQ,True,2026-09-11,259,2.41,541369.5,20.747,0.0,144.69,20.747,56,259,2,Q2,
OLP,NYSE,True,2026-09-11,259,22.87,1634533.3,2.186,18.544,19.346,18.544,233,259,0,Q2,
OM,NASDAQ,True,2026-09-11,259,4.44,1083077.6,11.261,59.31,61.497,47.549,183,259,2,Q2,
OMAB,NASDAQ,True,2026-09-11,259,107.09,8054863.7,0.467,17.892,24.674,17.892,171,259,0,Q3,
OMC,NYSE,True,2026-09-11,259,77.45,276019564.0,0.646,0.0,19.43,0.646,79,259,0,Q5 most liquid,0.0
OMCL,NASDAQ,True,2026-09-11,259,37.64,19986378.0,1.328,41.127,56.675,41.127,187,259,0,Q3,
OMDA,NASDAQ,True,2026-09-11,259,17.82,15690700.3,2.806,53.956,58.059,53.9,204,259,0,Q3,
OMER,NASDAQ,True,2026-09-11,259,11.07,13636558.0,4.517,115.243,187.24,115.243,200,259,0,Q3,
OMEX,NASDAQ,True,2026-09-11,259,1.51,1270980.9,33.113,56.284,90.668,56.284,149,259,1,Q2,
OMF,NYSE,True,2026-09-11,259,59.69,63983784.6,0.838,27.506,29.165,27.506,245,259,0,Q4,
ON,NASDAQ,True,2026-09-11,259,63.13,558789521.2,0.792,0.0,48.873,0.792,120,259,0,Q5 most liquid,0.0
ONB,NASDAQ,True,2026-09-11,259,23.44,77641447.2,2.133,34.487,34.592,34.487,257,259,0,Q4,
ONCH,NASDAQ,True,2026-09-11,251,10.24,109503.0,4.883,12.793,12.793,11.879,189,251,0,Q1 least liquid,
ONCO,NASDAQ,True,2026-09-11,259,1.14,145816.8,43.86,164.487,194.632,164.487,191,259,3,Q1 least liquid,
ONCY,NASDAQ,True,2026-09-11,259,0.9648,847248.5,51.824,127.884,128.52,127.884,249,259,0,Q2,
ONDS,NASDAQ,True,2026-09-11,259,9.06,622354255.9,5.519,40.498,91.007,40.498,144,259,0,Q5 most liquid,4.983
ONEW,NASDAQ,True,2026-09-11,259,11.81,1390988.2,4.234,32.753,38.158,32.753,192,259,0,Q2,
ONFO,NASDAQ,True,2026-09-11,259,0.733,77665.6,68.213,128.087,140.452,128.087,196,259,0,Q1 least liquid,
ONIT,NYSE,True,2026-09-11,259,39.85,2204713.1,1.255,40.887,47.268,40.887,197,259,1,Q2,
ONL,NYSE,True,2026-09-11,259,2.57,607646.7,19.455,70.681,70.681,70.681,259,259,0,Q2,
ONMD,NASDAQ,True,2026-09-11,259,0.8651,282132.8,57.797,0.0,132.962,57.797,86,259,3,Q1 least liquid,
ONON,NYSE,True,2026-09-11,259,39.59,208764220.6,1.263,69.704,71.257,69.704,236,259,0,Q5 most liquid,8.577
ONT,NYSE,True,2026-09-11,259,22.62,9426507.3,2.21,51.858,78.13,51.858,170,259,0,Q3,
ONTO,NYSE,True,2026-09-11,259,215.53,202385296.1,0.232,59.746,86.721,59.746,181,259,0,Q5 most liquid,7.352
OOMA,NYSE,True,2026-09-11,259,13.7,3259982.0,3.65,0.0,71.749,3.65,118,259,0,Q2,
OPAD,NASDAQ,True,2026-09-11,259,1.83,788502.3,27.322,90.368,172.213,90.368,142,259,0,Q2,
OPAL,NASDAQ,True,2026-09-11,259,2.26,443030.8,22.124,49.647,57.254,49.647,198,259,0,Q2,
OPBK,NASDAQ,True,2026-09-11,259,14.16,472752.9,3.531,19.035,22.552,19.035,199,259,0,Q2,
OPCH,NASDAQ,True,2026-09-11,259,27.77,51419848.4,1.801,26.426,30.424,26.426,189,259,1,Q4,
OPEN,NASDAQ,True,2026-09-11,259,5.15,271729161.6,9.709,14.724,101.235,14.724,130,259,0,Q5 most liquid,1.812
OPFI,NYSE,True,2026-09-11,259,9.34,5413453.8,5.353,44.239,47.486,44.239,197,259,0,Q3,
OPHC,AMEX,True,2026-09-11,259,5.25,103933.5,9.524,50.414,50.436,50.414,258,259,0,Q1 least liquid,
OPI,NASDAQ,True,2026-09-11,259,0.2,0.0,250.0,91.15,1294.537,250.0,72,259,0,Q1 least liquid,
OPK,NASDAQ,True,2026-09-11,259,1.33,3277418.0,37.594,42.181,47.071,42.181,186,259,0,Q2,
OPLN,NYSE,True,2026-09-11,259,29.93,26767283.6,1.671,19.683,26.062,19.683,197,259,0,Q4,
OPRT,NASDAQ,True,2026-09-11,259,5.45,2374969.0,9.174,0.0,33.501,9.174,109,259,1,Q2,
OPRX,NASDAQ,True,2026-09-11,259,7.87,2897260.1,6.353,0.0,49.224,6.353,38,259,0,Q2,
OPTU,NYSE,True,2026-09-11,259,1.54,4023148.2,32.468,69.628,70.328,69.628,256,259,0,Q3,
OPTX,NASDAQ,True,2026-09-11,259,6.92,3114345.1,7.225,81.854,116.185,81.854,167,259,1,Q2,
OPXS,NASDAQ,True,2026-09-11,259,12.92,456195.5,3.87,40.787,42.284,40.787,240,259,0,Q2,
OPY,NYSE,True,2026-09-11,259,87.72,4886243.9,0.57,0.0,41.88,0.57,114,259,0,Q3,
OR,NYSE,True,2026-09-11,259,36.09,37775734.6,1.385,35.17,37.387,35.17,228,259,0,Q4,
ORA,NYSE,True,2026-09-11,259,111.14,75970392.5,0.45,25.922,28.266,25.922,225,259,0,Q4,
ORBS,NASDAQ,True,2026-09-11,259,1.13,11223611.1,44.248,135.952,141.919,103.507,186,259,4,Q3,
ORC,NYSE,True,2026-09-11,259,7.13,36718628.4,7.013,19.779,21.394,19.779,230,259,1,Q4,
ORCL,NYSE,True,2026-09-11,259,180.29,4503300171.2,0.277,0.0,46.813,0.277,67,259,0,Q5 most liquid,0.0
ORGO,NASDAQ,True,2026-09-11,259,2.76,2321077.7,18.116,0.0,117.617,18.116,119,259,2,Q2,
ORI,NYSE,True,2026-09-11,259,41.49,57080376.4,1.205,26.581,26.732,26.581,250,259,0,Q4,
ORIC,NASDAQ,True,2026-09-11,259,10.9,14094116.5,4.587,51.605,68.6,51.605,163,259,0,Q3,
ORKA,NASDAQ,True,2026-09-11,259,35.26,26217891.7,1.418,86.89,115.524,86.89,223,259,2,Q4,
ORLY,NASDAQ,True,2026-09-11,259,92.98,515530169.6,0.538,0.0,21.258,0.538,122,259,0,Q5 most liquid,0.0
ORMP,NASDAQ,True,2026-09-11,259,3.44,534256.8,14.535,64.635,70.54,64.635,197,259,0,Q2,
ORN,NYSE,True,2026-09-11,259,10.85,3515401.1,4.608,0.0,46.952,4.608,122,259,0,Q2,
ORRF,NASDAQ,True,2026-09-11,259,36.65,4786840.9,1.364,5.77,19.252,5.77,140,259,0,Q3,
OSBC,NASDAQ,True,2026-09-11,259,20.5,7254482.4,2.439,24.509,25.692,24.509,243,259,0,Q3,
OSCR,NYSE,True,2026-09-11,259,18.09,153061935.6,2.764,37.972,51.981,37.972,185,259,0,Q5 most liquid,4.672
OSG,NYSE,True,2026-09-11,259,5.86,3506246.7,8.532,0.0,36.447,8.532,101,259,0,Q2,
OSIS,NASDAQ,True,2026-09-11,259,251.1,53901190.0,0.199,37.736,42.652,37.736,205,259,0,Q4,
OSK,NYSE,True,2026-09-11,259,142.82,92110335.0,0.35,0.0,15.255,0.35,60,259,0,Q5 most liquid,0.0
OSPN,NASDAQ,True,2026-09-11,259,12.92,5696757.7,3.87,0.0,27.791,3.87,99,259,0,Q3,
OSS,NASDAQ,True,2026-09-11,259,9.27,10711788.8,5.394,0.0,58.341,5.394,114,259,0,Q3,
OSTX,AMEX,True,2026-09-11,259,1.66,676215.4,30.12,89.531,89.531,89.531,259,259,0,Q2,
OSUR,NASDAQ,True,2026-09-11,259,3.07,1511468.0,16.287,61.42,65.991,61.42,236,259,0,Q2,
OTF,NYSE,True,2026-09-11,259,12.23,20801309.6,4.088,15.383,20.628,15.081,175,259,0,Q4,
OTGA,NASDAQ,True,2026-09-11,215,10.08,113596.0,4.96,11.582,11.582,5.238,153,215,0,Q1 least liquid,
OTIS,NYSE,True,2026-09-11,259,85.67,244115314.5,0.584,29.68,30.413,29.68,232,259,0,Q5 most liquid,3.652
OTLK,NASDAQ,True,2026-09-11,259,0.8701,2661008.0,57.465,104.911,170.321,104.911,147,259,1,Q2,
OTTR,NASDAQ,True,2026-09-11,259,86.77,18026440.9,0.576,16.505,18.822,16.505,197,259,0,Q3,
OUST,NASDAQ,True,2026-09-11,259,27.76,68363896.0,1.801,0.0,50.248,1.801,121,259,0,Q4,
OUT,NYSE,True,2026-09-11,259,26.89,37164123.8,1.859,37.773,38.925,37.773,227,259,0,Q4,
OVBC,NASDAQ,True,2026-09-11,259,42.275,582164.5,1.183,39.985,40.826,39.985,244,259,0,Q2,
OVID,NASDAQ,True,2026-09-11,259,1.95,3178610.7,25.641,69.764,90.729,69.764,200,259,0,Q2,
OVLY,NASDAQ,True,2026-09-11,259,32.61,631695.5,1.533,39.827,39.827,39.827,259,259,0,Q2,
OVV,NYSE,True,2026-09-11,259,52.41,166759707.5,0.954,34.765,38.829,34.765,231,259,0,Q5 most liquid,4.278
OWL,NYSE,True,2026-09-11,259,11.68,217805687.5,4.281,18.165,31.421,18.165,148,259,0,Q5 most liquid,2.235
OWLT,NYSE,True,2026-09-11,259,6.66,1312414.9,7.508,0.0,95.246,7.508,126,259,0,Q2,
OXLC,NASDAQ,True,2026-09-11,259,10.0,12971585.9,5.0,0.0,135.653,5.0,95,259,1,Q3,
OXM,NYSE,True,2026-09-11,259,38.3,13683838.4,1.305,0.0,50.113,1.305,113,259,0,Q3,
OXSQ,NASDAQ,True,2026-09-11,259,1.78,2039353.8,28.09,14.107,36.655,28.09,135,259,0,Q2,
OXY,NYSE,True,2026-09-11,259,51.82,479403733.8,0.965,21.142,26.401,21.142,185,259,0,Q5 most liquid,2.601
OZK,NASDAQ,True,2026-09-11,259,48.48,51107646.2,1.031,18.466,23.324,18.466,178,259,0,Q4,
P,NYSE,True,2026-09-11,259,74.7,223322287.5,0.669,0.0,58.193,0.669,59,259,0,Q5 most liquid,0.0
PAAI,AMEX,True,2026-09-11,259,2.98,227584.1,16.779,137.707,142.14,137.707,235,259,1,Q1 least liquid,
PAAS,NYSE,True,2026-09-11,259,50.46,270514556.6,0.991,34.15,47.264,34.15,149,259,0,Q5 most liquid,4.202
PAC,NYSE,True,2026-09-11,259,241.95,22574165.1,0.207,36.936,37.218,36.936,253,259,0,Q4,
PACB,NASDAQ,True,2026-09-11,259,1.55,9880734.2,32.258,0.0,65.004,32.258,107,259,1,Q3,
PACK,NYSE,True,2026-09-11,259,5.33,2194602.3,9.381,42.353,60.726,42.353,162,259,0,Q2,
PACS,NYSE,True,2026-09-11,259,35.4,29684677.1,1.412,0.0,28.071,1.412,60,259,0,Q4,
PAG,NYSE,True,2026-09-11,259,167.56,44442549.2,0.298,0.0,30.474,0.298,124,259,0,Q4,
PAGS,NYSE,True,2026-09-11,259,9.67,34403708.9,5.171,31.878,39.183,31.878,211,259,0,Q4,
PAHC,NASDAQ,True,2026-09-11,259,39.62,11056617.9,1.262,0.0,75.836,1.262,88,259,0,Q3,
PAII,NYSE,True,2026-09-11,253,10.15,7129.2,4.926,14.78,14.78,13.025,191,253,0,Q1 least liquid,
PAL,NASDAQ,True,2026-09-11,259,7.05,1533221.6,7.092,0.0,18.564,7.092,36,259,0,Q2,
PALI,NASDAQ,True,2026-09-11,259,1.91,5982832.1,26.178,67.738,100.805,67.738,180,259,3,Q3,
PAM,NYSE,True,2026-09-11,259,82.87,16863155.3,0.603,35.313,39.935,35.313,202,259,0,Q3,
PAMT,NASDAQ,True,2026-09-11,259,11.48,166677.0,4.355,146.194,146.194,146.194,259,259,1,Q1 least liquid,
PANW,NASDAQ,True,2026-09-11,259,202.21,1390007508.7,0.247,13.779,24.686,13.779,147,259,0,Q5 most liquid,1.695
PAPL,AMEX,True,2026-09-11,259,1.08,104815.6,46.296,118.256,131.099,110.097,178,259,0,Q1 least liquid,
PAR,NYSE,True,2026-09-11,259,19.36,21999905.2,2.583,41.555,61.38,41.555,198,259,0,Q4,
PARA,NASDAQ,True,2026-09-11,259,1.43,664703.8,34.965,0.0,389.729,34.965,83,259,6,Q2,
PARK,NASDAQ,True,2026-09-11,194,18.1775,489281.2,2.751,116.746,116.746,111.517,132,194,0,Q2,
PARR,NYSE,True,2026-09-11,259,49.68,53016293.3,1.006,60.321,61.504,60.321,248,259,0,Q4,
PASG,NASDAQ,True,2026-09-11,259,7.37,253541.3,6.784,65.367,124.949,65.367,146,259,0,Q1 least liquid,
PATH,NYSE,True,2026-09-11,259,12.24,396476624.4,4.085,20.922,59.064,20.922,159,259,0,Q5 most liquid,2.574
PATK,NASDAQ,True,2026-09-11,259,103.43,34924428.0,0.483,3.033,28.921,3.033,132,259,0,Q4,
PAVM,NASDAQ,True,2026-09-11,259,5.25,123511.9,9.524,144.784,145.891,136.384,184,259,1,Q1 least liquid,
PAY,NYSE,True,2026-09-11,259,29.33,20902986.5,1.705,30.809,84.508,30.809,150,259,0,Q4,
PAYC,NYSE,True,2026-09-11,259,152.29,134863540.1,0.328,0.0,24.092,0.328,90,259,0,Q5 most liquid,0.0
PAYO,NASDAQ,True,2026-09-11,259,5.8,17683096.7,8.621,0.0,42.503,8.621,124,259,0,Q3,
PAYS,NASDAQ,True,2026-09-11,259,5.66,3099935.5,8.834,0.0,41.774,8.834,87,259,0,Q2,
PAYX,NASDAQ,True,2026-09-11,259,110.48,327249703.3,0.453,20.193,24.974,20.193,184,259,0,Q5 most liquid,2.485
PB,NYSE,True,2026-09-11,259,69.63,64960897.6,0.718,29.764,31.591,29.764,172,259,0,Q4,
PBA,NYSE,True,2026-09-11,259,43.78,48471870.9,1.142,17.009,18.367,17.009,198,259,0,Q4,
PBF,NYSE,True,2026-09-11,259,39.07,113877647.9,1.28,53.971,61.608,53.971,201,259,0,Q5 most liquid,6.641
PBFS,NASDAQ,True,2026-09-11,259,14.22,163051.3,3.516,59.303,59.303,59.303,259,259,0,Q1 least liquid,
PBH,NYSE,True,2026-09-11,259,59.95,26377852.5,0.834,24.335,32.355,24.335,165,259,0,Q4,
PBHC,NASDAQ,True,2026-09-11,259,14.35,32349.0,3.484,125.376,125.376,125.376,259,259,0,Q1 least liquid,
PBI,NYSE,True,2026-09-11,259,11.39,28573378.6,4.39,0.0,29.822,4.39,79,259,0,Q4,
PBK,NASDAQ,True,2026-09-11,259,0.8831,467193.9,56.619,98.441,104.099,98.441,228,259,0,Q2,
PBR,NYSE,True,2026-09-11,259,16.61,297285529.0,3.01,0.0,24.348,3.01,62,259,0,Q5 most liquid,0.0
PBYI,NASDAQ,True,2026-09-11,259,6.75,2237096.2,7.407,35.374,51.35,35.374,198,259,1,Q2,
PCAR,NASDAQ,True,2026-09-11,259,117.08,330405822.7,0.427,19.852,24.028,19.852,232,259,0,Q5 most liquid,2.443
PCB,NASDAQ,True,2026-09-11,259,22.96,577827.1,2.178,30.282,30.282,30.282,259,259,0,Q2,
PCG,NYSE,True,2026-09-11,259,16.48,351479938.7,3.034,27.303,28.362,27.303,226,259,0,Q5 most liquid,3.36
PCOR,NYSE,True,2026-09-11,259,58.19,114732807.1,0.859,0.0,39.733,0.859,98,259,0,Q5 most liquid,0.0
PCRX,NASDAQ,True,2026-09-11,259,23.75,13597195.1,2.105,42.734,44.387,42.734,238,259,0,Q3,
PCSA,NASDAQ,True,2026-09-11,259,2.22,191118.0,22.523,169.193,188.68,169.193,197,259,0,Q1 least liquid,
PCT,NASDAQ,True,2026-09-11,259,8.72,31436946.1,5.734,0.0,95.814,5.734,119,259,0,Q4,
PCTY,NASDAQ,True,2026-09-11,259,139.77,83619030.2,0.358,21.622,30.225,21.622,167,259,0,Q4,
PCVX,NASDAQ,True,2026-09-11,259,53.01,62890114.5,0.943,47.572,47.572,47.572,259,259,0,Q4,
PCYO,NASDAQ,True,2026-09-11,259,11.02,536828.2,4.537,42.853,42.853,42.853,259,259,0,Q2,
PD,NYSE,True,2026-09-11,259,10.97,21474458.9,4.558,48.249,65.642,48.249,182,259,0,Q4,
PDCC,NYSE,True,2026-09-11,259,12.05,40769.5,4.149,65.711,65.711,65.711,259,259,0,Q1 least liquid,
PDEX,NASDAQ,True,2026-09-11,259,46.54,1520962.8,1.074,48.832,55.748,48.832,192,259,0,Q2,
PDFS,NASDAQ,True,2026-09-11,259,33.83,11732708.9,1.478,49.861,55.397,49.861,190,259,0,Q3,
PDLB,NASDAQ,True,2026-09-11,259,16.82,1016297.7,2.973,30.708,30.708,30.708,259,259,0,Q2,
PDS,NYSE,True,2026-09-11,259,81.79,7133888.5,0.611,28.84,34.567,28.84,192,259,0,Q3,
PDSB,NASDAQ,True,2026-09-11,259,0.8983,428750.1,55.661,67.859,85.516,67.859,190,259,1,Q2,
PDYN,NASDAQ,True,2026-09-11,259,6.45,9010249.6,7.752,97.234,106.013,97.234,217,259,1,Q3,
PEBK,NASDAQ,True,2026-09-11,259,38.5,750467.6,1.299,39.972,39.972,39.972,259,259,0,Q2,
PEBO,NASDAQ,True,2026-09-11,259,32.9,6871566.2,1.52,24.346,24.346,24.346,259,259,0,Q3,
PECO,NASDAQ,True,2026-09-11,259,38.05,31501749.6,1.314,22.94,22.957,22.94,255,259,0,Q4,
PED,AMEX,True,2026-09-11,259,0.757,155168.9,66.05,109.187,120.196,109.187,197,259,2,Q1 least liquid,
PEG,NYSE,True,2026-09-11,259,80.65,212290155.0,0.62,22.145,23.462,22.145,219,259,0,Q5 most liquid,2.725
PEGA,NASDAQ,True,2026-09-11,259,43.06,72334925.1,1.161,0.0,48.299,1.161,77,259,0,Q4,
PEN,NYSE,True,2026-09-11,259,319.47,130785991.2,0.157,10.986,15.205,10.986,160,259,0,Q5 most liquid,1.352
PENG,NASDAQ,True,2026-09-11,259,24.38,32512005.7,2.051,28.149,103.7,28.149,146,259,1,Q4,
PENN,NASDAQ,True,2026-09-11,259,16.61,53364755.9,3.01,0.0,84.475,3.01,101,259,0,Q4,
PEP,NASDAQ,True,2026-09-11,259,146.1,1046790821.0,0.342,0.0,21.86,0.342,95,259,0,Q5 most liquid,0.0
PEPG,NASDAQ,True,2026-09-11,259,3.22,2339444.9,15.528,0.0,69.56,15.528,94,259,0,Q2,
PERF,NYSE,True,2026-09-11,259,1.74,178340.0,28.736,80.48,80.48,80.48,259,259,0,Q1 least liquid,
PESI,NASDAQ,True,2026-09-11,259,13.0,2154443.9,3.846,17.142,38.145,17.142,136,259,0,Q2,
PETS,NASDAQ,True,2026-09-11,259,2.32,249459.0,21.552,50.434,71.078,50.434,170,259,0,Q1 least liquid,
PEW,NYSE,True,2026-09-11,259,2.98,1149901.5,16.779,53.783,71.275,53.783,204,259,0,Q2,
PFE,NYSE,True,2026-09-11,259,25.77,1087078232.4,1.94,12.592,21.07,12.592,140,259,0,Q5 most liquid,1.549
PFG,NASDAQ,True,2026-09-11,259,92.45,117815821.8,0.541,27.679,27.799,27.679,252,259,0,Q5 most liquid,3.406
PFGC,NYSE,True,2026-09-11,259,96.79,142736906.1,0.517,33.827,36.719,33.827,246,259,0,Q5 most liquid,4.162
PFIS,NASDAQ,True,2026-09-11,259,54.39,2162429.9,0.919,18.025,23.325,18.025,173,259,0,Q2,
PFLT,NYSE,True,2026-09-11,259,8.64,8729366.0,5.787,22.744,24.721,22.744,223,259,0,Q3,
PFS,NYSE,True,2026-09-11,259,21.55,17930841.0,2.32,18.883,20.133,18.883,216,259,0,Q3,
PFSA,NASDAQ,True,2026-09-11,259,0.359,430479.4,139.276,173.304,477.342,139.276,123,259,2,Q2,
PFSI,NYSE,True,2026-09-11,259,91.49,44600560.1,0.547,0.0,30.648,0.547,111,259,0,Q4,
PFX,NASDAQ,True,2026-09-11,259,43.49,33056.2,1.15,104.811,106.178,104.811,251,259,0,Q1 least liquid,
PG,NYSE,True,2026-09-11,259,147.34,1314502610.0,0.339,0.0,13.713,0.339,90,259,0,Q5 most liquid,0.0
PGC,NASDAQ,True,2026-09-11,259,34.32,4281955.3,1.457,28.823,30.394,28.823,207,259,0,Q3,
PGEN,NASDAQ,True,2026-09-11,259,4.17,17180692.3,11.99,41.161,60.15,41.161,170,259,0,Q3,
PGNY,NASDAQ,True,2026-09-11,259,24.21,29980377.2,2.065,70.266,84.863,70.266,172,259,0,Q4,
PGR,NYSE,True,2026-09-11,259,212.12,629443222.0,0.236,0.0,29.774,0.236,114,259,0,Q5 most liquid,0.0
PH,NYSE,True,2026-09-11,259,908.06,571733691.6,0.055,19.129,23.75,19.129,215,259,0,Q5 most liquid,2.354
PHAT,NASDAQ,True,2026-09-11,259,11.84,11803561.9,4.223,0.0,60.236,4.223,108,259,0,Q3,
PHG,NYSE,True,2026-09-11,259,27.37,22639529.7,1.827,9.615,18.515,9.615,140,259,0,Q4,
PHI,NYSE,True,2026-09-11,259,19.82,2141657.3,2.523,0.0,7.296,2.523,50,259,0,Q2,
PHIN,NYSE,True,2026-09-11,259,69.22,23471518.0,0.722,0.0,27.108,0.722,102,259,0,Q4,
PHIO,NASDAQ,True,2026-09-11,259,1.15,230223.2,43.478,132.64,132.805,132.64,258,259,3,Q1 least liquid,
PHM,NYSE,True,2026-09-11,259,124.88,213911220.2,0.4,20.575,34.08,20.575,182,259,0,Q5 most liquid,2.532
PHR,NYSE,True,2026-09-11,259,12.1,14215893.2,4.132,50.054,86.378,50.054,195,259,0,Q3,
PHUN,NASDAQ,True,2026-09-11,259,2.04,261013.8,24.51,52.546,54.842,52.546,228,259,3,Q1 least liquid,
PI,NASDAQ,True,2026-09-11,259,153.29,68852901.8,0.326,0.0,83.971,0.326,90,259,0,Q4,
PII,NYSE,True,2026-09-11,259,65.83,55264444.5,0.76,16.487,42.321,16.487,139,259,0,Q4,
PIII,NASDAQ,True,2026-09-11,259,7.907,68548.6,6.324,143.683,156.438,143.683,197,259,0,Q1 least liquid,
PINS,NYSE,True,2026-09-11,259,22.88,304991434.4,2.185,42.551,61.651,42.551,176,259,0,Q5 most liquid,5.236
PIPR,NYSE,True,2026-09-11,259,295.66,47027762.4,0.169,0.0,30.53,0.169,106,259,0,Q4,
PJT,NYSE,True,2026-09-11,259,167.2,47582731.5,0.299,33.492,33.888,33.492,255,259,0,Q4,
PK,NYSE,True,2026-09-11,259,11.29,43917712.7,4.429,31.924,35.829,31.924,209,259,0,Q4,
PKBK,NASDAQ,True,2026-09-11,259,28.31,1526965.0,1.766,20.066,23.548,20.066,191,259,0,Q2,
PKE,NYSE,True,2026-09-11,259,27.21,5968571.8,1.838,8.845,29.132,8.845,135,259,0,Q3,
PKG,NYSE,True,2026-09-11,259,217.11,156369275.9,0.23,14.232,27.337,14.232,156,259,0,Q5 most liquid,1.751
PKOH,NASDAQ,True,2026-09-11,259,25.33,856531.4,1.974,37.561,47.69,37.561,180,259,0,Q2,
PL,NYSE,True,2026-09-11,259,22.79,239551428.5,2.194,31.083,81.665,31.083,143,259,0,Q5 most liquid,3.825
PLAB,NASDAQ,True,2026-09-11,259,32.0,31720448.0,1.562,0.0,31.433,1.562,59,259,0,Q4,
PLAG,AMEX,True,2026-09-11,259,1.82,88426.0,27.473,256.868,256.868,247.285,207,259,4,Q1 least liquid,
PLAY,NASDAQ,True,2026-09-11,259,13.76,18133578.0,3.634,0.0,74.514,3.634,119,259,0,Q3,
PLBC,NASDAQ,True,2026-09-11,259,50.67,1566230.3,0.987,32.725,36.118,32.725,217,259,0,Q2,
PLBY,NASDAQ,True,2026-09-11,259,1.55,817161.8,32.258,0.0,76.357,32.258,54,259,0,Q2,
PLCE,NASDAQ,True,2026-09-11,259,3.97,1202311.0,12.594,82.361,90.542,82.361,227,259,0,Q2,
PLD,NYSE,True,2026-09-11,259,135.15,432615778.6,0.37,13.329,19.433,13.329,156,259,0,Q5 most liquid,1.64
PLG,AMEX,True,2026-09-11,259,1.86,3231137.8,26.882,17.076,69.779,26.882,135,259,0,Q2,
PLGO,NYSE,True,2026-09-11,259,19.5,8398870.8,2.564,19.012,22.249,19.012,174,259,0,Q3,
PLMR,NASDAQ,True,2026-09-11,259,123.71,28859951.4,0.404,0.0,30.153,0.404,82,259,0,Q4,
PLNT,NYSE,True,2026-09-11,259,77.92,114666485.8,0.642,0.0,21.719,0.642,129,259,0,Q5 most liquid,0.0
PLOW,NYSE,True,2026-09-11,259,41.47,7177573.1,1.206,12.804,31.83,12.804,139,259,0,Q3,
PLPC,NASDAQ,True,2026-09-11,259,264.63,28820869.1,0.189,55.723,56.546,55.723,232,259,0,Q4,
PLRX,NASDAQ,True,2026-09-11,259,1.25,658162.8,40.0,79.644,79.644,79.644,259,259,0,Q2,
PLSE,NASDAQ,True,2026-09-11,259,19.87,5003322.7,2.516,16.796,61.294,16.796,138,259,0,Q3,
PLTK,NASDAQ,True,2026-09-11,259,3.59,4632561.8,13.928,0.0,27.271,13.928,79,259,0,Q3,
PLTR,NASDAQ,True,2026-09-11,259,156.43,6678406550.1,0.32,0.0,37.778,0.32,100,259,0,Q5 most liquid,0.0
PLUG,NASDAQ,True,2026-09-11,259,2.29,190502925.8,21.834,80.565,103.635,80.565,170,259,0,Q5 most liquid,9.913
PLUR,NASDAQ,True,2026-09-11,259,3.32,25427.9,15.06,169.212,188.891,169.212,217,259,0,Q1 least liquid,
PLUS,NASDAQ,True,2026-09-11,259,84.35,14821446.8,0.593,0.0,34.891,0.593,80,259,0,Q3,
PLX,AMEX,True,2026-09-11,259,2.19,1439529.9,22.831,55.058,74.78,55.058,197,259,0,Q2,
PLXS,NASDAQ,True,2026-09-11,259,199.33,54117390.3,0.251,15.194,38.967,15.194,142,259,0,Q4,
PLYX,NASDAQ,True,2026-09-11,154,2.67,460480.6,18.727,88.447,107.517,43.553,82,154,0,Q2,
PM,NYSE,True,2026-09-11,259,169.46,854116787.9,0.295,0.0,13.359,0.295,5,259,0,Q5 most liquid,0.0
PMCB,NASDAQ,True,2026-09-11,259,0.76,74453.6,65.789,156.698,173.96,156.698,200,259,1,Q1 least liquid,
PMI,AMEX,True,2026-09-11,259,1.75,600236.3,28.571,317.738,330.104,293.778,178,259,0,Q2,
PMN,NASDAQ,True,2026-09-11,259,10.68,349651.0,4.682,188.093,188.109,188.093,258,259,0,Q1 least liquid,
PMTS,NASDAQ,True,2026-09-11,259,15.79,663933.9,3.167,42.303,52.381,42.303,168,259,0,Q2,
PMVP,NASDAQ,True,2026-09-11,259,1.29,408047.9,38.76,65.155,72.417,65.155,197,259,0,Q2,
PNBK,NASDAQ,True,2026-09-11,259,1.29,292175.6,38.76,95.39,95.39,95.39,259,259,1,Q1 least liquid,
PNC,NYSE,True,2026-09-11,259,217.55,408687907.8,0.23,22.114,23.692,22.114,226,259,0,Q5 most liquid,2.721
PNFP,NYSE,True,2026-09-11,259,96.47,109007212.6,0.518,30.889,32.825,30.889,194,259,0,Q5 most liquid,3.801
PNNT,NYSE,True,2026-09-11,259,4.88,3105136.6,10.246,30.851,31.228,30.851,244,259,0,Q2,
PNR,NYSE,True,2026-09-11,259,92.2,140829281.0,0.542,19.635,25.77,19.635,181,259,0,Q5 most liquid,2.416
PNRG,NASDAQ,True,2026-09-11,259,183.09,11387453.4,0.273,42.138,46.887,42.138,215,259,0,Q3,
PNTG,NASDAQ,True,2026-09-11,259,30.71,7847191.7,1.628,20.18,31.327,20.18,164,259,0,Q3,
PNW,NYSE,True,2026-09-11,259,97.71,109949180.2,0.512,18.506,18.8,18.506,257,259,0,Q5 most liquid,2.277
POAS,AMEX,True,2026-09-11,207,1.81,344311.4,27.624,184.425,184.425,27.624,18,207,3,Q1 least liquid,
POCI,NASDAQ,True,2026-09-11,259,4.38,100301.4,11.416,117.054,117.054,117.054,259,259,0,Q1 least liquid,
PODC,NASDAQ,True,2026-09-11,259,2.52,154723.0,19.841,121.816,121.816,121.816,259,259,0,Q1 least liquid,
PODD,NASDAQ,True,2026-09-11,259,238.82,212661503.4,0.209,37.639,49.736,37.639,164,259,0,Q5 most liquid,4.631
POLA,NASDAQ,True,2026-09-11,259,1.81,158383.3,27.624,0.0,139.467,27.624,90,259,1,Q1 least liquid,
POOL,NASDAQ,True,2026-09-11,259,221.62,158437610.7,0.226,10.377,31.014,10.377,146,259,0,Q5 most liquid,1.277
POR,NYSE,True,2026-09-11,259,49.8,54189498.6,1.004,10.474,13.462,10.474,185,259,0,Q4,
POST,NYSE,True,2026-09-11,259,99.63,72632934.8,0.502,0.0,36.057,0.502,114,259,0,Q4,
POWI,NASDAQ,True,2026-09-11,259,47.45,40510807.4,1.054,58.278,65.992,58.278,195,259,0,Q4,
POWL,NASDAQ,True,2026-09-11,259,304.3,111365990.3,0.164,83.716,84.106,83.716,252,259,0,Q5 most liquid,10.301
POWW,NASDAQ,True,2026-09-11,259,1.99,842925.2,25.126,41.605,45.183,41.605,211,259,0,Q2,
PPC,NASDAQ,True,2026-09-11,259,37.33,42348203.0,1.339,18.403,21.197,18.403,218,259,0,Q4,
PPCB,NASDAQ,True,2026-09-11,259,0.9425,123560.2,53.05,45.066,196.288,53.05,108,259,1,Q1 least liquid,
PPG,NYSE,True,2026-09-11,259,109.42,194901868.6,0.457,12.925,22.229,12.925,153,259,0,Q5 most liquid,1.59
PPHC,NASDAQ,True,2026-09-11,157,11.56,1065420.8,4.325,36.63,42.357,4.325,62,157,0,Q2,
PPIH,NASDAQ,True,2026-09-11,259,28.85,2479544.1,1.733,0.0,32.548,1.733,99,259,0,Q2,
PPL,NYSE,True,2026-09-11,259,36.22,253316942.3,1.38,16.099,19.886,16.099,200,259,0,Q5 most liquid,1.981
PPLI,NASDAQ,True,2026-09-11,259,38.94,38394989.2,1.284,14.738,24.739,14.738,158,259,1,Q4,
PPSI,NASDAQ,True,2026-09-11,259,3.91,385861.6,12.788,40.307,62.559,40.307,171,259,1,Q1 least liquid,
PR,NYSE,True,2026-09-11,259,18.43,178965877.3,2.713,39.856,39.942,39.856,256,259,0,Q5 most liquid,4.904
PRAA,NASDAQ,True,2026-09-11,259,16.9,6231702.9,2.959,0.0,112.195,2.959,54,259,0,Q3,
PRAX,NASDAQ,True,2026-09-11,259,305.51,120766320.6,0.164,0.0,40.048,0.164,97,259,1,Q5 most liquid,0.0
PRCH,NASDAQ,True,2026-09-11,259,10.21,16519036.0,4.897,18.563,50.202,18.563,136,259,0,Q3,
PRCT,NASDAQ,True,2026-09-11,259,27.45,35254214.0,1.821,33.459,52.257,33.459,187,259,0,Q4,
PRDO,NASDAQ,True,2026-09-11,259,33.09,19467126.4,1.511,15.073,25.561,15.073,153,259,0,Q3,
PRE,NASDAQ,True,2026-09-11,259,17.59,2841778.9,2.843,92.597,92.766,92.597,253,259,0,Q2,
PRG,NYSE,True,2026-09-11,259,33.37,14918375.1,1.498,0.0,46.449,1.498,68,259,0,Q3,
PRGO,NYSE,True,2026-09-11,259,13.31,34661700.5,3.757,0.0,25.084,3.757,103,259,0,Q4,
PRGS,NASDAQ,True,2026-09-11,259,40.95,24593728.5,1.221,0.0,22.711,1.221,129,259,0,Q4,
PRHI,NASDAQ,True,2026-09-11,259,0.93,24969.4,53.763,197.915,226.944,197.915,182,259,0,Q1 least liquid,
PRI,NYSE,True,2026-09-11,259,267.79,50828490.6,0.187,28.825,30.87,28.825,236,259,0,Q4,
PRIM,NYSE,True,2026-09-11,259,128.2,106685698.3,0.39,61.167,61.67,53.3,188,259,1,Q5 most liquid,7.526
PRK,AMEX,True,2026-09-11,259,168.51,12178663.2,0.297,37.788,38.35,37.788,251,259,0,Q3,
PRKS,NYSE,True,2026-09-11,259,37.79,34139523.9,1.323,26.274,38.705,26.274,157,259,0,Q4,
PRLB,NYSE,True,2026-09-11,259,59.61,10331572.9,0.839,39.348,44.588,39.348,200,259,0,Q3,
PRLD,NASDAQ,True,2026-09-11,259,3.12,989239.2,16.026,107.708,115.868,107.708,229,259,0,Q2,
PRM,NYSE,True,2026-09-11,259,27.8,29219654.9,1.799,0.0,25.526,1.799,93,259,0,Q4,
PRMB,NYSE,True,2026-09-11,259,21.91,90570564.0,2.282,0.0,23.964,2.282,55,259,0,Q4,
PRME,NASDAQ,True,2026-09-11,259,3.64,10298963.2,13.736,31.298,73.717,31.298,142,259,0,Q3,
PROF,NASDAQ,True,2026-09-11,259,6.73,548892.5,7.429,80.54,88.342,80.54,197,259,0,Q2,
PROP,NASDAQ,True,2026-09-11,259,1.7,2480488.6,29.412,0.0,93.536,29.412,126,259,0,Q2,
PROV,NASDAQ,True,2026-09-11,259,16.2,110439.8,3.086,48.6,48.6,48.6,259,259,0,Q1 least liquid,
PRPL,NASDAQ,True,2026-09-11,259,0.7171,177107.5,69.725,100.871,100.871,100.871,259,259,0,Q1 least liquid,
PRPO,NASDAQ,True,2026-09-11,259,23.82,462379.8,2.099,141.231,141.754,141.231,247,259,0,Q2,
PRSO,NASDAQ,True,2026-09-11,259,0.9628,415030.7,51.932,126.61,127.208,126.61,251,259,0,Q2,
PRSU,NYSE,True,2026-09-11,259,37.04,8142371.3,1.35,45.596,48.389,45.596,214,259,0,Q3,
PRTH,NASDAQ,True,2026-09-11,259,5.77,2098145.4,8.666,21.621,53.19,21.621,144,259,0,Q2,
PRTS,NASDAQ,True,2026-09-11,259,0.7728,373300.8,64.7,85.797,87.326,85.797,246,259,0,Q1 least liquid,
PRU,NYSE,True,2026-09-11,259,105.26,186217078.0,0.475,9.684,14.653,9.684,151,259,0,Q5 most liquid,1.192
PRVA,NASDAQ,True,2026-09-11,259,23.44,19294953.7,2.133,0.0,47.222,2.133,108,259,0,Q3,
PSA,NYSE,True,2026-09-11,259,297.14,278184599.6,0.168,10.118,13.365,10.118,173,259,0,Q5 most liquid,1.245
PSBD,NYSE,True,2026-09-11,259,10.97,906337.7,4.558,44.968,44.968,44.968,259,259,0,Q2,
PSEC,NASDAQ,True,2026-09-11,259,2.62,10647384.7,19.084,0.0,14.6,19.084,115,259,0,Q3,
PSFE,NYSE,True,2026-09-11,259,7.88,2844494.3,6.345,0.0,43.373,6.345,26,259,0,Q2,
PSIX,NASDAQ,True,2026-09-11,259,62.49,30465273.7,0.8,0.0,92.237,0.8,56,259,0,Q4,
PSKY,NASDAQ,True,2026-09-11,259,10.97,96433917.8,4.558,0.0,22.121,4.558,51,259,0,Q5 most liquid,0.0
PSMT,NASDAQ,True,2026-09-11,259,151.3,30926863.0,0.33,28.753,29.716,28.753,243,259,0,Q4,
PSN,NYSE,True,2026-09-11,259,60.66,67272309.8,0.824,8.823,37.82,8.823,145,259,0,Q4,
PSNL,NASDAQ,True,2026-09-11,259,8.72,13233242.9,5.734,0.0,82.867,5.734,93,259,0,Q3,
PSNY,NASDAQ,True,2026-09-11,259,16.36,2681135.8,3.056,78.029,104.56,78.029,173,259,0,Q2,
PSNYW,NASDAQ,True,2026-09-11,259,2.855,43299.3,17.513,397.259,506.838,397.259,138,259,0,Q1 least liquid,
PSO,NYSE,True,2026-09-11,259,14.2,11884119.2,3.521,0.0,28.661,3.521,108,259,0,Q3,
PSQH,NYSE,True,2026-09-11,259,1.08,352326.7,46.296,166.609,173.678,166.609,219,259,0,Q1 least liquid,
PSQL,NASDAQ,True,2026-09-11,157,10.22,1722892.2,4.892,17.089,17.608,14.58,80,157,1,Q2,
PSX,NYSE,True,2026-09-11,259,159.78,408277554.0,0.313,21.328,24.47,21.328,189,259,0,Q5 most liquid,2.624
PTC,NASDAQ,True,2026-09-11,259,154.395,168348889.5,0.324,27.375,30.901,27.375,219,259,0,Q5 most liquid,3.368
PTCT,NASDAQ,True,2026-09-11,259,71.26,77257101.8,0.702,14.509,27.281,14.509,163,259,0,Q4,
PTEN,NASDAQ,True,2026-09-11,259,8.84,79426015.8,5.656,50.613,50.613,50.613,259,259,0,Q4,
PTGX,NASDAQ,True,2026-09-11,259,94.83,70615503.0,0.527,26.988,27.13,26.988,256,259,2,Q4,
PTHS,AMEX,True,2026-09-11,259,26.25,430520.0,1.905,158.987,169.303,158.987,237,259,1,Q2,
PTLO,NASDAQ,True,2026-09-11,259,5.025,8525908.7,9.95,32.002,41.417,32.002,182,259,0,Q3,
PTN,NASDAQ,True,2026-09-11,208,16.135,303207.2,3.099,212.893,212.893,190.227,146,208,0,Q1 least liquid,
PTON,NASDAQ,True,2026-09-11,259,5.86,55851926.2,8.532,55.872,65.448,55.872,188,259,0,Q4,
PTRN,NASDAQ,True,2026-09-11,246,14.475,16067904.4,3.454,0.0,32.0,3.454,23,246,0,Q3,
PUBM,NASDAQ,True,2026-09-11,259,8.96,5517304.1,5.58,0.0,48.346,5.58,127,259,0,Q3,
PUK,NYSE,True,2026-09-11,259,28.89,24264511.2,1.731,0.0,17.549,1.731,122,259,0,Q4,
PULM,NASDAQ,True,2026-09-11,259,2.16,29985.1,23.148,84.696,94.946,84.696,193,259,1,Q1 least liquid,
PUMP,NYSE,True,2026-09-11,259,11.35,32946769.8,4.405,75.668,113.11,75.668,197,259,0,Q4,
PURR,NASDAQ,True,2026-09-11,194,6.165,37112845.5,8.11,59.953,81.435,8.11,74,194,0,Q4,
PUSA,NASDAQ,True,2026-09-11,259,3.94,1175718.2,12.69,201.738,201.738,190.112,224,259,1,Q2,
PVH,NYSE,True,2026-09-11,259,77.94,69100871.3,0.642,0.0,31.185,0.642,121,259,0,Q4,
PVLA,NASDAQ,True,2026-09-11,259,110.12,23595126.8,0.454,61.565,84.283,61.565,153,259,1,Q4,
PW,AMEX,True,2026-09-11,259,0.93,40135.9,53.763,143.179,165.657,143.179,184,259,1,Q1 least liquid,
PWCM,NASDAQ,True,2026-09-11,259,0.478,213457.0,104.603,160.204,170.515,160.204,201,259,2,Q1 least liquid,
PWP,NASDAQ,True,2026-09-11,259,18.23,17188629.4,2.743,52.43,52.795,52.43,256,259,0,Q3,
PWR,NYSE,True,2026-09-11,259,559.02,559077926.4,0.089,34.175,36.304,34.175,228,259,0,Q5 most liquid,4.205
PXED,NYSE,True,2026-09-11,232,30.155,2803552.6,1.658,66.108,79.169,29.638,136,232,0,Q2,
PXLW,NASDAQ,True,2026-09-11,259,6.37,361188.0,7.849,37.075,87.619,37.075,161,259,0,Q1 least liquid,
PXS,NASDAQ,True,2026-09-11,259,4.08,124672.8,12.255,59.823,59.823,59.823,259,259,2,Q1 least liquid,
PYPL,NASDAQ,True,2026-09-11,259,55.89,763641693.8,0.895,0.0,22.112,0.895,111,259,0,Q5 most liquid,0.0
PYT,NYSE,True,2026-09-11,259,23.47,3244.4,2.13,45.508,49.951,45.508,214,259,0,Q1 least liquid,
PYXS,NASDAQ,True,2026-09-11,259,2.1,1485768.7,23.81,74.298,85.39,39.253,147,259,1,Q2,
PZG,AMEX,True,2026-09-11,259,1.27,805005.0,39.37,61.837,68.4,61.837,213,259,0,Q2,
PZZA,NASDAQ,True,2026-09-11,259,35.54,33882919.8,1.407,27.863,50.24,27.863,140,259,0,Q4,
Q,NYSE,True,2026-09-11,215,120.26,227345901.3,0.416,71.117,72.871,56.968,139,215,0,Q5 most liquid,8.751
QBTS,NASDAQ,True,2026-09-11,259,21.54,631582383.7,2.321,22.775,65.587,22.775,138,259,0,Q5 most liquid,2.802
QCLS,NASDAQ,True,2026-09-11,259,3.8,1160845.2,13.158,105.388,113.913,105.388,222,259,3,Q2,
QCOM,NASDAQ,True,2026-09-11,259,166.85,1534000359.9,0.3,31.43,41.661,31.43,170,259,0,Q5 most liquid,3.867
QCRH,NASDAQ,True,2026-09-11,259,88.46,8381984.1,0.565,16.65,22.379,16.65,189,259,0,Q3,
QDEL,NASDAQ,True,2026-09-11,259,19.73,26157330.5,2.534,0.0,96.746,2.534,45,259,0,Q4,
QETA,NASDAQ,True,2026-09-11,259,11.5,0.0,4.348,122.948,125.557,122.948,245,259,0,Q1 least liquid,
QFRD,BATS,False,2026-09-11,166,26.7553,963.3,1.869,31.014,31.676,1.869,76,166,0,Q1 least liquid,
QGEN,NYSE,True,2026-09-11,259,43.9,70850678.9,1.139,0.0,49.123,1.139,124,259,0,Q4,
QLYS,NASDAQ,True,2026-09-11,259,131.37,63979422.5,0.381,17.972,46.942,17.972,135,259,0,Q4,
QMCO,NASDAQ,True,2026-09-11,259,8.27,5726882.7,6.046,9.432,85.79,9.432,132,259,1,Q3,
QNC,AMEX,True,2026-09-11,139,2.73,1447823.8,18.315,92.086,92.086,61.075,77,139,0,Q2,
QNCX,NASDAQ,True,2026-09-11,259,1.63,1120215.0,30.675,128.216,130.887,93.9,172,259,2,Q2,
QNME,NASDAQ,True,2026-09-11,259,0.718,25135.3,69.638,314.884,314.884,314.884,259,259,0,Q1 least liquid,
QNST,NASDAQ,True,2026-09-11,259,14.31,9028805.3,3.494,40.821,96.463,40.821,184,259,0,Q3,
QRHC,NASDAQ,True,2026-09-11,259,1.44,48354.8,34.722,139.249,150.422,139.249,209,259,0,Q1 least liquid,
QRVO,NASDAQ,True,2026-09-11,259,87.84,98744296.1,0.569,46.122,48.23,46.122,248,259,0,Q5 most liquid,5.675
QS,NASDAQ,True,2026-09-11,259,7.73,151772332.0,6.468,66.937,74.514,66.937,211,259,0,Q5 most liquid,8.236
QSI,NASDAQ,True,2026-09-11,259,1.03,4857908.0,48.544,0.0,58.94,48.544,115,259,0,Q3,
QSR,NYSE,True,2026-09-11,259,72.0,202384389.1,0.694,14.189,15.467,14.189,220,259,0,Q5 most liquid,1.746
QTI,NASDAQ,True,2026-09-11,157,5.03,134720.4,9.94,114.94,114.94,104.243,94,157,1,Q1 least liquid,
QTRX,NASDAQ,True,2026-09-11,259,4.55,2914521.6,10.989,0.0,58.742,10.989,119,259,0,Q2,
QTTB,NASDAQ,True,2026-09-11,259,4.95,1189350.6,10.101,0.0,114.31,10.101,102,259,1,Q2,
QTWO,NYSE,True,2026-09-11,259,60.5,46694841.8,0.826,23.141,43.551,23.141,163,259,0,Q4,
QUAD,NYSE,True,2026-09-11,259,6.7,1180395.3,7.463,52.114,68.959,52.114,159,259,0,Q2,
QUBT,NASDAQ,True,2026-09-11,259,9.91,155679917.4,5.045,70.829,89.457,70.829,181,259,1,Q5 most liquid,8.715
QUIK,NASDAQ,True,2026-09-11,259,8.91,1999533.6,5.612,13.073,58.546,13.073,131,259,0,Q2,
QXL,NASDAQ,True,2026-09-11,259,2.78,66550.4,17.986,181.952,186.287,180.336,230,259,0,Q1 least liquid,
QXO,NYSE,True,2026-09-11,259,19.02,189757249.3,2.629,16.67,32.449,16.67,145,259,2,Q5 most liquid,2.051
R,NYSE,True,2026-09-11,259,208.01,70715650.3,0.24,12.642,28.951,12.642,144,259,0,Q4,
RAC,NYSE,True,2026-09-11,259,10.41,13644.8,4.803,31.734,31.734,31.734,259,259,0,Q1 least liquid,
RACE,NYSE,True,2026-09-11,259,373.92,202844655.1,0.134,0.0,30.015,0.134,87,259,0,Q5 most liquid,0.0
RAIL,NASDAQ,True,2026-09-11,259,8.6,1406853.1,5.814,44.22,50.215,44.22,198,259,0,Q2,
RAIN,NASDAQ,True,2026-09-11,259,2.66,57445.2,18.797,214.809,214.809,214.809,259,259,2,Q1 least liquid,
RAL,NYSE,True,2026-09-11,259,49.37,67385637.0,1.013,22.861,54.094,18.516,138,259,0,Q4,
RAMP,NYSE,True,2026-09-11,259,28.96,18852708.9,1.727,0.0,81.311,1.727,117,259,0,Q3,
RAND,NASDAQ,True,2026-09-11,259,11.23,32548.0,4.452,143.529,143.529,143.529,259,259,0,Q1 least liquid,
RANI,NASDAQ,True,2026-09-11,259,0.9405,902406.1,53.163,52.971,80.489,53.163,150,259,0,Q2,
RAPP,NASDAQ,True,2026-09-11,259,30.16,10349102.4,1.658,46.801,58.039,46.801,214,259,0,Q3,
RARE,NASDAQ,True,2026-09-11,259,25.83,45877734.0,1.936,37.464,59.33,37.464,215,259,0,Q4,
RAVE,NASDAQ,True,2026-09-11,259,3.04,95387.5,16.447,107.954,107.954,107.954,259,259,0,Q1 least liquid,
RBA,NYSE,True,2026-09-11,259,104.19,119017844.4,0.48,12.734,23.45,12.734,169,259,0,Q5 most liquid,1.567
RBB,NASDAQ,True,2026-09-11,259,22.0,1414694.4,2.273,28.831,34.955,28.831,226,259,0,Q2,
RBBN,NASDAQ,True,2026-09-11,259,2.69,1803996.7,18.587,0.0,34.002,18.587,91,259,0,Q2,
RBC,NYSE,True,2026-09-11,259,536.37,104731816.7,0.093,15.003,34.821,15.003,176,259,0,Q5 most liquid,1.846
RBCAA,NASDAQ,True,2026-09-11,259,73.83,3800719.9,0.677,30.348,35.729,30.348,223,259,0,Q2,
RBKB,NASDAQ,True,2026-09-11,259,12.79,134119.4,3.909,82.416,87.728,82.416,215,259,0,Q1 least liquid,
RBLX,NYSE,True,2026-09-11,259,61.83,592846708.8,0.809,36.324,54.288,36.324,153,259,0,Q5 most liquid,4.47
RBNE,NASDAQ,True,2026-09-11,259,1.68,513979.8,29.762,0.0,283.001,29.762,106,259,0,Q2,
RBRK,NYSE,True,2026-09-11,259,72.33,210045699.5,0.691,0.0,25.037,0.691,73,259,0,Q5 most liquid,0.0
RC,NYSE,True,2026-09-11,259,1.88,4323900.0,26.596,62.402,62.468,62.402,256,259,0,Q3,
RCAT,NASDAQ,True,2026-09-11,259,10.63,107642400.3,4.704,0.0,56.714,4.704,101,259,0,Q5 most liquid,0.0
RCEL,NASDAQ,True,2026-09-11,259,4.3,899884.1,11.628,0.0,48.82,11.628,107,259,0,Q2,
RCI,NYSE,True,2026-09-11,259,36.6,38679283.2,1.366,0.0,17.654,1.366,122,259,0,Q4,
RCKT,NASDAQ,True,2026-09-11,259,3.475,6805759.4,14.388,0.0,121.932,14.388,87,259,1,Q3,
RCKY,NASDAQ,True,2026-09-11,259,35.75,1693581.8,1.399,0.0,37.81,1.399,111,259,0,Q2,
RCL,NYSE,True,2026-09-11,259,286.96,620580915.9,0.174,0.0,47.644,0.174,114,259,0,Q5 most liquid,0.0
RCMT,NASDAQ,True,2026-09-11,259,23.36,1058364.6,2.14,3.913,36.778,3.913,130,259,0,Q2,
RCUS,NYSE,True,2026-09-11,259,23.01,25331394.0,2.173,31.331,55.005,31.331,169,259,0,Q4,
RDDT,NYSE,True,2026-09-11,259,176.0,810338235.7,0.284,0.0,49.895,0.284,110,259,0,Q5 most liquid,0.0
RDI,NASDAQ,True,2026-09-11,259,1.2219,33359.4,40.92,157.358,157.358,157.358,259,259,0,Q1 least liquid,
RDIB,NASDAQ,True,2026-09-11,259,11.09,25441.5,4.509,269.051,271.31,269.051,247,259,0,Q1 least liquid,
RDN,NYSE,True,2026-09-11,259,35.27,35141136.4,1.418,20.318,29.179,20.318,168,259,0,Q4,
RDNT,NASDAQ,True,2026-09-11,259,70.95,48702169.8,0.705,31.503,47.065,31.503,151,259,0,Q4,
RDNW,NASDAQ,True,2026-09-11,259,5.95,296686.3,8.403,70.062,73.838,70.062,220,259,0,Q1 least liquid,
RDVT,NASDAQ,True,2026-09-11,259,52.46,5382265.6,0.953,0.0,15.539,0.953,81,259,0,Q3,
RDW,NYSE,True,2026-09-11,259,9.46,146716706.8,5.285,0.0,58.898,5.285,93,259,0,Q5 most liquid,0.0
REAL,NASDAQ,True,2026-09-11,259,11.37,33932002.6,4.398,29.109,79.607,29.109,145,259,0,Q4,
REAX,NASDAQ,True,2026-09-11,259,2.75,6121567.2,18.182,42.759,49.298,42.759,191,259,0,Q3,
REBN,NASDAQ,True,2026-09-11,259,1.77,69915.8,28.249,80.832,82.596,80.832,243,259,0,Q1 least liquid,
REED,AMEX,True,2026-09-11,192,2.1,39824.8,23.81,210.048,210.048,190.177,130,192,0,Q1 least liquid,
REFI,NASDAQ,True,2026-09-11,259,12.11,1578082.0,4.129,25.473,25.645,25.473,252,259,0,Q2,
REFR,NASDAQ,True,2026-09-11,259,1.0,40560.4,50.0,174.832,174.832,174.832,259,259,0,Q1 least liquid,
REG,NASDAQ,True,2026-09-11,259,75.81,92840451.8,0.66,15.821,17.291,15.821,199,259,0,Q5 most liquid,1.947
REGN,NASDAQ,True,2026-09-11,259,733.78,570217759.6,0.068,13.287,29.663,13.287,145,259,0,Q5 most liquid,1.635
REI,AMEX,True,2026-09-11,259,1.19,3940218.9,42.017,63.44,65.564,63.44,248,259,0,Q3,
REKR,NASDAQ,True,2026-09-11,259,0.8872,2299216.3,56.357,56.78,78.045,56.78,166,259,0,Q2,
RELL,NASDAQ,True,2026-09-11,259,11.76,1294754.0,4.252,0.0,55.099,4.252,110,259,0,Q2,
RELX,NYSE,True,2026-09-11,259,35.88,85252245.3,1.394,0.0,33.83,1.394,108,259,0,Q4,
RELY,NASDAQ,True,2026-09-11,259,16.98,57219911.0,2.945,0.0,29.817,2.945,78,259,0,Q4,
RENT,NASDAQ,True,2026-09-11,259,4.69,295803.0,10.661,103.997,113.862,103.997,190,259,0,Q1 least liquid,
RENX,NASDAQ,True,2026-09-11,259,1.35,399318.6,37.037,110.79,253.276,110.79,161,259,0,Q1 least liquid,
REPL,NASDAQ,True,2026-09-11,259,8.31,17694282.6,6.017,0.0,43.134,6.017,29,259,3,Q3,
REPX,AMEX,True,2026-09-11,259,32.32,6330000.6,1.547,49.657,49.657,49.657,259,259,1,Q3,
RES,NYSE,True,2026-09-11,259,5.91,10015141.5,8.46,37.28,38.116,37.28,246,259,0,Q3,
REVB,NASDAQ,True,2026-09-11,259,1.1,87424.4,45.455,0.0,70.957,45.455,121,259,3,Q1 least liquid,
REX,NYSE,True,2026-09-11,259,40.84,6728651.1,1.224,34.311,38.054,34.311,219,259,0,Q3,
REXR,NYSE,True,2026-09-11,259,37.47,83115571.4,1.334,31.062,33.151,31.062,220,259,0,Q4,
REYN,NASDAQ,True,2026-09-11,259,23.55,23496885.1,2.123,0.0,20.505,2.123,128,259,0,Q4,
REZI,NYSE,True,2026-09-11,259,35.16,45818837.8,1.422,0.0,99.297,1.422,40,259,0,Q4,
RF,NYSE,True,2026-09-11,259,27.82,351780788.6,1.797,28.255,29.682,28.255,224,259,0,Q5 most liquid,3.477
RFIL,NASDAQ,True,2026-09-11,259,10.68,1814124.1,4.682,38.924,62.941,38.924,167,259,0,Q2,
RFL,NYSE,True,2026-09-11,259,1.34,126665.0,37.313,99.609,104.482,99.609,250,259,0,Q1 least liquid,
RGA,NYSE,True,2026-09-11,259,205.59,74827889.0,0.243,0.0,38.381,0.243,124,259,0,Q4,
RGCO,NASDAQ,True,2026-09-11,259,22.04,235480.1,2.269,63.458,63.458,63.458,259,259,0,Q1 least liquid,
RGEN,NASDAQ,True,2026-09-11,259,142.82,123111813.7,0.35,29.205,48.644,29.205,164,259,0,Q5 most liquid,3.594
RGLD,NASDAQ,True,2026-09-11,259,222.33,183200178.2,0.225,31.444,34.49,31.444,214,259,0,Q5 most liquid,3.869
RGNT,AMEX,True,2026-09-11,193,3.1,47983.4,16.129,208.292,252.303,16.129,69,193,0,Q1 least liquid,
RGNX,NASDAQ,True,2026-09-11,259,10.04,8300380.8,4.98,16.468,55.53,16.468,139,259,0,Q3,
RGP,NASDAQ,True,2026-09-11,259,4.4,1491600.0,11.364,53.922,85.101,53.922,191,259,0,Q2,
RGR,NYSE,True,2026-09-11,259,38.33,6319031.4,1.304,0.0,33.247,1.304,105,259,0,Q3,
RGS,NASDAQ,True,2026-09-11,259,27.35,175608.4,1.828,86.799,86.799,86.799,259,259,1,Q1 least liquid,
RGTI,NASDAQ,True,2026-09-11,259,18.94,626373711.0,2.64,0.0,71.893,2.64,119,259,0,Q5 most liquid,0.0
RH,NYSE,True,2026-09-11,259,163.71,144873359.8,0.305,13.676,38.876,13.676,141,259,0,Q5 most liquid,1.683
RHI,NYSE,True,2026-09-11,259,28.5,65158048.6,1.754,20.726,26.763,20.726,169,259,0,Q4,
RHLD,NYSE,True,2026-09-11,259,138.46,19227715.7,0.361,35.974,47.068,10.12,131,259,1,Q3,
RHP,NYSE,True,2026-09-11,259,98.89,53785711.4,0.506,17.552,18.721,17.552,245,259,0,Q4,
RICK,NASDAQ,True,2026-09-11,259,25.35,1690700.9,1.972,0.0,24.847,1.972,84,259,0,Q2,
RIG,NYSE,True,2026-09-11,259,5.22,193695484.4,9.579,48.861,55.938,48.861,178,259,0,Q5 most liquid,6.012
RIGL,NASDAQ,True,2026-09-11,259,35.25,13021245.3,1.418,0.0,49.203,1.418,50,259,0,Q3,
RILY,NASDAQ,True,2026-09-11,259,7.05,4522886.5,7.092,0.0,83.654,7.092,104,259,1,Q3,
RIME,NASDAQ,True,2026-09-11,259,1.05,244331.2,47.619,101.973,113.543,101.973,190,259,0,Q1 least liquid,
RIO,NYSE,True,2026-09-11,259,91.64,249044725.4,0.546,24.704,31.763,24.704,192,259,0,Q5 most liquid,3.04
RIOT,NASDAQ,True,2026-09-11,259,17.79,334587686.2,2.811,0.0,71.125,2.811,105,259,0,Q5 most liquid,0.0
RITM,NYSE,True,2026-09-11,259,10.2,61485400.7,4.902,13.452,17.02,13.452,188,259,0,Q4,
RIVN,NASDAQ,True,2026-09-11,259,15.61,455214800.6,3.203,0.0,33.97,3.203,95,259,0,Q5 most liquid,0.0
RJET,NASDAQ,True,2026-09-11,259,18.22,1392950.6,2.744,62.125,68.664,62.125,208,259,0,Q2,
RJF,NYSE,True,2026-09-11,259,161.96,194926973.6,0.309,32.872,38.656,32.872,200,259,0,Q5 most liquid,4.045
RKDA,NASDAQ,True,2026-09-11,259,1.76,35187.7,28.409,45.716,132.961,45.716,131,259,2,Q1 least liquid,
RKLB,NASDAQ,True,2026-09-11,259,70.0,1449056562.0,0.714,56.251,65.059,56.251,214,259,0,Q5 most liquid,6.921
RKT,NYSE,True,2026-09-11,259,15.85,448835625.8,3.155,0.0,41.007,3.155,123,259,0,Q5 most liquid,0.0
RKTO,NASDAQ,True,2026-09-11,259,1.01,362447.5,49.505,82.016,82.83,69.271,184,259,2,Q1 least liquid,
RL,NYSE,True,2026-09-11,259,359.43,206146283.0,0.139,19.901,29.912,19.901,165,259,0,Q5 most liquid,2.449
RLAY,NASDAQ,True,2026-09-11,259,9.82,25367355.0,5.092,26.885,49.115,26.885,155,259,0,Q4,
RLGT,AMEX,True,2026-09-11,259,7.17,999495.5,6.974,49.896,52.922,49.896,200,259,0,Q2,
RLI,NYSE,True,2026-09-11,259,61.2,41849072.3,0.817,19.835,21.987,19.835,208,259,0,Q4,
RLMD,NASDAQ,True,2026-09-11,259,4.52,4558142.4,11.062,60.04,72.801,60.04,202,259,1,Q3,
RLYB,NASDAQ,True,2026-09-11,259,8.22,248254.2,6.083,0.0,86.275,6.083,80,259,0,Q1 least liquid,
RM,NYSE,True,2026-09-11,259,37.21,1976941.9,1.344,19.738,30.18,19.738,167,259,0,Q2,
RMBI,NASDAQ,True,2026-09-11,259,14.3,314787.2,3.497,56.109,56.109,56.109,259,259,0,Q1 least liquid,
RMBS,NASDAQ,True,2026-09-11,259,100.76,208864497.2,0.496,40.701,93.436,40.701,158,259,0,Q5 most liquid,5.008
RMCF,NASDAQ,True,2026-09-11,259,1.7,70072.9,29.412,131.524,131.524,131.524,259,259,0,Q1 least liquid,
RMCO,NASDAQ,True,2026-09-11,259,2.83,54142.2,17.668,140.912,199.294,140.912,196,259,0,Q1 least liquid,
RMD,NYSE,True,2026-09-11,259,242.55,262459427.4,0.206,16.52,28.625,16.52,184,259,0,Q5 most liquid,2.033
RMIX,NASDAQ,True,2026-09-11,259,11.45,1016654.5,4.367,24.092,24.107,24.092,258,259,0,Q2,
RMNI,NASDAQ,True,2026-09-11,259,4.02,1234325.1,12.438,0.0,42.301,12.438,55,259,0,Q2,
RMR,NASDAQ,True,2026-09-11,259,16.58,2488929.5,3.016,0.0,35.848,3.016,109,259,0,Q2,
RMTI,NASDAQ,True,2026-09-11,259,1.01,247312.0,49.505,95.951,124.66,95.951,208,259,0,Q1 least liquid,
RNA,NASDAQ,True,2026-09-11,259,14.79,18985996.2,3.381,37.803,38.365,34.594,188,259,1,Q3,
RNAC,NASDAQ,True,2026-09-11,259,7.76,964440.4,6.443,48.343,101.071,48.343,167,259,0,Q2,
RNAZ,NASDAQ,True,2026-09-11,259,8.6357,107069.6,5.79,191.219,191.219,191.219,259,259,2,Q1 least liquid,
RNG,NYSE,True,2026-09-11,259,35.85,54333763.9,1.395,0.0,57.412,1.395,118,259,0,Q4,
RNGR,NYSE,True,2026-09-11,259,15.71,2568749.4,3.183,42.075,46.464,42.075,219,259,0,Q2,
RNR,NYSE,True,2026-09-11,259,294.17,95700256.8,0.17,0.0,34.334,0.17,127,259,0,Q5 most liquid,0.0
RNST,NYSE,True,2026-09-11,259,38.91,22431628.2,1.285,26.254,30.332,26.254,221,259,0,Q4,
RNTX,NASDAQ,True,2026-09-11,259,1.19,238026.4,42.017,104.428,114.477,104.428,213,259,0,Q1 least liquid,
RNXT,NASDAQ,True,2026-09-11,259,0.9663,277155.4,51.744,90.246,107.77,90.246,173,259,1,Q1 least liquid,
ROAD,NASDAQ,True,2026-09-11,259,114.55,58699452.9,0.436,0.0,27.701,0.436,127,259,0,Q4,
ROC,NASDAQ,True,2026-09-11,141,5.1,183316.7,9.804,192.14,192.14,192.14,141,141,0,Q1 least liquid,
ROCK,NASDAQ,True,2026-09-11,259,47.45,14050533.6,1.054,0.0,46.97,1.054,66,259,0,Q3,
ROG,NYSE,True,2026-09-11,259,106.1,18551811.6,0.471,29.14,36.379,29.14,185,259,0,Q3,
ROK,NYSE,True,2026-09-11,259,405.27,307544737.7,0.123,25.77,43.619,25.77,178,259,0,Q5 most liquid,3.171
ROKU,NASDAQ,True,2026-09-11,259,106.79,292474868.9,0.468,48.274,69.266,48.274,162,259,0,Q5 most liquid,5.94
ROL,NYSE,True,2026-09-11,259,55.79,149177411.0,0.896,13.849,50.387,13.849,158,259,0,Q5 most liquid,1.704
ROLR,AMEX,True,2026-09-11,259,4.49,368562.7,11.136,229.313,247.743,229.313,193,259,0,Q1 least liquid,
ROOT,NASDAQ,True,2026-09-11,259,59.43,17656134.0,0.841,48.929,66.664,48.929,164,259,0,Q3,
ROP,NASDAQ,True,2026-09-11,259,390.35,402335311.8,0.128,10.687,14.963,10.687,154,259,0,Q5 most liquid,1.315
ROST,NASDAQ,True,2026-09-11,259,208.79,476637015.5,0.239,20.501,22.985,20.501,203,259,0,Q5 most liquid,2.523
RPAY,NASDAQ,True,2026-09-11,259,3.65,3046683.3,13.699,22.173,35.927,22.173,150,259,0,Q2,
RPC,NYSE,True,2026-09-11,259,8.7,4308362.4,5.747,36.844,37.701,36.844,240,259,0,Q3,
RPD,NASDAQ,True,2026-09-11,259,11.57,14857007.6,4.322,0.0,49.863,4.322,75,259,0,Q3,
RPID,NASDAQ,True,2026-09-11,259,2.72,377203.4,18.382,72.078,74.915,72.078,232,259,0,Q1 least liquid,
RPM,NYSE,True,2026-09-11,259,107.29,94434408.9,0.466,19.166,29.268,19.166,180,259,0,Q5 most liquid,2.358
RR,NASDAQ,True,2026-09-11,259,2.68,36671713.6,18.657,0.0,50.759,18.657,119,259,0,Q4,
RRBI,NASDAQ,True,2026-09-11,259,88.98,4105335.8,0.562,23.035,24.783,23.035,233,259,0,Q3,
RRC,NYSE,True,2026-09-11,259,38.26,112246458.2,1.307,35.258,35.87,35.258,247,259,0,Q5 most liquid,4.338
RRGB,NASDAQ,True,2026-09-11,259,4.45,1138036.7,11.236,0.0,46.315,11.236,91,259,0,Q2,
RRR,NASDAQ,True,2026-09-11,259,60.4,40914230.9,0.828,12.348,28.224,12.348,152,259,0,Q4,
RRX,NYSE,True,2026-09-11,259,174.52,163401230.2,0.287,44.819,55.387,44.819,151,259,0,Q5 most liquid,5.515
RS,NYSE,True,2026-09-11,259,322.24,100250461.4,0.155,22.407,25.551,22.407,208,259,0,Q5 most liquid,2.757
RSG,NYSE,True,2026-09-11,259,216.39,302514894.0,0.231,0.0,11.352,0.231,99,259,0,Q5 most liquid,0.0
RSI,NYSE,True,2026-09-11,259,21.28,36487608.3,2.35,38.807,99.728,38.807,199,259,0,Q4,
RSKD,NYSE,True,2026-09-11,259,4.77,2779940.3,10.482,40.82,54.31,40.82,205,259,0,Q2,
RSSS,NASDAQ,True,2026-09-11,259,2.5,131365.0,20.0,63.252,63.252,63.252,259,259,0,Q1 least liquid,
RSVR,NASDAQ,True,2026-09-11,259,9.22,478955.1,5.423,50.099,55.961,50.099,197,259,0,Q2,
RTB,NASDAQ,True,2026-09-11,259,5.45,484603.6,9.174,122.814,122.814,119.303,230,259,1,Q2,
RTX,NYSE,True,2026-09-11,259,186.77,878663556.7,0.268,0.0,17.365,0.268,96,259,0,Q5 most liquid,0.0
RUBI,NASDAQ,True,2026-09-11,259,1.71,318127.3,29.24,631.147,632.227,356.822,151,259,2,Q1 least liquid,
RUM,NASDAQ,True,2026-09-11,259,6.67,16695435.1,7.496,10.29,62.343,10.29,133,259,0,Q3,
RUN,NASDAQ,True,2026-09-11,259,14.82,117640411.7,3.374,0.0,43.568,3.374,104,259,0,Q5 most liquid,0.0
RUSHA,NASDAQ,True,2026-09-11,259,66.11,28644046.1,0.756,20.272,26.506,20.272,188,259,0,Q4,
RUSHB,NASDAQ,True,2026-09-11,259,63.12,3650856.3,0.792,32.677,35.079,32.677,204,259,0,Q2,
RVLV,NYSE,True,2026-09-11,259,23.57,22606447.5,2.121,55.333,83.459,55.333,157,259,0,Q4,
RVMD,NASDAQ,True,2026-09-11,259,99.82,236142558.6,0.501,37.022,43.551,37.022,197,259,0,Q5 most liquid,4.555
RVP,AMEX,True,2026-09-11,259,0.712,34157.4,70.225,165.149,165.149,165.149,259,259,1,Q1 least liquid,
RVSB,NASDAQ,True,2026-09-11,259,5.3,245748.1,9.434,27.082,28.971,27.082,214,259,0,Q1 least liquid,
RVSN,NASDAQ,True,2026-09-11,259,4.34,185504.2,11.521,100.574,160.366,100.574,180,259,2,Q1 least liquid,
RVTY,NYSE,True,2026-09-11,259,97.77,116931511.4,0.511,24.851,36.587,24.851,171,259,0,Q5 most liquid,3.058
RWAY,NASDAQ,True,2026-09-11,259,7.75,3133931.8,6.452,22.752,25.604,22.752,227,259,0,Q2,
RXO,NYSE,True,2026-09-11,259,16.92,32221799.7,2.955,0.0,49.955,2.955,97,259,0,Q4,
RXRX,NASDAQ,True,2026-09-11,259,3.67,70994674.8,13.624,36.181,63.829,36.181,145,259,0,Q4,
RXST,NASDAQ,True,2026-09-11,259,7.565,5680083.9,6.609,77.458,103.757,77.458,195,259,0,Q3,
RXT,NASDAQ,True,2026-09-11,259,1.5,6955695.6,33.333,105.976,125.521,105.976,183,259,0,Q3,
RY,NYSE,True,2026-09-11,259,169.83,195114298.0,0.294,2.444,13.649,2.444,136,259,0,Q5 most liquid,0.301
RYAM,NYSE,True,2026-09-11,259,8.13,6061772.6,6.15,0.0,39.498,6.15,91,259,0,Q3,
RYAN,NYSE,True,2026-09-11,259,43.04,73921637.5,1.162,24.865,27.551,24.865,217,259,0,Q4,
RYDE,AMEX,True,2026-09-11,259,0.5599,75035.6,89.302,280.725,286.946,234.446,181,259,1,Q1 least liquid,
RYM,NASDAQ,True,2026-09-11,259,23.87,303480.0,2.095,106.02,122.131,106.02,175,259,2,Q1 least liquid,
RYN,NYSE,True,2026-09-11,259,21.64,47045593.0,2.311,20.205,25.123,20.205,195,259,0,Q4,
RYTM,NASDAQ,True,2026-09-11,259,101.39,64037906.0,0.493,41.764,55.341,41.764,187,259,0,Q4,
RYZ,NYSE,True,2026-09-11,259,25.4,9516077.7,1.969,37.594,57.533,37.594,174,259,0,Q3,
RZLT,NASDAQ,True,2026-09-11,259,4.4,8513930.3,11.364,0.0,49.219,11.364,72,259,1,Q3,
S,NYSE,True,2026-09-11,259,16.17,108801584.6,3.092,36.105,46.626,36.105,166,259,0,Q5 most liquid,4.443
SA,NYSE,True,2026-09-11,259,29.3,25672718.4,1.706,0.0,61.945,1.706,104,259,0,Q4,
SABR,NASDAQ,True,2026-09-11,259,1.74,8257529.7,28.736,65.885,74.662,65.885,182,259,0,Q3,
SABS,NASDAQ,True,2026-09-11,259,3.75,1181615.2,13.333,49.984,56.784,49.984,215,259,1,Q2,
SAC,NYSE,True,2026-09-11,159,10.04,6237.9,4.98,21.252,21.252,20.113,97,159,0,Q1 least liquid,
SAFE,NYSE,True,2026-09-11,259,15.15,4830664.3,3.3,40.872,42.318,40.872,231,259,0,Q3,
SAFT,NASDAQ,True,2026-09-11,259,75.2,6354532.8,0.665,0.0,13.638,0.665,94,259,0,Q3,
SAFX,NASDAQ,True,2026-09-11,259,0.4171,957582.7,119.875,178.637,199.336,169.744,234,259,0,Q2,
SAH,NYSE,True,2026-09-11,259,72.02,16234027.4,0.694,29.686,37.259,29.686,167,259,0,Q3,
SAIA,NASDAQ,True,2026-09-11,259,356.575,159401659.6,0.14,41.452,47.955,41.452,185,259,0,Q5 most liquid,5.101
SAIC,NASDAQ,True,2026-09-11,259,100.66,51964937.1,0.497,14.504,28.082,14.504,143,259,0,Q4,
SAIL,NASDAQ,True,2026-09-11,259,17.64,42955262.8,2.834,44.934,82.278,44.934,177,259,1,Q4,
SAM,NYSE,True,2026-09-11,259,204.85,40356516.4,0.244,28.987,35.03,28.987,196,259,0,Q4,
SAMG,NASDAQ,True,2026-09-11,259,13.67,434876.3,3.658,43.997,43.997,43.997,259,259,0,Q2,
SAN,NYSE,True,2026-09-11,259,12.02,84850393.9,4.16,25.76,36.831,25.76,173,259,0,Q4,
SANA,NASDAQ,True,2026-09-11,259,3.57,10557960.7,14.006,0.0,74.35,14.006,125,259,0,Q3,
SANM,NASDAQ,True,2026-09-11,259,159.29,114855579.7,0.314,40.463,60.554,40.463,169,259,0,Q5 most liquid,4.979
SAP,NYSE,True,2026-09-11,259,205.95,479237006.2,0.243,26.917,32.68,26.917,176,259,0,Q5 most liquid,3.312
SAPH,ARCA,False,2026-09-11,259,37.5736,9555.1,1.331,17.682,30.209,17.682,154,259,0,Q1 least liquid,
SAR,NYSE,True,2026-09-11,259,22.48,2357146.1,2.224,14.24,19.304,14.24,150,259,0,Q2,
SARO,NYSE,True,2026-09-11,259,27.27,73672151.0,1.834,37.859,43.099,37.859,213,259,0,Q4,
SATL,NASDAQ,True,2026-09-11,259,3.74,20000888.7,13.369,0.0,81.243,13.369,99,259,0,Q3,
SB,NYSE,True,2026-09-11,259,6.21,3369139.1,8.052,20.403,42.8,20.403,159,259,0,Q2,
SBAC,NASDAQ,True,2026-09-11,259,191.99,174791324.0,0.26,17.758,21.788,17.758,187,259,0,Q5 most liquid,2.185
SBC,NASDAQ,True,2026-09-11,259,3.8,202158.9,13.158,60.497,63.534,60.497,249,259,0,Q1 least liquid,
SBCF,NASDAQ,True,2026-09-11,259,31.7,21655506.3,1.577,30.091,30.215,30.091,253,259,0,Q4,
SBET,NASDAQ,True,2026-09-11,259,7.74,64763124.4,6.46,25.785,92.832,25.785,141,259,1,Q4,
SBFG,NASDAQ,True,2026-09-11,259,21.74,269780.3,2.3,67.547,67.547,67.547,259,259,0,Q1 least liquid,
SBFM,NASDAQ,True,2026-09-11,259,1.29,91807.6,38.76,108.155,108.243,108.155,256,259,0,Q1 least liquid,
SBGI,NASDAQ,True,2026-09-11,259,14.26,5817707.7,3.506,0.0,24.389,3.506,60,259,0,Q3,
SBH,NYSE,True,2026-09-11,259,14.93,22356385.9,3.349,0.0,32.543,3.349,77,259,0,Q4,
SBRA,NASDAQ,True,2026-09-11,259,19.49,47560569.3,2.565,23.734,24.782,23.734,229,259,0,Q4,
SBS,NYSE,True,2026-09-11,259,24.25,32361481.9,2.062,0.0,25.076,2.062,116,259,0,Q4,
SBSI,NYSE,True,2026-09-11,259,32.01,3443133.8,1.562,21.736,27.019,21.736,185,259,0,Q2,
SBUX,NASDAQ,True,2026-09-11,259,96.33,724616926.5,0.519,24.728,34.451,24.728,189,259,0,Q5 most liquid,3.043
SBXD,NYSE,True,2026-09-11,259,10.68,30079.6,4.682,50.288,50.288,50.288,259,259,0,Q1 least liquid,
SBXE,NYSE,True,2026-09-11,160,10.03,0.0,4.985,22.663,23.137,16.291,89,160,0,Q1 least liquid,
SCCO,NYSE,True,2026-09-11,259,175.07,239187916.8,0.286,0.0,32.563,0.286,121,259,0,Q5 most liquid,0.0
SCHL,NASDAQ,True,2026-09-11,259,34.94,11751097.4,1.431,47.609,52.042,47.609,200,259,0,Q3,
SCHW,NYSE,True,2026-09-11,259,94.66,840856435.0,0.528,24.595,25.299,24.595,228,259,0,Q5 most liquid,3.026
SCI,NYSE,True,2026-09-11,259,80.13,83109599.6,0.624,11.298,27.185,11.298,148,259,0,Q4,
SCII,NASDAQ,True,2026-09-11,163,10.03,5236.9,4.985,12.194,12.194,10.37,101,163,0,Q1 least liquid,
SCKT,NASDAQ,True,2026-09-11,259,0.94,24012.0,53.191,153.227,154.993,153.227,243,259,0,Q1 least liquid,
SCL,NYSE,True,2026-09-11,259,50.89,7344996.8,0.983,0.0,16.881,0.983,106,259,0,Q3,
SCLX,NASDAQ,True,2026-09-11,259,8.64,730084.4,5.787,0.0,71.733,5.787,97,259,0,Q2,
SCM,NYSE,True,2026-09-11,259,9.92,1940609.3,5.04,0.0,18.857,5.04,126,259,0,Q2,
SCNX,NASDAQ,True,2026-09-11,259,0.45,195403.4,111.111,201.006,238.479,201.006,216,259,4,Q1 least liquid,
SCOR,NASDAQ,True,2026-09-11,259,7.16,93409.7,6.983,182.681,182.681,182.681,259,259,0,Q1 least liquid,
SCSC,NASDAQ,True,2026-09-11,259,42.21,8579846.3,1.185,62.948,62.948,62.948,259,259,0,Q3,
SCWO,NASDAQ,True,2026-09-11,259,2.285,176658.7,21.882,95.148,107.415,95.148,181,259,0,Q1 least liquid,
SCYX,NASDAQ,True,2026-09-11,259,0.86,288175.8,58.14,119.684,122.084,119.684,237,259,0,Q1 least liquid,
SD,NYSE,True,2026-09-11,259,14.36,4473541.1,3.482,17.968,41.248,17.968,153,259,0,Q3,
SDEV,AMEX,True,2026-09-11,259,1.27,348214.0,39.37,234.781,234.781,200.136,196,259,2,Q1 least liquid,
SDGR,NASDAQ,True,2026-09-11,259,16.42,17167852.8,3.045,37.194,66.997,37.194,164,259,0,Q3,
SDHC,NYSE,True,2026-09-11,259,15.52,1139809.6,3.222,47.097,48.181,47.097,240,259,0,Q2,
SDHI,NASDAQ,True,2026-09-11,259,10.3,1997.5,4.854,18.333,18.333,18.173,258,259,0,Q1 least liquid,
SDOT,NASDAQ,True,2026-09-11,259,3.23,361698.8,15.48,145.641,179.617,15.48,120,259,5,Q1 least liquid,
SDRL,NYSE,True,2026-09-11,259,41.13,27955549.7,1.216,36.366,39.546,36.366,215,259,0,Q4,
SDST,NASDAQ,True,2026-09-11,259,2.82,291628.9,17.73,119.83,181.042,119.83,218,259,0,Q1 least liquid,
SEAT,NASDAQ,True,2026-09-11,259,7.35,800872.1,6.803,79.295,85.946,79.295,214,259,0,Q2,
SEB,AMEX,True,2026-09-11,259,4572.58,51933568.3,0.011,34.111,42.377,34.111,222,259,0,Q4,
SECZ,NYSE,True,2026-09-11,259,11.02,4850327.9,4.537,35.594,37.548,35.594,227,259,0,Q3,
SEDG,NASDAQ,True,2026-09-11,259,37.5,121696612.8,1.333,50.186,73.095,50.186,168,259,0,Q5 most liquid,6.175
SEED,NASDAQ,True,2026-09-11,259,1.1409,27681.1,43.825,170.768,170.768,170.768,259,259,0,Q1 least liquid,
SEER,NASDAQ,True,2026-09-11,259,1.94,325590.3,25.773,72.326,72.629,72.326,252,259,0,Q1 least liquid,
SEG,NYSE,True,2026-09-11,259,23.36,1387127.3,2.14,39.828,41.31,39.828,219,259,0,Q2,
SEGG,NASDAQ,True,2026-09-11,259,1.37,386733.6,36.496,0.0,215.73,36.496,98,259,1,Q1 least liquid,
SEI,NYSE,True,2026-09-11,259,53.9,149859362.5,0.928,68.429,83.639,68.429,174,259,0,Q5 most liquid,8.42
SEIC,NASDAQ,True,2026-09-11,259,85.97,57356454.9,0.582,17.996,20.852,17.996,183,259,0,Q4,
SELF,NASDAQ,True,2026-09-11,259,5.1,124244.1,9.804,56.251,56.251,56.251,259,259,0,Q1 least liquid,
SENEA,NASDAQ,True,2026-09-11,259,136.31,11550912.9,0.367,0.0,23.293,0.367,120,259,0,Q3,
SENEB,NASDAQ,True,2026-09-11,259,136.62,0.0,0.366,125.491,136.72,64.658,139,259,0,Q1 least liquid,
SENS,NASDAQ,True,2026-09-11,259,6.51,3037004.4,7.68,0.0,55.427,7.68,129,259,0,Q2,
SEPN,NASDAQ,True,2026-09-11,259,26.35,8086639.4,1.898,0.0,64.829,1.898,62,259,0,Q3,
SER,AMEX,True,2026-09-11,259,2.43,115400.3,20.576,178.482,178.482,168.732,196,259,3,Q1 least liquid,
SERA,NASDAQ,True,2026-09-11,259,2.25,83711.2,22.222,121.54,122.307,116.747,238,259,1,Q1 least liquid,
SERV,NASDAQ,True,2026-09-11,259,9.49,41844767.6,5.269,0.0,55.153,5.269,109,259,0,Q4,
SES,NYSE,True,2026-09-11,259,1.25,10600056.2,40.0,66.491,78.726,66.491,199,259,5,Q3,
SEV,NASDAQ,True,2026-09-11,227,2.54,664227.5,19.685,0.0,48.302,19.685,63,227,1,Q2,
SEVN,NASDAQ,True,2026-09-11,259,8.58,883187.7,5.828,22.721,25.995,22.721,185,259,0,Q2,
SEZL,NASDAQ,True,2026-09-11,259,78.83,58912916.3,0.634,0.0,35.799,0.634,70,259,1,Q4,
SF,NYSE,True,2026-09-11,259,84.05,91992165.4,0.595,27.122,30.058,27.122,192,259,0,Q5 most liquid,3.337
SFBC,NASDAQ,True,2026-09-11,259,44.23,195747.5,1.13,51.768,51.768,51.768,259,259,0,Q1 least liquid,
SFBS,NYSE,True,2026-09-11,259,78.29,19522197.0,0.639,19.453,25.511,19.453,188,259,0,Q3,
SFD,NASDAQ,True,2026-09-11,259,24.08,27203689.7,2.076,19.184,19.783,19.184,244,259,0,Q4,
SFHG,NASDAQ,True,2026-09-11,259,2.19,38270.8,22.831,210.871,219.241,210.871,197,259,1,Q1 least liquid,
SFIX,NASDAQ,True,2026-09-11,259,4.03,7526758.5,12.407,36.338,64.138,36.338,156,259,0,Q3,
SFL,NYSE,True,2026-09-11,259,10.56,12907430.0,4.735,0.0,22.137,4.735,43,259,0,Q3,
SFM,NASDAQ,True,2026-09-11,259,80.84,178230334.3,0.619,0.0,25.795,0.619,70,259,0,Q5 most liquid,0.0
SFNC,NASDAQ,True,2026-09-11,259,20.53,22100418.5,2.435,15.681,24.097,15.681,194,259,0,Q4,
SFST,NASDAQ,True,2026-09-11,259,55.77,4127347.5,0.897,20.979,29.642,20.979,177,259,0,Q3,
SG,NYSE,True,2026-09-11,259,6.82,33560724.3,7.331,21.855,118.641,21.855,149,259,0,Q4,
SGA,NASDAQ,True,2026-09-11,259,11.39,81897.5,4.39,80.484,80.484,80.484,259,259,0,Q1 least liquid,
SGC,NASDAQ,True,2026-09-11,259,10.61,415108.6,4.713,37.956,53.519,37.956,189,259,0,Q2,
SGHC,NYSE,True,2026-09-11,259,12.32,31009155.9,4.058,54.121,55.431,54.121,243,259,0,Q4,
SGHT,NASDAQ,True,2026-09-11,259,5.25,1032234.7,9.524,0.0,42.468,9.524,77,259,1,Q2,
SGI,NYSE,True,2026-09-11,259,80.11,166111535.6,0.624,10.439,30.234,10.439,135,259,1,Q5 most liquid,1.284
SGLY,NASDAQ,True,2026-09-11,259,0.5542,42725.8,90.22,195.853,212.787,195.853,225,259,0,Q1 least liquid,
SGMT,NASDAQ,True,2026-09-11,259,6.92,3914428.2,7.225,0.0,62.323,7.225,42,259,0,Q2,
SGP,NASDAQ,True,2026-09-11,150,24.045,1956302.8,2.079,76.437,77.519,65.947,83,150,0,Q2,
SGRY,NASDAQ,True,2026-09-11,259,15.38,22453874.1,3.251,10.644,57.369,10.644,136,259,0,Q4,
SHAK,NYSE,True,2026-09-11,259,88.03,113250169.8,0.568,0.0,36.253,0.568,105,259,0,Q5 most liquid,0.0
SHAZ,NASDAQ,True,2026-09-11,143,54.0,44543872.1,0.926,77.849,81.638,36.118,78,143,0,Q4,
SHBI,NASDAQ,True,2026-09-11,259,18.9,3713176.7,2.646,26.696,27.652,26.696,214,259,0,Q2,
SHC,NASDAQ,True,2026-09-11,259,16.47,35713603.5,3.036,12.518,28.68,12.518,150,259,1,Q4,
SHEH,ARCA,False,2026-09-11,259,58.58,171800.0,0.854,17.113,19.722,17.113,200,259,0,Q1 least liquid,
SHEN,NASDAQ,True,2026-09-11,259,13.17,4113498.6,3.797,26.869,30.921,26.869,200,259,0,Q3,
SHFS,NASDAQ,True,2026-09-11,259,0.8801,77953.1,56.812,172.559,202.834,172.559,180,259,0,Q1 least liquid,
SHG,NYSE,True,2026-09-11,259,62.16,13640019.4,0.804,12.94,39.295,12.94,149,259,0,Q3,
SHIM,NASDAQ,True,2026-09-11,259,3.59,190647.8,13.928,112.141,114.643,112.141,238,259,0,Q1 least liquid,
SHIP,NASDAQ,True,2026-09-11,259,13.28,2430767.0,3.765,32.328,37.898,32.328,206,259,1,Q2,
SHLS,NASDAQ,True,2026-09-11,259,8.67,39662169.6,5.767,81.809,90.486,81.809,193,259,0,Q4,
SHO,NYSE,True,2026-09-11,259,9.49,16873559.0,5.269,34.791,35.53,34.791,250,259,0,Q3,
SHOE,NASDAQ,True,2026-09-11,259,17.69,8304152.2,2.826,48.678,52.69,48.678,209,259,1,Q3,
SHOO,NASDAQ,True,2026-09-11,259,39.74,42244208.5,1.258,27.764,31.647,27.764,184,259,0,Q4,
SHPH,NASDAQ,True,2026-09-11,259,1.98,199151.3,25.253,211.479,236.155,211.479,197,259,0,Q1 least liquid,
SHW,NYSE,True,2026-09-11,259,335.67,606517928.2,0.149,0.0,26.817,0.149,78,259,0,Q5 most liquid,0.0
SI,NYSE,True,2026-09-11,259,14.68,1026338.1,3.406,65.039,66.345,57.723,206,259,0,Q2,
SIBN,NASDAQ,True,2026-09-11,259,15.72,7835490.1,3.181,10.201,23.234,10.201,141,259,0,Q3,
SID,NYSE,True,2026-09-11,259,1.4,4429988.8,35.714,24.572,33.802,35.714,177,259,0,Q3,
SIDU,NASDAQ,True,2026-09-11,259,2.17,13064501.2,23.041,22.686,170.419,23.041,105,259,1,Q3,
SIEB,NASDAQ,True,2026-09-11,259,2.12,59279.1,23.585,66.525,66.525,66.525,259,259,0,Q1 least liquid,
SIF,AMEX,True,2026-09-11,259,13.64,617492.4,3.666,108.32,111.973,108.32,232,259,0,Q2,
SIG,NYSE,True,2026-09-11,259,90.55,69805409.2,0.552,13.391,37.889,13.391,146,259,0,Q4,
SIGA,NASDAQ,True,2026-09-11,259,5.65,2369532.2,8.85,0.0,17.313,8.85,52,259,0,Q2,
SIGI,NASDAQ,True,2026-09-11,259,83.95,38377753.6,0.596,0.0,24.274,0.596,76,259,0,Q4,
SII,NYSE,True,2026-09-11,259,115.76,19550320.1,0.432,0.0,30.775,0.432,57,259,0,Q3,
SILO,NASDAQ,True,2026-09-11,259,0.4625,105130.9,108.108,148.018,165.297,148.018,197,259,0,Q1 least liquid,
SIM,AMEX,True,2026-09-11,259,29.84,0.0,1.676,177.734,187.928,129.412,161,259,0,Q1 least liquid,
SINT,NASDAQ,True,2026-09-11,259,2.8,96107.0,17.857,134.204,135.178,134.204,256,259,1,Q1 least liquid,
SION,NASDAQ,True,2026-09-11,259,38.08,11539171.3,1.313,0.0,63.27,1.313,118,259,0,Q3,
SIRI,NASDAQ,True,2026-09-11,259,23.08,90715937.9,2.166,0.0,21.454,2.166,92,259,0,Q5 most liquid,0.0
SITE,NYSE,True,2026-09-11,259,127.02,78165802.0,0.394,51.448,53.51,51.448,235,259,0,Q4,
SITM,NASDAQ,True,2026-09-11,259,381.83,152676015.4,0.131,76.762,95.525,76.762,190,259,0,Q5 most liquid,9.445
SJM,NYSE,True,2026-09-11,259,105.26,169970092.6,0.475,28.333,45.737,28.333,204,259,0,Q5 most liquid,3.486
SKE,NYSE,True,2026-09-11,259,27.36,17915201.1,1.827,13.342,45.816,13.342,140,259,0,Q3,
SKIL,NYSE,True,2026-09-11,259,7.61,804329.1,6.57,68.804,102.701,68.804,167,259,0,Q2,
SKIN,NASDAQ,True,2026-09-11,259,1.06,734435.5,47.17,86.167,87.026,86.167,245,259,0,Q2,
SKT,NYSE,True,2026-09-11,259,34.99,27889366.3,1.429,20.602,21.822,20.602,213,259,0,Q4,
SKWD,NASDAQ,True,2026-09-11,259,47.22,19538239.4,1.059,28.825,34.736,28.825,167,259,0,Q3,
SKY,NYSE,True,2026-09-11,259,81.23,50832516.6,0.616,0.0,27.817,0.616,104,259,0,Q4,
SKYA,NASDAQ,True,2026-09-11,259,1.84,507452.5,27.174,0.0,76.1,27.174,107,259,0,Q2,
SKYE,NASDAQ,True,2026-09-11,259,0.8508,202988.8,58.768,142.945,153.524,142.945,230,259,0,Q1 least liquid,
SKYH,NYSE,True,2026-09-11,259,9.75,1137710.0,5.128,45.6,46.056,45.6,256,259,0,Q2,
SKYQ,NASDAQ,True,2026-09-11,259,0.6127,952091.2,81.606,0.0,97.222,81.606,66,259,2,Q2,
SKYW,NASDAQ,True,2026-09-11,259,99.07,30607402.3,0.505,0.0,33.314,0.505,122,259,0,Q4,
SKYX,NASDAQ,True,2026-09-11,259,1.28,1382468.9,39.062,51.699,69.644,51.699,170,259,0,Q2,
SLAB,NASDAQ,True,2026-09-11,259,205.69,55214277.5,0.243,18.257,36.496,18.257,222,259,0,Q4,
SLB,NYSE,True,2026-09-11,259,47.89,657120660.1,1.044,21.113,26.126,21.113,180,259,0,Q5 most liquid,2.598
SLDB,NASDAQ,True,2026-09-11,259,6.57,6728404.3,7.61,0.0,28.341,7.61,32,259,2,Q3,
SLDE,NASDAQ,True,2026-09-11,259,17.9,20237466.6,2.793,20.454,31.442,19.709,164,259,0,Q3,
SLDP,NASDAQ,True,2026-09-11,259,3.49,21748048.4,14.327,89.682,114.136,89.682,182,259,0,Q4,
SLE,NASDAQ,True,2026-09-11,259,3.39,158643.8,14.749,222.995,272.017,222.995,175,259,1,Q1 least liquid,
SLF,NYSE,True,2026-09-11,259,64.56,35136362.9,0.774,0.0,10.64,0.774,120,259,0,Q4,
SLG,NYSE,True,2026-09-11,259,47.86,50948362.5,1.045,22.184,31.279,22.184,179,259,0,Q4,
SLGN,NYSE,True,2026-09-11,259,41.66,39489525.2,1.2,0.0,14.881,1.2,47,259,1,Q4,
SLI,AMEX,True,2026-09-11,259,3.78,7905517.4,13.228,34.881,82.531,34.881,137,259,0,Q3,
SLM,NASDAQ,True,2026-09-11,259,26.11,66389157.2,1.915,40.468,40.492,40.468,258,259,0,Q4,
SLN,NASDAQ,True,2026-09-11,259,6.44,1738498.9,7.764,87.92,91.164,87.92,239,259,0,Q2,
SLND,AMEX,True,2026-09-11,259,1.28,150732.1,39.062,152.742,152.978,152.742,254,259,0,Q1 least liquid,
SLNG,NASDAQ,True,2026-09-11,259,4.62,60127.9,10.823,116.685,116.685,116.685,259,259,1,Q1 least liquid,
SLNH,NASDAQ,True,2026-09-11,259,1.33,11047645.7,37.594,107.069,116.79,82.227,169,259,1,Q3,
SLP,NASDAQ,True,2026-09-11,259,16.77,4833941.2,2.982,30.775,58.159,30.775,189,259,0,Q3,
SLQT,NYSE,True,2026-09-11,259,1.0,1152910.5,50.0,84.394,106.428,84.394,166,259,0,Q2,
SLRC,NASDAQ,True,2026-09-11,259,14.75,4290213.7,3.39,15.995,20.322,15.995,184,259,0,Q3,
SLS,NASDAQ,True,2026-09-11,259,4.67,30441179.6,10.707,64.168,70.733,64.168,199,259,2,Q4,
SLSN,NASDAQ,True,2026-09-11,259,1.32,43952.3,37.879,121.538,133.271,121.538,176,259,0,Q1 least liquid,
SLSR,AMEX,True,2026-09-11,259,8.14,1008703.8,6.143,20.239,67.747,20.239,139,259,0,Q2,
SLVM,NYSE,True,2026-09-11,259,42.69,12793577.6,1.171,39.211,42.62,39.211,204,259,0,Q3,
SLVO,NASDAQ,True,2026-09-11,259,90.32,5669946.5,0.554,6.178,20.668,6.178,132,259,0,Q3,
SM,NYSE,True,2026-09-11,259,26.76,100595729.3,1.868,21.256,37.624,21.256,155,259,0,Q5 most liquid,2.615
SMA,NYSE,True,2026-09-11,259,32.65,21827397.9,1.531,32.679,33.066,32.679,254,259,0,Q4,
SMBC,NASDAQ,True,2026-09-11,259,63.94,4254913.7,0.782,22.335,24.34,22.335,217,259,0,Q3,
SMBK,NYSE,True,2026-09-11,259,40.05,2789059.8,1.248,23.996,28.048,23.996,220,259,0,Q2,
SMC,NYSE,True,2026-09-11,259,28.95,1442289.9,1.727,38.982,44.621,38.982,221,259,0,Q2,
SMCI,NASDAQ,True,2026-09-11,259,32.19,1060884659.1,1.553,0.0,55.001,1.553,84,259,0,Q5 most liquid,0.0
SMG,NYSE,True,2026-09-11,259,61.01,48544184.9,0.82,11.559,19.91,11.559,164,259,0,Q4,
SMHI,NYSE,True,2026-09-11,259,7.27,652443.3,6.878,77.209,78.955,77.209,232,259,0,Q2,
SMID,NASDAQ,True,2026-09-11,259,33.36,280119.1,1.499,120.34,120.34,120.34,259,259,0,Q1 least liquid,
SMJF,AMEX,True,2026-09-11,193,4.81,1188702.0,10.395,158.311,188.765,10.395,94,193,1,Q2,
SMMT,NASDAQ,True,2026-09-11,259,17.04,55003205.8,2.934,0.0,38.882,2.934,103,259,2,Q4,
SMP,NYSE,True,2026-09-11,259,38.67,4771846.7,1.293,22.806,41.053,22.806,187,259,0,Q3,
SMPL,NASDAQ,True,2026-09-11,259,15.49,31312017.3,3.228,52.594,52.594,52.594,259,259,0,Q4,
SMR,NYSE,True,2026-09-11,259,12.79,378297001.6,3.909,66.15,83.94,66.15,162,259,0,Q5 most liquid,8.14
SMRT,NYSE,True,2026-09-11,259,1.45,1356139.8,34.483,114.43,117.442,114.43,234,259,0,Q2,
SMSI,NASDAQ,True,2026-09-11,259,0.7335,76161.4,68.166,135.69,135.926,135.69,254,259,0,Q1 least liquid,
SMTC,NASDAQ,True,2026-09-11,259,86.5,174056946.3,0.578,84.772,87.937,84.772,225,259,0,Q5 most liquid,10.431
SMTI,NASDAQ,True,2026-09-11,259,23.45,1079638.6,2.132,39.669,68.423,39.669,174,259,0,Q2,
SMTK,NASDAQ,True,2026-09-11,259,0.3872,133754.7,129.132,268.367,268.876,241.18,192,259,1,Q1 least liquid,
SMWB,NYSE,True,2026-09-11,259,6.83,2646910.9,7.321,58.36,83.386,58.36,158,259,0,Q2,
SMXT,NASDAQ,True,2026-09-11,259,0.7669,98513.8,65.198,107.261,163.887,107.261,171,259,0,Q1 least liquid,
SN,NYSE,True,2026-09-11,259,115.54,194900045.4,0.433,56.159,59.694,56.159,197,259,0,Q5 most liquid,6.91
SNA,NYSE,True,2026-09-11,259,369.1,115824521.7,0.135,20.754,22.066,20.754,229,259,0,Q5 most liquid,2.554
SNAL,NASDAQ,True,2026-09-11,259,0.88,65164.7,56.818,155.156,166.628,145.506,157,259,1,Q1 least liquid,
SNAP,NYSE,True,2026-09-11,259,5.76,267738762.2,8.681,34.611,55.897,34.611,163,259,0,Q5 most liquid,4.259
SND,NASDAQ,True,2026-09-11,259,4.61,1279999.2,10.846,40.206,54.264,40.206,174,259,0,Q2,
SNDK,NASDAQ,True,2026-09-11,259,635.36,12013522274.6,0.079,116.52,122.546,116.52,225,259,0,Q5 most liquid,14.337
SNDR,NYSE,True,2026-09-11,259,28.58,25386857.8,1.749,42.348,48.096,42.348,199,259,0,Q4,
SNDX,NASDAQ,True,2026-09-11,259,20.23,30426610.6,2.472,41.904,45.199,41.904,197,259,0,Q4,
SNES,NASDAQ,True,2026-09-11,259,1.86,89687.1,26.882,127.878,129.916,127.878,233,259,3,Q1 least liquid,
SNEX,NASDAQ,True,2026-09-11,259,100.78,52147180.6,0.496,0.0,44.303,0.496,115,259,0,Q4,
SNFCA,NASDAQ,True,2026-09-11,259,9.03,238495.5,5.537,51.062,51.062,51.062,259,259,0,Q1 least liquid,
SNGX,NASDAQ,True,2026-09-11,259,1.17,275304.1,42.735,0.0,107.209,42.735,95,259,2,Q1 least liquid,
SNN,NYSE,True,2026-09-11,259,32.78,29036764.9,1.525,19.033,32.799,19.033,153,259,0,Q4,
SNOA,NASDAQ,True,2026-09-11,259,2.606,75746.6,19.186,98.672,104.56,98.672,197,259,1,Q1 least liquid,
SNOW,NYSE,True,2026-09-11,259,225.85,1090222828.8,0.221,0.0,50.328,0.221,44,259,0,Q5 most liquid,0.0
SNPS,NASDAQ,True,2026-09-11,259,445.72,852524432.5,0.112,0.0,35.87,0.112,84,259,0,Q5 most liquid,0.0
SNTI,NASDAQ,True,2026-09-11,259,1.0,160145.2,50.0,106.356,111.612,106.356,218,259,1,Q1 least liquid,
SNWV,NASDAQ,True,2026-09-11,259,22.47,1390760.1,2.225,66.42,84.918,66.42,198,259,0,Q2,
SNX,NYSE,True,2026-09-11,259,161.54,121596932.9,0.31,36.391,39.862,36.391,206,259,0,Q5 most liquid,4.478
SNY,NASDAQ,True,2026-09-11,259,46.62,123167328.2,1.073,19.235,23.86,19.235,175,259,0,Q5 most liquid,2.367
SNYR,NASDAQ,True,2026-09-11,259,1.31,89472.1,38.168,136.295,156.043,136.295,212,259,0,Q1 least liquid,
SO,NYSE,True,2026-09-11,259,93.1,485000143.2,0.537,17.161,17.624,17.161,243,259,0,Q5 most liquid,2.112
SOAR,AMEX,True,2026-09-11,259,0.32,500950.9,156.25,154.707,222.166,156.25,219,259,0,Q2,
SOBO,NYSE,True,2026-09-11,259,32.21,24160828.4,1.552,18.028,19.04,18.028,228,259,0,Q4,
SOBR,NASDAQ,True,2026-09-11,259,1.11,101589.3,45.045,0.0,158.498,45.045,106,259,2,Q1 least liquid,
SOC,NYSE,True,2026-09-11,259,10.12,51684286.5,4.941,0.0,114.896,4.941,32,259,0,Q4,
SOCA,NASDAQ,True,2026-09-11,256,10.14,1930.2,4.931,12.602,12.807,11.23,185,256,0,Q1 least liquid,
SOFI,NASDAQ,True,2026-09-11,259,18.9,1308143727.0,2.646,3.902,39.113,3.902,130,259,0,Q5 most liquid,0.48
SOLS,NASDAQ,True,2026-09-11,225,63.42,150260001.8,0.788,0.0,58.149,0.788,40,225,0,Q5 most liquid,0.0
SOLV,NYSE,True,2026-09-11,259,75.95,86408669.5,0.658,26.171,29.57,26.171,187,259,0,Q4,
SON,NYSE,True,2026-09-11,259,49.52,50844521.9,1.01,0.0,12.496,1.01,94,259,0,Q4,
SONM,NASDAQ,True,2026-09-11,259,4.08,116196.3,12.255,167.161,202.08,167.161,163,259,1,Q1 least liquid,
SONO,NASDAQ,True,2026-09-11,259,15.4,23344692.2,3.247,25.055,34.263,25.055,184,259,0,Q4,
SOR,NYSE,True,2026-09-11,259,46.1385,456043.7,1.084,45.173,45.173,45.173,259,259,0,Q2,
SOS,NYSE,True,2026-09-11,259,1.22,42019.2,40.984,235.179,235.754,235.179,254,259,1,Q1 least liquid,
SOTK,NASDAQ,True,2026-09-11,259,4.33,107196.8,11.547,105.881,105.881,105.881,259,259,0,Q1 least liquid,
SOUL,NYSE,True,2026-09-11,259,10.25,110019.7,4.878,9.62,9.789,9.62,254,259,0,Q1 least liquid,
SOUN,NASDAQ,True,2026-09-11,259,8.36,237530032.7,5.981,21.137,48.712,21.137,144,259,1,Q5 most liquid,2.601
SOWG,NASDAQ,True,2026-09-11,259,0.7667,51727.8,65.215,167.596,220.701,167.596,202,259,0,Q1 least liquid,
SPAI,NASDAQ,True,2026-09-11,259,4.69,910128.2,10.661,100.563,100.563,100.563,259,259,0,Q2,
SPB,NYSE,True,2026-09-11,259,75.53,23398140.1,0.662,0.0,30.562,0.662,114,259,1,Q4,
SPCB,NASDAQ,True,2026-09-11,259,9.98,681564.0,5.01,55.902,58.127,55.902,225,259,1,Q2,
SPCE,NYSE,True,2026-09-11,259,3.07,15877797.5,16.287,0.0,34.269,16.287,46,259,0,Q3,
SPFI,NASDAQ,True,2026-09-11,259,40.99,3392285.2,1.22,30.859,42.122,30.859,136,259,0,Q2,
SPG,NYSE,True,2026-09-11,259,194.04,281790310.3,0.258,17.113,18.758,17.113,228,259,0,Q5 most liquid,2.106
SPGI,NYSE,True,2026-09-11,259,441.88,816874382.2,0.113,0.0,14.572,0.113,105,259,0,Q5 most liquid,0.0
SPH,NYSE,True,2026-09-11,259,18.81,2389875.8,2.658,32.401,32.401,32.401,259,259,0,Q2,
SPHR,NYSE,True,2026-09-11,259,113.79,81506706.8,0.439,51.817,58.914,51.817,199,259,0,Q4,
SPIR,NYSE,True,2026-09-11,259,11.88,7280834.9,4.209,54.4,90.324,54.4,185,259,1,Q3,
SPKL,NASDAQ,True,2026-09-11,259,11.39,50792.3,4.39,41.628,42.544,41.628,232,259,0,Q1 least liquid,
SPMC,NYSE,True,2026-09-11,259,11.17,292998.1,4.476,19.287,28.312,19.287,163,259,0,Q1 least liquid,
SPNT,NYSE,True,2026-09-11,259,21.49,13768839.4,2.327,18.659,28.558,18.659,177,259,0,Q3,
SPOK,NASDAQ,True,2026-09-11,259,12.13,1819188.9,4.122,0.0,13.356,4.122,36,259,0,Q2,
SPOT,NYSE,True,2026-09-11,259,518.0,922678296.0,0.097,0.0,19.744,0.097,24,259,0,Q5 most liquid,0.0
SPRB,NASDAQ,True,2026-09-11,259,58.73,2847341.9,0.851,84.259,84.287,74.749,185,259,3,Q2,
SPRO,NASDAQ,True,2026-09-11,259,2.32,861713.1,21.552,63.473,67.075,63.473,214,259,0,Q2,
SPRU,NYSE,True,2026-09-11,259,3.04,182565.6,16.447,79.947,85.933,79.947,224,259,0,Q1 least liquid,
SPRY,NASDAQ,True,2026-09-11,259,8.96,13844287.0,5.58,36.403,46.284,36.403,190,259,0,Q3,
SPSC,NASDAQ,True,2026-09-11,259,77.23,38295519.1,0.647,26.577,31.696,26.577,194,259,0,Q4,
SPT,NASDAQ,True,2026-09-11,259,8.82,11779086.5,5.669,47.402,54.166,47.402,202,259,0,Q3,
SPWH,NASDAQ,True,2026-09-11,259,1.39,535301.1,35.971,0.0,41.861,35.971,108,259,1,Q2,
SPWR,NASDAQ,True,2026-09-11,259,1.3,1925346.0,38.462,91.788,99.483,91.788,192,259,1,Q2,
SPXC,NYSE,True,2026-09-11,259,210.34,83282331.1,0.238,0.0,32.837,0.238,125,259,0,Q4,
SQM,NYSE,True,2026-09-11,259,72.78,78950538.6,0.687,0.0,40.551,0.687,115,259,0,Q4,
SR,NYSE,True,2026-09-11,259,83.59,33678184.3,0.598,29.56,29.797,29.56,249,259,0,Q4,
SRBK,NASDAQ,True,2026-09-11,259,17.02,491615.8,2.938,26.573,26.573,26.573,259,259,0,Q2,
SRCE,NASDAQ,True,2026-09-11,259,68.65,7637606.1,0.728,29.021,33.047,29.021,165,259,0,Q3,
SRE,NYSE,True,2026-09-11,259,91.42,310613844.6,0.547,21.48,22.113,21.48,240,259,0,Q5 most liquid,2.643
SRFM,NYSE,True,2026-09-11,259,1.86,4666383.8,26.882,16.714,86.195,26.882,135,259,0,Q3,
SRG,NYSE,True,2026-09-11,259,2.84,503210.0,17.606,34.905,45.267,34.905,168,259,0,Q2,
SRI,NYSE,True,2026-09-11,259,7.04,1117952.9,7.102,30.539,38.439,30.539,174,259,0,Q2,
SRPT,NASDAQ,True,2026-09-11,259,18.92,58711415.0,2.643,37.516,131.004,37.516,136,259,1,Q4,
SRRK,NASDAQ,True,2026-09-11,259,45.67,55138546.4,1.095,31.783,52.086,31.783,154,259,0,Q4,
SRTA,NASDAQ,True,2026-09-11,259,5.07,4224006.3,9.862,63.043,65.181,63.043,227,259,0,Q3,
SRTS,NASDAQ,True,2026-09-11,259,3.52,183386.7,14.205,47.803,69.042,47.803,153,259,1,Q1 least liquid,
SRXH,AMEX,True,2026-09-11,259,0.228,1950232.0,219.298,223.494,636.532,223.494,198,259,1,Q2,
SRZN,NASDAQ,True,2026-09-11,259,22.6,2041272.2,2.212,124.07,124.07,124.07,259,259,0,Q2,
SSB,NYSE,True,2026-09-11,259,97.82,74046330.9,0.511,26.573,27.016,26.573,249,259,0,Q4,
SSBI,NASDAQ,False,2026-09-11,259,13.0,45581.8,3.846,59.68,59.68,59.68,259,259,0,Q1 least liquid,
SSD,NYSE,True,2026-09-11,259,182.48,46701083.5,0.274,6.281,18.206,6.281,135,259,0,Q4,
SSII,NASDAQ,True,2026-09-11,259,4.76,280299.6,10.504,140.109,140.87,140.109,247,259,0,Q1 least liquid,
SSL,NYSE,True,2026-09-11,259,9.35,12883178.7,5.348,0.0,48.715,5.348,48,259,0,Q3,
SSNC,NASDAQ,True,2026-09-11,259,79.54,132715560.0,0.629,3.143,19.597,3.143,131,259,0,Q5 most liquid,0.387
SSP,NASDAQ,True,2026-09-11,259,3.39,1900877.6,14.749,0.0,88.055,14.749,101,259,0,Q2,
SSRM,NASDAQ,True,2026-09-11,259,26.59,80775206.8,1.88,19.188,73.538,19.188,141,259,0,Q4,
SST,NYSE,True,2026-09-11,259,3.53,134527.3,14.164,120.494,132.751,120.494,204,259,0,Q1 least liquid,
SSTI,NASDAQ,True,2026-09-11,259,7.59,886174.1,6.588,94.249,105.883,94.249,239,259,0,Q2,
SSTK,NYSE,True,2026-09-11,259,17.27,4886244.7,2.895,50.635,53.313,50.635,209,259,0,Q3,
SSYS,NASDAQ,True,2026-09-11,259,8.95,6716080.2,5.587,39.219,69.272,39.219,133,259,0,Q3,
ST,NYSE,True,2026-09-11,259,35.99,57232317.0,1.389,35.761,40.47,35.761,181,259,0,Q4,
STAA,NASDAQ,True,2026-09-11,259,25.26,21446190.8,1.979,87.019,105.162,87.019,195,259,0,Q4,
STAG,NYSE,True,2026-09-11,259,38.04,49510277.1,1.314,17.238,17.932,17.238,237,259,0,Q4,
STBA,NASDAQ,True,2026-09-11,259,42.96,9357120.2,1.164,19.298,21.224,19.298,202,259,0,Q3,
STC,NYSE,True,2026-09-11,259,68.65,12830665.8,0.728,24.98,38.73,24.98,165,259,0,Q3,
STE,NYSE,True,2026-09-11,259,236.77,153414042.6,0.211,0.0,29.102,0.211,86,259,0,Q5 most liquid,0.0
STEM,NYSE,True,2026-09-11,259,11.13,1769394.4,4.492,0.0,51.04,4.492,83,259,0,Q2,
STEP,NASDAQ,True,2026-09-11,259,54.58,44243973.9,0.916,0.0,43.04,0.916,72,259,0,Q4,
STEX,NASDAQ,True,2026-09-11,259,2.06,2352862.5,24.272,73.668,97.166,73.668,189,259,0,Q2,
STGW,NASDAQ,True,2026-09-11,259,6.15,8176792.4,8.13,50.565,55.908,50.565,251,259,0,Q3,
STHH,ARCA,False,2026-09-11,259,56.8772,32910.6,0.879,0.0,41.755,0.879,120,259,0,Q1 least liquid,
STHO,NASDAQ,True,2026-09-11,259,8.42,220554.4,5.938,57.562,57.562,57.562,259,259,0,Q1 least liquid,
STI,NASDAQ,True,2026-09-11,259,7.09,516811.1,7.052,56.803,86.249,7.052,121,259,1,Q2,
STIM,NASDAQ,True,2026-09-11,259,1.69,2596558.9,29.586,37.097,83.791,37.097,135,259,0,Q2,
STKS,NASDAQ,True,2026-09-11,259,1.9,52358.4,26.316,123.871,127.882,123.871,210,259,0,Q1 least liquid,
STLA,NYSE,True,2026-09-11,259,7.84,134049908.3,6.378,0.0,22.442,6.378,86,259,0,Q5 most liquid,0.0
STLD,NASDAQ,True,2026-09-11,259,189.98,222225060.0,0.263,18.591,24.542,18.591,182,259,0,Q5 most liquid,2.288
STLN,NASDAQ,True,2026-09-11,259,3.76,6407874.9,13.298,49.609,55.414,49.609,234,259,0,Q3,
STM,NYSE,True,2026-09-11,259,33.46,273944824.7,1.494,26.842,35.685,26.842,181,259,0,Q5 most liquid,3.303
STN,NYSE,True,2026-09-11,259,90.92,25459209.2,0.55,42.907,46.36,42.907,227,259,0,Q4,
STNG,NYSE,True,2026-09-11,259,71.8,59944356.4,0.696,0.0,27.037,0.696,78,259,0,Q4,
STOK,NASDAQ,True,2026-09-11,259,31.36,20916480.0,1.594,47.966,52.516,47.966,213,259,0,Q4,
STRA,NASDAQ,True,2026-09-11,259,80.84,17227866.2,0.619,26.261,30.881,26.261,188,259,0,Q3,
STRL,NASDAQ,True,2026-09-11,259,420.22,228386803.7,0.119,0.0,55.587,0.119,129,259,0,Q5 most liquid,0.0
STRO,NASDAQ,True,2026-09-11,259,20.45,2767260.0,2.445,82.105,90.352,82.105,234,259,0,Q2,
STRR,NASDAQ,True,2026-09-11,259,10.4398,64316.3,4.789,113.346,113.346,113.346,259,259,1,Q1 least liquid,
STRT,NASDAQ,True,2026-09-11,259,77.6,4766054.6,0.644,0.0,69.766,0.644,121,259,0,Q3,
STRW,AMEX,True,2026-09-11,259,12.98,334699.1,3.852,75.545,75.545,75.545,259,259,0,Q1 least liquid,
STT,NYSE,True,2026-09-11,259,131.43,263572600.6,0.38,7.777,25.22,7.777,137,259,0,Q5 most liquid,0.957
STTK,NASDAQ,True,2026-09-11,259,4.64,2689041.6,10.776,46.465,55.785,46.465,180,259,0,Q2,
STUB,NYSE,True,2026-09-11,248,10.155,40648452.2,4.924,80.373,89.34,43.346,137,248,0,Q4,
STVN,NYSE,True,2026-09-11,259,19.8,7414758.5,2.525,76.148,76.148,76.148,259,259,0,Q3,
STX,NASDAQ,True,2026-09-11,259,411.23,1621474470.7,0.122,40.979,49.089,40.979,191,259,0,Q5 most liquid,5.042
STXS,AMEX,True,2026-09-11,259,2.03,899058.0,24.631,53.308,55.884,53.308,233,259,0,Q2,
STZ,NYSE,True,2026-09-11,259,141.33,312177607.6,0.354,0.0,28.619,0.354,129,259,0,Q5 most liquid,0.0
SU,NYSE,True,2026-09-11,259,55.99,220604928.0,0.893,0.0,29.76,0.893,127,259,0,Q5 most liquid,0.0
SUI,NYSE,True,2026-09-11,259,125.47,102988433.8,0.399,34.227,34.227,34.227,259,259,0,Q5 most liquid,4.212
SUIG,NASDAQ,True,2026-09-11,259,1.51,776332.3,33.113,34.659,60.31,34.659,146,259,0,Q2,
SUN,NYSE,True,2026-09-11,259,63.12,27169581.6,0.792,39.633,39.633,39.633,259,259,0,Q4,
SUNB,NYSE,True,2026-09-11,135,73.82,200373276.5,0.677,7.933,19.802,0.677,39,135,0,Q5 most liquid,0.976
SUNC,NYSE,True,2026-09-11,212,62.105,30112828.9,0.805,34.483,34.483,30.248,150,212,0,Q4,
SUNE,NASDAQ,True,2026-09-11,259,1.46,209362.6,34.247,0.0,72.199,34.247,112,259,4,Q1 least liquid,
SUPN,NASDAQ,True,2026-09-11,259,48.27,30243510.2,1.036,24.296,32.237,24.296,189,259,0,Q4,
SUPV,NYSE,True,2026-09-11,259,9.53,9382646.6,5.247,75.332,83.002,75.332,170,259,0,Q3,
SURG,NASDAQ,True,2026-09-11,259,0.84,180149.4,59.524,170.912,180.944,170.912,189,259,0,Q1 least liquid,
SVC,NASDAQ,True,2026-09-11,259,2.09,5178448.0,23.923,58.22,83.766,58.22,176,259,0,Q3,
SVCO,NASDAQ,True,2026-09-11,259,6.04,1461787.2,8.278,0.0,41.997,8.278,71,259,0,Q2,
SVRA,NASDAQ,True,2026-09-11,259,5.36,7345645.9,9.328,49.146,49.784,49.146,247,259,1,Q3,
SVRN,NASDAQ,True,2026-09-11,259,1.46,163229.4,34.247,0.0,202.317,34.247,95,259,2,Q1 least liquid,
SVV,NYSE,True,2026-09-11,259,9.7,9569465.4,5.155,25.16,58.515,25.16,141,259,0,Q3,
SW,NYSE,True,2026-09-11,259,42.23,203021397.0,1.184,0.0,40.611,1.184,109,259,0,Q5 most liquid,0.0
SWAG,NASDAQ,True,2026-09-11,259,1.83,84088.6,27.322,105.353,112.928,105.353,201,259,0,Q1 least liquid,
SWBI,NASDAQ,True,2026-09-11,259,12.72,6331953.7,3.931,0.0,17.512,3.931,17,259,0,Q3,
SWIM,NASDAQ,True,2026-09-11,259,6.45,3945755.7,7.752,38.391,51.816,38.391,174,259,0,Q3,
SWK,NYSE,True,2026-09-11,259,78.16,135148078.6,0.64,20.419,39.744,20.419,142,259,0,Q5 most liquid,2.512
SWKS,NASDAQ,True,2026-09-11,259,66.31,221553041.2,0.754,53.416,53.435,53.416,256,259,0,Q5 most liquid,6.573
SWMR,NASDAQ,True,2026-09-11,124,39.625,17952133.6,1.262,0.0,70.483,1.262,26,124,0,Q3,
SWX,NYSE,True,2026-09-11,259,86.9,37895157.6,0.575,29.076,29.108,29.076,258,259,0,Q4,
SXC,NYSE,True,2026-09-11,259,7.89,8981149.3,6.337,46.103,47.128,46.103,243,259,0,Q3,
SXI,NYSE,True,2026-09-11,259,254.21,37779510.4,0.197,36.33,43.196,36.33,178,259,0,Q4,
SXT,NYSE,True,2026-09-11,259,97.65,34920643.8,0.512,0.0,54.14,0.512,121,259,0,Q4,
SXTP,NASDAQ,True,2026-09-11,259,1.47,95606.7,34.014,88.666,139.414,88.666,153,259,0,Q1 least liquid,
SYBT,NASDAQ,True,2026-09-11,259,70.15,10086701.1,0.713,22.535,23.743,22.535,218,259,0,Q3,
SYF,NYSE,True,2026-09-11,259,74.53,254775990.8,0.671,9.602,25.437,9.602,137,259,0,Q5 most liquid,1.181
SYK,NYSE,True,2026-09-11,259,349.56,694927859.0,0.143,0.0,12.268,0.143,65,259,0,Q5 most liquid,0.0
SYM,NASDAQ,True,2026-09-11,259,53.73,91270330.4,0.931,0.0,36.58,0.931,107,259,0,Q5 most liquid,0.0
SYNA,NASDAQ,True,2026-09-11,259,82.93,52017286.1,0.603,37.326,42.521,37.326,209,259,0,Q4,
SYNX,AMEX,True,2026-09-11,259,1.105,47021.7,45.249,156.818,156.818,156.818,259,259,0,Q1 least liquid,
SYPR,NASDAQ,True,2026-09-11,259,2.32,133071.8,21.552,87.084,87.798,87.084,253,259,0,Q1 least liquid,
SYRE,NASDAQ,True,2026-09-11,259,42.31,34398492.8,1.182,39.305,46.136,39.305,210,259,2,Q4,
SYY,NYSE,True,2026-09-11,259,79.69,251327401.6,0.627,5.156,16.894,5.156,143,259,0,Q5 most liquid,0.634
T,NYSE,True,2026-09-11,259,25.47,1030326050.0,1.963,20.32,22.517,20.32,186,259,0,Q5 most liquid,2.5
TAC,NYSE,True,2026-09-11,259,13.25,18169890.0,3.774,18.916,32.522,18.916,154,259,0,Q3,
TACT,NASDAQ,True,2026-09-11,259,4.39,148926.1,11.39,71.551,71.838,71.551,255,259,0,Q1 least liquid,
TAL,NYSE,True,2026-09-11,259,11.1,38620668.8,4.505,51.628,72.235,51.628,184,259,0,Q4,
TALO,NYSE,True,2026-09-11,259,13.27,24415378.2,3.768,26.061,41.649,26.061,177,259,0,Q4,
TAOX,NASDAQ,True,2026-09-11,259,4.9,692522.6,10.204,94.543,104.516,94.543,200,259,1,Q2,
TAP,NYSE,True,2026-09-11,259,44.46,125052176.0,1.125,19.96,21.82,19.96,202,259,0,Q5 most liquid,2.456
TARA,NASDAQ,True,2026-09-11,259,5.11,2631618.8,9.785,65.258,66.936,65.258,251,259,2,Q2,
TARS,NASDAQ,True,2026-09-11,259,67.72,38279379.9,0.738,0.0,33.913,0.738,98,259,0,Q4,
TASK,NASDAQ,True,2026-09-11,259,10.38,3916991.5,4.817,18.572,37.727,18.572,159,259,0,Q3,
TAYD,NASDAQ,True,2026-09-11,259,54.81,1439468.2,0.912,52.643,69.749,52.643,181,259,0,Q2,
TBBB,NYSE,True,2026-09-11,259,35.37,19175878.8,1.414,11.461,31.856,11.461,140,259,0,Q3,
TBBK,NASDAQ,True,2026-09-11,259,64.41,29632200.2,0.776,0.0,34.665,0.776,74,259,0,Q4,
TBCH,NASDAQ,True,2026-09-11,259,12.88,3219458.8,3.882,39.332,45.625,39.332,210,259,1,Q2,
TBI,NYSE,True,2026-09-11,259,5.5,1303810.2,9.091,58.669,67.771,58.669,212,259,0,Q2,
TBLD,NASDAQ,True,2026-09-11,259,21.45,1266986.2,2.331,38.764,38.764,38.764,259,259,0,Q2,
TBN,NYSE,True,2026-09-11,259,31.0,2653134.1,1.613,31.027,54.259,31.027,153,259,0,Q2,
TCBI,NASDAQ,True,2026-09-11,259,97.45,41493981.5,0.513,11.796,16.674,11.796,167,259,0,Q4,
TCBK,NASDAQ,True,2026-09-11,259,49.48,6492935.2,1.011,25.192,28.57,25.192,207,259,0,Q3,
TCBS,NASDAQ,True,2026-09-11,259,16.8,17748.9,2.976,81.765,81.765,81.765,259,259,0,Q1 least liquid,
TCBX,NYSE,True,2026-09-11,259,39.41,3038520.8,1.269,22.09,24.988,22.09,202,259,0,Q2,
TCI,NYSE,True,2026-09-11,259,43.75,128006.4,1.143,92.518,94.709,92.518,229,259,0,Q1 least liquid,
TCMD,NASDAQ,True,2026-09-11,259,25.73,6664540.3,1.943,0.0,133.019,1.943,77,259,0,Q3,
TCPC,NASDAQ,True,2026-09-11,259,4.34,3513797.6,11.521,0.0,24.266,11.521,72,259,0,Q2,
TCRT,NASDAQ,True,2026-09-11,259,2.64,46372.4,18.939,124.848,126.394,124.848,228,259,0,Q1 least liquid,
TCRX,NASDAQ,True,2026-09-11,259,1.05,584504.5,47.619,80.176,95.443,80.176,190,259,0,Q2,
TCX,NASDAQ,True,2026-09-11,259,17.63,428763.6,2.836,34.007,59.631,34.007,178,259,0,Q2,
TD,NYSE,True,2026-09-11,259,95.82,198344531.6,0.522,19.398,28.372,19.398,190,259,0,Q5 most liquid,2.387
TDAY,NYSE,True,2026-09-11,259,6.29,10095909.3,7.949,45.252,49.642,45.252,218,259,1,Q3,
TDC,NYSE,True,2026-09-11,259,28.3,49776242.6,1.767,8.841,33.558,8.841,138,259,0,Q4,
TDG,NYSE,True,2026-09-11,259,1283.81,415819865.2,0.039,22.996,27.787,22.996,155,259,0,Q5 most liquid,2.83
TDOC,NYSE,True,2026-09-11,259,7.0,32538423.4,7.143,0.0,44.178,7.143,127,259,0,Q4,
TDS,NYSE,True,2026-09-11,259,39.38,36746692.7,1.27,34.818,34.818,34.818,259,259,0,Q4,
TDUP,NASDAQ,True,2026-09-11,259,5.37,10578753.9,9.311,4.046,58.08,9.311,117,259,1,Q3,
TDW,NYSE,True,2026-09-11,259,71.15,46936799.2,0.703,73.685,76.745,73.685,216,259,0,Q4,
TDY,NYSE,True,2026-09-11,259,617.97,182042709.6,0.081,26.384,28.303,26.384,204,259,0,Q5 most liquid,3.246
TE,NYSE,True,2026-09-11,259,5.47,101043606.3,9.141,54.473,90.199,54.473,156,259,0,Q5 most liquid,6.703
TEAD,NASDAQ,True,2026-09-11,259,0.7887,314650.3,63.395,143.021,152.223,143.021,197,259,0,Q1 least liquid,
TEAM,NASDAQ,True,2026-09-11,259,118.06,461762523.2,0.424,0.0,42.51,0.424,100,259,0,Q5 most liquid,0.0
TECH,NASDAQ,True,2026-09-11,259,59.24,131924277.4,0.844,36.235,54.444,36.235,175,259,0,Q5 most liquid,4.459
TECK,NYSE,True,2026-09-11,259,55.01,193648743.0,0.909,45.071,51.196,45.071,209,259,0,Q5 most liquid,5.546
TECX,NASDAQ,True,2026-09-11,259,27.29,6312937.6,1.832,43.706,138.206,43.706,172,259,2,Q3,
TEL,NYSE,True,2026-09-11,259,215.91,438004354.2,0.232,0.0,36.755,0.232,128,259,0,Q5 most liquid,0.0
TELA,NASDAQ,True,2026-09-11,259,0.905,97573.1,55.249,136.685,136.685,136.685,259,259,0,Q1 least liquid,
TELO,NASDAQ,True,2026-09-11,259,1.3,143999.7,38.462,95.553,97.367,95.553,230,259,0,Q1 least liquid,
TEM,NASDAQ,True,2026-09-11,259,58.55,317948738.4,0.854,58.745,61.776,58.745,235,259,0,Q5 most liquid,7.228
TEN,NYSE,True,2026-09-11,259,35.3,8910076.1,1.416,0.0,30.31,1.416,114,259,0,Q3,
TENB,NASDAQ,True,2026-09-11,259,26.65,52016316.5,1.876,21.158,41.032,21.158,156,259,0,Q4,
TENX,NASDAQ,True,2026-09-11,259,11.95,4091537.5,4.184,89.353,94.588,74.077,216,259,2,Q3,
TEO,NYSE,True,2026-09-11,259,11.86,2971275.5,4.216,35.362,48.162,35.362,191,259,0,Q2,
TER,NASDAQ,True,2026-09-11,259,305.53,846295094.4,0.164,58.774,65.332,58.774,223,259,0,Q5 most liquid,7.232
TEX,NYSE,True,2026-09-11,259,60.05,67173995.4,0.833,12.876,26.826,12.876,135,259,0,Q4,
TFC,NYSE,True,2026-09-11,259,49.53,374743938.3,1.009,23.471,24.558,23.471,234,259,0,Q5 most liquid,2.888
TFII,NYSE,True,2026-09-11,259,115.17,36438123.8,0.434,32.891,38.498,32.891,205,259,0,Q4,
TFIN,NYSE,True,2026-09-11,259,64.0,14121483.6,0.781,34.882,40.329,34.882,177,259,0,Q3,
TFPM,NYSE,True,2026-09-11,259,31.98,18723949.3,1.563,43.775,45.956,43.775,230,259,0,Q3,
TFSL,NASDAQ,True,2026-09-11,259,14.41,10510872.7,3.47,12.303,13.733,12.303,207,259,0,Q3,
TFX,NYSE,True,2026-09-11,259,125.1,78842590.8,0.4,15.668,45.803,15.668,140,259,0,Q4,
TG,NYSE,True,2026-09-11,259,7.88,1128801.6,6.345,0.0,29.055,6.345,106,259,0,Q2,
TGB,AMEX,True,2026-09-11,259,6.83,34462570.6,7.321,0.0,40.476,7.321,30,259,0,Q4,
TGE,NYSE,True,2026-09-11,259,1.13,64454.6,44.248,246.632,246.632,246.632,259,259,0,Q1 least liquid,
TGEN,AMEX,True,2026-09-11,259,4.82,1870062.5,10.373,116.961,118.108,116.961,256,259,0,Q2,
TGL,NASDAQ,True,2026-09-11,259,3.84,222471.4,13.021,130.308,182.267,130.308,162,259,2,Q1 least liquid,
TGLS,NYSE,True,2026-09-11,259,46.01,14922743.8,1.087,26.858,32.852,26.858,193,259,0,Q3,
TGS,NYSE,True,2026-09-11,259,30.01,7507757.6,1.666,0.0,28.643,1.666,123,259,0,Q3,
TGT,NYSE,True,2026-09-11,259,116.44,625105835.9,0.429,11.132,34.174,11.132,143,259,0,Q5 most liquid,1.37
TGTX,NASDAQ,True,2026-09-11,259,34.02,61718609.3,1.47,0.0,49.285,1.47,129,259,1,Q4,
TH,NASDAQ,True,2026-09-11,259,8.915,4893525.0,5.609,44.922,51.538,44.922,201,259,0,Q3,
THC,NYSE,True,2026-09-11,259,198.76,209677699.0,0.252,9.798,38.599,9.798,138,259,0,Q5 most liquid,1.206
THFF,NASDAQ,True,2026-09-11,259,64.94,4584691.1,0.77,17.664,18.932,17.664,229,259,0,Q3,
THG,NYSE,True,2026-09-11,259,181.31,49726857.7,0.276,12.923,26.841,12.923,148,259,0,Q4,
THM,AMEX,True,2026-09-11,259,2.19,1947360.2,22.831,112.465,126.918,112.465,211,259,0,Q2,
THO,NYSE,True,2026-09-11,259,85.89,53899503.1,0.582,38.904,43.676,38.904,191,259,0,Q4,
THRM,NASDAQ,True,2026-09-11,259,35.57,7612664.5,1.406,18.04,23.048,18.04,190,259,0,Q3,
THRY,NASDAQ,True,2026-09-11,259,3.97,3425438.5,12.594,0.0,48.094,12.594,101,259,0,Q2,
TIC,NYSE,True,2026-09-11,259,9.49,20838463.3,5.269,20.093,42.235,20.093,152,259,0,Q4,
TIGO,NASDAQ,True,2026-09-11,259,72.02,81786447.2,0.694,27.331,34.42,27.331,174,259,0,Q4,
TII,AMEX,True,2026-09-11,201,2.69,722860.7,18.587,26.151,190.551,18.587,75,201,0,Q2,
TIL,NASDAQ,True,2026-09-11,259,8.18,286006.4,6.112,77.215,77.674,77.215,255,259,0,Q1 least liquid,
TILE,NASDAQ,True,2026-09-11,259,28.73,13210268.9,1.74,22.82,32.881,22.82,163,259,0,Q3,
TIPT,NASDAQ,True,2026-09-11,259,17.78,3750529.1,2.812,24.064,26.967,24.064,221,259,0,Q2,
TISI,NYSE,True,2026-09-11,259,16.1,111248.6,3.106,111.149,111.149,111.149,259,259,0,Q1 least liquid,
TITN,NASDAQ,True,2026-09-11,259,18.29,3066699.6,2.734,0.0,25.336,2.734,76,259,0,Q2,
TJX,NYSE,True,2026-09-11,259,154.04,767033397.2,0.325,24.652,25.993,24.652,216,259,0,Q5 most liquid,3.033
TK,NYSE,True,2026-09-11,259,11.0,5767778.0,4.545,32.154,34.232,32.154,215,259,0,Q3,
TKC,NYSE,True,2026-09-11,259,5.91,7406754.3,8.46,21.257,26.679,21.257,177,259,0,Q3,
TKNO,NASDAQ,True,2026-09-11,259,4.47,669644.0,11.186,45.849,58.024,45.849,173,259,0,Q2,
TKO,NYSE,True,2026-09-11,259,195.14,210864481.3,0.256,2.94,14.592,2.94,132,259,0,Q5 most liquid,0.362
TKR,NYSE,True,2026-09-11,259,102.18,75627970.4,0.489,21.912,34.129,21.912,177,259,0,Q4,
TLF,NASDAQ,True,2026-09-11,259,2.6,35127.0,19.231,88.398,88.398,88.398,259,259,0,Q1 least liquid,
TLK,NYSE,True,2026-09-11,259,18.64,11020080.6,2.682,0.0,58.111,2.682,129,259,0,Q3,
TLN,NASDAQ,True,2026-09-11,259,368.82,275411524.5,0.136,0.0,54.607,0.136,95,259,0,Q5 most liquid,0.0
TLPH,NASDAQ,True,2026-09-11,259,1.0,202023.2,50.0,72.412,112.58,72.412,172,259,0,Q1 least liquid,
TLRY,NASDAQ,True,2026-09-11,259,5.03,25343964.8,9.94,5.574,98.345,9.94,134,259,1,Q4,
TLS,NASDAQ,True,2026-09-11,259,4.78,3536956.4,10.46,75.971,82.561,75.971,212,259,0,Q2,
TLSI,NASDAQ,True,2026-09-11,259,4.68,675899.5,10.684,30.475,63.088,30.475,151,259,0,Q2,
TLYS,NYSE,True,2026-09-11,259,2.06,354455.7,24.272,112.566,112.566,112.566,259,259,0,Q1 least liquid,
TMC,NASDAQ,True,2026-09-11,259,5.65,32636426.9,8.85,0.0,72.455,8.85,127,259,0,Q4,
TMCI,NASDAQ,True,2026-09-11,259,3.01,1677217.3,16.611,66.432,67.523,66.432,255,259,0,Q2,
TMDE,AMEX,True,2026-09-11,259,0.7851,88298.5,63.686,145.752,193.867,145.752,197,259,0,Q1 least liquid,
TMDX,NASDAQ,True,2026-09-11,259,113.36,89375460.8,0.441,14.361,46.931,14.361,140,259,0,Q4,
TMH,ARCA,False,2026-09-11,259,54.9776,21310.4,0.909,0.0,16.704,0.909,78,259,0,Q1 least liquid,
TMO,NYSE,True,2026-09-11,259,527.22,1036558754.2,0.095,0.0,22.334,0.095,100,259,0,Q5 most liquid,0.0
TMP,AMEX,True,2026-09-11,259,79.27,4574451.6,0.631,31.84,33.826,31.84,237,259,0,Q3,
TMQ,AMEX,True,2026-09-11,259,4.0,10800972.0,12.5,0.0,58.698,12.5,54,259,1,Q3,
TMS,NASDAQ,True,2026-09-11,259,10.3,236786.9,4.854,14.859,14.962,14.859,249,259,0,Q1 least liquid,
TMUS,NASDAQ,True,2026-09-11,259,197.66,995861946.5,0.253,0.0,27.942,0.253,127,259,0,Q5 most liquid,0.0
TNC,NYSE,True,2026-09-11,259,79.57,11029514.8,0.628,18.448,25.544,18.448,141,259,0,Q3,
TNDM,NASDAQ,True,2026-09-11,259,19.11,31963731.6,2.616,53.448,69.884,53.448,193,259,0,Q4,
TNET,NYSE,True,2026-09-11,259,57.56,20528166.0,0.869,16.824,32.409,16.824,138,259,0,Q3,
TNGX,NASDAQ,True,2026-09-11,259,16.83,41304008.1,2.971,89.175,89.175,89.175,259,259,1,Q4,
TNK,NYSE,True,2026-09-11,259,69.45,27982171.7,0.72,23.617,31.779,23.617,154,259,0,Q4,
TNL,NYSE,True,2026-09-11,259,70.69,44000129.3,0.707,0.0,27.059,0.707,103,259,0,Q4,
TNON,NASDAQ,True,2026-09-11,259,0.872,124760.2,57.339,119.223,131.762,119.223,201,259,1,Q1 least liquid,
TNXP,NASDAQ,True,2026-09-11,259,14.29,6918151.7,3.499,47.524,62.296,47.524,186,259,3,Q3,
TNYA,NASDAQ,True,2026-09-11,259,0.775,2417378.7,64.516,0.0,79.716,64.516,65,259,1,Q2,
TOL,NYSE,True,2026-09-11,259,140.7,150682644.0,0.355,20.424,24.125,20.424,194,259,0,Q5 most liquid,2.513
TOMZ,NASDAQ,True,2026-09-11,259,0.7959,27158.5,62.822,144.496,144.496,144.496,259,259,0,Q1 least liquid,
TONT,AMEX,True,2026-09-11,259,10.72,18666.7,4.664,32.785,32.951,32.785,254,259,0,Q1 least liquid,
TONX,NASDAQ,True,2026-09-11,259,3.06,1264278.0,16.34,0.0,55.245,16.34,113,259,1,Q2,
TOON,AMEX,True,2026-09-11,259,0.6845,181279.3,73.046,105.724,105.724,105.724,259,259,2,Q1 least liquid,
TOPP,AMEX,True,2026-09-11,259,0.867,24521.1,57.67,253.415,268.221,253.415,238,259,0,Q1 least liquid,
TOPS,AMEX,True,2026-09-11,259,3.96,80082.2,12.626,141.918,141.923,141.918,257,259,2,Q1 least liquid,
TORO,NASDAQ,True,2026-09-11,259,4.37,195179.0,11.442,35.525,69.445,35.525,135,259,0,Q1 least liquid,
TOST,NYSE,True,2026-09-11,259,32.48,289253986.1,1.539,10.708,30.765,10.708,138,259,0,Q5 most liquid,1.318
TOVX,AMEX,True,2026-09-11,259,0.2426,407868.1,206.101,239.802,240.701,206.101,190,259,4,Q2,
TOWN,NASDAQ,False,2026-09-11,259,35.07,15435160.6,1.426,17.127,18.671,17.127,202,259,0,Q3,
TPB,NYSE,True,2026-09-11,259,89.9,30611595.8,0.556,12.893,58.083,12.893,133,259,0,Q4,
TPC,NYSE,True,2026-09-11,259,74.91,36698186.5,0.667,48.337,66.669,48.337,197,259,0,Q4,
TPCS,NASDAQ,True,2026-09-11,259,4.575,122028.8,10.929,76.539,77.788,76.539,253,259,0,Q1 least liquid,
TPET,AMEX,True,2026-09-11,259,0.7983,448939.9,62.633,146.463,156.247,146.463,194,259,0,Q2,
TPG,NASDAQ,True,2026-09-11,259,50.91,112163418.4,0.982,26.386,42.787,26.386,146,259,0,Q5 most liquid,3.247
TPL,NYSE,True,2026-09-11,259,426.42,133468573.4,0.117,33.67,39.833,33.67,197,259,0,Q5 most liquid,4.143
TPR,NYSE,True,2026-09-11,259,133.06,327732839.0,0.376,21.043,41.548,21.043,166,259,0,Q5 most liquid,2.589
TPST,NASDAQ,True,2026-09-11,259,2.29,235199.3,21.834,33.261,69.168,21.834,116,259,3,Q1 least liquid,
TPVG,NYSE,True,2026-09-11,259,5.55,1880459.9,9.009,27.073,30.574,27.073,190,259,0,Q2,
TR,NYSE,True,2026-09-11,259,39.63,5690233.0,1.262,19.183,20.232,19.183,221,259,0,Q3,
TRAK,NYSE,True,2026-09-11,259,10.03,785723.7,4.985,38.086,56.33,38.086,173,259,0,Q2,
TRAW,NASDAQ,True,2026-09-11,259,1.62,194324.5,30.864,78.948,112.506,78.948,146,259,2,Q1 least liquid,
TRC,NYSE,True,2026-09-11,259,16.63,1659973.3,3.007,27.233,27.614,27.233,237,259,0,Q2,
TRDA,NASDAQ,True,2026-09-11,259,7.57,2050618.2,6.605,0.0,52.481,6.605,106,259,0,Q2,
TREE,NASDAQ,True,2026-09-11,259,45.61,11373936.8,1.096,0.0,44.24,1.096,91,259,0,Q3,
TREX,NYSE,True,2026-09-11,259,42.39,75674282.0,1.18,59.074,61.397,59.074,232,259,0,Q4,
TRGP,NYSE,True,2026-09-11,259,235.8,276023260.4,0.212,24.067,30.175,24.067,197,259,0,Q5 most liquid,2.961
TRIN,NYSE,True,2026-09-11,259,16.09,16623376.0,3.108,17.493,17.493,17.493,259,259,0,Q3,
TRIP,NASDAQ,True,2026-09-11,259,13.21,36595630.6,3.785,20.029,41.175,20.029,144,259,0,Q4,
TRMB,NASDAQ,True,2026-09-11,259,67.14,123985199.9,0.745,23.78,32.178,23.78,202,259,0,Q5 most liquid,2.926
TRMD,NASDAQ,True,2026-09-11,259,27.17,15727701.4,1.84,0.0,20.026,1.84,14,259,0,Q3,
TRMK,NASDAQ,True,2026-09-11,259,43.02,14262307.0,1.162,15.25,16.021,15.25,240,259,0,Q3,
TRN,NYSE,True,2026-09-11,259,29.66,17717310.6,1.686,21.624,33.436,21.624,158,259,0,Q3,
TRNO,NYSE,True,2026-09-11,259,63.47,42025776.1,0.788,29.917,30.272,29.917,244,259,0,Q4,
TRNR,NASDAQ,True,2026-09-11,259,1.73,153592.8,28.902,0.0,126.277,28.902,107,259,0,Q1 least liquid,
TRNS,NASDAQ,True,2026-09-11,259,75.68,9097151.5,0.661,0.0,27.999,0.661,111,259,0,Q3,
TRON,NASDAQ,True,2026-09-11,259,1.85,1627759.0,27.027,48.704,72.591,48.704,180,259,1,Q2,
TROW,NASDAQ,True,2026-09-11,259,104.25,184321929.5,0.48,0.0,27.574,0.48,125,259,0,Q5 most liquid,0.0
TRP,NYSE,True,2026-09-11,259,62.02,130367081.1,0.806,16.377,17.829,16.377,228,259,0,Q5 most liquid,2.015
TRS,NASDAQ,True,2026-09-11,259,37.94,16891032.4,1.318,14.013,57.566,14.013,132,259,0,Q3,
TRST,NASDAQ,True,2026-09-11,259,44.76,4991191.2,1.117,24.713,28.004,24.713,196,259,0,Q3,
TRT,AMEX,True,2026-09-11,259,8.14,521398.0,6.143,33.397,131.306,33.397,142,259,0,Q2,
TRU,NYSE,True,2026-09-11,259,78.78,171796605.8,0.635,27.824,36.799,27.824,176,259,0,Q5 most liquid,3.424
TRUG,NASDAQ,True,2026-09-11,259,1.28,207117.4,39.062,0.0,109.398,39.062,92,259,0,Q1 least liquid,
TRUP,NASDAQ,True,2026-09-11,259,29.06,11853145.0,1.721,38.166,52.403,38.166,168,259,0,Q3,
TRV,NYSE,True,2026-09-11,259,296.73,431060628.7,0.169,18.065,23.78,18.065,185,259,0,Q5 most liquid,2.223
TRVI,NASDAQ,True,2026-09-11,259,12.81,18228695.2,3.903,54.193,61.507,54.193,214,259,1,Q3,
TRX,AMEX,True,2026-09-11,259,0.95,2252323.3,52.632,58.897,85.439,58.897,156,259,0,Q2,
TS,NYSE,True,2026-09-11,259,53.22,66800801.3,0.939,0.0,23.295,0.939,116,259,0,Q4,
TSBK,NASDAQ,True,2026-09-11,259,39.05,905095.8,1.28,32.442,32.442,32.442,259,259,0,Q2,
TSCO,NASDAQ,True,2026-09-11,259,49.89,301693055.4,1.002,18.671,31.327,18.671,137,259,0,Q5 most liquid,2.297
TSHA,NASDAQ,True,2026-09-11,259,5.06,13455786.0,9.881,21.325,62.132,21.325,140,259,2,Q3,
TSLA,NASDAQ,True,2026-09-11,259,408.58,24566419029.0,0.122,0.0,46.97,0.122,115,259,0,Q5 most liquid,0.0
TSLX,NYSE,True,2026-09-11,259,18.94,10525493.2,2.64,13.357,21.426,13.357,159,259,0,Q3,
TSM,NYSE,True,2026-09-11,259,348.7,4398839223.4,0.143,47.59,49.981,47.59,230,259,0,Q5 most liquid,5.856
TSN,NYSE,True,2026-09-11,259,58.19,164857066.2,0.859,17.511,20.832,17.511,190,259,0,Q5 most liquid,2.155
TSQ,NYSE,True,2026-09-11,259,6.33,423297.8,7.899,26.809,47.435,26.809,183,259,0,Q2,
TSSI,NASDAQ,True,2026-09-11,259,11.42,13128429.6,4.378,0.0,64.488,4.378,60,259,0,Q3,
TT,NYSE,True,2026-09-11,259,439.83,539974105.3,0.114,29.187,30.659,29.187,228,259,0,Q5 most liquid,3.591
TTAM,NYSE,True,2026-09-11,259,16.03,3610338.8,3.119,17.865,26.986,17.865,187,259,0,Q2,
TTAN,NASDAQ,True,2026-09-11,259,83.06,90321107.1,0.602,19.716,34.546,19.716,144,259,0,Q4,
TTC,NYSE,True,2026-09-11,259,91.58,63356589.9,0.546,23.945,24.138,23.945,252,259,0,Q4,
TTD,NASDAQ,True,2026-09-11,259,25.07,412628942.2,1.994,19.046,79.057,19.046,151,259,0,Q5 most liquid,2.344
TTE,NYSE,True,2026-09-11,259,78.23,100381173.0,0.639,26.651,27.162,26.651,253,259,0,Q5 most liquid,3.279
TTEC,NASDAQ,True,2026-09-11,259,2.76,996880.5,18.116,0.0,32.082,18.116,43,259,0,Q2,
TTEK,NASDAQ,True,2026-09-11,259,33.64,84241503.3,1.486,18.739,27.781,18.739,179,259,0,Q4,
TTGT,NASDAQ,True,2026-09-11,259,4.935,1927560.2,10.132,43.833,50.867,43.833,187,259,0,Q2,
TTI,NYSE,True,2026-09-11,259,8.65,13997695.6,5.78,36.002,47.571,36.002,196,259,0,Q3,
TTMI,NASDAQ,True,2026-09-11,259,98.58,205112823.8,0.507,47.511,92.375,47.511,159,259,0,Q5 most liquid,5.846
TTRX,NASDAQ,True,2026-09-11,233,4.4,221324.5,11.364,80.029,86.861,68.365,126,233,0,Q1 least liquid,
TTWO,NASDAQ,True,2026-09-11,259,239.07,401056895.4,0.209,30.075,32.26,30.075,189,259,0,Q5 most liquid,3.701
TU,NYSE,True,2026-09-11,259,12.97,67559354.4,3.855,0.0,15.218,3.855,125,259,0,Q4,
TULP,NASDAQ,True,2026-09-11,259,3.87,12359.7,12.92,187.833,187.833,187.833,259,259,1,Q1 least liquid,
TUSK,NASDAQ,True,2026-09-11,259,2.39,452117.6,20.921,39.402,52.665,39.402,180,259,0,Q2,
TV,NYSE,True,2026-09-11,259,2.83,2900223.7,17.668,41.783,44.31,41.783,216,259,0,Q2,
TVA,NASDAQ,True,2026-09-11,259,10.54,471235.0,4.744,28.383,34.528,28.383,235,259,0,Q2,
TVGN,NASDAQ,True,2026-09-11,259,4.06,154517.2,12.315,136.745,145.802,136.745,197,259,0,Q1 least liquid,
TVRD,NASDAQ,True,2026-09-11,259,3.82,327569.5,13.089,80.808,98.06,57.264,172,259,2,Q1 least liquid,
TVTX,NASDAQ,True,2026-09-11,259,35.16,61497568.8,1.422,0.0,220.62,1.422,123,259,0,Q4,
TW,NASDAQ,True,2026-09-11,259,107.77,154621091.0,0.464,13.322,25.72,13.322,166,259,0,Q5 most liquid,1.639
TWAV,NASDAQ,True,2026-09-11,259,1.67,97209.0,29.94,211.514,211.514,211.514,259,259,3,Q1 least liquid,
TWFG,NASDAQ,True,2026-09-11,259,25.52,3499913.8,1.959,50.845,73.699,50.845,208,259,0,Q2,
TWI,NYSE,True,2026-09-11,259,7.78,4294299.6,6.427,31.67,46.45,31.67,184,259,0,Q3,
TWIN,NASDAQ,True,2026-09-11,259,17.06,882685.3,2.931,48.906,58.348,48.906,198,259,0,Q2,
TWLO,NYSE,True,2026-09-11,259,132.56,314832506.9,0.377,0.0,36.15,0.377,5,259,0,Q5 most liquid,0.0
TWST,NASDAQ,True,2026-09-11,259,47.91,62641483.1,1.044,0.0,47.027,1.044,81,259,0,Q4,
TXG,NASDAQ,True,2026-09-11,259,20.81,55091950.6,2.403,28.105,90.903,28.105,139,259,0,Q4,
TXMD,NASDAQ,True,2026-09-11,259,2.04,52458.1,24.51,107.221,107.657,107.221,257,259,0,Q1 least liquid,
TXN,NASDAQ,True,2026-09-11,259,212.11,1504167901.3,0.236,14.036,60.714,14.036,147,259,0,Q5 most liquid,1.727
TXNM,NYSE,True,2026-09-11,259,58.21,57073994.0,0.859,11.226,11.226,11.226,259,259,0,Q4,
TXO,NYSE,True,2026-09-11,259,12.85,2281812.5,3.891,21.743,44.397,21.743,190,259,0,Q2,
TXRH,NASDAQ,True,2026-09-11,259,173.69,167361205.7,0.288,19.44,24.064,19.44,192,259,0,Q5 most liquid,2.392
TXT,NYSE,True,2026-09-11,259,88.77,121136739.4,0.563,17.08,29.902,17.08,132,259,0,Q5 most liquid,2.102
TY,NYSE,True,2026-09-11,259,34.03,1111316.4,1.469,19.472,19.472,19.472,259,259,0,Q2,
TYG,NYSE,True,2026-09-11,259,43.51,5045714.6,1.149,22.255,23.476,22.255,243,259,1,Q3,
TYGO,NASDAQ,True,2026-09-11,259,2.39,1527553.5,20.921,38.818,73.951,38.818,161,259,0,Q2,
TYL,NYSE,True,2026-09-11,259,350.07,196094032.7,0.143,0.0,17.772,0.143,115,259,0,Q5 most liquid,0.0
TYRA,NASDAQ,True,2026-09-11,259,28.77,16570461.0,1.738,53.249,53.446,53.249,257,259,0,Q3,
TZOO,NASDAQ,True,2026-09-11,259,7.33,850883.2,6.821,0.0,46.419,6.821,119,259,0,Q2,
U,NYSE,True,2026-09-11,259,35.24,312155065.2,1.419,65.483,68.478,65.483,199,259,0,Q5 most liquid,8.057
UA,NYSE,True,2026-09-11,259,5.5,17820802.3,9.091,0.0,54.094,9.091,124,259,1,Q3,
UAA,NYSE,True,2026-09-11,259,5.66,48466124.1,8.834,0.0,52.296,8.834,65,259,0,Q4,
UAC,AMEX,True,2026-09-11,143,9.9187,0.0,5.041,25.776,25.776,24.396,81,143,0,Q1 least liquid,
UAL,NASDAQ,True,2026-09-11,259,105.73,560682597.0,0.473,4.104,37.718,4.104,130,259,0,Q5 most liquid,0.505
UAMY,NYSE,True,2026-09-11,259,7.47,79156442.4,6.693,109.953,125.482,109.953,219,259,0,Q4,
UAN,NYSE,True,2026-09-11,259,112.41,4198971.0,0.445,40.742,41.349,40.742,246,259,0,Q3,
UAVS,AMEX,True,2026-09-11,259,1.07,2172040.2,46.729,80.856,113.09,80.856,198,259,3,Q2,
UBCP,NASDAQ,True,2026-09-11,259,14.9,48098.4,3.356,103.195,103.195,103.195,259,259,0,Q1 least liquid,
UBER,NYSE,True,2026-09-11,259,76.36,1356918179.5,0.655,15.116,26.294,15.116,157,259,0,Q5 most liquid,1.86
UBS,NYSE,True,2026-09-11,259,43.77,88023686.0,1.142,22.988,31.631,22.988,171,259,0,Q4,
UBSI,NASDAQ,True,2026-09-11,259,42.26,33560768.6,1.183,23.644,23.651,23.644,258,259,0,Q4,
UCB,NYSE,True,2026-09-11,259,33.06,24250098.6,1.512,29.542,32.165,29.542,234,259,0,Q4,
UCFI,NASDAQ,True,2026-09-11,259,5.51,0.0,9.074,500.029,502.685,9.074,81,259,0,Q1 least liquid,
UCTT,NASDAQ,True,2026-09-11,259,58.87,51529149.5,0.849,42.024,95.643,42.024,155,259,0,Q4,
UDR,NYSE,True,2026-09-11,259,36.94,116251865.7,1.354,27.779,27.821,27.779,258,259,0,Q5 most liquid,3.418
UE,NYSE,True,2026-09-11,259,20.77,17059639.7,2.407,36.317,36.317,36.317,259,259,0,Q3,
UEC,AMEX,True,2026-09-11,259,13.19,128575076.2,3.791,60.812,67.06,60.812,197,259,0,Q5 most liquid,7.483
UEIC,NASDAQ,True,2026-09-11,259,4.19,211326.9,11.933,64.138,66.1,64.138,213,259,0,Q1 least liquid,
UFCS,NASDAQ,True,2026-09-11,259,37.55,4377116.5,1.332,0.0,59.013,1.332,49,259,0,Q3,
UFI,NYSE,True,2026-09-11,259,4.06,207113.3,12.315,53.889,53.955,53.889,257,259,0,Q1 least liquid,
UFPI,NASDAQ,True,2026-09-11,259,91.53,35165134.2,0.546,0.0,22.646,0.546,128,259,0,Q4,
UFPT,NASDAQ,True,2026-09-11,259,223.87,36973388.7,0.223,0.0,52.194,0.223,112,259,0,Q4,
UG,NASDAQ,True,2026-09-11,259,7.02,35035.7,7.123,85.823,85.823,85.823,259,259,0,Q1 least liquid,
UGI,NYSE,True,2026-09-11,259,36.32,59354295.0,1.377,11.434,18.078,11.434,156,259,0,Q4,
UGP,NYSE,True,2026-09-11,259,4.94,11771140.7,10.121,8.035,40.826,10.121,134,259,0,Q3,
UHAL,NYSE,True,2026-09-11,259,55.04,9759046.0,0.908,15.463,18.749,15.463,191,259,1,Q3,
UHS,NYSE,True,2026-09-11,259,187.39,135516326.5,0.267,28.065,32.07,28.065,187,259,0,Q5 most liquid,3.453
UI,NYSE,True,2026-09-11,259,588.57,75132726.8,0.085,0.0,56.241,0.085,88,259,0,Q4,
UIS,NYSE,True,2026-09-11,259,2.87,1945504.6,17.422,61.13,61.296,61.13,258,259,1,Q2,
UL,NYSE,True,2026-09-11,259,61.58,208357893.0,0.812,0.0,13.792,0.812,55,259,0,Q5 most liquid,0.0
ULBI,NASDAQ,True,2026-09-11,259,6.4,213792.8,7.812,57.008,58.436,57.008,247,259,0,Q1 least liquid,
ULCC,NASDAQ,True,2026-09-11,259,4.99,19003261.7,10.02,0.0,70.17,10.02,124,259,0,Q3,
ULH,NASDAQ,True,2026-09-11,259,17.07,835143.7,2.929,0.0,60.519,2.929,102,259,0,Q2,
ULS,NYSE,True,2026-09-11,259,82.2,60176100.2,0.608,0.0,24.799,0.608,52,259,0,Q4,
ULTA,NASDAQ,True,2026-09-11,259,533.51,328921098.1,0.094,0.0,19.67,0.094,123,259,0,Q5 most liquid,0.0
UMAC,AMEX,True,2026-09-11,259,14.86,57230698.0,3.365,34.36,82.839,34.36,137,259,0,Q4,
UMBF,NASDAQ,True,2026-09-11,259,122.54,64267927.1,0.408,24.5,24.776,24.5,255,259,0,Q4,
UMC,NYSE,True,2026-09-11,259,9.95,97724926.8,5.025,38.933,50.957,38.933,194,259,0,Q5 most liquid,4.791
UMH,NYSE,True,2026-09-11,259,15.3,8838859.6,3.268,26.213,28.374,26.213,251,259,0,Q3,
UNB,NASDAQ,True,2026-09-11,259,24.04,176524.0,2.08,80.989,80.989,80.989,259,259,0,Q1 least liquid,
UNCY,NASDAQ,True,2026-09-11,259,5.97,3322477.6,8.375,67.042,68.061,67.042,251,259,0,Q2,
UNF,NYSE,True,2026-09-11,259,249.74,38914492.0,0.2,34.236,34.88,34.236,252,259,0,Q4,
UNFI,NYSE,True,2026-09-11,259,41.3,27671686.2,1.211,0.0,60.642,1.211,85,259,0,Q4,
UNH,NYSE,True,2026-09-11,259,347.75,2463013837.0,0.144,0.0,36.132,0.144,112,259,0,Q5 most liquid,0.0
UNIT,NASDAQ,True,2026-09-11,259,8.07,17449074.4,6.196,0.0,29.667,6.196,109,259,0,Q3,
UNM,NYSE,True,2026-09-11,259,77.53,101551477.6,0.645,32.659,33.792,32.659,241,259,0,Q5 most liquid,4.019
UNP,NYSE,True,2026-09-11,259,250.21,751215848.2,0.2,19.699,19.699,19.699,259,259,0,Q5 most liquid,2.424
UNTY,NASDAQ,True,2026-09-11,259,53.15,2458346.9,0.941,19.641,30.633,19.641,184,259,0,Q2,
UONE,NASDAQ,True,2026-09-11,259,5.04,49603.2,9.921,91.943,106.227,91.943,149,259,3,Q1 least liquid,
UONEK,NASDAQ,True,2026-09-11,259,4.51,18680.2,11.086,262.335,265.428,262.335,243,259,0,Q1 least liquid,
UP,NYSE,True,2026-09-11,259,1.6,1496565.9,31.25,121.441,137.055,121.441,211,259,0,Q2,
UPB,NASDAQ,True,2026-09-11,259,9.6,6317380.5,5.208,28.97,65.81,28.97,136,259,0,Q3,
UPBD,NASDAQ,True,2026-09-11,259,19.25,15224131.0,2.597,0.0,28.761,2.597,110,259,0,Q3,
UPLD,NASDAQ,True,2026-09-11,259,1.64,195760.6,30.488,62.772,81.489,62.772,191,259,0,Q1 least liquid,
UPS,NYSE,True,2026-09-11,259,101.97,550995779.4,0.49,0.0,22.16,0.49,64,259,0,Q5 most liquid,0.0
UPST,NASDAQ,True,2026-09-11,259,33.09,158921474.4,1.511,59.12,73.431,59.12,174,259,0,Q5 most liquid,7.275
UPWK,NASDAQ,True,2026-09-11,259,12.51,38933993.6,3.997,107.784,108.727,107.784,253,259,0,Q4,
UPXI,NASDAQ,True,2026-09-11,259,1.32,4933990.7,37.879,46.799,75.009,46.799,164,259,0,Q3,
URBN,NASDAQ,True,2026-09-11,259,71.3,101154847.6,0.701,10.299,36.668,10.299,136,259,0,Q5 most liquid,1.267
URG,AMEX,True,2026-09-11,259,1.52,10862779.2,32.895,36.17,51.051,36.17,162,259,0,Q3,
URI,NYSE,True,2026-09-11,259,938.0,480519656.0,0.053,0.0,29.076,0.053,113,259,0,Q5 most liquid,0.0
UROY,NASDAQ,True,2026-09-11,259,3.77,9463646.7,13.263,0.0,62.984,13.263,109,259,0,Q3,
USAC,NYSE,True,2026-09-11,259,26.1,5220412.5,1.916,44.135,44.135,44.135,259,259,0,Q3,
USAR,NASDAQ,True,2026-09-11,259,18.41,228350015.1,2.716,42.129,71.765,42.129,159,259,0,Q5 most liquid,5.184
USAS,AMEX,True,2026-09-11,259,5.32,22944651.0,9.398,82.516,98.989,82.516,178,259,0,Q4,
USAU,NASDAQ,True,2026-09-11,259,16.08,4100363.5,3.109,0.0,52.344,3.109,55,259,0,Q3,
USB,NYSE,True,2026-09-11,259,54.69,458937331.3,0.914,25.35,27.443,25.35,215,259,0,Q5 most liquid,3.119
USBC,AMEX,True,2026-09-11,259,0.4427,165009.2,112.943,63.607,211.276,112.943,147,259,2,Q1 least liquid,
USCB,NASDAQ,True,2026-09-11,259,18.93,694162.4,2.641,37.48,40.115,37.48,224,259,0,Q2,
USEA,NASDAQ,True,2026-09-11,259,2.02,90132.0,24.752,65.64,65.652,65.64,258,259,0,Q1 least liquid,
USFD,NYSE,True,2026-09-11,259,87.89,190362332.2,0.569,12.917,17.954,12.917,167,259,0,Q5 most liquid,1.589
USGO,NASDAQ,True,2026-09-11,259,10.28,626250.0,4.864,0.0,51.431,4.864,129,259,0,Q2,
USIO,NASDAQ,True,2026-09-11,259,1.43,90200.8,34.965,69.488,81.132,69.488,182,259,0,Q1 least liquid,
USLM,NASDAQ,True,2026-09-11,259,119.44,12528461.7,0.419,0.0,26.617,0.419,107,259,0,Q3,
USNA,NYSE,True,2026-09-11,259,19.82,2669942.8,2.523,37.73,48.141,37.73,177,259,0,Q2,
USOI,NASDAQ,True,2026-09-11,259,49.76,3808164.1,1.005,0.0,28.293,1.005,111,259,0,Q2,
USPH,NYSE,True,2026-09-11,259,78.21,12895456.9,0.639,0.0,29.904,0.639,90,259,0,Q3,
UTHR,NASDAQ,True,2026-09-11,259,507.0,231422564.0,0.099,35.728,48.658,35.728,234,259,0,Q5 most liquid,4.396
UTI,NYSE,True,2026-09-11,259,31.64,24188186.3,1.58,0.0,36.651,1.58,70,259,0,Q4,
UTL,NYSE,True,2026-09-11,259,51.04,5314708.4,0.98,23.009,23.279,23.009,249,259,0,Q3,
UTMD,NASDAQ,True,2026-09-11,259,64.0,733184.0,0.781,52.428,54.372,52.428,223,259,0,Q2,
UTZ,NYSE,True,2026-09-11,259,9.94,14118512.6,5.03,9.441,50.385,9.441,133,259,0,Q3,
UUU,AMEX,True,2026-09-11,259,5.02,202746.2,9.96,62.043,86.33,62.043,183,259,0,Q1 least liquid,
UUUU,AMEX,True,2026-09-11,259,16.68,179878019.3,2.998,91.426,97.316,91.426,218,259,0,Q5 most liquid,11.25
UVE,NYSE,True,2026-09-11,259,34.16,6241122.1,1.464,0.0,23.571,1.464,84,259,0,Q3,
UVSP,NASDAQ,True,2026-09-11,259,34.82,5785935.9,1.436,28.051,28.767,28.051,239,259,0,Q3,
UVV,NYSE,True,2026-09-11,259,53.12,10473503.8,0.941,0.0,15.661,0.941,17,259,0,Q3,
UWMC,NYSE,True,2026-09-11,259,3.98,51084352.6,12.563,0.0,32.902,12.563,87,259,0,Q4,
UXIN,NASDAQ,True,2026-09-11,259,2.92,425008.9,17.123,84.057,84.739,84.057,253,259,0,Q2,
V,NYSE,True,2026-09-11,259,334.53,2217346328.2,0.149,16.949,19.369,16.949,176,259,0,Q5 most liquid,2.086
VABK,NASDAQ,True,2026-09-11,259,40.88,271871.6,1.223,79.728,79.728,79.728,259,259,0,Q1 least liquid,
VAC,NYSE,True,2026-09-11,259,70.16,34884108.0,0.713,0.0,17.94,0.713,82,259,0,Q4,
VACI,NYSE,True,2026-09-11,202,10.03,378649.7,4.985,23.928,24.17,19.352,131,202,0,Q1 least liquid,
VAI,NASDAQ,True,2026-09-11,259,1.34,35265.3,37.313,233.222,250.401,167.877,196,259,2,Q1 least liquid,
VAL,NYSE,True,2026-09-11,259,77.33,72792568.2,0.647,23.643,41.701,23.643,162,259,1,Q4,
VALE,NYSE,True,2026-09-11,259,14.83,370199237.6,3.372,10.52,20.377,10.52,149,259,0,Q5 most liquid,1.294
VALU,NASDAQ,True,2026-09-11,259,37.1,75290.9,1.348,85.519,85.519,85.519,259,259,0,Q1 least liquid,
VANI,NASDAQ,True,2026-09-11,259,1.32,242975.4,37.879,71.272,73.41,71.272,224,259,4,Q1 least liquid,
VATE,NYSE,True,2026-09-11,259,5.59,251559.5,8.945,0.0,70.652,8.945,120,259,0,Q1 least liquid,
VBIO,NASDAQ,True,2026-09-11,259,1.03,92521.1,48.544,204.719,206.737,204.719,235,259,4,Q1 least liquid,
VC,NASDAQ,True,2026-09-11,259,104.03,46959988.0,0.481,0.0,24.883,0.481,117,259,0,Q4,
VCEL,NASDAQ,True,2026-09-11,259,36.5,20057869.9,1.37,45.567,49.192,45.567,219,259,0,Q3,
VCIG,NASDAQ,True,2026-09-11,259,1.14,667144.0,43.86,361.352,442.901,361.352,192,259,0,Q2,
VCTR,NASDAQ,True,2026-09-11,259,70.53,36516155.2,0.709,17.335,19.746,17.335,200,259,0,Q4,
VCYT,NASDAQ,True,2026-09-11,259,40.85,36441280.8,1.224,36.175,42.521,36.175,183,259,0,Q4,
VECO,NASDAQ,True,2026-09-11,259,32.99,32165737.4,1.516,68.434,68.628,68.434,256,259,0,Q4,
VEEA,NASDAQ,True,2026-09-11,259,0.5495,105296.9,90.992,170.391,173.79,170.391,235,259,0,Q1 least liquid,
VEEE,NASDAQ,True,2026-09-11,259,2.31,381681.5,21.645,130.884,154.478,21.645,117,259,3,Q1 least liquid,
VEEV,NYSE,True,2026-09-11,259,213.51,360835051.7,0.234,0.0,19.283,0.234,88,259,0,Q5 most liquid,0.0
VEL,NYSE,True,2026-09-11,259,18.35,1541920.2,2.725,36.852,39.488,36.852,230,259,1,Q2,
VELO,NASDAQ,True,2026-09-11,259,11.88,18040433.4,4.209,66.911,163.552,4.209,124,259,0,Q3,
VENU,AMEX,True,2026-09-11,259,4.45,1006094.7,11.236,46.709,67.216,46.709,168,259,0,Q2,
VEON,NASDAQ,True,2026-09-11,259,52.6,4269766.8,0.951,40.285,43.66,40.285,207,259,0,Q3,
VERA,NASDAQ,True,2026-09-11,259,36.35,46445072.2,1.376,5.15,41.867,5.15,132,259,0,Q4,
VERI,NASDAQ,True,2026-09-11,259,2.82,6900356.8,17.73,0.0,99.518,17.73,75,259,0,Q3,
VERU,NASDAQ,True,2026-09-11,259,2.51,305693.1,19.92,125.58,125.585,125.58,257,259,0,Q1 least liquid,
VERX,NASDAQ,True,2026-09-11,259,13.85,26208521.5,3.61,0.0,42.508,3.61,112,259,0,Q4,
VET,NYSE,True,2026-09-11,259,9.99,14725897.2,5.005,0.0,32.476,5.005,125,259,0,Q3,
VFC,NYSE,True,2026-09-11,259,16.88,107176812.9,2.962,29.904,38.042,29.904,179,259,0,Q5 most liquid,3.68
VG,NYSE,True,2026-09-11,259,12.24,136984628.2,4.085,72.772,75.288,72.772,222,259,0,Q5 most liquid,8.954
VGAS,NASDAQ,True,2026-09-11,259,1.78,25492.9,28.09,197.486,197.486,197.486,259,259,0,Q1 least liquid,
VGZ,AMEX,True,2026-09-11,259,2.11,2983666.7,23.697,0.0,62.622,23.697,73,259,0,Q2,
VHC,NASDAQ,True,2026-09-11,259,16.01,222068.6,3.123,137.128,137.128,137.128,259,259,0,Q1 least liquid,
VHI,NYSE,True,2026-09-11,259,14.16,188951.1,3.531,82.245,82.245,82.245,259,259,0,Q1 least liquid,
VHUB,NASDAQ,True,2026-09-11,155,1.01,237279.5,49.505,167.901,167.901,131.021,93,155,0,Q1 least liquid,
VIA,NYSE,True,2026-09-11,251,21.36,12457408.4,2.341,7.826,36.69,7.826,127,251,0,Q3,
VIAV,NASDAQ,True,2026-09-11,259,30.84,141489868.6,1.621,90.829,102.532,90.829,224,259,0,Q5 most liquid,11.176
VICI,NYSE,True,2026-09-11,259,28.36,254691894.8,1.763,12.573,14.69,12.573,200,259,0,Q5 most liquid,1.547
VICR,NASDAQ,True,2026-09-11,259,170.03,113398306.7,0.294,0.0,103.693,0.294,107,259,0,Q5 most liquid,0.0
VIDI,ARCA,False,2026-09-11,259,37.025,494596.8,1.35,15.873,16.141,15.873,254,259,0,Q2,
VIK,NYSE,True,2026-09-11,259,74.5,184515708.1,0.671,35.073,39.34,35.073,236,259,0,Q5 most liquid,4.316
VIP,NASDAQ,True,2026-09-11,259,1.56,306367.2,32.051,61.826,106.672,61.826,148,259,0,Q1 least liquid,
VIPS,NYSE,True,2026-09-11,259,16.11,36545510.2,3.104,6.854,31.112,6.854,132,259,0,Q4,
VIR,NASDAQ,True,2026-09-11,259,8.61,13096609.5,5.807,29.253,64.456,29.253,170,259,0,Q3,
VIRC,NASDAQ,True,2026-09-11,259,6.28,263342.8,7.962,40.037,52.329,40.037,197,259,0,Q1 least liquid,
VIRT,NYSE,True,2026-09-11,259,41.06,48479705.3,1.218,13.756,35.208,13.756,155,259,0,Q4,
VISN,NASDAQ,True,2026-09-11,259,16.22,73667236.0,3.083,49.069,67.759,17.245,132,259,1,Q4,
VIST,NYSE,True,2026-09-11,259,60.49,58184899.5,0.827,19.119,73.068,19.119,142,259,0,Q4,
VITL,NASDAQ,True,2026-09-11,259,19.1,35603430.4,2.618,0.0,61.862,2.618,110,259,0,Q4,
VIVS,NASDAQ,True,2026-09-11,259,1.8,110205.4,27.778,169.017,169.017,169.017,259,259,2,Q1 least liquid,
VKTX,NASDAQ,True,2026-09-11,259,33.43,81367221.5,1.496,41.82,86.721,41.82,155,259,1,Q4,
VLGEA,NASDAQ,True,2026-09-11,259,39.74,1762011.9,1.258,20.583,23.988,20.583,208,259,0,Q2,
VLN,NYSE,True,2026-09-11,259,1.72,1357761.0,29.07,70.829,78.366,70.829,175,259,0,Q2,
VLO,NYSE,True,2026-09-11,259,224.63,628424909.4,0.223,13.661,18.639,13.661,177,259,0,Q5 most liquid,1.681
VLRS,NYSE,True,2026-09-11,259,7.51,3871801.2,6.658,0.0,39.907,6.658,116,259,0,Q2,
VLTO,NYSE,True,2026-09-11,259,97.11,152284242.7,0.515,7.087,20.609,7.087,144,259,0,Q5 most liquid,0.872
VLY,NASDAQ,True,2026-09-11,259,12.62,87728149.6,3.962,26.743,27.827,26.743,249,259,0,Q4,
VMC,NYSE,True,2026-09-11,259,292.02,284404351.5,0.171,16.473,19.389,16.473,214,259,0,Q5 most liquid,2.027
VMET,NASDAQ,True,2026-09-11,131,10.83,2023782.9,4.617,0.0,21.324,4.617,1,131,0,Q2,
VMI,NYSE,True,2026-09-11,259,443.58,75258529.9,0.113,20.678,29.14,20.678,159,259,0,Q4,
VMRK,NYSE,True,2026-09-11,259,63.43,158641209.5,0.788,24.871,26.101,24.871,210,259,0,Q5 most liquid,3.06
VNCE,NASDAQ,True,2026-09-11,259,3.28,476385.2,15.244,49.753,97.949,49.753,147,259,0,Q2,
VNDA,NASDAQ,True,2026-09-11,259,6.06,5473352.8,8.251,0.0,44.853,8.251,34,259,0,Q3,
VNOM,NASDAQ,True,2026-09-11,259,42.99,68752451.0,1.163,21.469,22.391,21.469,239,259,0,Q4,
VNRX,AMEX,True,2026-09-11,259,0.422,360980.9,118.483,134.812,152.137,134.812,173,259,0,Q1 least liquid,
VNT,NYSE,True,2026-09-11,259,36.33,41383534.9,1.376,46.031,48.171,46.031,242,259,0,Q4,
VNTG,AMEX,True,2026-09-11,259,0.853,36291.3,58.617,204.215,278.699,203.795,190,259,0,Q1 least liquid,
VOR,NASDAQ,True,2026-09-11,259,15.12,13312116.5,3.307,42.343,94.91,42.343,148,259,0,Q3,
VOXR,NASDAQ,True,2026-09-11,259,5.05,2455118.5,9.901,25.191,51.304,25.191,147,259,0,Q2,
VOYA,NYSE,True,2026-09-11,259,75.78,72430625.0,0.66,30.005,30.478,30.005,249,259,0,Q4,
VOYG,NYSE,True,2026-09-11,259,29.56,38908474.4,1.691,12.112,77.35,1.691,129,259,0,Q4,
VPG,NYSE,True,2026-09-11,259,46.73,10820138.4,1.07,45.651,53.753,45.651,220,259,0,Q3,
VRA,NASDAQ,True,2026-09-11,259,3.05,530454.1,16.393,0.0,92.511,16.393,129,259,0,Q2,
VRCA,NASDAQ,True,2026-09-11,259,5.68,425556.8,8.803,69.67,128.079,69.67,160,259,0,Q2,
VRDN,NASDAQ,True,2026-09-11,259,22.54,32740876.4,2.218,52.79,66.183,52.79,188,259,1,Q4,
VREX,NASDAQ,True,2026-09-11,259,11.7,3649722.2,4.274,0.0,39.597,4.274,106,259,0,Q2,
VRM,NASDAQ,True,2026-09-11,259,16.2,55334.1,3.086,229.507,232.904,229.507,229,259,1,Q1 least liquid,
VRME,NASDAQ,True,2026-09-11,259,0.803,81050.3,62.267,133.01,157.34,62.267,122,259,1,Q1 least liquid,
VRNS,NASDAQ,True,2026-09-11,259,33.52,64308879.9,1.492,43.102,59.402,1.492,123,259,1,Q4,
VRRM,NASDAQ,True,2026-09-11,259,16.18,24940610.4,3.09,20.224,48.538,20.224,174,259,0,Q4,
VRSK,NASDAQ,True,2026-09-11,259,200.35,307536743.2,0.25,0.0,29.944,0.25,127,259,0,Q5 most liquid,0.0
VRSN,NASDAQ,True,2026-09-11,259,264.64,196027494.8,0.189,27.307,28.169,27.307,221,259,0,Q5 most liquid,3.36
VRT,NYSE,True,2026-09-11,259,251.07,1375311098.8,0.199,18.031,41.763,18.031,141,259,0,Q5 most liquid,2.219
VRTS,NYSE,True,2026-09-11,259,160.13,14454788.4,0.312,37.722,38.871,37.722,228,259,0,Q3,
VRTX,NASDAQ,True,2026-09-11,259,450.41,572654057.4,0.111,0.0,18.938,0.111,110,259,0,Q5 most liquid,0.0
VS,NASDAQ,True,2026-09-11,259,1.29,22835.1,38.76,177.238,177.238,177.238,259,259,0,Q1 least liquid,
VSAT,NASDAQ,True,2026-09-11,259,46.5,95341562.4,1.075,104.143,106.041,104.143,247,259,0,Q5 most liquid,12.814
VSEC,NASDAQ,True,2026-09-11,259,185.89,69002194.6,0.269,0.0,25.584,0.269,120,259,0,Q4,
VSH,NYSE,True,2026-09-11,259,19.08,45886863.2,2.621,33.194,58.285,33.194,187,259,0,Q4,
VSNT,NASDAQ,True,2026-09-11,186,37.875,71727947.2,1.32,2.253,16.059,1.32,65,186,0,Q4,
VST,NYSE,True,2026-09-11,259,161.84,706733827.6,0.309,38.067,49.028,38.067,192,259,0,Q5 most liquid,4.684
VSTM,NASDAQ,True,2026-09-11,259,6.41,12742864.0,7.8,0.0,60.136,7.8,86,259,2,Q3,
VSTS,NYSE,True,2026-09-11,259,7.71,12790252.6,6.485,55.908,58.127,55.908,236,259,0,Q3,
VSXY,NYSE,True,2026-09-11,259,54.17,108318440.2,0.923,32.608,57.483,32.608,170,259,0,Q5 most liquid,4.012
VTAK,AMEX,True,2026-09-11,259,1.43,95184.9,34.965,254.111,254.111,188.763,212,259,3,Q1 least liquid,
VTEX,NYSE,True,2026-09-11,259,3.88,4104338.4,12.887,15.857,41.309,15.857,163,259,0,Q3,
VTGN,NASDAQ,True,2026-09-11,259,0.6216,599805.2,80.438,88.577,119.795,80.438,121,259,4,Q2,
VTIX,NASDAQ,True,2026-09-11,158,3.625,765554.9,13.793,105.934,133.411,13.793,60,158,0,Q2,
VTOL,NYSE,True,2026-09-11,259,42.71,7983584.6,1.171,12.567,25.28,12.567,141,259,1,Q3,
VTR,NYSE,True,2026-09-11,259,82.7,252415430.6,0.605,10.286,13.443,10.286,180,259,0,Q5 most liquid,1.266
VTRS,NASDAQ,True,2026-09-11,259,13.86,125025420.8,3.608,13.957,25.983,13.957,186,259,0,Q5 most liquid,1.717
VTS,NYSE,True,2026-09-11,259,19.26,7793835.0,2.596,13.032,29.89,13.032,142,259,0,Q3,
VTSI,NASDAQ,True,2026-09-11,259,4.4,166699.4,11.364,44.981,52.834,44.981,177,259,0,Q1 least liquid,
VTVT,NASDAQ,True,2026-09-11,259,33.08,971398.6,1.511,144.136,146.968,144.136,249,259,1,Q2,
VUZI,NASDAQ,True,2026-09-11,259,2.71,3404452.9,18.45,64.984,87.242,64.984,174,259,0,Q2,
VVOS,NASDAQ,True,2026-09-11,259,1.35,218609.6,37.037,83.873,87.786,83.873,229,259,0,Q1 least liquid,
VVV,NYSE,True,2026-09-11,259,33.81,66519453.6,1.479,18.055,25.848,18.055,180,259,0,Q4,
VVX,NYSE,True,2026-09-11,259,68.27,27761813.7,0.732,0.0,41.415,0.732,127,259,0,Q4,
VWAV,NASDAQ,True,2026-09-11,259,7.47,2230574.4,6.693,0.0,44.746,6.693,26,259,0,Q2,
VYGR,NASDAQ,True,2026-09-11,259,3.93,2026840.2,12.723,0.0,31.75,12.723,110,259,0,Q2,
VYLD,ARCA,True,2026-09-11,259,28.0643,9146.6,1.782,23.855,43.105,23.855,166,259,0,Q1 least liquid,
VYX,NYSE,True,2026-09-11,259,8.76,16104937.7,5.708,22.754,34.796,22.754,156,259,0,Q3,
VZ,NYSE,True,2026-09-11,259,45.42,1088344563.8,1.101,11.541,19.449,11.541,151,259,0,Q5 most liquid,1.42
VZLA,AMEX,True,2026-09-11,259,3.88,22385408.4,12.887,60.452,82.819,60.452,204,259,0,Q4,
W,NYSE,True,2026-09-11,259,88.07,270930337.9,0.568,0.0,55.545,0.568,96,259,0,Q5 most liquid,0.0
WAB,NYSE,True,2026-09-11,259,249.91,202004211.4,0.2,11.983,24.295,11.983,147,259,0,Q5 most liquid,1.474
WABC,NASDAQ,True,2026-09-11,259,51.47,7651830.4,0.971,19.116,20.662,19.116,199,259,0,Q3,
WAFD,NASDAQ,True,2026-09-11,259,32.97,18063322.7,1.517,14.757,19.245,14.757,205,259,0,Q3,
WAL,NYSE,True,2026-09-11,259,81.1,78275176.0,0.617,34.55,45.178,34.55,196,259,0,Q4,
WALD,NASDAQ,True,2026-09-11,259,1.7,186825.8,29.412,128.12,132.771,128.12,239,259,0,Q1 least liquid,
WAT,NYSE,True,2026-09-11,259,363.18,255933496.8,0.138,0.0,42.681,0.138,123,259,0,Q5 most liquid,0.0
WATT,NASDAQ,True,2026-09-11,259,11.27,2181164.6,4.437,55.801,144.554,55.801,157,259,1,Q2,
WAY,NASDAQ,True,2026-09-11,259,25.27,59890570.1,1.979,5.357,23.867,5.357,133,259,0,Q4,
WBD,NASDAQ,True,2026-09-11,259,27.09,641779198.5,1.846,18.0,19.678,18.0,165,259,0,Q5 most liquid,2.215
WBI,NYSE,True,2026-09-11,248,25.705,15879757.0,1.945,58.697,58.757,52.098,185,248,0,Q3,
WBTN,NASDAQ,True,2026-09-11,259,12.085,4045304.9,4.137,93.241,108.777,93.241,210,259,0,Q3,
WBX,NYSE,True,2026-09-11,259,3.09,59999.3,16.181,103.674,104.427,103.674,248,259,0,Q1 least liquid,
WCC,NYSE,True,2026-09-11,259,289.5,156430875.1,0.173,40.707,42.579,40.707,224,259,0,Q5 most liquid,5.009
WCN,NYSE,True,2026-09-11,259,167.62,215581507.8,0.298,16.494,18.352,16.494,211,259,0,Q5 most liquid,2.03
WD,NYSE,True,2026-09-11,259,53.84,15321278.8,0.929,0.0,18.622,0.929,86,259,0,Q3,
WDAY,NASDAQ,True,2026-09-11,259,174.66,615897224.2,0.286,0.0,30.055,0.286,113,259,0,Q5 most liquid,0.0
WDC,NASDAQ,True,2026-09-11,259,282.58,2376137257.3,0.177,55.803,71.504,55.803,195,259,0,Q5 most liquid,6.866
WDFC,NASDAQ,True,2026-09-11,259,210.54,27851976.0,0.237,28.542,39.905,28.542,195,259,0,Q4,
WEAV,NYSE,True,2026-09-11,259,6.42,8154672.5,7.788,48.063,59.599,48.063,197,259,0,Q3,
WEC,NYSE,True,2026-09-11,259,112.17,222715315.5,0.446,13.483,15.526,13.483,229,259,0,Q5 most liquid,1.659
WELL,NYSE,True,2026-09-11,259,204.7,587036873.9,0.244,11.888,19.938,11.888,150,259,0,Q5 most liquid,1.463
WEN,NASDAQ,True,2026-09-11,259,7.99,56454152.6,6.258,30.022,52.691,30.022,171,259,0,Q4,
WERN,NASDAQ,True,2026-09-11,259,33.19,32143143.1,1.506,50.19,56.674,50.19,211,259,0,Q4,
WES,NYSE,True,2026-09-11,259,41.24,47100585.6,1.212,33.817,33.817,33.817,259,259,0,Q4,
WEST,NASDAQ,True,2026-09-11,259,5.02,2252496.5,9.96,0.0,42.933,9.96,116,259,0,Q2,
WETH,NASDAQ,True,2026-09-11,259,1.46,98339.8,34.247,141.451,141.451,141.451,259,259,0,Q1 least liquid,
WEX,NYSE,True,2026-09-11,259,154.69,70863306.5,0.323,27.58,40.815,27.58,162,259,0,Q4,
WEYS,NASDAQ,True,2026-09-11,259,32.65,428767.2,1.531,58.142,61.954,58.142,236,259,0,Q2,
WFC,NYSE,True,2026-09-11,259,85.01,1224745112.1,0.588,0.0,29.108,0.588,84,259,0,Q5 most liquid,0.0
WFCF,NASDAQ,True,2026-09-11,259,12.34,21494.0,4.052,140.914,146.978,140.914,251,259,0,Q1 least liquid,
WFG,NYSE,True,2026-09-11,259,66.44,13489398.0,0.753,0.0,19.124,0.753,122,259,0,Q3,
WGO,NYSE,True,2026-09-11,259,32.95,18009776.6,1.517,8.716,36.795,8.716,133,259,0,Q3,
WGS,NASDAQ,True,2026-09-11,259,85.35,56610533.7,0.586,0.0,96.211,0.586,75,259,1,Q4,
WH,NYSE,True,2026-09-11,259,78.5,91019985.6,0.637,30.348,32.779,30.348,200,259,0,Q5 most liquid,3.734
WHD,NYSE,True,2026-09-11,259,52.52,37918173.8,0.952,27.622,35.962,27.622,208,259,0,Q4,
WHF,NASDAQ,True,2026-09-11,259,7.04,681385.6,7.102,15.509,28.848,15.509,159,259,0,Q2,
WHG,NYSE,True,2026-09-11,259,17.03,190688.4,2.936,76.677,76.677,76.677,259,259,0,Q1 least liquid,
WHR,NYSE,True,2026-09-11,259,58.74,101665604.7,0.851,14.91,39.213,14.91,147,259,0,Q5 most liquid,1.835
WHWK,NASDAQ,True,2026-09-11,259,3.41,653936.4,14.663,54.494,75.587,54.494,189,259,1,Q2,
WINA,NASDAQ,True,2026-09-11,259,417.0,24720132.9,0.12,35.597,50.012,35.597,160,259,0,Q4,
WING,NASDAQ,True,2026-09-11,259,215.63,188139947.0,0.232,0.0,35.463,0.232,77,259,0,Q5 most liquid,0.0
WIT,NYSE,True,2026-09-11,259,2.28,20794495.5,21.93,29.052,39.16,29.052,211,259,0,Q4,
WK,NYSE,True,2026-09-11,259,69.87,54372344.0,0.716,0.0,71.447,0.716,83,259,0,Q4,
WKC,NYSE,True,2026-09-11,259,26.33,20609852.1,1.899,46.95,47.315,46.95,249,259,0,Q4,
WKHS,NASDAQ,True,2026-09-11,259,3.04,498361.5,16.447,86.537,91.527,86.537,230,259,0,Q2,
WKSP,NASDAQ,True,2026-09-11,259,1.33,406055.9,37.594,153.629,173.623,153.629,232,259,0,Q2,
WLDN,NASDAQ,True,2026-09-11,259,92.91,23988474.9,0.538,0.0,80.254,0.538,104,259,0,Q4,
WLDS,NASDAQ,True,2026-09-11,259,1.5,344861.7,33.333,144.458,158.359,97.492,159,259,2,Q1 least liquid,
WLFC,NASDAQ,True,2026-09-11,259,160.13,10636213.9,0.312,13.83,46.203,13.83,144,259,0,Q3,
WLK,NYSE,True,2026-09-11,259,80.63,99179849.6,0.62,31.807,40.53,31.807,200,259,0,Q5 most liquid,3.914
WLKP,NYSE,True,2026-09-11,259,21.7,786325.1,2.304,32.053,32.053,32.053,259,259,0,Q2,
WLTH,NASDAQ,True,2026-09-11,187,9.37,11217679.8,5.336,0.0,53.537,5.336,26,187,0,Q3,
WLY,NYSE,True,2026-09-11,259,38.71,17172287.8,1.292,34.677,37.178,34.677,188,259,0,Q3,
WLYB,NYSE,True,2026-09-11,259,39.21,7981.9,1.275,55.796,109.543,55.796,147,259,0,Q1 least liquid,
WM,NYSE,True,2026-09-11,259,221.3,432291438.4,0.226,0.0,33.358,0.226,115,259,0,Q5 most liquid,0.0
WMB,NYSE,True,2026-09-11,259,71.15,447473602.6,0.703,23.001,25.192,23.001,205,259,0,Q5 most liquid,2.83
WMG,NASDAQ,True,2026-09-11,259,29.1,57878997.9,1.718,0.0,21.816,1.718,65,259,0,Q4,
WMK,NYSE,True,2026-09-11,259,70.31,9554866.3,0.711,0.0,15.814,0.711,51,259,0,Q3,
WMS,NYSE,True,2026-09-11,259,144.59,103164848.9,0.346,0.0,25.514,0.346,69,259,0,Q5 most liquid,0.0
WMT,NASDAQ,True,2026-09-11,259,114.6,2293240129.5,0.436,0.0,9.34,0.436,1,259,0,Q5 most liquid,0.0
WNC,NYSE,True,2026-09-11,259,9.58,5326450.4,5.219,0.0,67.736,5.219,126,259,0,Q3,
WNEB,NASDAQ,True,2026-09-11,259,13.19,595981.3,3.791,21.325,29.161,21.325,180,259,0,Q2,
WOLF,NYSE,True,2026-09-11,259,23.09,62754735.8,2.165,169.95,169.989,166.798,235,259,3,Q4,
WOOF,NASDAQ,True,2026-09-11,259,2.84,5088815.5,17.606,19.036,34.584,19.036,153,259,0,Q3,
WOR,NYSE,True,2026-09-11,259,55.49,10411356.2,0.901,43.472,55.968,43.472,161,259,0,Q3,
WPAC,NYSE,True,2026-09-11,139,9.98,2886.7,5.01,143.926,143.926,45.725,77,139,0,Q1 least liquid,
WPC,NYSE,True,2026-09-11,259,70.38,86882013.0,0.71,17.889,18.256,17.889,240,259,0,Q4,
WPM,NYSE,True,2026-09-11,259,122.82,245552121.5,0.407,28.039,31.711,28.039,196,259,0,Q5 most liquid,3.45
WPP,NYSE,True,2026-09-11,259,19.21,9592034.9,2.603,0.0,18.652,2.603,28,259,0,Q3,
WRAP,NASDAQ,True,2026-09-11,259,1.75,622848.0,28.571,51.513,62.701,51.513,179,259,0,Q2,
WRB,NYSE,True,2026-09-11,259,69.92,137858490.0,0.715,17.634,27.887,17.634,180,259,0,Q5 most liquid,2.17
WRBY,NYSE,True,2026-09-11,259,25.02,60278518.1,1.998,27.675,72.813,27.675,134,259,0,Q4,
WRLD,NASDAQ,True,2026-09-11,259,153.25,15189560.0,0.326,0.0,21.599,0.326,111,259,0,Q3,
WRN,AMEX,True,2026-09-11,259,2.49,3403567.6,20.08,0.0,38.379,20.08,50,259,0,Q2,
WS,NYSE,True,2026-09-11,259,35.51,8390754.3,1.408,47.141,62.678,47.141,169,259,0,Q3,
WSBC,NASDAQ,True,2026-09-11,259,34.55,20162450.2,1.447,23.217,23.429,23.217,248,259,0,Q3,
WSBF,NASDAQ,True,2026-09-11,259,18.01,932799.0,2.776,28.66,29.337,28.66,245,259,0,Q2,
WSBK,NASDAQ,True,2026-09-11,259,12.74,52113.5,3.925,46.758,46.758,46.758,259,259,0,Q1 least liquid,
WSC,NASDAQ,True,2026-09-11,259,21.75,46958904.7,2.299,15.071,65.224,15.071,133,259,0,Q4,
WSFS,NASDAQ,True,2026-09-11,259,65.51,24193225.4,0.763,14.17,21.776,14.17,153,259,0,Q4,
WSM,NYSE,True,2026-09-11,259,198.38,210753088.6,0.252,9.67,32.951,9.67,136,259,0,Q5 most liquid,1.19
WSO,NYSE,True,2026-09-11,259,377.96,144294448.1,0.132,21.171,27.378,21.171,182,259,0,Q5 most liquid,2.605
WST,NYSE,True,2026-09-11,259,275.34,200398680.3,0.182,0.0,35.971,0.182,99,259,0,Q5 most liquid,0.0
WSTN,NASDAQ,True,2026-09-11,175,10.03,1009.0,4.985,9.064,9.064,7.784,113,175,0,Q1 least liquid,
WTBA,NASDAQ,True,2026-09-11,259,23.76,949396.1,2.104,30.185,30.313,30.185,258,259,0,Q2,
WTFC,NASDAQ,True,2026-09-11,259,146.3,64243315.7,0.342,10.542,15.84,10.542,173,259,0,Q4,
WTI,NYSE,True,2026-09-11,259,2.85,9605616.7,17.544,0.0,35.119,17.544,122,259,0,Q3,
WTID,ARCA,True,2026-09-11,259,5.76,116847.4,8.681,65.135,74.226,65.135,225,259,0,Q1 least liquid,
WTIU,ARCA,True,2026-09-11,259,14.59,517465.6,3.427,68.715,73.024,68.715,233,259,0,Q2,
WTM,NYSE,True,2026-09-11,259,2080.0,42306197.1,0.024,14.43,19.412,14.43,187,259,0,Q4,
WTRG,NYSE,True,2026-09-11,259,39.17,74240563.8,1.276,20.51,24.077,20.51,213,259,0,Q4,
WTS,NYSE,True,2026-09-11,259,299.15,56539085.8,0.167,21.852,23.22,21.852,224,259,0,Q4,
WTTR,NYSE,True,2026-09-11,259,14.01,19654979.0,3.569,25.577,32.591,25.577,182,259,0,Q3,
WU,NYSE,True,2026-09-11,259,8.73,67647355.3,5.727,7.326,32.102,7.326,137,259,0,Q4,
WULF,NASDAQ,True,2026-09-11,259,15.5,513843435.0,3.226,23.682,62.75,23.682,137,259,0,Q5 most liquid,2.914
WVE,NASDAQ,True,2026-09-11,259,7.18,22188325.0,6.964,54.162,70.707,33.583,134,259,2,Q4,
WVVI,NASDAQ,True,2026-09-11,259,2.72,13524.3,18.382,162.254,162.254,162.254,259,259,0,Q1 least liquid,
WW,NASDAQ,True,2026-09-11,259,20.62,4385763.1,2.425,0.0,102.384,2.425,58,259,0,Q3,
WWD,NASDAQ,True,2026-09-11,259,350.03,190459356.0,0.143,14.479,27.829,14.479,149,259,0,Q5 most liquid,1.782
WWR,AMEX,True,2026-09-11,259,0.725,916212.4,68.966,101.436,106.188,101.436,226,259,0,Q2,
WWW,NYSE,True,2026-09-11,259,18.02,21110070.7,2.775,0.0,51.889,2.775,101,259,0,Q4,
WY,NYSE,True,2026-09-11,259,24.18,126141828.1,2.068,0.0,15.017,2.068,124,259,0,Q5 most liquid,0.0
WYNN,NASDAQ,True,2026-09-11,259,107.27,154073835.4,0.466,0.0,10.109,0.466,14,259,0,Q5 most liquid,0.0
WYY,AMEX,True,2026-09-11,259,6.49,355951.7,7.704,70.428,72.275,70.428,233,259,0,Q1 least liquid,
XAIR,NASDAQ,True,2026-09-11,259,1.14,171381.5,43.86,80.154,117.132,80.154,157,259,1,Q1 least liquid,
XBIO,NASDAQ,True,2026-09-11,259,2.945,52923.6,16.978,129.791,136.72,129.791,194,259,3,Q1 least liquid,
XBIT,NASDAQ,True,2026-09-11,259,2.39,87607.9,20.921,50.757,53.697,50.757,208,259,1,Q1 least liquid,
XBP,NASDAQ,True,2026-09-11,259,2.81,67390.4,17.794,153.436,208.405,153.436,158,259,0,Q1 least liquid,
XCUR,NASDAQ,True,2026-09-11,259,3.84,82230.1,13.021,152.921,153.283,152.921,252,259,1,Q1 least liquid,
XEL,NASDAQ,True,2026-09-11,259,79.21,368272909.0,0.631,15.287,17.133,15.287,236,259,0,Q5 most liquid,1.881
XELB,NASDAQ,True,2026-09-11,259,1.47,57514.1,34.014,171.933,176.426,171.933,214,259,0,Q1 least liquid,
XERS,NASDAQ,True,2026-09-11,259,7.31,12346919.2,6.84,43.091,55.79,43.091,159,259,1,Q3,
XFLH,NYSE,True,2026-09-11,130,9.96,9721.1,5.02,4.747,5.165,5.02,58,130,0,Q1 least liquid,
XFOR,NASDAQ,True,2026-09-11,259,3.88,1771331.8,12.887,28.226,48.866,28.226,162,259,1,Q2,
XGN,NASDAQ,True,2026-09-11,259,4.86,1460918.4,10.288,0.0,19.029,10.288,50,259,0,Q2,
XHLD,NASDAQ,True,2026-09-11,259,1.4,159408.8,35.714,123.159,171.144,123.159,171,259,1,Q1 least liquid,
XHR,NYSE,True,2026-09-11,259,15.21,11250185.8,3.287,33.975,37.532,33.975,194,259,0,Q3,
XIFR,NYSE,True,2026-09-11,259,10.4,10654505.0,4.808,25.155,29.261,25.155,178,259,0,Q3,
XLAB,NASDAQ,True,2026-09-11,259,10.09,1467024.6,4.955,0.0,10.512,4.955,80,259,0,Q2,
XLO,NASDAQ,True,2026-09-11,259,0.8383,242477.2,59.645,101.889,106.821,101.889,197,259,0,Q1 least liquid,
XMAX,NASDAQ,True,2026-09-11,259,6.21,5371699.5,8.052,35.136,43.02,35.136,203,259,2,Q3,
XMTR,NASDAQ,True,2026-09-11,259,60.61,43082437.5,0.825,0.0,33.016,0.825,96,259,0,Q4,
XNCR,NASDAQ,True,2026-09-11,259,13.03,10931546.5,3.837,0.0,42.935,3.837,88,259,0,Q3,
XOM,NYSE,True,2026-09-11,259,145.26,2186680576.2,0.344,0.0,11.822,0.344,57,259,0,Q5 most liquid,0.0
XOS,NASDAQ,True,2026-09-11,259,2.3,99162.2,21.739,100.64,108.427,100.64,208,259,1,Q1 least liquid,
XP,NASDAQ,True,2026-09-11,259,17.92,103640596.8,2.79,0.0,39.086,2.79,90,259,0,Q5 most liquid,0.0
XPEL,NASDAQ,True,2026-09-11,259,45.45,9518970.0,1.1,42.169,46.718,42.169,229,259,0,Q3,
XPER,NYSE,True,2026-09-11,259,6.25,2595601.4,8.0,27.935,40.374,27.935,184,259,0,Q2,
XPL,AMEX,True,2026-09-11,259,0.758,149896.5,65.963,99.018,100.3,99.018,252,259,0,Q1 least liquid,
XPO,NYSE,True,2026-09-11,259,190.06,205536636.2,0.263,34.879,43.62,34.879,216,259,0,Q5 most liquid,4.292
XPOF,NYSE,True,2026-09-11,259,6.78,3295465.8,7.375,0.0,95.742,7.375,81,259,0,Q2,
XPON,NASDAQ,True,2026-09-11,259,0.865,182797.6,57.803,175.213,180.564,175.213,219,259,1,Q1 least liquid,
XPRO,NYSE,True,2026-09-11,259,15.7,15452174.4,3.185,47.047,55.475,47.047,194,259,0,Q3,
XRAY,NASDAQ,True,2026-09-11,259,11.83,47534964.1,4.227,10.079,29.064,10.079,138,259,0,Q4,
XRN,NYSE,True,2026-09-11,259,35.1,3790884.9,1.425,0.0,33.622,1.425,80,259,1,Q2,
XRX,NASDAQ,True,2026-09-11,259,2.72,8697809.5,18.382,0.0,33.599,18.382,65,259,0,Q3,
XTIA,NASDAQ,True,2026-09-11,259,1.63,2079779.2,30.675,15.196,81.871,30.675,134,259,5,Q2,
XTND,NYSE,True,2026-09-11,259,6.68,1262849.9,7.485,129.356,149.011,129.356,226,259,0,Q2,
XTNT,AMEX,True,2026-09-11,259,0.5833,71579.6,85.719,190.551,190.551,190.551,259,259,0,Q1 least liquid,
XWEL,NASDAQ,True,2026-09-11,259,1.01,42081.4,49.505,138.09,147.95,138.09,186,259,0,Q1 least liquid,
XXI,NYSE,True,2026-09-11,259,7.6,7043958.4,6.579,57.495,129.907,57.495,149,259,0,Q3,
XXII,NASDAQ,True,2026-09-11,259,1.76,157081.0,28.409,0.0,125.741,28.409,83,259,0,Q1 least liquid,
XYL,NYSE,True,2026-09-11,259,127.18,199779668.2,0.393,21.578,23.619,21.578,211,259,0,Q5 most liquid,2.655
XYZ,NYSE,True,2026-09-11,259,70.89,400745430.6,0.705,0.0,36.717,0.705,123,259,0,Q5 most liquid,0.0
XZO,NYSE,True,2026-09-11,213,16.26,3018550.4,3.075,33.734,50.603,3.075,86,213,0,Q2,
YARW,NASDAQ,True,2026-09-11,259,0.5948,302099.0,84.062,190.244,190.244,190.244,259,259,0,Q1 least liquid,
YCBD,AMEX,True,2026-09-11,259,0.747,190774.6,66.934,96.133,146.653,96.133,169,259,0,Q1 least liquid,
YCY,NYSE,True,2026-09-11,218,10.07,1171.5,4.965,9.451,9.451,6.439,147,218,0,Q1 least liquid,
YDKG,NASDAQ,True,2026-09-11,259,0.9299,79187.4,53.769,174.385,174.701,164.249,195,259,2,Q1 least liquid,
YELP,NYSE,True,2026-09-11,259,26.63,26683308.1,1.878,0.0,54.088,1.878,104,259,0,Q4,
YETI,NYSE,True,2026-09-11,259,42.52,58607005.4,1.176,3.842,47.147,3.842,132,259,0,Q4,
YEXT,NYSE,True,2026-09-11,259,5.73,6735341.8,8.726,20.132,36.123,20.132,173,259,0,Q3,
YHC,NASDAQ,True,2026-09-11,259,0.8999,140105.4,55.562,141.651,150.789,124.342,174,259,1,Q1 least liquid,
YHGJ,NASDAQ,True,2026-09-11,259,3.21,16701.1,15.576,245.75,245.75,245.75,259,259,1,Q1 least liquid,
YORW,NASDAQ,True,2026-09-11,259,31.31,3090064.1,1.597,14.397,18.028,14.397,207,259,0,Q2,
YOU,NYSE,True,2026-09-11,259,43.84,60596104.7,1.141,37.288,76.709,37.288,138,259,0,Q4,
YRD,NYSE,True,2026-09-11,259,3.67,192485.8,13.624,24.474,44.544,24.474,162,259,0,Q1 least liquid,
YSS,NYSE,True,2026-09-11,156,24.605,37807418.2,2.032,31.538,68.948,2.032,54,156,0,Q4,
YUM,NYSE,True,2026-09-11,259,152.57,291979921.4,0.328,5.387,17.562,5.387,138,259,0,Q5 most liquid,0.663
YUMC,NYSE,True,2026-09-11,259,47.18,65662624.6,1.06,17.261,19.171,17.261,228,259,0,Q4,
YYAI,NASDAQ,True,2026-09-11,259,1.05,809765.4,47.619,138.584,749.689,47.619,101,259,5,Q2,
Z,NASDAQ,True,2026-09-11,259,45.28,159021995.0,1.104,0.0,44.225,1.104,82,259,0,Q5 most liquid,0.0
ZBH,NYSE,True,2026-09-11,259,92.59,172531302.0,0.54,0.0,19.707,0.54,118,259,0,Q5 most liquid,0.0
ZBIO,NASDAQ,True,2026-09-11,259,24.67,12290983.9,2.027,48.811,64.093,24.992,137,259,1,Q3,
ZBRA,NASDAQ,True,2026-09-11,259,255.17,177540545.7,0.196,34.328,53.732,34.328,169,259,0,Q5 most liquid,4.224
ZD,NASDAQ,True,2026-09-11,259,40.51,23426451.2,1.234,0.0,40.169,1.234,119,259,0,Q4,
ZDGE,AMEX,True,2026-09-11,259,3.03,183306.9,16.502,57.041,69.558,57.041,200,259,0,Q1 least liquid,
ZENA,NASDAQ,True,2026-09-11,259,2.49,3582328.4,20.08,35.896,74.531,35.896,143,259,0,Q2,
ZEO,NASDAQ,True,2026-09-11,259,0.9482,106986.4,52.731,132.172,143.445,132.172,213,259,1,Q1 least liquid,
ZETA,NYSE,True,2026-09-11,259,19.05,145204218.7,2.625,24.438,56.696,24.438,135,259,0,Q5 most liquid,3.007
ZG,NASDAQ,True,2026-09-11,259,45.1,44026252.9,1.109,0.0,41.461,1.109,85,259,0,Q4,
ZGN,NYSE,True,2026-09-11,259,10.81,8425269.4,4.625,0.0,35.331,4.625,126,259,0,Q3,
ZIM,NYSE,True,2026-09-11,259,24.5,46881662.5,2.041,53.745,57.611,53.745,163,259,0,Q4,
ZION,NASDAQ,True,2026-09-11,259,60.09,89614944.5,0.832,0.0,29.249,0.832,112,259,0,Q4,
ZIP,NYSE,True,2026-09-11,259,3.9,3254046.7,12.821,80.929,89.934,80.929,171,259,0,Q2,
ZKIN,NASDAQ,True,2026-09-11,259,1.59,17794.6,31.447,229.741,229.741,229.741,259,259,0,Q1 least liquid,
ZM,NASDAQ,True,2026-09-11,259,86.63,279550528.3,0.577,0.0,23.744,0.577,11,259,0,Q5 most liquid,0.0
ZNTL,NASDAQ,True,2026-09-11,259,2.69,1937147.4,18.587,0.0,60.355,18.587,108,259,1,Q2,
ZONE,AMEX,True,2026-09-11,259,0.366,1131037.5,136.612,173.571,191.298,173.571,235,259,0,Q2,
ZS,NASDAQ,True,2026-09-11,259,174.45,410080860.0,0.287,0.0,27.711,0.287,53,259,0,Q5 most liquid,0.0
ZSQR,NASDAQ,True,2026-09-11,259,12.6,970691.7,3.968,113.784,113.784,113.784,259,259,0,Q2,
ZSTK,NASDAQ,True,2026-09-11,259,6.99,109842.8,7.153,302.805,306.011,302.805,242,259,1,Q1 least liquid,
ZTS,NYSE,True,2026-09-11,259,119.56,467140429.9,0.418,34.175,41.586,34.175,196,259,0,Q5 most liquid,4.205
ZUMZ,NASDAQ,True,2026-09-11,259,22.16,3790306.8,2.256,19.512,65.428,19.512,144,259,0,Q2,
ZVIA,NYSE,True,2026-09-11,259,1.67,1234077.0,29.94,25.77,38.336,29.94,162,259,0,Q2,
ZVRA,NASDAQ,True,2026-09-11,259,9.75,10616931.1,5.128,0.0,38.205,5.128,100,259,0,Q3,
ZWS,NYSE,True,2026-09-11,259,47.45,40084971.5,1.054,14.645,18.977,14.645,198,259,1,Q4,
ZYME,NASDAQ,True,2026-09-11,259,24.02,14100424.8,2.082,15.95,39.637,15.95,131,259,0,Q3,
