ticker,last_bar,last_close,outcome,effective_date,acquirer_symbol,cash_rate,exchange_ratio,acquirer_close_used,acquirer_close_date,price_lookup_method,final_value_per_share,implied_final_return,notes
AABA,2019-10-02,19.63,no_action_found,,,,,,,,,,
AACQU,2021-06-24,11.05,no_action_found,,,,,,,,,,
ABDC,2020-01-31,8.9,no_action_found,,,,,,,,,,
ACACU,2024-09-26,12.94,no_action_found,,,,,,,,,,
ACAMU,2021-01-21,12.94,no_action_found,,,,,,,,,,
ACBI,2022-02-28,32.34,stock_merger,2022-02-28,SSB,,0.36,90.0,2022-02-28,exact,32.4,0.0018552875695732052,"valued at acquirer close on effective_date read from the price store (approximation, see limitations)"
ACC,2022-08-09,65.42,cash_merger,2022-08-09,,65.47,,,,,65.47,0.0007642922653621209,
ACGLP,2021-09-29,24.99,no_action_found,,,,,,,,,,
ACIA,2021-02-26,114.99,cash_merger,2021-03-01,CSCO,115.0,,,,,115.0,8.696408383346288e-05,
ACKIT,2022-08-31,10.3801,no_action_found,,,,,,,,,,
ACKIU,2022-08-31,10.36,no_action_found,,,,,,,,,,
ACSF,2018-08-24,12.25,no_action_found,,,,,,,,,,
ACTCU,2021-06-14,21.2,no_action_found,,,,,,,,,,
ACTDU,2022-07-21,7.655,no_action_found,,,,,,,,,,
ACTTU,2020-06-24,13.05,other_action,2020-06-24,,,,,,,,,non-merger corporate action: reverse_split; no cash/stock value implied by this type
ADMS,2021-11-23,8.22,no_action_found,,,,,,,,,,
ADOCU,2020-12-09,10.18,no_action_found,,,,,,,,,,
ADRD,2020-02-13,22.19,no_action_found,,,,,,,,,,
ADRU,2020-02-13,21.6,no_action_found,,,,,,,,,,
ADSW,2020-10-29,30.3,cash_merger,2020-10-30,WM,30.3,,,,,30.3,0.0,
AEB,2021-09-14,25.01,no_action_found,,,,,,,,,,
AEGN,2021-05-14,29.99,cash_merger,2021-05-17,,30.0,,,,,30.0,0.0003334444814939719,
AEPPL,2022-03-14,52.61,no_action_found,,,,,,,,,,
AETI,2019-07-26,0.8901,other_action,2019-07-29,,,,,,,,,non-merger corporate action: reverse_split; no cash/stock value implied by this type
AFC,2021-03-24,25.32,no_action_found,,,,,,,,,,
AFGH,2020-11-13,25.37,no_action_found,,,,,,,,,,
AGC,2021-12-01,11.01,stock_merger,2021-12-01,,,1.0,,,no_acquirer_symbol,,,"acquirer close not found in store [2 corporate-action records found across all types for this symbol; picked the stock_merger record whose effective_date is closest to last_bar -- likely a reused ticker or a residual/fractional-share sweep alongside the real deal, see corporate_actions_raw.json.gz]"
AGCUU,2021-12-01,11.87,no_action_found,,,,,,,,,,
AGGE,2020-02-04,19.62,no_action_found,,,,,,,,,,
AGGP,2021-02-04,19.835,no_action_found,,,,,,,,,,
AGN,2020-05-08,193.02,stock_and_cash_merger,2020-05-08,ABBV,120.3,0.866,83.96,2020-05-08,exact,193.00936,-5.512382136574345e-05,"cash+stock component; stock leg valued at acquirer close (approximation, see limitations)."
AGND,2020-05-27,38.06,no_action_found,,,,,,,,,,
AGT,2022-08-22,26.38,no_action_found,,,,,,,,,,
AHACU,2021-08-26,12.077,no_action_found,,,,,,,,,,
AHL,2026-02-23,37.5,cash_merger,2026-02-24,,37.5,,,,,37.5,0.0,
AIIQ,2022-07-28,24.56,no_action_found,,,,,,,,,,
AIMT,2020-10-12,34.49,cash_merger,2020-10-13,,34.5,,,,,34.5,0.0002899391127861861,
AIW,2021-08-05,25.0,no_action_found,,,,,,,,,,
AIZP,2021-03-12,127.52,no_action_found,,,,,,,,,,
AKCA,2020-10-09,18.17,cash_merger,2020-10-12,IONS,18.15,,,,,18.15,-0.0011007154650524154,
AKP,2019-05-02,14.83,no_action_found,,,,,,,,,,
AKS,2020-03-12,1.59,no_action_found,,,,,,,,,,
ALAC,2022-04-25,12.02,no_action_found,,,,,,,,,,
ALACR,2022-04-25,0.035,no_action_found,,,,,,,,,,
ALACU,2022-02-18,11.8,no_action_found,,,,,,,,,,
ALD,2019-03-14,44.25,no_action_found,,,,,,,,,,
ALDR,2019-10-21,18.88,no_action_found,,,,,,,,,,
ALFA,2022-08-30,62.1,no_action_found,,,,,,,,,,
ALGR,2020-04-08,10.39,no_action_found,,,,,,,,,,
ALGRR,2020-04-20,0.018,no_action_found,,,,,,,,,,
ALGRU,2020-03-31,10.84,no_action_found,,,,,,,,,,
ALN,2018-09-28,0.1396,other_action,2018-10-01,,,,,,,,,non-merger corporate action: reverse_split; no cash/stock value implied by this type
ALO,2020-06-30,1.26,stock_merger,2020-07-01,ARNGF,,0.67,,,not_found,,,acquirer close not found in store
ALOG,2018-06-22,83.95,no_action_found,,,,,,,,,,
ALSK,2021-07-22,3.4,cash_merger,2021-07-22,,3.4,,,,,3.4,0.0,
ALTA,2021-09-30,44.16,stock_merger,2021-10-01,GBCI,,0.7971,55.99,2021-10-01,exact,44.629629,0.010634714673913193,"valued at acquirer close on effective_date read from the price store (approximation, see limitations)"
ALTS,2026-04-28,0.855,other_action,2026-04-29,,,,,,,,,non-merger corporate action: name_change; no cash/stock value implied by this type
ALXN,2021-07-20,182.5,stock_and_cash_merger,2021-07-21,AZN,60.0,2.1243,,,not_found,,,"cash+stock component; stock leg valued at acquirer close (approximation, see limitations)."
AMAG,2020-11-13,13.75,cash_merger,2020-11-16,,13.75,,,,,13.75,0.0,
AMCA,2021-08-23,37.55,no_action_found,,,,,,,,,,
AMCIU,2023-02-07,10.43,no_action_found,,,,,,,,,,
AMHCU,2021-09-24,16.28,no_action_found,,,,,,,,,,
AMJL,2020-03-18,1.2,no_action_found,,,,,,,,,,
AMMA,2019-02-01,0.2315,no_action_found,,,,,,,,,,
AMRB,2021-08-06,20.91,stock_merger,2021-08-06,BMRC,,0.575,36.15,2021-08-06,exact,20.78625,-0.005918220946915409,"valued at acquirer close on effective_date read from the price store (approximation, see limitations)"
AMTBB,2021-11-17,28.72,no_action_found,,,,,,,,,,
AMU,2020-11-23,8.43,no_action_found,,,,,,,,,,
ANAT,2022-05-24,190.02,cash_merger,2022-05-25,BAMR,190.0,,,,,190.0,-0.00010525207872857933,
ANCX,2019-01-31,23.61,no_action_found,,,,,,,,,,
ANDAR,2021-07-20,0.905,no_action_found,,,,,,,,,,
ANDAU,2021-07-19,11.1,no_action_found,,,,,,,,,,
ANDV,2018-09-28,153.5,no_action_found,,,,,,,,,,
ANDX,2019-07-29,32.17,no_action_found,,,,,,,,,,
ANH,2021-03-19,2.98,stock_and_cash_merger,2021-03-19,RC,0.61,0.1688,14.36,2021-03-19,exact,3.0339679999999998,0.01811006711409391,"cash+stock component; stock leg valued at acquirer close (approximation, see limitations). [2 corporate-action records found across all types for this symbol; picked the stock_and_cash_merger record whose effective_date is closest to last_bar -- likely a reused ticker or a residual/fractional-share sweep alongside the real deal, see corporate_actions_raw.json.gz]"
AOI,2018-09-11,23.95,no_action_found,,,,,,,,,,
AOIL,2020-02-14,21.78,no_action_found,,,,,,,,,,
APB,2019-01-23,11.54,no_action_found,,,,,,,,,,
APF,2019-04-05,16.78,no_action_found,,,,,,,,,,
APHA,2021-04-30,15.38,stock_merger,2021-04-30,TLRY,,0.8381,18.34,2021-04-30,exact,15.370754,-0.0006011703511054067,"valued at acquirer close on effective_date read from the price store (approximation, see limitations)"
APR,2022-03-28,37.5,cash_merger,2022-03-28,OMI,37.5,,,,,37.5,0.0,
APTI,2019-01-09,37.97,no_action_found,,,,,,,,,,
APTS,2022-06-23,25.0,cash_merger,2022-06-23,,25.0,,,,,25.0,0.0,
APU,2019-08-21,31.22,no_action_found,,,,,,,,,,
AQ,2019-09-18,13.24,no_action_found,,,,,,,,,,
ARA,2021-01-25,11.52,cash_merger,2021-01-25,,11.5,,,,,11.5,-0.0017361111111110494,
ARD,2021-10-05,24.75,no_action_found,,,,,,,,,,
ARMO,2018-06-21,49.98,no_action_found,,,,,,,,,,
ARNA,2022-03-10,99.99,cash_merger,2022-03-11,PFE,100.0,,,,,100.0,0.00010001000100023916,"[2 corporate-action records found across all types for this symbol; picked the cash_merger record whose effective_date is closest to last_bar -- likely a reused ticker or a residual/fractional-share sweep alongside the real deal, see corporate_actions_raw.json.gz]"
ARQL,2020-01-15,20.0,no_action_found,,,,,,,,,,
ARRS,2019-04-03,31.66,no_action_found,,,,,,,,,,
ARTA,2022-05-17,10.05,stock_merger,2022-05-17,,,1.29,,,no_acquirer_symbol,,,acquirer close not found in store
ARTAU,2022-05-17,10.15,no_action_found,,,,,,,,,,
ARTX,2019-12-18,2.995,no_action_found,,,,,,,,,,
ARYA,2021-06-09,11.16,other_action,2021-06-10,,,,,,,,,non-merger corporate action: name_change; no cash/stock value implied by this type [2 corporate-action records found across all types for this symbol; picked the name_change record whose date is closest to last_bar]
ARYAU,2020-07-01,19.5095,other_action,2020-07-01,,,,,,,,,non-merger corporate action: reverse_split; no cash/stock value implied by this type
ARYBU,2020-10-27,10.39,no_action_found,,,,,,,,,,
ASFI,2020-09-28,13.08,cash_merger,2020-09-29,,13.1,,,,,13.1,0.001529051987767538,
ASRVP,2021-10-01,27.31,no_action_found,,,,,,,,,,
AST,2019-03-07,0.945,no_action_found,,,,,,,,,,
ASV,2019-09-11,7.04,no_action_found,,,,,,,,,,
AT,2021-05-14,3.02,cash_merger,2021-05-14,,3.03,,,,,3.03,0.0033112582781456013,
ATH,2021-12-31,83.33,stock_merger,2022-01-01,APO,,1.149,72.43,2021-12-31,nearest_prior,83.22207000000002,-0.001295211808472141,"valued at acquirer close on effective_date read from the price store (approximation, see limitations)"
ATHN,2021-12-30,9.59,other_action,2022-01-11,,,,,,,,,non-merger corporate action: name_change; no cash/stock value implied by this type
ATIS,2019-11-15,0.77,other_action,2019-03-18,,,,,,,,,non-merger corporate action: reverse_split; no cash/stock value implied by this type
ATRS,2022-05-23,5.59,cash_merger,2022-05-24,,5.6,,,,,5.6,0.0017889087656528524,
ATSPT,2022-04-27,8.18,no_action_found,,,,,,,,,,
ATSPU,2022-04-27,8.1,no_action_found,,,,,,,,,,
ATTU,2019-05-03,23.42,no_action_found,,,,,,,,,,
ATV,2021-01-29,20.89,cash_merger,2021-01-29,,21.0,,,,,21.0,0.005265677357587428,
AUSE,2019-03-14,53.9424,no_action_found,,,,,,,,,,
AUTO,2022-08-31,0.388,cash_merger,2022-08-31,,0.39,,,,,0.39,0.005154639175257714,
AVDG,2022-07-11,25.745,no_action_found,,,,,,,,,,
AVDR,2022-07-11,24.255,no_action_found,,,,,,,,,,
AWTM,2022-07-15,48.4418,no_action_found,,,,,,,,,,
AXE,2020-06-19,97.85,no_action_found,,,,,,,,,,
AXJL,2020-05-27,56.7,no_action_found,,,,,,,,,,
AXJV,2019-08-20,33.6326,no_action_found,,,,,,,,,,
AXO,2021-03-30,25.12,no_action_found,,,,,,,,,,
AXU,2022-09-06,0.4454,stock_merger,2022-09-07,HL,,0.116,4.04,2022-09-07,exact,0.46864,0.05217781769196228,"valued at acquirer close on effective_date read from the price store (approximation, see limitations)"
AYR,2020-03-27,32.01,no_action_found,,,,,,,,,,
AZPN,2025-03-11,264.33,cash_merger,2025-03-12,EMR,265.0,,,,,265.0,0.002534710399878959,"[2 corporate-action records found across all types for this symbol; picked the cash_merger record whose effective_date is closest to last_bar -- likely a reused ticker or a residual/fractional-share sweep alongside the real deal, see corporate_actions_raw.json.gz]"
BAF,2021-03-05,14.1,stock_merger,2021-03-08,MHD,,0.89746,15.96,2021-03-08,exact,14.323461600000002,0.01584834042553207,"valued at acquirer close on effective_date read from the price store (approximation, see limitations)"
BBF,2021-04-09,14.42,stock_merger,2021-04-12,BLE,,0.95733,,,not_found,,,acquirer close not found in store
BBIGV,2022-06-29,1.4899,no_action_found,,,,,,,,,,
BBK,2021-03-05,15.48,stock_merger,2021-03-08,MHD,,0.96697,15.96,2021-03-08,exact,15.4328412,-0.0030464341085271185,"valued at acquirer close on effective_date read from the price store (approximation, see limitations)"
BBL,2022-01-28,64.18,stock_merger,2022-01-28,BHP,,1.0,64.17,2022-01-28,exact,64.17,-0.0001558117793706293,"valued at acquirer close on effective_date read from the price store (approximation, see limitations)"
BBOX,2019-01-04,1.09,no_action_found,,,,,,,,,,
BBRC,2019-06-14,15.95,no_action_found,,,,,,,,,,
BCACU,2022-07-29,23.2,no_action_found,,,,,,,,,,
BCNA,2019-10-22,20.83,no_action_found,,,,,,,,,,
BCYPU,2021-10-22,8.57,no_action_found,,,,,,,,,,
BDCL,2020-04-01,2.44,no_action_found,,,,,,,,,,
BDCS,2020-11-25,15.22,no_action_found,,,,,,,,,,
BDCY,2020-12-09,9.74,no_action_found,,,,,,,,,,
BDSI,2022-03-22,5.59,cash_merger,2022-03-22,COLL,5.6,,,,,5.6,0.0017889087656528524,
BDXA,2020-04-30,59.24,no_action_found,,,,,,,,,,
BEL,2019-04-16,24.99,no_action_found,,,,,,,,,,
BERN,2019-07-29,28.82,no_action_found,,,,,,,,,,
BFO,2020-12-15,14.2522,no_action_found,,,,,,,,,,
BFY,2021-04-09,15.41,stock_merger,2021-04-12,BNY,,1.03013,49.09,2021-04-12,exact,50.569081700000005,2.281575710577547,"valued at acquirer close on effective_date read from the price store (approximation, see limitations)"
BFYT,2020-08-20,31.0,cash_merger,2020-08-21,,31.0,,,,,31.0,0.0,
BGIO,2021-12-13,2.63,no_action_found,,,,,,,,,,
BHBK,2019-03-29,23.9,no_action_found,,,,,,,,,,
BIKR,2019-07-12,24.98,no_action_found,,,,,,,,,,
BIOS,2023-10-06,10.795,other_action,2020-02-03,,,,,,,,,non-merger corporate action: reverse_split; no cash/stock value implied by this type [2 corporate-action records found across all types for this symbol; picked the reverse_split record whose date is closest to last_bar]
BJZ,2018-12-14,14.46,no_action_found,,,,,,,,,,
BKC,2019-02-05,20.82,no_action_found,,,,,,,,,,
BKEP,2022-08-17,4.63,cash_merger,2022-08-17,,4.65,,,,,4.65,0.004319654427645814,
BKEPP,2022-08-17,8.735,cash_merger,2022-08-17,,8.75,,,,,8.75,0.0017172295363481194,
BKJ,2019-12-31,17.89,no_action_found,,,,,,,,,,
BKK,2020-12-15,14.62,no_action_found,,,,,,,,,,
BKS,2019-08-06,6.49,no_action_found,,,,,,,,,,
BLCT,2022-08-12,1.54,cash_merger,2022-08-12,,1.6,,,,,1.6,0.038961038961039085,
BLH,2018-12-14,14.55,no_action_found,,,,,,,,,,
BLMT,2019-03-29,32.84,no_action_found,,,,,,,,,,
BMCH,2020-12-31,53.68,stock_merger,2021-01-04,BLDR,,1.3125,39.83,2021-01-04,exact,52.276875,-0.026138692250372686,"valued at acquirer close on effective_date read from the price store (approximation, see limitations)"
BMLP,2021-03-12,42.6,no_action_found,,,,,,,,,,
BMS,2019-06-10,57.25,no_action_found,,,,,,,,,,
BMTC,2021-12-31,45.01,stock_merger,2022-01-01,WSFS,,0.9,50.12,2021-12-31,nearest_prior,45.108,0.002177293934681135,"valued at acquirer close on effective_date read from the price store (approximation, see limitations)"
BNCL,2019-02-28,16.12,no_action_found,,,,,,,,,,
BNGOU,2018-09-20,7.5525,no_action_found,,,,,,,,,,
BNIXU,2021-11-01,10.5,no_action_found,,,,,,,,,,
BNKO,2020-12-16,41.77,no_action_found,,,,,,,,,,
BNKZ,2020-11-27,15.34,no_action_found,,,,,,,,,,
BOCH,2021-09-30,15.17,stock_merger,2021-09-30,COLB,,0.4,37.99,2021-09-30,exact,15.196000000000002,0.0017139090309823413,"valued at acquirer close on effective_date read from the price store (approximation, see limitations)"
BOJA,2019-01-25,16.09,no_action_found,,,,,,,,,,
BOKFL,2021-08-20,25.19,no_action_found,,,,,,,,,,
BOWN,2026-07-14,9.19,no_action_found,,,,,,,,,,
BOWXU,2021-10-20,11.18,no_action_found,,,,,,,,,,
BPFH,2021-06-30,14.75,stock_and_cash_merger,2021-07-01,SIVB,2.1,0.0228,,,not_found,,,"cash+stock component; stock leg valued at acquirer close (approximation, see limitations)."
BPK,2018-12-14,14.61,no_action_found,,,,,,,,,,
BPL,2019-10-31,41.46,no_action_found,,,,,,,,,,
BPMP,2022-04-04,17.11,stock_merger,2022-04-05,BP,,0.575,29.7,2022-04-05,exact,17.077499999999997,-0.0018994739918177794,"valued at acquirer close on effective_date read from the price store (approximation, see limitations)"
BPOPN,2021-10-29,25.23,no_action_found,,,,,,,,,,
BPY,2021-07-26,18.59,cash_merger,2021-07-26,BAM,18.17,,,,,18.17,-0.022592791823560998,
BPYU,2021-07-26,18.52,cash_merger,2021-07-26,BAM,18.17,,,,,18.17,-0.018898488120950185,
BPYUP,2021-08-18,25.2,no_action_found,,,,,,,,,,
BQH,2020-10-19,15.62,stock_merger,2020-10-26,MENKX,,1.4432,,,not_found,,,acquirer close not found in store
BRACU,2025-01-22,12.0,no_action_found,,,,,,,,,,
BREZU,2026-06-10,10.11,no_action_found,,,,,,,,,,
BRPAR,2021-05-24,2.29,no_action_found,,,,,,,,,,
BRPAU,2021-05-05,40.0,no_action_found,,,,,,,,,,
BRPM,2022-07-19,13.02,stock_merger,2022-07-19,,,1.0,,,no_acquirer_symbol,,,"acquirer close not found in store [3 corporate-action records found across all types for this symbol; picked the stock_merger record whose effective_date is closest to last_bar -- likely a reused ticker or a residual/fractional-share sweep alongside the real deal, see corporate_actions_raw.json.gz]"
BRPMU,2022-07-19,13.45,no_action_found,,,,,,,,,,
BRSS,2019-07-15,43.99,no_action_found,,,,,,,,,,
BSA,2022-01-14,25.26,no_action_found,,,,,,,,,,
BSAE,2021-12-15,24.92,no_action_found,,,,,,,,,,
BSCI,2018-12-27,21.14,no_action_found,,,,,,,,,,
BSCJ,2019-12-16,21.08,no_action_found,,,,,,,,,,
BSCK,2020-12-15,21.19,no_action_found,,,,,,,,,,
BSD,2021-04-09,14.76,stock_merger,2021-04-12,BLE,,0.97816,,,not_found,,,acquirer close not found in store
BSE,2021-04-09,14.79,stock_merger,2021-04-12,BNY,,0.9923,49.09,2021-04-12,exact,48.712007,2.2935772143340096,"valued at acquirer close on effective_date read from the price store (approximation, see limitations)"
BSJI,2018-12-27,25.09,no_action_found,,,,,,,,,,
BSJJ,2019-12-16,23.895,no_action_found,,,,,,,,,,
BSJK,2020-12-15,23.36,no_action_found,,,,,,,,,,
BSJL,2021-12-15,22.98,no_action_found,,,,,,,,,,
BSML,2021-12-15,25.195,no_action_found,,,,,,,,,,
BSTC,2020-12-01,88.53,cash_merger,2020-12-02,ENDP,88.5,,,,,88.5,-0.0003388681802778404,
BSWN,2018-06-25,10.69,no_action_found,,,,,,,,,,
BT,2019-09-13,10.57,no_action_found,,,,,,,,,,
BTAQ,2022-03-01,10.04,no_action_found,,,,,,,,,,
BTAQU,2022-02-24,10.03,no_action_found,,,,,,,,,,
BTYS,2020-12-08,40.36,no_action_found,,,,,,,,,,
BUDX,2022-04-25,9.97,no_action_found,,,,,,,,,,
BUY,2020-10-13,17.35,no_action_found,,,,,,,,,,
BUYN,2020-04-29,9.69,no_action_found,,,,,,,,,,
BUZ,2019-03-01,34.99,no_action_found,,,,,,,,,,
BVSN,2020-05-18,4.4148,no_action_found,,,,,,,,,,
BXG,2021-05-05,9.32,stock_merger,2021-05-05,BVH,,0.51,,,not_found,,,acquirer close not found in store
BZF,2019-03-14,16.4022,no_action_found,,,,,,,,,,
BZM,2021-04-16,15.0,stock_merger,2021-04-19,MQY,,0.91691,16.09,2021-04-19,exact,14.7530819,-0.016461206666666728,"valued at acquirer close on effective_date read from the price store (approximation, see limitations)"
CADE,2026-01-30,42.11,stock_merger,2026-02-02,HBAN,,2.475,17.88,2026-02-02,exact,44.253,0.05089052481595813,"valued at acquirer close on effective_date read from the price store (approximation, see limitations) [2 corporate-action records found across all types for this symbol; picked the stock_merger record whose effective_date is closest to last_bar -- likely a reused ticker or a residual/fractional-share sweep alongside the real deal, see corporate_actions_raw.json.gz]"
CAHCU,2021-09-24,10.75,no_action_found,,,,,,,,,,
CAPAU,2021-06-09,12.579,no_action_found,,,,,,,,,,
CARB,2019-12-23,22.98,no_action_found,,,,,,,,,,
CARO,2020-05-01,32.88,stock_merger,2020-05-01,UBSI,,1.13,29.11,2020-05-01,exact,32.894299999999994,0.0004349148418489879,"valued at acquirer close on effective_date read from the price store (approximation, see limitations)"
CASM,2019-04-18,2.45,no_action_found,,,,,,,,,,
CATM,2021-06-18,39.01,cash_merger,2021-06-21,NCR,39.0,,,,,39.0,-0.00025634452704426103,
CAVM,2018-07-05,86.23,no_action_found,,,,,,,,,,
CBB,2021-09-03,15.48,cash_merger,2021-09-07,,15.5,,,,,15.5,0.0012919896640826156,"[2 corporate-action records found across all types for this symbol; picked the cash_merger record whose effective_date is closest to last_bar -- likely a reused ticker or a residual/fractional-share sweep alongside the real deal, see corporate_actions_raw.json.gz]"
CBLK,2019-10-07,26.0,no_action_found,,,,,,,,,,
CBM,2019-12-03,59.99,no_action_found,,,,,,,,,,
CBMG,2021-02-19,19.75,cash_merger,2021-02-19,,19.75,,,,,19.75,0.0,
CBPO,2021-04-20,119.99,cash_merger,2021-04-20,,120.0,,,,,120.0,8.334027835665836e-05,
CBPX,2020-01-31,36.99,no_action_found,,,,,,,,,,
CBSHP,2020-08-31,25.0,no_action_found,,,,,,,,,,
CBTG,2022-02-01,14.7535,no_action_found,,,,,,,,,,
CCA,2019-09-11,12.82,no_action_found,,,,,,,,,,
CCMP,2022-07-05,173.69,stock_and_cash_merger,2022-07-06,ENTG,133.0,0.4506,92.22,2022-07-06,exact,174.554332,0.00497629109332709,"cash+stock component; stock leg valued at acquirer close (approximation, see limitations)."
CCON,2021-09-17,53.0315,no_action_found,,,,,,,,,,
CCR,2020-12-29,4.73,stock_merger,2020-12-30,CEIX,,0.73,,,not_found,,,acquirer close not found in store
CCRC,2021-07-06,6.5,cash_merger,2021-07-06,,6.5,,,,,6.5,0.0,
CDK,2022-07-05,54.76,cash_merger,2022-07-06,,54.87,,,,,54.87,0.0020087655222791323,
CDMOP,2021-04-12,25.0602,no_action_found,,,,,,,,,,
CDOR,2021-12-30,7.95,other_action,2017-03-16,,,,,,,,,non-merger corporate action: reverse_split; no cash/stock value implied by this type
CDR,2022-08-22,29.0,cash_merger,2022-08-22,,9.47648,,,,,9.47648,-0.6732248275862069,"[2 corporate-action records found across all types for this symbol; picked the cash_merger record whose effective_date is closest to last_bar -- likely a reused ticker or a residual/fractional-share sweep alongside the real deal, see corporate_actions_raw.json.gz]"
CEFL,2020-03-26,3.64,no_action_found,,,,,,,,,,
CELG,2019-11-20,108.24,no_action_found,,,,,,,,,,
CENHU,2021-09-03,8.24,no_action_found,,,,,,,,,,
CEO,2021-03-08,121.76,no_action_found,,,,,,,,,,
CERN,2022-06-07,94.92,cash_merger,2022-06-08,,95.0,,,,,95.0,0.0008428150021069225,
CETV,2020-10-12,4.58,cash_merger,2020-10-13,,4.58,,,,,4.58,0.0,
CEZ,2021-03-25,27.66,no_action_found,,,,,,,,,,
CFACU,2021-08-17,8.89,no_action_found,,,,,,,,,,
CFFAU,2020-11-13,10.68,other_action,2020-11-18,,,,,,,,,non-merger corporate action: reverse_split; no cash/stock value implied by this type
CFFVU,2022-01-25,8.87,no_action_found,,,,,,,,,,
CFIIU,2021-03-08,9.8,no_action_found,,,,,,,,,,
CFVIU,2022-09-15,12.64,no_action_found,,,,,,,,,,
CFXA,2022-01-14,177.71,no_action_found,,,,,,,,,,
CGROU,2021-04-05,11.2,no_action_found,,,,,,,,,,
CHAC,2026-03-26,9.72,other_action,2026-03-27,,,,,,,,,non-merger corporate action: name_change; no cash/stock value implied by this type
CHEP,2020-12-11,15.0,no_action_found,,,,,,,,,,
CHFN,2018-08-31,24.91,no_action_found,,,,,,,,,,
CHIL,2021-10-15,33.79,no_action_found,,,,,,,,,,
CHKE,2019-06-26,0.518812,no_action_found,,,,,,,,,,
CHL,2021-01-08,27.51,no_action_found,,,,,,,,,,
CHLD,2022-02-08,9.565,no_action_found,,,,,,,,,,
CHMA,2021-08-05,3.76,stock_merger,2021-08-05,AMYT,,0.396,,,not_found,,,acquirer close not found in store
CHNGU,2022-06-29,73.71,no_action_found,,,,,,,,,,
CHPM,2022-04-22,10.18,no_action_found,,,,,,,,,,
CHPMU,2022-04-21,10.15,no_action_found,,,,,,,,,,
CHSP,2019-09-17,27.17,no_action_found,,,,,,,,,,
CHU,2021-01-08,6.03,no_action_found,,,,,,,,,,
CHWAU,2022-08-09,8.5,no_action_found,,,,,,,,,,
CIICU,2021-03-24,27.99,no_action_found,,,,,,,,,,
CISN,2020-01-30,9.99,no_action_found,,,,,,,,,,
CIT,2022-01-03,53.5,stock_merger,2022-01-03,FCNCA,,0.062,859.76,2022-01-03,exact,53.30512,-0.003642616822429834,"valued at acquirer close on effective_date read from the price store (approximation, see limitations)"
CIVI,2026-01-29,27.38,stock_merger,2026-01-30,SM,,1.45,19.47,2026-01-30,exact,28.231499999999997,0.031099342585829026,"valued at acquirer close on effective_date read from the price store (approximation, see limitations) [2 corporate-action records found across all types for this symbol; picked the stock_merger record whose effective_date is closest to last_bar -- likely a reused ticker or a residual/fractional-share sweep alongside the real deal, see corporate_actions_raw.json.gz]"
CJ,2019-10-30,7.36,no_action_found,,,,,,,,,,
CKH,2021-04-15,41.5,cash_merger,2021-04-15,,41.5,,,,,41.5,0.0,"[2 corporate-action records found across all types for this symbol; picked the cash_merger record whose effective_date is closest to last_bar -- likely a reused ticker or a residual/fractional-share sweep alongside the real deal, see corporate_actions_raw.json.gz]"
CLAQR,2022-09-12,0.28,no_action_found,,,,,,,,,,
CLAQU,2022-09-07,6.62,no_action_found,,,,,,,,,,
CLCT,2021-02-05,91.92,cash_merger,2021-02-08,,92.0,,,,,92.0,0.0008703220191470518,
CLDB,2021-10-29,29.15,stock_merger,2021-11-01,FMNB,,1.75,18.95,2021-11-01,exact,33.1625,0.1376500857632934,"valued at acquirer close on effective_date read from the price store (approximation, see limitations) [2 corporate-action records found across all types for this symbol; picked the stock_merger record whose effective_date is closest to last_bar -- likely a reused ticker or a residual/fractional-share sweep alongside the real deal, see corporate_actions_raw.json.gz]"
CLDR,2021-10-07,15.99,cash_merger,2021-10-08,,16.0,,,,,16.0,0.0006253908692932519,
CLDS,2022-09-23,38.51,no_action_found,,,,,,,,,,
CLGX,2021-06-03,80.0,cash_merger,2021-06-04,,80.0,,,,,80.0,0.0,
CLMA,2022-06-10,15.8142,no_action_found,,,,,,,,,,
CLNS,2018-06-22,6.41,no_action_found,,,,,,,,,,
CMD,2021-06-01,80.37,stock_and_cash_merger,2021-06-02,STE,16.93,0.33787,191.18,2021-06-02,exact,81.5239866,0.01435842478536764,"cash+stock component; stock leg valued at acquirer close (approximation, see limitations). [2 corporate-action records found across all types for this symbol; picked the stock_and_cash_merger record whose effective_date is closest to last_bar -- likely a reused ticker or a residual/fractional-share sweep alongside the real deal, see corporate_actions_raw.json.gz]"
CMFNL,2021-04-20,25.08,no_action_found,,,,,,,,,,
CMLFU,2021-07-22,13.0,no_action_found,,,,,,,,,,
CMLTU,2021-12-17,8.87,no_action_found,,,,,,,,,,
CMO,2021-10-18,6.5,no_action_found,,,,,,,,,,
CMPI,2022-05-27,10.5,cash_merger,2022-05-31,,10.5,,,,,10.5,0.0,
CMSS,2019-05-01,2.81,no_action_found,,,,,,,,,,
CMSSU,2019-05-01,3.11,no_action_found,,,,,,,,,,
CMTA,2019-04-17,26.35,no_action_found,,,,,,,,,,
CNBKA,2021-11-12,115.29,cash_merger,2021-11-12,EBC,115.28,,,,,115.28,-8.673779165591089e-05,
CNDF,2018-08-15,34.34,no_action_found,,,,,,,,,,
CNHX,2020-01-06,27.4,no_action_found,,,,,,,,,,
CNSF,2018-08-15,25.33,no_action_found,,,,,,,,,,
CNST,2021-07-14,33.99,cash_merger,2021-07-15,MOR,34.0,,,,,34.0,0.0002942041776992088,
CNXM,2020-09-25,9.16,stock_merger,2020-09-28,CNX,,0.88,10.22,2020-09-28,exact,8.9936,-0.018165938864628806,"valued at acquirer close on effective_date read from the price store (approximation, see limitations)"
CNY,2020-03-30,43.5,no_action_found,,,,,,,,,,
COBZ,2018-09-28,22.14,no_action_found,,,,,,,,,,
COEP,2026-04-24,16.4,stock_merger,2026-04-27,ZSQR,,1.0,15.2,2026-04-27,exact,15.2,-0.07317073170731703,"valued at acquirer close on effective_date read from the price store (approximation, see limitations) [3 corporate-action records found across all types for this symbol; picked the stock_merger record whose effective_date is closest to last_bar -- likely a reused ticker or a residual/fractional-share sweep alongside the real deal, see corporate_actions_raw.json.gz]"
COMG,2019-11-15,21.83,no_action_found,,,,,,,,,,
CONE,2022-03-24,90.36,cash_merger,2022-03-25,,90.5,,,,,90.5,0.001549358123063227,
CORE,2021-09-01,45.65,stock_and_cash_merger,2021-09-01,PFGC,23.875,0.44,49.55,2021-09-01,exact,45.677,0.0005914567360350009,"cash+stock component; stock leg valued at acquirer close (approximation, see limitations). [2 corporate-action records found across all types for this symbol; picked the stock_and_cash_merger record whose effective_date is closest to last_bar -- likely a reused ticker or a residual/fractional-share sweep alongside the real deal, see corporate_actions_raw.json.gz]"
CORV,2020-05-26,0.4199,cash_merger,2020-05-27,CXRXF,0.42,,,,,0.42,0.000238151940938236,
COTV,2018-08-24,44.74,no_action_found,,,,,,,,,,
COWNZ,2021-04-22,25.19,no_action_found,,,,,,,,,,
CPAAU,2023-08-11,10.26,no_action_found,,,,,,,,,,
CPAH,2021-02-26,3.48,cash_merger,2021-02-26,,3.49,,,,,3.49,0.00287356321839094,
CPL,2020-01-27,17.36,no_action_found,,,,,,,,,,
CPLG,2022-03-02,15.98,cash_merger,2022-03-03,,15.99,,,,,15.99,0.0006257822277846437,
CPTAG,2022-05-27,24.96,no_action_found,,,,,,,,,,
CPTAL,2022-05-27,24.96,no_action_found,,,,,,,,,,
CQH,2018-09-19,32.07,no_action_found,,,,,,,,,,
CRAY,2019-09-24,35.01,no_action_found,,,,,,,,,,
CRCM,2020-02-10,15.0,no_action_found,,,,,,,,,,
CRHM,2021-04-22,3.99,cash_merger,2021-04-22,,4.0,,,,,4.0,0.0025062656641603454,
CROC,2022-05-02,50.7233,no_action_found,,,,,,,,,,
CROP,2020-08-05,32.24,no_action_found,,,,,,,,,,
CRZO,2019-12-20,7.83,no_action_found,,,,,,,,,,
CSFL,2020-06-05,18.14,stock_merger,2020-06-08,SSB,,0.3001,63.93,2020-06-08,exact,19.185392999999998,0.05762916207276714,"valued at acquirer close on effective_date read from the price store (approximation, see limitations)"
CSLT,2022-02-16,2.05,cash_merger,2022-02-17,,2.05,,,,,2.05,0.0,
CSOD,2021-10-14,57.49,cash_merger,2021-10-15,,57.5,,,,,57.5,0.0001739432944860564,
CSPR,2022-01-24,6.78,cash_merger,2022-01-25,,6.9,,,,,6.9,0.017699115044247815,
CSS,2020-03-03,9.4,no_action_found,,,,,,,,,,
CSWCL,2021-01-20,25.15,no_action_found,,,,,,,,,,
CTB,2021-06-04,60.17,stock_and_cash_merger,2021-06-07,GT,41.75,0.907,19.39,2021-06-07,exact,59.33673,-0.013848595645670536,"cash+stock component; stock leg valued at acquirer close (approximation, see limitations)."
CTEK,2022-08-31,1.25,cash_merger,2022-09-01,,1.25,,,,,1.25,0.0,
CTRL,2019-07-31,23.91,no_action_found,,,,,,,,,,
CTRU,2022-07-26,12.897,no_action_found,,,,,,,,,,
CTT,2022-09-14,10.37,no_action_found,,,,,,,,,,
CTV,2025-02-12,3.14,cash_merger,2025-02-13,,3.15,,,,,3.15,0.0031847133757960666,
CTWS,2019-10-09,69.98,no_action_found,,,,,,,,,,
CTY,2020-12-11,25.05,no_action_found,,,,,,,,,,
CTZ,2020-10-23,25.19,no_action_found,,,,,,,,,,
CUMB,2019-04-12,24.8104,no_action_found,,,,,,,,,,
CUO,2020-05-11,8.63,no_action_found,,,,,,,,,,
CUR,2019-10-31,1.52,other_action,2017-01-09,,,,,,,,,non-merger corporate action: reverse_split; no cash/stock value implied by this type
CVA,2021-11-29,20.26,cash_merger,2021-11-30,,20.25,,,,,20.25,-0.000493583415597354,
CVON,2019-01-03,12.44,no_action_found,,,,,,,,,,
CVRR,2019-01-28,10.49,no_action_found,,,,,,,,,,
CVRS,2019-10-28,4.27,no_action_found,,,,,,,,,,
CWAY,2018-10-05,28.24,no_action_found,,,,,,,,,,
CXO,2021-01-15,65.6,stock_merger,2021-01-15,COP,,1.46,45.12,2021-01-15,exact,65.87519999999999,0.004195121951219516,"valued at acquirer close on effective_date read from the price store (approximation, see limitations)"
CXP,2021-12-07,19.28,cash_merger,2021-12-08,,19.3,,,,,19.3,0.0010373443983402453,
CY,2020-04-15,23.82,cash_merger,2020-04-16,IFNNY,23.85,,,,,23.85,0.0012594458438288658,
CYOU,2020-04-17,10.74,cash_merger,2020-04-17,,10.8,,,,,10.8,0.005586592178770999,
CYTX,2019-07-26,0.2077,other_action,2018-05-24,,,,,,,,,non-merger corporate action: reverse_split; no cash/stock value implied by this type [2 corporate-action records found across all types for this symbol; picked the reverse_split record whose date is closest to last_bar]
CZFC,2019-06-28,25.68,no_action_found,,,,,,,,,,
CZZ,2021-03-05,20.29,stock_merger,2021-03-05,CSAN.WI,,1.29402,,,not_found,,,acquirer close not found in store
DATA,2019-07-31,169.53,no_action_found,,,,,,,,,,
DAUD,2020-10-29,26.81,no_action_found,,,,,,,,,,
DBDRU,2021-12-27,10.9,no_action_found,,,,,,,,,,
DBKO,2019-11-12,26.98,no_action_found,,,,,,,,,,
DBUK,2019-04-30,21.74,no_action_found,,,,,,,,,,
DCHF,2020-10-30,20.85,no_action_found,,,,,,,,,,
DCRBU,2021-07-16,11.15,no_action_found,,,,,,,,,,
DCRCU,2021-12-08,14.785,no_action_found,,,,,,,,,,
DCRNU,2022-01-13,9.8,no_action_found,,,,,,,,,,
DCT,2023-03-29,18.99,cash_merger,2023-03-30,,19.0,,,,,19.0,0.0005265929436546468,
DCUD,2019-08-14,49.75,no_action_found,,,,,,,,,,
DCUE,2022-05-31,101.61,no_action_found,,,,,,,,,,
DDBI,2019-03-15,26.4617,no_action_found,,,,,,,,,,
DDE,2019-03-28,2.64,no_action_found,,,,,,,,,,
DDG,2022-05-02,10.6017,no_action_found,,,,,,,,,,
DDMX,2021-11-30,9.42,stock_merger,2021-11-30,,,1.0,,,no_acquirer_symbol,,,"acquirer close not found in store [2 corporate-action records found across all types for this symbol; picked the stock_merger record whose effective_date is closest to last_bar -- likely a reused ticker or a residual/fractional-share sweep alongside the real deal, see corporate_actions_raw.json.gz]"
DDMXU,2021-11-30,10.1,no_action_found,,,,,,,,,,
DEACU,2020-04-23,19.37,no_action_found,,,,,,,,,,
DEFA,2021-08-23,33.4299,no_action_found,,,,,,,,,,
DEFN,2021-10-28,24.678,no_action_found,,,,,,,,,,
DELT,2019-02-14,1.1,no_action_found,,,,,,,,,,
DEMG,2019-11-12,23.75,no_action_found,,,,,,,,,,
DESC,2019-11-12,34.7096,no_action_found,,,,,,,,,,
DEUR,2020-10-30,28.28,no_action_found,,,,,,,,,,
DEWJ,2019-08-06,25.6239,no_action_found,,,,,,,,,,
DEZU,2019-08-16,25.89,no_action_found,,,,,,,,,,
DFBHU,2019-11-08,10.05,no_action_found,,,,,,,,,,
DFHTU,2021-06-08,15.65,no_action_found,,,,,,,,,,
DFPHU,2021-11-10,10.26,no_action_found,,,,,,,,,,
DFRG,2019-09-24,7.98,no_action_found,,,,,,,,,,
DFVL,2021-07-09,83.765,no_action_found,,,,,,,,,,
DFVS,2021-07-09,16.245,no_action_found,,,,,,,,,,
DGBP,2020-10-30,24.6001,no_action_found,,,,,,,,,,
DGSE,2019-12-17,1.4,other_action,2019-12-18,,,,,,,,,non-merger corporate action: name_change; no cash/stock value implied by this type
DHCP,2018-11-06,0.9776,no_action_found,,,,,,,,,,
DHVW,2019-04-04,32.43,no_action_found,,,,,,,,,,
DIET,2020-05-21,22.47,no_action_found,,,,,,,,,,
DISCB,2022-04-08,24.45,no_action_found,,,,,,,,,,
DISCK,2022-04-08,24.42,no_action_found,,,,,,,,,,
DIVA,2022-06-13,26.2229,no_action_found,,,,,,,,,,
DIVC,2020-10-30,30.7,no_action_found,,,,,,,,,,
DJCI,2020-12-09,13.77,no_action_found,,,,,,,,,,
DJPY,2020-10-30,19.3531,no_action_found,,,,,,,,,,
DL,2021-03-18,9.73,cash_merger,2021-03-18,,9.8,,,,,9.8,0.007194244604316502,
DLBR,2020-04-16,40.83,no_action_found,,,,,,,,,,
DLBS,2020-03-06,4.26,other_action,2020-03-16,,,,,,,,,non-merger corporate action: reverse_split; no cash/stock value implied by this type
DLPH,2020-10-01,17.02,stock_merger,2020-10-01,BWA,,0.4307,39.54,2020-10-01,exact,17.029878,0.0005803760282021564,"valued at acquirer close on effective_date read from the price store (approximation, see limitations) [2 corporate-action records found across all types for this symbol; picked the stock_merger record whose effective_date is closest to last_bar -- likely a reused ticker or a residual/fractional-share sweep alongside the real deal, see corporate_actions_raw.json.gz]"
DM,2025-04-01,4.96,cash_merger,2025-04-02,,5.295,,,,,5.295,0.06754032258064524,"[4 corporate-action records found across all types for this symbol; picked the cash_merger record whose effective_date is closest to last_bar -- likely a reused ticker or a residual/fractional-share sweep alongside the real deal, see corporate_actions_raw.json.gz]"
DMAQU,2021-11-30,10.11,no_action_found,,,,,,,,,,
DMRE,2022-04-07,46.0966,no_action_found,,,,,,,,,,
DMRI,2022-04-07,46.68,no_action_found,,,,,,,,,,
DMRL,2022-04-07,74.0099,no_action_found,,,,,,,,,,
DMRM,2022-04-07,55.2224,no_action_found,,,,,,,,,,
DMRS,2022-04-07,53.4943,no_action_found,,,,,,,,,,
DNB,2025-08-25,9.15,cash_merger,2025-08-26,,9.15,,,,,9.15,0.0,
DNBF,2019-11-29,46.19,no_action_found,,,,,,,,,,
DNK,2021-03-15,2.367,no_action_found,,,,,,,,,,
DNKN,2020-12-14,106.48,cash_merger,2020-12-15,,106.5,,,,,106.5,0.00018782870022526765,
DNO,2018-09-06,46.08,no_action_found,,,,,,,,,,
DOGS,2020-05-04,31.96,no_action_found,,,,,,,,,,
DOVA,2019-11-11,28.04,no_action_found,,,,,,,,,,
DPHCU,2020-10-23,20.4499,other_action,2020-10-29,,,,,,,,,non-merger corporate action: reverse_split; no cash/stock value implied by this type
DPK,2020-03-27,15.77,no_action_found,,,,,,,,,,
DPLO,2020-02-07,4.0,no_action_found,,,,,,,,,,
DQML,2019-10-22,25.89,no_action_found,,,,,,,,,,
DRNA,2021-12-27,38.22,cash_merger,2021-12-28,,38.25,,,,,38.25,0.0007849293563579884,
DRR,2020-04-29,65.0,no_action_found,,,,,,,,,,
DRUA,2021-08-30,25.09,no_action_found,,,,,,,,,,
DRYS,2019-10-10,5.24,other_action,2017-07-21,,,,,,,,,non-merger corporate action: reverse_split; no cash/stock value implied by this type [8 corporate-action records found across all types for this symbol; picked the reverse_split record whose date is closest to last_bar]
DSE,2021-06-21,9.49,stock_merger,2021-06-22,VLPIX,,1.08057,,,not_found,,,"acquirer close not found in store [2 corporate-action records found across all types for this symbol; picked the stock_merger record whose effective_date is closest to last_bar -- likely a reused ticker or a residual/fractional-share sweep alongside the real deal, see corporate_actions_raw.json.gz]"
DSPG,2021-12-02,21.98,cash_merger,2021-12-02,SYNA,22.0,,,,,22.0,0.0009099181073703999,
DSSI,2021-07-15,9.69,stock_merger,2021-07-16,INSW,,0.55375,16.0,2021-07-16,exact,8.86,-0.085655314757482,"valued at acquirer close on effective_date read from the price store (approximation, see limitations)"
DSUM,2019-02-20,22.18,no_action_found,,,,,,,,,,
DTJ,2021-06-29,25.0909,no_action_found,,,,,,,,,,
DTO,2020-05-18,56.21,no_action_found,,,,,,,,,,
DTQ,2020-10-21,25.17,no_action_found,,,,,,,,,,
DTRM,2018-12-19,0.2902,no_action_found,,,,,,,,,,
DTUL,2020-06-08,72.83,no_action_found,,,,,,,,,,
DTUS,2020-07-30,21.12,no_action_found,,,,,,,,,,
DTV,2019-09-30,58.01,no_action_found,,,,,,,,,,
DTY,2021-12-14,24.99,no_action_found,,,,,,,,,,
DTYL,2020-08-06,99.15,no_action_found,,,,,,,,,,
DTYS,2020-03-09,4.8,other_action,2020-03-16,,,,,,,,,non-merger corporate action: reverse_split; no cash/stock value implied by this type
DUAL,2020-12-29,25.48,no_action_found,,,,,,,,,,
DUC,2021-03-05,10.62,stock_merger,2021-03-08,DNP,,1.05555,10.19,2021-03-08,exact,10.7560545,0.012811158192090444,"valued at acquirer close on effective_date read from the price store (approximation, see limitations)"
DVD,2021-12-21,3.61,cash_merger,2021-12-22,,3.61,,,,,3.61,0.0,
DVHL,2020-03-25,4.1526,no_action_found,,,,,,,,,,
DVMT,2018-12-27,80.0,no_action_found,,,,,,,,,,
DVOP,2020-04-27,18.375,no_action_found,,,,,,,,,,
DVYL,2020-03-31,29.6549,no_action_found,,,,,,,,,,
DWAQ,2020-02-14,137.3218,no_action_found,,,,,,,,,,
DWDP,2019-05-31,30.52,other_action,2019-04-02,,,,,,,,,non-merger corporate action: forward_split; no cash/stock value implied by this type
DWFI,2021-03-17,25.8,no_action_found,,,,,,,,,,
DWIN,2022-09-15,8.4,stock_merger,2022-09-15,,,1.0,,,no_acquirer_symbol,,,acquirer close not found in store
DWLV,2019-02-20,30.974,no_action_found,,,,,,,,,,
DWT,2020-04-02,14.75,no_action_found,,,,,,,,,,
DWTR,2020-02-14,35.319,no_action_found,,,,,,,,,,
DXJF,2019-03-14,20.95,no_action_found,,,,,,,,,,
DYB,2020-01-17,19.82,no_action_found,,,,,,,,,,
DYFN,2022-07-29,17.35,stock_merger,2022-07-29,FINS,,1.17,14.8,2022-07-29,exact,17.316,-0.001959654178674497,"valued at acquirer close on effective_date read from the price store (approximation, see limitations)"
DYHG,2022-01-14,61.2433,no_action_found,,,,,,,,,,
DYLS,2020-05-27,21.69,no_action_found,,,,,,,,,,
DZK,2020-10-16,44.21,no_action_found,,,,,,,,,,
EAB,2020-10-13,25.14,no_action_found,,,,,,,,,,
EAE,2020-10-13,25.13,no_action_found,,,,,,,,,,
EAGLU,2019-03-15,10.3,no_action_found,,,,,,,,,,
EASI,2020-07-02,21.04,no_action_found,,,,,,,,,,
EBAYL,2021-02-26,25.14,no_action_found,,,,,,,,,,
EBSB,2021-11-12,24.15,stock_merger,2021-11-12,INDB,,0.275,87.79,2021-11-12,exact,24.142250000000004,-0.00032091097308462047,"valued at acquirer close on effective_date read from the price store (approximation, see limitations)"
ECA,2020-01-24,3.79,other_action,2020-01-27,,,,,,,,,non-merger corporate action: reverse_split; no cash/stock value implied by this type [2 corporate-action records found across all types for this symbol; picked the reverse_split record whose date is closest to last_bar]
ECCB,2022-02-25,24.99,no_action_found,,,,,,,,,,
ECCY,2022-02-11,25.19,no_action_found,,,,,,,,,,
ECOL,2022-04-29,47.99,cash_merger,2022-05-02,RSG,48.0,,,,,48.0,0.00020837674515528093,
ECYT,2018-12-20,23.99,no_action_found,,,,,,,,,,
EDBI,2019-03-15,27.4732,no_action_found,,,,,,,,,,
EDOM,2019-03-14,24.32,no_action_found,,,,,,,,,,
EDR,2025-03-21,29.25,cash_merger,2025-03-24,,27.5,,,,,27.5,-0.05982905982905984,
EDTXU,2023-08-31,57.22,no_action_found,,,,,,,,,,
EEB,2020-02-14,39.2,no_action_found,,,,,,,,,,
EEH,2022-08-04,32.2919,no_action_found,,,,,,,,,,
EEI,2019-12-30,15.45,no_action_found,,,,,,,,,,
EEP,2018-12-19,10.43,no_action_found,,,,,,,,,,
EEQ,2018-12-19,10.51,no_action_found,,,,,,,,,,
EERN,2022-08-29,3.37,no_action_found,,,,,,,,,,
EFF,2021-06-18,16.33,no_action_found,,,,,,,,,,
EFII,2019-07-22,36.97,no_action_found,,,,,,,,,,
EGC,2018-10-18,9.1,no_action_found,,,,,,,,,,
EGIF,2020-07-27,12.55,no_action_found,,,,,,,,,,
EGL,2019-01-11,29.1,no_action_found,,,,,,,,,,
EGOV,2021-04-20,34.0,cash_merger,2021-04-21,TYL,34.0,,,,,34.0,0.0,
EHIC,2019-04-09,12.2,no_action_found,,,,,,,,,,
EHT,2021-06-25,9.84,no_action_found,,,,,,,,,,
EIA,2018-12-14,10.18,no_action_found,,,,,,,,,,
EIDX,2021-01-25,122.21,stock_merger,2021-01-26,BBIO,,1.85,62.33,2021-01-26,exact,115.3105,-0.05645610015546998,"valued at acquirer close on effective_date read from the price store (approximation, see limitations) [2 corporate-action records found across all types for this symbol; picked the stock_merger record whose effective_date is closest to last_bar -- likely a reused ticker or a residual/fractional-share sweep alongside the real deal, see corporate_actions_raw.json.gz]"
EIGI,2021-02-10,9.49,cash_merger,2021-02-10,,9.5,,,,,9.5,0.0010537407797681642,
EIO,2019-01-18,11.71,no_action_found,,,,,,,,,,
EIP,2019-01-18,11.7408,no_action_found,,,,,,,,,,
EIV,2019-03-22,11.93,no_action_found,,,,,,,,,,
EJFAU,2022-06-22,6.0825,no_action_found,,,,,,,,,,
ELJ,2020-12-15,25.27,no_action_found,,,,,,,,,,
ELLI,2019-04-16,98.99,no_action_found,,,,,,,,,,
ELON,2025-10-06,21.8829,cash_merger,2025-10-14,,21.9415912,,,,,21.9415912,0.0026820576797408346,
ELU,2020-12-15,25.08,no_action_found,,,,,,,,,,
EMAG,2021-10-15,20.375,no_action_found,,,,,,,,,,
EMBH,2022-08-22,21.1558,no_action_found,,,,,,,,,,
EMBKW,2023-08-01,0.0106,cash_merger,2023-08-03,,0.0091,,,,,0.0091,-0.14150943396226412,
EMBU,2018-08-30,20.59,no_action_found,,,,,,,,,,
EMCG,2025-08-20,11.0,no_action_found,,,,,,,,,,
EMCI,2019-09-19,36.01,no_action_found,,,,,,,,,,
EMI,2018-12-14,12.35,no_action_found,,,,,,,,,,
EMJ,2019-01-18,12.06,no_action_found,,,,,,,,,,
EMSH,2022-05-02,64.7331,no_action_found,,,,,,,,,,
ENBL,2021-12-02,7.05,stock_merger,2021-12-02,ET,,0.8595,8.32,2021-12-02,exact,7.151040000000001,0.014331914893617181,"valued at acquirer close on effective_date read from the price store (approximation, see limitations)"
ENFAU,2021-12-03,9.01,no_action_found,,,,,,,,,,
ENFC,2019-12-31,30.16,no_action_found,,,,,,,,,,
ENLK,2019-01-25,12.05,no_action_found,,,,,,,,,,
ENNVU,2022-02-03,7.4,no_action_found,,,,,,,,,,
ENVIU,2022-02-02,8.75,no_action_found,,,,,,,,,,
ENY,2019-02-20,6.9,no_action_found,,,,,,,,,,
EPAY,2022-05-12,56.99,cash_merger,2022-05-13,,57.0,,,,,57.0,0.00017546938059309625,
EPZM,2022-08-11,1.47,no_action_found,,,,,,,,,,
EQD,2022-09-16,10.02,no_action_found,,,,,,,,,,
EQGP,2019-01-10,19.97,no_action_found,,,,,,,,,,
EQM,2020-06-16,21.43,stock_merger,2020-06-17,ETRN,,2.44,,,not_found,,,acquirer close not found in store
EQWS,2019-02-20,43.445,no_action_found,,,,,,,,,,
ERGF,2018-08-15,28.25,no_action_found,,,,,,,,,,
ERUS,2022-03-03,8.06,other_action,2016-11-07,,,,,,,,,non-merger corporate action: reverse_split; no cash/stock value implied by this type
ESBK,2022-05-13,23.08,cash_merger,2022-05-13,CBU,23.1,,,,,23.1,0.0008665511265166792,
ESGF,2020-02-14,30.7572,no_action_found,,,,,,,,,,
ESGL,2026-03-09,3.23,other_action,2026-03-10,,,,,,,,,non-merger corporate action: name_change; no cash/stock value implied by this type
ESGW,2020-03-20,22.94,no_action_found,,,,,,,,,,
ESIO,2019-02-01,29.99,no_action_found,,,,,,,,,,
ESL,2019-03-13,122.49,no_action_found,,,,,,,,,,
ESND,2019-01-30,12.8,no_action_found,,,,,,,,,,
ESNG,2021-09-17,70.01,no_action_found,,,,,,,,,,
ESRX,2018-12-20,92.33,no_action_found,,,,,,,,,,
ESXB,2021-12-03,11.3,stock_merger,2021-12-03,UBSI,,0.3173,35.36,2021-12-03,exact,11.219728,-0.007103716814159333,"valued at acquirer close on effective_date read from the price store (approximation, see limitations)"
ETAC,2022-09-02,10.06,no_action_found,,,,,,,,,,
ETACU,2022-09-02,10.08,no_action_found,,,,,,,,,,
ETFC,2020-10-01,49.26,stock_merger,2020-10-02,MS,,1.0432,47.97,2020-10-02,exact,50.042303999999994,0.01588112058465274,"valued at acquirer close on effective_date read from the price store (approximation, see limitations)"
ETP,2018-10-18,21.47,no_action_found,,,,,,,,,,
ETTX,2022-07-08,2.19,cash_merger,2022-07-11,INVA,2.2,,,,,2.2,0.004566210045662267,
EUCG,2022-07-28,19.98,no_action_found,,,,,,,,,,
EUFL,2020-03-27,11.92,no_action_found,,,,,,,,,,
EUFX,2022-05-02,48.535,no_action_found,,,,,,,,,,
EUMF,2020-05-27,25.61,no_action_found,,,,,,,,,,
EUMV,2020-08-17,25.9,no_action_found,,,,,,,,,,
EURZ,2022-03-07,20.7751,no_action_found,,,,,,,,,,
EUSGU,2021-12-22,10.4559,no_action_found,,,,,,,,,,
EUXL,2019-10-11,19.38,no_action_found,,,,,,,,,,
EV,2025-04-17,21.845,stock_and_cash_merger,2021-03-01,MS,28.25,0.5833,79.16,2021-03-01,exact,74.42402799999999,2.406913618677043,"cash+stock component; stock leg valued at acquirer close (approximation, see limitations)."
EVHC,2018-10-10,45.99,no_action_found,,,,,,,,,,
EVIX,2020-04-08,11.25,no_action_found,,,,,,,,,,
EVJ,2019-02-22,12.15,no_action_found,,,,,,,,,,
EVLVU,2021-08-24,9.83,no_action_found,,,,,,,,,,
EVP,2019-01-18,11.4589,no_action_found,,,,,,,,,,
EVSTC,2022-07-15,99.96,other_action,2018-03-12,,,,,,,,,non-merger corporate action: forward_split; no cash/stock value implied by this type
EVY,2021-08-20,15.17,no_action_found,,,,,,,,,,
EWEM,2020-02-14,31.279,no_action_found,,,,,,,,,,
EWJE,2022-08-22,31.945,no_action_found,,,,,,,,,,
EXCVV,2022-02-01,41.4,no_action_found,,,,,,,,,,
EXFO,2021-08-27,6.245,cash_merger,2021-08-27,,6.25,,,,,6.25,0.0008006405124099114,
EXIV,2020-04-08,7.45,no_action_found,,,,,,,,,,
EXPCU,2021-05-07,9.5,no_action_found,,,,,,,,,,
EZT,2020-10-30,25.22,no_action_found,,,,,,,,,,
FANZ,2019-01-15,21.41,no_action_found,,,,,,,,,,
FATT,2022-01-21,22.7143,no_action_found,,,,,,,,,,
FAUS,2020-10-29,27.405,stock_merger,2020-11-02,FDT,,0.56152,48.82,2020-11-02,exact,27.4134064,0.00030674694398835634,"valued at acquirer close on effective_date read from the price store (approximation, see limitations)"
FBM,2021-01-28,19.24,cash_merger,2021-01-29,,19.25,,,,,19.25,0.0005197505197505059,
FBR,2019-01-03,17.01,no_action_found,,,,,,,,,,
FBSS,2021-03-31,21.28,stock_merger,2021-04-01,VABK,,0.675,,,not_found,,,acquirer close not found in store
FBYDP,2023-11-06,14.32,stock_merger,2023-11-07,FBYD,,0.90909,15.98,2023-11-07,exact,14.5272582,0.014473337988826884,"valued at acquirer close on effective_date read from the price store (approximation, see limitations)"
FCACU,2021-07-01,9.55,no_action_found,,,,,,,,,,
FCAN,2020-10-28,20.68,stock_merger,2020-11-02,FDT,,0.42866,48.82,2020-11-02,exact,20.9271812,0.011952669245647973,"valued at acquirer close on effective_date read from the price store (approximation, see limitations)"
FCB,2018-12-31,33.58,no_action_found,,,,,,,,,,
FCBP,2021-07-21,29.1,stock_merger,2021-07-21,EFSC,,0.6603,44.01,2021-07-21,exact,29.059803,-0.0013813402061856328,"valued at acquirer close on effective_date read from the price store (approximation, see limitations)"
FCCY,2022-01-06,27.79,stock_merger,2022-01-06,LBAI,,1.3577,,,not_found,,,acquirer close not found in store
FCRW,2021-12-21,25.33,no_action_found,,,,,,,,,,
FCRZ,2021-06-18,25.27,no_action_found,,,,,,,,,,
FCSC,2019-12-12,3.0,other_action,2018-05-25,,,,,,,,,non-merger corporate action: reverse_split; no cash/stock value implied by this type [2 corporate-action records found across all types for this symbol; picked the reverse_split record whose date is closest to last_bar]
FDC,2019-07-26,31.69,no_action_found,,,,,,,,,,
FDUSG,2021-11-01,25.01,no_action_found,,,,,,,,,,
FDUSL,2021-01-19,25.31,no_action_found,,,,,,,,,,
FDUSZ,2021-11-01,25.17,no_action_found,,,,,,,,,,
FEUL,2021-12-20,110.0458,no_action_found,,,,,,,,,,
FFEU,2020-12-10,90.03,no_action_found,,,,,,,,,,
FFG,2021-05-25,60.99,cash_merger,2021-05-25,,61.0,,,,,61.0,0.00016396130513185447,
FFKT,2018-08-20,56.9,no_action_found,,,,,,,,,,
FHK,2020-10-28,34.74,stock_merger,2020-11-02,FDT,,0.71743,48.82,2020-11-02,exact,35.0249326,0.008201859527921629,"valued at acquirer close on effective_date read from the price store (approximation, see limitations)"
FHY,2018-06-22,11.9,no_action_found,,,,,,,,,,
FIEU,2018-09-06,117.18,no_action_found,,,,,,,,,,
FIIIU,2021-06-25,11.11,no_action_found,,,,,,,,,,
FINU,2020-03-27,24.33,other_action,2017-01-12,,,,,,,,,non-merger corporate action: forward_split; no cash/stock value implied by this type
FINZ,2020-03-27,6.12,other_action,2017-01-12,,,,,,,,,non-merger corporate action: reverse_split; no cash/stock value implied by this type
FIT,2021-01-13,6.93,cash_merger,2021-01-14,,7.35,,,,,7.35,0.06060606060606055,
FIV,2021-12-09,9.73,no_action_found,,,,,,,,,,
FJNK,2021-07-30,25.515,no_action_found,,,,,,,,,,
FKO,2020-10-30,20.18,stock_merger,2020-11-02,FDT,,0.42401,48.82,2020-11-02,exact,20.7001682,0.025776422200198157,"valued at acquirer close on effective_date read from the price store (approximation, see limitations)"
FLAT,2020-06-03,69.8,no_action_found,,,,,,,,,,
FLGE,2021-12-22,809.5292,no_action_found,,,,,,,,,,
FLIO,2020-03-12,25.975,no_action_found,,,,,,,,,,
FLIR,2021-05-13,57.34,stock_and_cash_merger,2021-05-14,TDY,28.0,0.0718,425.84,2021-05-14,exact,58.575312,0.021543634461109074,"cash+stock component; stock leg valued at acquirer close (approximation, see limitations)."
FLLC,2020-03-04,9.95,no_action_found,,,,,,,,,,
FLLCU,2020-03-04,10.15,no_action_found,,,,,,,,,,
FMBI,2022-02-15,21.51,stock_merger,2022-02-15,ONB,,1.1336,18.92,2022-02-15,exact,21.447712,-0.0028957694095770314,"valued at acquirer close on effective_date read from the price store (approximation, see limitations)"
FMCIU,2020-10-13,34.02,no_action_found,,,,,,,,,,
FMDG,2018-12-13,23.15,no_action_found,,,,,,,,,,
FMK,2020-12-11,42.73,stock_merger,2020-12-14,EDOW,,1.5955,26.75,2020-12-14,exact,42.679624999999994,-0.0011789141118652147,"valued at acquirer close on effective_date read from the price store (approximation, see limitations)"
FMO,2022-03-04,12.12,stock_merger,2022-03-04,KYN,,1.36622,8.84,2022-03-04,exact,12.077384799999999,-0.0035161056105610378,"valued at acquirer close on effective_date read from the price store (approximation, see limitations) [2 corporate-action records found across all types for this symbol; picked the stock_merger record whose effective_date is closest to last_bar -- likely a reused ticker or a residual/fractional-share sweep alongside the real deal, see corporate_actions_raw.json.gz]"
FNBG,2018-07-06,37.82,other_action,2017-05-30,,,,,,,,,non-merger corporate action: forward_split; no cash/stock value implied by this type
FNCF,2018-08-15,34.52,no_action_found,,,,,,,,,,
FNGZ,2021-12-16,2.43,no_action_found,,,,,,,,,,
FNJN,2020-07-23,1.54,cash_merger,2020-07-24,,1.55,,,,,1.55,0.006493506493506551,
FNSR,2019-09-23,23.77,no_action_found,,,,,,,,,,
FNTEU,2018-07-25,10.8,no_action_found,,,,,,,,,,
FOE,2022-04-21,22.01,cash_merger,2022-04-21,,22.0,,,,,22.0,-0.00045433893684698745,
FOMX,2020-03-06,2.99,no_action_found,,,,,,,,,,
FONE,2019-05-29,45.91,no_action_found,,,,,,,,,,
FOREU,2021-12-01,9.92,no_action_found,,,,,,,,,,
FORK,2020-11-20,2.34,cash_merger,2020-11-23,,2.35,,,,,2.35,0.00427350427350448,
FOUNU,2022-08-15,9.76,no_action_found,,,,,,,,,,
FPRX,2021-04-15,38.0,cash_merger,2021-04-16,,38.0,,,,,38.0,0.0,
FRAK,2021-10-15,157.5,other_action,2020-04-15,,,,,,,,,non-merger corporate action: reverse_split; no cash/stock value implied by this type
FRLG,2022-02-14,300.82,no_action_found,,,,,,,,,,
FRN,2020-02-14,14.28,no_action_found,,,,,,,,,,
FRTA,2022-03-17,24.0,cash_merger,2022-03-18,,24.0,,,,,24.0,0.0,
FSB,2020-08-14,30.48,stock_and_cash_merger,2020-08-15,FBK,2.0,0.965,29.52,2020-08-14,nearest_prior,30.4868,0.00022309711286094824,"cash+stock component; stock leg valued at acquirer close (approximation, see limitations)."
FSCT,2020-08-14,28.99,cash_merger,2020-08-17,,29.0,,,,,29.0,0.00034494653328742686,
FSKR,2021-06-16,21.56,stock_merger,2021-06-16,FSK,,0.9498,22.62,2021-06-16,exact,21.484476,-0.003502968460111222,"valued at acquirer close on effective_date read from the price store (approximation, see limitations)"
FSLF,2021-06-28,15.78,no_action_found,,,,,,,,,,
FSNN,2019-04-24,0.1315,other_action,2018-05-07,,,,,,,,,non-merger corporate action: reverse_split; no cash/stock value implied by this type
FSRVU,2021-06-09,17.66,no_action_found,,,,,,,,,,
FST,2022-08-25,10.18,no_action_found,,,,,,,,,,
FTAC,2020-10-16,11.37,other_action,2020-10-20,,,,,,,,,non-merger corporate action: name_change; no cash/stock value implied by this type
FTACU,2020-10-13,11.5,other_action,2020-11-18,,,,,,,,,non-merger corporate action: reverse_split; no cash/stock value implied by this type
FTAIV,2022-08-01,19.5,no_action_found,,,,,,,,,,
FTEO,2020-02-12,5.59,no_action_found,,,,,,,,,,
FTIVU,2021-06-24,14.14,no_action_found,,,,,,,,,,
FTNW,2019-12-11,1.5,no_action_found,,,,,,,,,,
FTOCU,2021-06-25,11.65,no_action_found,,,,,,,,,,
FTSI,2022-03-04,26.49,cash_merger,2022-03-04,,26.52,,,,,26.52,0.0011325028312572094,"[2 corporate-action records found across all types for this symbol; picked the cash_merger record whose effective_date is closest to last_bar -- likely a reused ticker or a residual/fractional-share sweep alongside the real deal, see corporate_actions_raw.json.gz]"
FTSV,2020-04-06,95.51,no_action_found,,,,,,,,,,
FUD,2020-12-09,17.02,no_action_found,,,,,,,,,,
FUT,2022-05-02,41.9297,no_action_found,,,,,,,,,,
FVL,2020-12-11,23.165,stock_merger,2020-12-11,FVD,,0.66221,34.95,2020-12-11,exact,23.1442395,-0.0008962011655513358,"valued at acquirer close on effective_date read from the price store (approximation, see limitations)"
FWDD,2019-03-22,50.81,no_action_found,,,,,,,,,,
FXCH,2020-02-14,69.6791,no_action_found,,,,,,,,,,
FXCOU,2022-01-05,10.35,no_action_found,,,,,,,,,,
FXS,2020-02-14,94.48,no_action_found,,,,,,,,,,
FXSG,2020-02-14,70.13,no_action_found,,,,,,,,,,
GAINL,2025-12-15,25.219,no_action_found,,,,,,,,,,
GAINM,2021-03-02,25.06,no_action_found,,,,,,,,,,
GARD,2020-03-27,22.6,no_action_found,,,,,,,,,,
GARS,2020-10-27,3.88,stock_and_cash_merger,2020-10-28,PTMN,1.50162,1.91694,,,not_found,,,"cash+stock component; stock leg valued at acquirer close (approximation, see limitations)."
GASL,2020-03-27,6.34,other_action,2020-03-24,,,,,,,,,non-merger corporate action: reverse_split; no cash/stock value implied by this type [3 corporate-action records found across all types for this symbol; picked the reverse_split record whose date is closest to last_bar]
GASX,2020-03-27,16.0,other_action,2020-03-27,,,,,,,,,non-merger corporate action: forward_split; no cash/stock value implied by this type [2 corporate-action records found across all types for this symbol; picked the forward_split record whose date is closest to last_bar]
GBBKU,2022-06-15,10.0,no_action_found,,,,,,,,,,
GBDCR,2020-05-06,0.5115,no_action_found,,,,,,,,,,
GBDV,2022-08-22,23.4425,no_action_found,,,,,,,,,,
GBGR,2022-08-22,16.7292,no_action_found,,,,,,,,,,
GBLIZ,2020-08-14,24.9925,no_action_found,,,,,,,,,,
GBLL,2022-04-14,24.99,no_action_found,,,,,,,,,,
GBLO,2022-08-22,26.5646,no_action_found,,,,,,,,,,
GBNK,2018-12-31,20.75,no_action_found,,,,,,,,,,
GBUY,2025-07-18,37.89,cash_merger,2025-07-28,,37.8665,,,,,37.8665,-0.0006202164159407886,"[2 corporate-action records found across all types for this symbol; picked the cash_merger record whose effective_date is closest to last_bar -- likely a reused ticker or a residual/fractional-share sweep alongside the real deal, see corporate_actions_raw.json.gz]"
GCACU,2022-02-10,8.7,no_action_found,,,,,,,,,,
GCAP,2020-07-30,6.04,cash_merger,2020-07-31,,6.0,,,,,6.0,-0.0066225165562914245,
GCP,2022-09-26,32.01,cash_merger,2022-09-27,,32.0,,,,,32.0,-0.0003124023742580029,
GDAT,2020-11-06,72.66,stock_merger,2020-11-06,GINN,,1.4523,,,not_found,,,acquirer close not found in store
GDNA,2020-11-06,68.56,stock_merger,2020-11-06,GINN,,1.3663,,,not_found,,,acquirer close not found in store
GDP,2021-12-22,23.02,cash_merger,2021-12-23,,23.0,,,,,23.0,-0.0008688097306689402,
GDVD,2024-08-28,25.855,cash_merger,2024-09-05,,25.5874,,,,,25.5874,-0.010350029007928918,
GDXS,2019-08-05,7.0759,other_action,2016-07-25,,,,,,,,,non-merger corporate action: reverse_split; no cash/stock value implied by this type
GDXX,2019-08-05,54.16,no_action_found,,,,,,,,,,
GECCL,2021-07-22,25.35,no_action_found,,,,,,,,,,
GFED,2022-03-31,31.43,stock_and_cash_merger,2022-03-31,QCRH,6.1,0.4702,56.59,2022-03-31,exact,32.708618,0.04068145084314345,"cash+stock component; stock leg valued at acquirer close (approximation, see limitations). [3 corporate-action records found across all types for this symbol; picked the stock_and_cash_merger record whose effective_date is closest to last_bar -- likely a reused ticker or a residual/fractional-share sweep alongside the real deal, see corporate_actions_raw.json.gz]"
GFIN,2020-11-06,66.9509,stock_merger,2020-11-06,GINN,,1.3375,,,not_found,,,acquirer close not found in store
GFN,2021-05-25,19.01,cash_merger,2021-05-25,URI,19.0,,,,,19.0,-0.0005260389268806342,
GFNCP,2021-06-23,101.21,no_action_found,,,,,,,,,,
GFNSL,2021-01-14,25.43,no_action_found,,,,,,,,,,
GFNSZ,2021-06-23,28.46,no_action_found,,,,,,,,,,
GFY,2020-11-20,16.29,no_action_found,,,,,,,,,,
GG,2019-04-17,11.19,no_action_found,,,,,,,,,,
GGGV,2022-07-06,10.13,no_action_found,,,,,,,,,,
GGGVR,2022-07-06,0.0041,no_action_found,,,,,,,,,,
GGGVU,2022-07-05,10.08,no_action_found,,,,,,,,,,
GGO,2021-10-25,16.2,no_action_found,,,,,,,,,,
GGP,2018-08-27,22.06,no_action_found,,,,,,,,,,
GGPIU,2022-06-23,11.63,no_action_found,,,,,,,,,,
GHDX,2019-11-07,63.44,no_action_found,,,,,,,,,,
GHII,2020-02-14,28.8453,no_action_found,,,,,,,,,,
GHIV,2021-01-21,11.54,other_action,2021-01-22,,,,,,,,,non-merger corporate action: name_change; no cash/stock value implied by this type
GHIVU,2021-01-21,12.39,no_action_found,,,,,,,,,,
GHVIU,2021-07-22,15.84,no_action_found,,,,,,,,,,
GIGGU,2026-05-22,9.94,no_action_found,,,,,,,,,,
GIPRU,2021-10-01,9.5,no_action_found,,,,,,,,,,
GLACU,2025-04-04,11.0,no_action_found,,,,,,,,,,
GLADD,2021-01-06,25.28,no_action_found,,,,,,,,,,
GLADL,2021-10-29,24.99,no_action_found,,,,,,,,,,
GLAQU,2022-06-06,9.23,no_action_found,,,,,,,,,,
GLBY,2020-05-27,26.7,no_action_found,,,,,,,,,,
GLIBP,2020-12-18,28.44,other_action,2020-12-21,,,,,,,,,non-merger corporate action: name_change; no cash/stock value implied by this type
GLOG,2021-06-08,5.79,cash_merger,2021-06-09,,5.8,,,,,5.8,0.0017271157167528806,
GLSPT,2022-07-13,14.01,no_action_found,,,,,,,,,,
GLSPU,2022-07-13,12.97,no_action_found,,,,,,,,,,
GLUU,2021-04-28,12.5,cash_merger,2021-04-29,,12.5,,,,,12.5,0.0,
GMAN,2020-11-06,77.95,stock_merger,2020-11-06,GINN,,1.5544,,,not_found,,,acquirer close not found in store
GMBTU,2022-03-31,9.9,no_action_found,,,,,,,,,,
GMFL,2019-02-20,27.3,no_action_found,,,,,,,,,,
GMHIU,2020-12-02,19.51,other_action,2020-12-03,,,,,,,,,non-merger corporate action: reverse_split; no cash/stock value implied by this type
GMIIU,2022-01-18,8.71,no_action_found,,,,,,,,,,
GMLP,2021-04-15,3.55,cash_merger,2021-04-15,NFE,3.55,,,,,3.55,0.0,
GMTA,2021-05-28,25.03,no_action_found,,,,,,,,,,
GMZ,2020-09-25,8.09,stock_merger,2020-09-25,GER,,1.3092,,,not_found,,,"acquirer close not found in store [2 corporate-action records found across all types for this symbol; picked the stock_merger record whose effective_date is closest to last_bar -- likely a reused ticker or a residual/fractional-share sweep alongside the real deal, see corporate_actions_raw.json.gz]"
GNAF,2021-12-16,12.72,no_action_found,,,,,,,,,,
GNBC,2018-12-31,17.14,no_action_found,,,,,,,,,,
GNMK,2021-04-21,24.04,cash_merger,2021-04-22,RHHBY,24.05,,,,,24.05,0.0004159733777038266,
GNOG,2022-05-04,5.78,no_action_found,,,,,,,,,,
GNRX,2019-04-04,22.416,no_action_found,,,,,,,,,,
GOAC,2022-08-16,10.01,no_action_found,,,,,,,,,,
GOBI,2022-07-29,10.0,no_action_found,,,,,,,,,,
GOODM,2021-06-29,25.01,no_action_found,,,,,,,,,,
GOV,2018-12-31,6.87,other_action,2019-01-02,,,,,,,,,non-merger corporate action: reverse_split; no cash/stock value implied by this type
GPAQ,2020-07-01,12.0,stock_merger,2020-07-01,HOFV,,1.42133,,,not_found,,,acquirer close not found in store
GPAQU,2020-07-01,14.46,no_action_found,,,,,,,,,,
GPCOR,2022-09-16,0.9,no_action_found,,,,,,,,,,
GPCOU,2022-09-16,9.82,no_action_found,,,,,,,,,,
GPIC,2019-05-01,13.75,no_action_found,,,,,,,,,,
GPM,2021-10-22,9.89,stock_merger,2021-10-25,GOF,,0.52793,19.37,2021-10-25,exact,10.2260041,0.033974125379170994,"valued at acquirer close on effective_date read from the price store (approximation, see limitations)"
GPX,2021-10-14,20.85,cash_merger,2021-10-14,,20.85,,,,,20.85,0.0,
GRA,2021-09-21,69.99,cash_merger,2021-09-22,,70.0,,,,,70.0,0.00014287755393627144,
GRBIC,2019-02-26,99.99,no_action_found,,,,,,,,,,
GRMY,2019-04-30,21.19,no_action_found,,,,,,,,,,
GRNVR,2021-08-13,1.34,no_action_found,,,,,,,,,,
GRNVU,2021-08-13,15.64,no_action_found,,,,,,,,,,
GRSHU,2020-02-10,12.0,no_action_found,,,,,,,,,,
GRSVU,2021-08-04,11.39,no_action_found,,,,,,,,,,
GRUB,2022-03-11,6.72,stock_merger,2021-06-15,JETKD,,3.355,,,not_found,,,acquirer close not found in store
GSAQ,2022-07-26,10.0,no_action_found,,,,,,,,,,
GSAQU,2022-07-22,9.99,no_action_found,,,,,,,,,,
GSB,2020-08-27,9.48,cash_merger,2020-08-28,,9.5,,,,,9.5,0.002109704641350074,
GSD,2024-01-23,11.25,no_action_found,,,,,,,,,,
GSKY,2022-03-29,10.2,stock_merger,2022-03-29,GS,,0.03,339.66,2022-03-29,exact,10.1898,-0.0009999999999998899,"valued at acquirer close on effective_date read from the price store (approximation, see limitations)"
GSLD,2022-07-15,25.72,no_action_found,,,,,,,,,,
GSS,2022-01-27,3.9,cash_merger,2022-01-28,,3.91,,,,,3.91,0.002564102564102555,"[2 corporate-action records found across all types for this symbol; picked the cash_merger record whose effective_date is closest to last_bar -- likely a reused ticker or a residual/fractional-share sweep alongside the real deal, see corporate_actions_raw.json.gz]"
GSUM,2021-03-25,1.95,cash_merger,2021-03-25,,2.0,,,,,2.0,0.025641025641025772,
GSV,2022-08-11,0.402,no_action_found,,,,,,,,,,
GTS,2022-01-31,35.99,cash_merger,2022-02-01,,36.0,,,,,36.0,0.00027785495971088814,
GTYH,2022-07-06,6.3,cash_merger,2022-07-07,,6.3,,,,,6.3,0.0,
GTYHU,2019-02-15,10.3987,no_action_found,,,,,,,,,,
GUDB,2020-12-28,49.19,no_action_found,,,,,,,,,,
GULF,2020-05-27,16.335,no_action_found,,,,,,,,,,
GV,2026-07-30,0.14,other_action,2026-07-31,,,,,,,,,non-merger corporate action: name_change; no cash/stock value implied by this type [3 corporate-action records found across all types for this symbol; picked the name_change record whose date is closest to last_bar]
GWACU,2020-12-04,9.99,other_action,2020-12-07,,,,,,,,,non-merger corporate action: reverse_split; no cash/stock value implied by this type
GWB,2022-01-31,30.88,stock_merger,2022-02-01,FIBK,,0.8425,38.41,2022-02-01,exact,32.360425,0.04794122409326418,"valued at acquirer close on effective_date read from the price store (approximation, see limitations)"
GWIIU,2021-08-20,9.8982,no_action_found,,,,,,,,,,
GWPH,2021-05-04,218.96,stock_and_cash_merger,2021-05-05,JAZZ,200.0,0.12036,170.82,2021-05-05,exact,220.5598952,0.007306792108147553,"cash+stock component; stock leg valued at acquirer close (approximation, see limitations)."
GWR,2019-12-27,111.88,no_action_found,,,,,,,,,,
GXGXU,2021-07-16,11.63,no_action_found,,,,,,,,,,
GYC,2021-02-11,25.05,no_action_found,,,,,,,,,,
HABT,2020-03-18,13.98,no_action_found,,,,,,,,,,
HACV,2018-07-27,30.0118,no_action_found,,,,,,,,,,
HACW,2018-08-15,29.63,no_action_found,,,,,,,,,,
HAHA,2018-09-21,27.37,no_action_found,,,,,,,,,,
HAUD,2020-08-17,24.36,no_action_found,,,,,,,,,,
HBANN,2021-10-15,25.09,no_action_found,,,,,,,,,,
HBANO,2021-07-15,25.02,no_action_found,,,,,,,,,,
HBK,2019-04-30,15.76,no_action_found,,,,,,,,,,
HBMD,2022-01-21,23.3,stock_merger,2022-01-22,FNB,,1.8,12.99,2022-01-21,nearest_prior,23.382,0.0035193133047211056,"valued at acquirer close on effective_date read from the price store (approximation, see limitations)"
HBP,2022-05-02,10.7,cash_merger,2022-05-03,,10.7,,,,,10.7,0.0,
HCAP,2021-06-08,9.66,cash_merger,2021-06-09,PTMN,0.36,,,,,0.36,-0.9627329192546584,
HCAPZ,2021-07-23,25.1505,no_action_found,,,,,,,,,,
HCCCU,2022-03-07,12.875,no_action_found,,,,,,,,,,
HCCH,2020-12-09,23.31,no_action_found,,,,,,,,,,
HCCHR,2020-12-09,2.3,no_action_found,,,,,,,,,,
HCCHU,2020-12-07,39.6,no_action_found,,,,,,,,,,
HCCOU,2020-10-29,10.31,other_action,2020-11-30,,,,,,,,,non-merger corporate action: reverse_split; no cash/stock value implied by this type
HCRF,2018-08-15,35.01,no_action_found,,,,,,,,,,
HCXZ,2021-06-30,25.2,no_action_found,,,,,,,,,,
HDLV,2020-03-24,6.55,no_action_found,,,,,,,,,,
HDP,2019-01-02,14.68,no_action_found,,,,,,,,,,
HDS,2020-12-23,55.99,cash_merger,2020-12-24,HD,56.0,,,,,56.0,0.0001786033220216865,
HECCU,2021-06-22,9.0,no_action_found,,,,,,,,,,
HEFV,2018-08-15,27.6,no_action_found,,,,,,,,,,
HEMV,2018-08-15,26.76,no_action_found,,,,,,,,,,
HEUS,2018-08-07,30.56,no_action_found,,,,,,,,,,
HEWI,2020-08-17,15.68,no_action_found,,,,,,,,,,
HEWL,2020-08-17,30.02,no_action_found,,,,,,,,,,
HEWP,2020-08-17,17.495,no_action_found,,,,,,,,,,
HEWW,2021-08-23,18.095,no_action_found,,,,,,,,,,
HEWY,2020-08-17,23.68,no_action_found,,,,,,,,,,
HFBC,2019-07-26,19.53,no_action_found,,,,,,,,,,
HFXE,2020-08-05,19.03,no_action_found,,,,,,,,,,
HFXJ,2020-08-05,20.18,no_action_found,,,,,,,,,,
HGH,2022-04-18,25.005,no_action_found,,,,,,,,,,
HGI,2019-02-20,15.75,no_action_found,,,,,,,,,,
HGSD,2019-03-14,24.9,no_action_found,,,,,,,,,,
HHHHR,2020-05-08,0.983,no_action_found,,,,,,,,,,
HHHHU,2020-03-10,10.92,no_action_found,,,,,,,,,,
HHRSW,2023-09-15,2.97,cash_merger,2023-09-22,,0.1,,,,,0.1,-0.9663299663299664,
HHYX,2018-08-15,28.02,no_action_found,,,,,,,,,,
HIFR,2019-05-16,21.11,no_action_found,,,,,,,,,,
HILO,2019-06-14,13.02,no_action_found,,,,,,,,,,
HIPR,2021-09-17,71.252,no_action_found,,,,,,,,,,
HJPX,2022-08-22,35.5052,no_action_found,,,,,,,,,,
HLG,2022-09-15,14.3,cash_merger,2022-09-15,,14.31,,,,,14.31,0.0006993006993005757,
HMG,2022-01-24,22.8,no_action_found,,,,,,,,,,
HMHC,2022-04-06,21.03,cash_merger,2022-04-07,,21.0,,,,,21.0,-0.0014265335235378318,
HMLP,2022-09-23,9.24,cash_merger,2022-09-23,,9.25,,,,,9.25,0.0010822510822510178,
HMSY,2021-03-31,36.975,cash_merger,2021-04-01,,37.0,,,,,37.0,0.0006761325219741821,
HMTA,2019-03-29,14.31,no_action_found,,,,,,,,,,
HMTV,2022-09-12,7.15,cash_merger,2022-09-13,,7.0,,,,,7.0,-0.020979020979021046,
HOLUU,2021-06-30,13.65,no_action_found,,,,,,,,,,
HOME,2021-07-22,36.99,cash_merger,2021-07-22,,37.0,,,,,37.0,0.0002703433360367047,
HOML,2020-03-20,8.44,no_action_found,,,,,,,,,,
HONR,2019-11-20,27.53,no_action_found,,,,,,,,,,
HPJ,2019-10-31,4.79,no_action_found,,,,,,,,,,
HPR,2021-04-01,4.73,stock_merger,2021-04-01,BCEI,,0.11464,,,not_found,,,"acquirer close not found in store [2 corporate-action records found across all types for this symbol; picked the stock_merger record whose effective_date is closest to last_bar -- likely a reused ticker or a residual/fractional-share sweep alongside the real deal, see corporate_actions_raw.json.gz]"
HQBD,2018-09-14,48.81,no_action_found,,,,,,,,,,
HQCL,2019-01-16,9.83,no_action_found,,,,,,,,,,
HRC,2021-12-10,155.96,cash_merger,2021-12-13,,156.0,,,,,156.0,0.0002564760194920801,
HTFA,2021-04-23,25.15,no_action_found,,,,,,,,,,
HUD,2020-11-30,7.69,cash_merger,2020-12-01,DUFRY,7.7,,,,,7.7,0.0013003901170349774,
HUSE,2020-04-20,28.66,no_action_found,,,,,,,,,,
HWCC,2021-06-15,5.3,cash_merger,2021-06-15,,5.3,,,,,5.3,0.0,
HWCPL,2021-06-14,25.0,no_action_found,,,,,,,,,,
HYACU,2022-05-20,10.1,other_action,2020-12-22,,,,,,,,,non-merger corporate action: reverse_split; no cash/stock value implied by this type
HYB,2026-02-10,8.2,no_action_found,,,,,,,,,,
HYDD,2019-10-11,15.9801,no_action_found,,,,,,,,,,
HYGS,2019-09-06,15.0,no_action_found,,,,,,,,,,
HYND,2020-05-27,14.91,no_action_found,,,,,,,,,,
IAC,2026-06-03,42.24,other_action,2026-06-04,,,,,,,,,non-merger corporate action: name_change; no cash/stock value implied by this type
IAM,2018-11-21,8.86,no_action_found,,,,,,,,,,
IBBJ,2021-12-02,29.87,no_action_found,,,,,,,,,,
IBCD,2020-03-30,24.54,other_action,2016-07-25,,,,,,,,,non-merger corporate action: forward_split; no cash/stock value implied by this type
IBDC,2020-03-30,26.02,other_action,2016-07-25,,,,,,,,,non-merger corporate action: forward_split; no cash/stock value implied by this type
IBDK,2019-12-16,24.865,no_action_found,,,,,,,,,,
IBDL,2020-12-15,25.2,no_action_found,,,,,,,,,,
IBDM,2021-12-15,24.72,no_action_found,,,,,,,,,,
IBHA,2021-12-15,24.135,no_action_found,,,,,,,,,,
IBKC,2020-07-01,43.08,stock_merger,2020-07-01,FHN,,4.584,9.4,2020-07-01,exact,43.0896,0.00022284122562665765,"valued at acquirer close on effective_date read from the price store (approximation, see limitations)"
IBKCN,2020-07-01,23.24,no_action_found,,,,,,,,,,
IBKCO,2020-07-01,25.75,no_action_found,,,,,,,,,,
IBKCP,2020-07-01,24.23,no_action_found,,,,,,,,,,
IBMG,2018-09-04,25.4413,no_action_found,,,,,,,,,,
IBMH,2019-09-03,25.43,no_action_found,,,,,,,,,,
IBMI,2020-09-01,25.46,no_action_found,,,,,,,,,,
IBMJ,2021-12-01,25.57,no_action_found,,,,,,,,,,
ICAN,2019-03-18,28.47,no_action_found,,,,,,,,,,
ICBK,2021-12-03,35.25,stock_and_cash_merger,2021-12-03,NCBS,24.56,0.16,,,not_found,,,"cash+stock component; stock leg valued at acquirer close (approximation, see limitations). [3 corporate-action records found across all types for this symbol; picked the stock_and_cash_merger record whose effective_date is closest to last_bar -- likely a reused ticker or a residual/fractional-share sweep alongside the real deal, see corporate_actions_raw.json.gz]"
ICOL,2022-08-22,9.02,no_action_found,,,,,,,,,,
IDSA,2019-12-30,1.1204,no_action_found,,,,,,,,,,
IDTI,2019-03-29,48.99,no_action_found,,,,,,,,,,
IDY,2020-10-23,22.28,no_action_found,,,,,,,,,,
IEC,2021-10-04,15.34,cash_merger,2021-10-05,,15.35,,,,,15.35,0.0006518904823988869,
IECS,2022-08-22,34.7199,no_action_found,,,,,,,,,,
IEFN,2022-08-22,31.0,no_action_found,,,,,,,,,,
IEHS,2022-08-22,41.3984,no_action_found,,,,,,,,,,
IEIH,2022-08-22,34.1348,no_action_found,,,,,,,,,,
IEME,2022-08-22,27.7702,no_action_found,,,,,,,,,,
IFEU,2020-08-17,35.01,no_action_found,,,,,,,,,,
IFFT,2021-09-14,47.56,no_action_found,,,,,,,,,,
IFIX,2019-11-12,52.38,no_action_found,,,,,,,,,,
IGVT,2019-11-12,51.88,no_action_found,,,,,,,,,,
IHC,2022-02-15,57.01,cash_merger,2022-02-15,,57.0,,,,,57.0,-0.00017540782318892223,
IHYD,2020-02-14,25.0615,no_action_found,,,,,,,,,,
IID,2021-03-31,5.58,no_action_found,,,,,,,,,,
IIN,2022-05-24,24.24,cash_merger,2022-05-24,,24.25,,,,,24.25,0.0004125412541253759,
ILG,2018-08-31,34.13,no_action_found,,,,,,,,,,
IMDZ,2019-04-01,5.85,no_action_found,,,,,,,,,,
IMFI,2020-02-14,24.95,no_action_found,,,,,,,,,,
IMFP,2020-02-14,24.99,no_action_found,,,,,,,,,,
IMI,2019-09-19,1.195,no_action_found,,,,,,,,,,
IMMU,2020-10-22,87.86,cash_merger,2020-10-23,GILD,88.0,,,,,88.0,0.0015934441156384427,
IMPV,2019-01-09,55.74,no_action_found,,,,,,,,,,
IMVTU,2020-06-05,30.277,no_action_found,,,,,,,,,,
INAQU,2024-12-13,11.13,no_action_found,,,,,,,,,,
INAU,2019-10-01,27.0501,no_action_found,,,,,,,,,,
INB,2019-12-20,9.15,no_action_found,,,,,,,,,,
INBKL,2021-10-01,25.03,no_action_found,,,,,,,,,,
INDF,2025-08-26,31.2507,stock_and_cash_merger,2025-09-02,301ESC0D2,31.23069693,1.0,,,not_found,,,"cash+stock component; stock leg valued at acquirer close (approximation, see limitations). [2 corporate-action records found across all types for this symbol; picked the stock_and_cash_merger record whose effective_date is closest to last_bar -- likely a reused ticker or a residual/fractional-share sweep alongside the real deal, see corporate_actions_raw.json.gz]"
INF,2020-03-06,12.81,no_action_found,,,,,,,,,,
INFR,2026-01-22,27.74,cash_merger,2026-01-29,,27.68079,,,,,27.68079,-0.0021344628695025847,
INST,2024-11-12,23.6,cash_merger,2024-11-14,,23.6,,,,,23.6,0.0,
INSUU,2020-10-12,12.8,other_action,2020-10-15,,,,,,,,,non-merger corporate action: reverse_split; no cash/stock value implied by this type
INTX,2019-01-10,3.67,no_action_found,,,,,,,,,,
INWK,2020-09-30,2.99,cash_merger,2020-10-01,,3.0,,,,,3.0,0.0033444816053511683,
INXN,2020-03-12,77.41,no_action_found,,,,,,,,,,
INXX,2019-06-14,11.36,no_action_found,,,,,,,,,,
IOTS,2020-06-26,12.54,cash_merger,2020-06-29,,12.55,,,,,12.55,0.0007974481658692412,
IPAS,2019-02-12,3.25,other_action,2018-08-23,,,,,,,,,non-merger corporate action: reverse_split; no cash/stock value implied by this type
IPFF,2021-08-23,16.6201,no_action_found,,,,,,,,,,
IPHI,2021-04-20,172.27,stock_and_cash_merger,2021-04-20,MRVL,66.0,2.323,45.84,2021-04-20,exact,172.48632,0.0012557032565159165,"cash+stock component; stock leg valued at acquirer close (approximation, see limitations)."
IPHS,2020-02-06,31.99,no_action_found,,,,,,,,,,
IPLDP,2021-12-14,24.99,no_action_found,,,,,,,,,,
IPOA,2019-10-25,11.79,no_action_found,,,,,,,,,,
IRCP,2022-05-27,2.4984,stock_merger,2022-05-30,IRS,,0.56,4.54,2022-05-27,nearest_prior,2.5424,0.01761127121357675,"valued at acquirer close on effective_date read from the price store (approximation, see limitations) [2 corporate-action records found across all types for this symbol; picked the stock_merger record whose effective_date is closest to last_bar -- likely a reused ticker or a residual/fractional-share sweep alongside the real deal, see corporate_actions_raw.json.gz]"
IRR,2021-06-11,3.72,no_action_found,,,,,,,,,,
ISBC,2022-04-06,13.87,stock_and_cash_merger,2022-04-06,CFG,1.46,0.297,42.08,2022-04-06,exact,13.95776,0.006327325162220676,"cash+stock component; stock leg valued at acquirer close (approximation, see limitations)."
ISCA,2019-10-17,44.99,no_action_found,,,,,,,,,,
ISDS,2020-08-11,22.02,no_action_found,,,,,,,,,,
ISLE,2022-08-26,10.01,no_action_found,,,,,,,,,,
ISLEU,2021-03-29,9.9,no_action_found,,,,,,,,,,
ITACU,2021-10-05,9.94,no_action_found,,,,,,,,,,
ITHXU,2022-07-18,11.48,no_action_found,,,,,,,,,,
ITMR,2021-12-15,30.87,cash_merger,2021-12-16,,31.0,,,,,31.0,0.00421120829284094,
ITUS,2018-09-28,4.64,no_action_found,,,,,,,,,,
IVTY,2018-10-22,7.39,no_action_found,,,,,,,,,,
JAG,2020-01-09,8.23,no_action_found,,,,,,,,,,
JAX,2021-09-29,14.0,cash_merger,2021-09-30,,14.0,,,,,14.0,0.0,
JBR,2020-05-18,0.601,no_action_found,,,,,,,,,,
JCO,2022-05-25,7.95,no_action_found,,,,,,,,,,
JDD,2021-11-19,10.74,stock_merger,2021-11-22,NMAI,,0.58638,19.3501,2021-11-22,exact,11.346511638,0.05647221955307269,"valued at acquirer close on effective_date read from the price store (approximation, see limitations)"
JFKKR,2020-09-30,0.85,no_action_found,,,,,,,,,,
JFKKU,2020-09-30,10.8,no_action_found,,,,,,,,,,
JHA,2018-11-26,9.94,no_action_found,,,,,,,,,,
JHB,2021-10-26,9.3993,no_action_found,,,,,,,,,,
JHD,2019-11-22,9.9,no_action_found,,,,,,,,,,
JHY,2020-10-26,9.52,no_action_found,,,,,,,,,,
JMBA,2018-09-12,13.01,no_action_found,,,,,,,,,,
JMEI,2020-04-14,19.93,cash_merger,2020-04-14,,20.0,,,,,20.0,0.00351229302558953,"[2 corporate-action records found across all types for this symbol; picked the cash_merger record whose effective_date is closest to last_bar -- likely a reused ticker or a residual/fractional-share sweep alongside the real deal, see corporate_actions_raw.json.gz]"
JMF,2020-05-04,1.43,no_action_found,,,,,,,,,,
JMIN,2022-09-06,34.5114,no_action_found,,,,,,,,,,
JMLP,2020-05-04,1.11,no_action_found,,,,,,,,,,
JMP,2021-11-15,7.5,cash_merger,2021-11-15,,7.5,,,,,7.5,0.0,
JMPNL,2021-09-10,25.12,no_action_found,,,,,,,,,,
JMPNZ,2021-12-10,25.33,no_action_found,,,,,,,,,,
JMT,2019-12-13,22.05,no_action_found,,,,,,,,,,
JNMF,2020-05-27,24.54,no_action_found,,,,,,,,,,
JNP,2018-08-13,11.5,no_action_found,,,,,,,,,,
JOBS,2022-05-06,60.9,cash_merger,2022-05-06,,61.0,,,,,61.0,0.0016420361247948545,
JPBI,2019-02-05,21.85,no_action_found,,,,,,,,,,
JPED,2020-06-19,21.24,no_action_found,,,,,,,,,,
JPEH,2019-03-28,27.45,no_action_found,,,,,,,,,,
JPEU,2020-06-12,52.03,no_action_found,,,,,,,,,,
JPGE,2020-06-19,55.58,no_action_found,,,,,,,,,,
JPHF,2020-06-19,18.98,no_action_found,,,,,,,,,,
JPIH,2019-03-26,28.8414,no_action_found,,,,,,,,,,
JPLS,2020-06-12,17.15,no_action_found,,,,,,,,,,
JPMF,2020-06-12,20.85,no_action_found,,,,,,,,,,
JPMV,2020-08-17,60.34,no_action_found,,,,,,,,,,
JPN,2022-03-07,28.58,no_action_found,,,,,,,,,,
JPNL,2020-10-16,50.49,no_action_found,,,,,,,,,,
JSYNU,2019-06-19,7.0,no_action_found,,,,,,,,,,
JTA,2021-11-19,11.53,stock_merger,2021-11-22,NMAI,,0.6283,19.3501,2021-11-22,exact,12.15766783,0.05443779965307893,"valued at acquirer close on effective_date read from the price store (approximation, see limitations)"
JTD,2021-11-19,16.72,stock_merger,2021-11-22,NMAI,,0.91062,19.3501,2021-11-22,exact,17.620588062,0.05386292236842105,"valued at acquirer close on effective_date read from the price store (approximation, see limitations)"
JTPY,2018-12-06,5.04,no_action_found,,,,,,,,,,
JWACU,2022-01-06,10.125,no_action_found,,,,,,,,,,
KAAC,2018-11-09,9.64,no_action_found,,,,,,,,,,
KANG,2019-01-18,20.53,no_action_found,,,,,,,,,,
KBLMR,2020-11-06,0.392,no_action_found,,,,,,,,,,
KBLMU,2020-11-06,8.38,no_action_found,,,,,,,,,,
KCAP,2019-04-01,3.75,no_action_found,,,,,,,,,,
KCAPL,2021-05-27,25.24,no_action_found,,,,,,,,,,
KDFI,2021-12-03,20.895,no_action_found,,,,,,,,,,
KDMN,2021-11-08,9.5,cash_merger,2021-11-09,SNYNF,9.5,,,,,9.5,0.0,
KED,2018-08-03,18.45,no_action_found,,,,,,,,,,
KEM,2025-05-20,27.58,cash_merger,2020-06-15,YGEQF,27.2,,,,,27.2,-0.01377810007251623,
KEYW,2019-06-11,11.23,no_action_found,,,,,,,,,,
KIN,2021-08-27,9.25,cash_merger,2021-08-27,ELAN,9.25,,,,,9.25,0.0,
KIND,2025-07-18,1.88,other_action,2025-07-21,,,,,,,,,non-merger corporate action: name_change; no cash/stock value implied by this type
KL,2022-02-08,38.92,stock_merger,2022-02-08,AEM,,0.7935,49.12,2022-02-08,exact,38.97672,0.0014573484069886344,"valued at acquirer close on effective_date read from the price store (approximation, see limitations)"
KLXI,2018-10-08,62.99,no_action_found,,,,,,,,,,
KMM,2018-11-09,9.02,no_action_found,,,,,,,,,,
KNAB,2020-12-17,31.5,no_action_found,,,,,,,,,,
KNL,2021-07-19,25.04,no_action_found,,,,,,,,,,
KOL,2020-12-14,94.92,other_action,2020-04-15,,,,,,,,,non-merger corporate action: reverse_split; no cash/stock value implied by this type
KONE,2018-09-12,7.67,no_action_found,,,,,,,,,,
KOR,2022-01-14,3.21,no_action_found,,,,,,,,,,
KPFS,2019-07-08,3.13,no_action_found,,,,,,,,,,
KRA,2022-03-14,46.49,cash_merger,2022-03-15,,46.5,,,,,46.5,0.0002151000215100396,
KSMTU,2021-08-26,10.75,no_action_found,,,,,,,,,,
KST,2018-11-09,12.6015,no_action_found,,,,,,,,,,
KSU,2021-12-13,293.59,stock_and_cash_merger,2021-12-14,CP,90.0,2.884,72.8,2021-12-14,exact,299.9552,0.021680574951463027,"cash+stock component; stock leg valued at acquirer close (approximation, see limitations)."
KURIU,2021-10-21,9.5,no_action_found,,,,,,,,,,
KVSB,2021-11-05,11.12,other_action,2021-11-08,,,,,,,,,non-merger corporate action: name_change; no cash/stock value implied by this type
KYE,2018-08-03,9.89,no_action_found,,,,,,,,,,
LABL,2019-07-01,50.01,no_action_found,,,,,,,,,,
LACK,2020-10-16,7.71,no_action_found,,,,,,,,,,
LATNU,2021-09-27,10.9,no_action_found,,,,,,,,,,
LBDC,2020-04-01,2.43,no_action_found,,,,,,,,,,
LBJ,2022-01-14,60.4,other_action,2020-03-27,,,,,,,,,non-merger corporate action: reverse_split; no cash/stock value implied by this type [3 corporate-action records found across all types for this symbol; picked the reverse_split record whose date is closest to last_bar]
LBPS,2022-06-24,1.65,other_action,2026-02-02,,,,,,,,,non-merger corporate action: worthless_removal; no cash/stock value implied by this type
LCAHU,2024-02-27,10.75,other_action,2020-12-30,,,,,,,,,non-merger corporate action: reverse_split; no cash/stock value implied by this type
LCAPU,2022-05-20,10.03,no_action_found,,,,,,,,,,
LCM,2018-08-24,7.74,no_action_found,,,,,,,,,,
LCYAU,2021-07-13,13.14,no_action_found,,,,,,,,,,
LDL,2021-09-30,62.09,cash_merger,2021-10-01,,62.1,,,,,62.1,0.0001610565308423073,
LDRS,2021-08-13,28.27,no_action_found,,,,,,,,,,
LEAF,2021-06-11,8.49,cash_merger,2021-06-14,,8.5,,,,,8.5,0.0011778563015312216,
LEAP,2022-08-12,10.02,no_action_found,,,,,,,,,,
LEGOU,2021-10-19,14.58,no_action_found,,,,,,,,,,
LEVL,2022-03-31,39.93,stock_and_cash_merger,2022-04-01,FRME,10.17,0.7167,40.85,2022-04-01,exact,39.447195,-0.012091284748309561,"cash+stock component; stock leg valued at acquirer close (approximation, see limitations)."
LEXEA,2019-07-26,50.42,no_action_found,,,,,,,,,,
LGBT,2022-04-20,26.61,no_action_found,,,,,,,,,,
LILAR,2020-09-25,0.65,no_action_found,,,,,,,,,,
LINX,2021-06-25,7.5,no_action_found,,,,,,,,,,
LIVKU,2021-08-05,11.08,no_action_found,,,,,,,,,,
LJPC,2022-08-19,6.22,cash_merger,2022-08-22,,6.23,,,,,6.23,0.001607717041800738,
LKM,2018-12-20,0.1539,no_action_found,,,,,,,,,,
LLQD,2019-08-20,54.1,no_action_found,,,,,,,,,,
LM,2020-07-31,49.99,cash_merger,2020-07-31,,50.0,,,,,50.0,0.0002000400080015563,
LMLB,2020-12-09,9.73,no_action_found,,,,,,,,,,
LMLP,2020-03-24,2.94,no_action_found,,,,,,,,,,
LMRK,2021-12-21,16.49,cash_merger,2021-12-22,,16.5,,,,,16.5,0.0006064281382656134,
LMRKN,2021-12-21,25.5,cash_merger,2021-12-22,,25.0,,,,,25.0,-0.019607843137254943,
LMRKO,2021-12-21,25.3,cash_merger,2021-12-22,,25.0,,,,,25.0,-0.011857707509881465,
LMRKP,2021-12-21,25.47,cash_merger,2021-12-22,,25.0,,,,,25.0,-0.018453082057322323,
LN,2020-12-24,51.98,no_action_found,,,,,,,,,,
LOAC,2021-03-19,13.45,stock_merger,2021-03-22,LBPS,,0.94144,14.55,2021-03-22,exact,13.697952,0.01843509293680312,"valued at acquirer close on effective_date read from the price store (approximation, see limitations)"
LOACR,2021-03-19,1.33,stock_merger,2021-03-22,LBPS,,0.09414,14.55,2021-03-22,exact,1.369737,0.029877443609022558,"valued at acquirer close on effective_date read from the price store (approximation, see limitations)"
LOACU,2021-03-18,14.99,no_action_found,,,,,,,,,,
LOGM,2020-08-28,86.04,cash_merger,2020-08-31,,86.05,,,,,86.05,0.00011622501162245058,
LOPX,2022-09-23,5.1939,no_action_found,,,,,,,,,,
LOR,2019-12-03,9.68,no_action_found,,,,,,,,,,
LORL,2021-11-18,41.52,stock_merger,2021-11-19,,,1.0,,,no_acquirer_symbol,,,acquirer close not found in store
LOXO,2019-02-14,234.66,no_action_found,,,,,,,,,,
LPT,2020-02-03,61.95,no_action_found,,,,,,,,,,
LRET,2020-03-26,8.51,no_action_found,,,,,,,,,,
LSLT,2022-02-24,32.0,no_action_found,,,,,,,,,,
LSVX,2018-06-25,14.88,no_action_found,,,,,,,,,,
LSXMR,2020-06-05,13.49,no_action_found,,,,,,,,,,
LTS,2020-02-13,3.49,no_action_found,,,,,,,,,,
LTXB,2019-10-31,42.54,no_action_found,,,,,,,,,,
LUB,2022-05-27,1.78,no_action_found,,,,,,,,,,
LVGO,2020-10-29,139.77,stock_and_cash_merger,2020-10-30,TDOC,4.24,0.592,196.46,2020-10-30,exact,120.54432,-0.13755226443442803,"cash+stock component; stock leg valued at acquirer close (approximation, see limitations)."
LVHE,2020-05-14,21.19,no_action_found,,,,,,,,,,
LVL,2020-02-14,12.34,no_action_found,,,,,,,,,,
LVUS,2020-08-07,28.51,no_action_found,,,,,,,,,,
LXFT,2019-06-13,58.99,no_action_found,,,,,,,,,,
MAACU,2021-09-23,10.1674,no_action_found,,,,,,,,,,
MAB,2018-12-14,12.28,no_action_found,,,,,,,,,,
MACQ,2021-12-22,9.66,other_action,2022-01-10,,,,,,,,,non-merger corporate action: name_change; no cash/stock value implied by this type
MACQU,2021-12-22,9.06,no_action_found,,,,,,,,,,
MACU,2022-04-29,10.09,no_action_found,,,,,,,,,,
MACUU,2022-04-28,10.13,no_action_found,,,,,,,,,,
MAMS,2019-10-18,12.12,no_action_found,,,,,,,,,,
MANT,2022-09-13,95.98,cash_merger,2022-09-14,,96.0,,,,,96.0,0.00020837674515528093,
MATF,2018-08-15,31.95,no_action_found,,,,,,,,,,
MBFI,2019-03-21,42.38,no_action_found,,,,,,,,,,
MBII,2022-07-12,0.7981,stock_merger,2022-07-12,BIOX,,0.088,9.44,2022-07-12,exact,0.8307199999999999,0.04087207116902625,"valued at acquirer close on effective_date read from the price store (approximation, see limitations)"
MBNAA,2018-10-19,8.751,other_action,2018-10-24,,,,,,,,,non-merger corporate action: reverse_split; no cash/stock value implied by this type
MBNAB,2018-10-23,8.2,other_action,2018-10-24,,,,,,,,,non-merger corporate action: reverse_split; no cash/stock value implied by this type
MBT,2022-02-25,5.5,cash_merger,2026-04-27,,1.582695,,,,,1.582695,-0.7122372727272728,
MBTF,2019-08-30,9.84,no_action_found,,,,,,,,,,
MCA,2022-04-08,12.51,stock_merger,2022-04-11,MUC,,1.01061,12.29,2022-04-11,exact,12.4203969,-0.007162517985611516,"valued at acquirer close on effective_date read from the price store (approximation, see limitations)"
MCACR,2024-07-12,0.2194,stock_merger,2024-07-15,CNTM,,0.1,,,not_found,,,acquirer close not found in store
MCACU,2024-07-12,5.22,no_action_found,,,,,,,,,,
MCADR,2021-10-28,1.03,no_action_found,,,,,,,,,,
MCADU,2021-10-28,11.54,no_action_found,,,,,,,,,,
MCEP,2021-01-20,5.52,stock_merger,2021-01-21,MCF,,1.75,2.85,2021-01-21,exact,4.9875,-0.09646739130434778,"valued at acquirer close on effective_date read from the price store (approximation, see limitations) [3 corporate-action records found across all types for this symbol; picked the stock_merger record whose effective_date is closest to last_bar -- likely a reused ticker or a residual/fractional-share sweep alongside the real deal, see corporate_actions_raw.json.gz]"
MCF,2021-12-07,3.22,stock_merger,2021-12-07,CRGY,,0.2,,,not_found,,,acquirer close not found in store
MCFE,2022-02-28,25.99,cash_merger,2022-03-01,,26.0,,,,,26.0,0.0003847633705271747,
MCMJU,2019-12-11,9.99,other_action,2019-12-12,,,,,,,,,non-merger corporate action: reverse_split; no cash/stock value implied by this type
MCRN,2019-11-20,16.8,no_action_found,,,,,,,,,,
MCX,2020-11-19,25.06,no_action_found,,,,,,,,,,
MDCO,2020-01-03,84.9,no_action_found,,,,,,,,,,
MDLA,2021-10-28,33.99,cash_merger,2021-10-29,,34.0,,,,,34.0,0.0002942041776992088,
MDP,2021-12-01,59.07,cash_merger,2021-12-01,,16.99,,,,,16.99,-0.7123751481293381,
MDSO,2019-10-28,92.22,no_action_found,,,,,,,,,,
MEET,2020-09-03,6.29,cash_merger,2020-09-04,,6.3,,,,,6.3,0.0015898251192367763,
MEN,2021-04-16,12.08,stock_merger,2021-04-19,MQY,,0.74877,16.09,2021-04-19,exact,12.047709300000001,-0.002673071192052845,"valued at acquirer close on effective_date read from the price store (approximation, see limitations)"
MENV,2022-08-31,22.715,no_action_found,,,,,,,,,,
MFCB,2019-06-03,12.05,other_action,2017-07-14,,,,,,,,,non-merger corporate action: forward_split; no cash/stock value implied by this type
MFINL,2021-04-14,24.99,no_action_found,,,,,,,,,,
MFL,2022-04-08,11.84,stock_merger,2022-04-11,MUI,,0.93874,12.64,2022-04-11,exact,11.865673600000001,0.002168378378378577,"valued at acquirer close on effective_date read from the price store (approximation, see limitations) [2 corporate-action records found across all types for this symbol; picked the stock_merger record whose effective_date is closest to last_bar -- likely a reused ticker or a residual/fractional-share sweep alongside the real deal, see corporate_actions_raw.json.gz]"
MFNC,2021-09-03,21.5,stock_and_cash_merger,2021-09-03,NCBS,4.64,0.22,,,not_found,,,"cash+stock component; stock leg valued at acquirer close (approximation, see limitations)."
MFO,2021-01-05,25.44,no_action_found,,,,,,,,,,
MFSF,2020-04-24,24.87,stock_merger,2020-04-24,NWBI,,2.4,10.33,2020-04-24,exact,24.791999999999998,-0.003136308805790189,"valued at acquirer close on effective_date read from the price store (approximation, see limitations)"
MFT,2021-04-09,14.54,stock_merger,2021-04-12,BLE,,0.9569,,,not_found,,,acquirer close not found in store
MGLN,2022-01-03,94.99,cash_merger,2022-01-04,CNC,95.0,,,,,95.0,0.0001052742393936601,
MGP,2022-04-28,41.64,stock_merger,2022-04-29,VICI,,1.366,29.81,2022-04-29,exact,40.72046,-0.02208309317963486,"valued at acquirer close on effective_date read from the price store (approximation, see limitations)"
MHE,2021-04-16,13.64,stock_merger,2021-04-19,MQY,,0.83141,16.09,2021-04-19,exact,13.3773869,-0.01925315982404696,"valued at acquirer close on effective_date read from the price store (approximation, see limitations)"
MIDF,2022-08-22,36.68,no_action_found,,,,,,,,,,
MIDZ,2020-03-27,74.3298,other_action,2019-06-28,,,,,,,,,non-merger corporate action: reverse_split; no cash/stock value implied by this type
MIE,2021-08-02,3.85,no_action_found,,,,,,,,,,
MIK,2021-04-14,21.97,cash_merger,2021-04-15,,22.0,,,,,22.0,0.001365498406918686,
MILE,2022-07-27,1.05,stock_merger,2022-07-28,LMND,,0.05263,19.84,2022-07-28,exact,1.0441792,-0.0055436190476190195,"valued at acquirer close on effective_date read from the price store (approximation, see limitations)"
MIME,2022-05-18,79.92,cash_merger,2022-05-19,,80.0,,,,,80.0,0.0010010010010010895,
MINI,2020-06-30,29.5,stock_merger,2020-07-01,WSC,,2.405,13.115,2020-07-01,exact,31.541574999999998,0.06920593220338978,"valued at acquirer close on effective_date read from the price store (approximation, see limitations)"
MIW,2018-12-14,12.55,no_action_found,,,,,,,,,,
MJCO,2020-09-21,16.0,cash_merger,2020-09-21,,16.0,,,,,16.0,0.0,
MJJ,2021-12-23,73.2053,no_action_found,,,,,,,,,,
MJO,2021-12-23,81.1635,no_action_found,,,,,,,,,,
MLNT,2020-01-10,0.5,other_action,2019-02-22,,,,,,,,,non-merger corporate action: reverse_split; no cash/stock value implied by this type
MLNX,2020-04-24,124.89,cash_merger,2020-04-27,NVDA,125.0,,,,,125.0,0.0008807750820722937,
MLPC,2020-10-30,6.34,no_action_found,,,,,,,,,,
MLPE,2020-10-30,9.7,no_action_found,,,,,,,,,,
MLPG,2020-11-23,11.9601,no_action_found,,,,,,,,,,
MLPQ,2020-03-18,3.7,no_action_found,,,,,,,,,,
MLPS,2018-06-25,12.22,no_action_found,,,,,,,,,,
MLPY,2021-06-08,4.77,no_action_found,,,,,,,,,,
MLPZ,2020-03-23,3.82,no_action_found,,,,,,,,,,
MLQD,2019-08-20,51.946,no_action_found,,,,,,,,,,
MLTI,2020-06-11,22.2,no_action_found,,,,,,,,,,
MMAC,2021-08-12,27.77,cash_merger,2021-08-13,,27.77,,,,,27.77,0.0,
MMDM,2019-09-10,5.02,no_action_found,,,,,,,,,,
MMV,2025-01-08,0.48,other_action,2025-01-10,,,,,,,,,non-merger corporate action: name_change; no cash/stock value implied by this type
MNCLU,2020-12-21,12.89,no_action_found,,,,,,,,,,
MNDT,2022-09-09,22.98,cash_merger,2022-09-12,,23.0,,,,,23.0,0.0008703220191470518,
MNE,2020-06-15,14.55,stock_merger,2020-06-19,MANKX,,1.40716,,,not_found,,,acquirer close not found in store
MNTA,2020-09-30,52.48,cash_merger,2020-10-01,,52.5,,,,,52.5,0.00038109756097570724,
MOBL,2020-11-30,7.04,cash_merger,2020-12-01,,7.05,,,,,7.05,0.0014204545454545858,
MOC,2019-02-21,2.845,no_action_found,,,,,,,,,,
MOM,2021-03-12,21.6,no_action_found,,,,,,,,,,
MORL,2020-03-24,0.2389,no_action_found,,,,,,,,,,
MOTNU,2021-11-05,11.4406,no_action_found,,,,,,,,,,
MR,2020-11-12,5.36,stock_merger,2020-11-13,SWN,,1.8656,,,not_found,,,acquirer close not found in store
MRACU,2021-10-15,11.1386,no_action_found,,,,,,,,,,
MRCCL,2021-02-17,25.08,no_action_found,,,,,,,,,,
MRRL,2020-03-24,0.21,no_action_found,,,,,,,,,,
MSACU,2021-04-06,10.1,no_action_found,,,,,,,,,,
MSBF,2020-07-10,10.38,stock_merger,2020-07-10,,,1.3,,,no_acquirer_symbol,,,"acquirer close not found in store [2 corporate-action records found across all types for this symbol; picked the stock_merger record whose effective_date is closest to last_bar -- likely a reused ticker or a residual/fractional-share sweep alongside the real deal, see corporate_actions_raw.json.gz]"
MSF,2019-02-22,16.58,no_action_found,,,,,,,,,,
MSGN,2021-07-08,14.17,stock_merger,2021-07-09,MSGE,,0.172,83.9,2021-07-09,exact,14.4308,0.018405081157374825,"valued at acquirer close on effective_date read from the price store (approximation, see limitations)"
MSL,2019-09-20,11.44,no_action_found,,,,,,,,,,
MSON,2021-10-28,26.54,stock_merger,2021-10-29,BVS,,1.6839,15.1,2021-10-29,exact,25.42689,-0.041940844009042966,"valued at acquirer close on effective_date read from the price store (approximation, see limitations) [2 corporate-action records found across all types for this symbol; picked the stock_merger record whose effective_date is closest to last_bar -- likely a reused ticker or a residual/fractional-share sweep alongside the real deal, see corporate_actions_raw.json.gz]"
MSP,2022-06-22,35.18,cash_merger,2022-06-23,,35.5,,,,,35.5,0.009096077316657292,
MSUS,2020-06-24,22.97,no_action_found,,,,,,,,,,
MTEC,2019-06-17,11.99,no_action_found,,,,,,,,,,
MTECU,2019-06-17,13.5461,no_action_found,,,,,,,,,,
MTFB,2019-12-16,0.105011,no_action_found,,,,,,,,,,
MTGE,2018-09-06,19.8,no_action_found,,,,,,,,,,
MTOR,2022-08-02,36.5,cash_merger,2022-08-03,,36.5,,,,,36.5,0.0,
MTSC,2021-04-06,58.49,cash_merger,2021-04-07,APH,58.5,,,,,58.5,0.00017096939647798237,
MTT,2021-04-30,21.19,no_action_found,,,,,,,,,,
MUDS,2022-09-12,10.16,other_action,2020-06-01,,,,,,,,,non-merger corporate action: name_change; no cash/stock value implied by this type
MUDSU,2022-09-06,10.13,no_action_found,,,,,,,,,,
MUH,2021-03-05,14.72,stock_merger,2021-03-08,MHD,,0.92579,15.96,2021-03-08,exact,14.775608400000001,0.0037777445652174,"valued at acquirer close on effective_date read from the price store (approximation, see limitations)"
MUI,2026-02-13,12.09,no_action_found,,,,,,,,,,
MUS,2021-03-05,13.01,stock_merger,2021-03-08,MHD,,0.81612,15.96,2021-03-08,exact,13.0252752,0.0011741122213682065,"valued at acquirer close on effective_date read from the price store (approximation, see limitations)"
MUTE,2020-10-09,47.25,other_action,2020-08-28,,,,,,,,,non-merger corporate action: reverse_split; no cash/stock value implied by this type
MVC,2020-12-23,9.12,stock_and_cash_merger,2020-12-23,BBDC,0.39492,0.97908,9.24,2020-12-23,exact,9.4416192,0.03526526315789491,"cash+stock component; stock leg valued at acquirer close (approximation, see limitations)."
MVCD,2020-12-23,25.3,no_action_found,,,,,,,,,,
MVIN,2020-12-08,41.15,no_action_found,,,,,,,,,,
MVP,2022-04-06,12.325,no_action_found,,,,,,,,,,
MXDE,2020-08-27,23.39,no_action_found,,,,,,,,,,
MXDU,2022-05-25,34.5686,no_action_found,,,,,,,,,,
MXIM,2021-08-25,103.14,stock_merger,2021-08-26,ADI,,0.63,167.36,2021-08-26,exact,105.4368,0.022268760907504515,"valued at acquirer close on effective_date read from the price store (approximation, see limitations)"
MXWL,2019-05-15,4.48,no_action_found,,,,,,,,,,
MYC,2022-04-08,12.5,stock_merger,2022-04-11,MUC,,1.01385,12.29,2022-04-11,exact,12.460216499999998,-0.0031826800000002153,"valued at acquirer close on effective_date read from the price store (approximation, see limitations)"
MYF,2021-04-16,14.32,stock_merger,2021-04-19,MQY,,0.88734,16.09,2021-04-19,exact,14.2773006,-0.0029818016759776134,"valued at acquirer close on effective_date read from the price store (approximation, see limitations)"
MYJ,2022-04-08,13.07,stock_merger,2022-04-11,MUJ,,1.01087,12.95,2022-04-11,exact,13.090766499999999,0.001588867635807123,"valued at acquirer close on effective_date read from the price store (approximation, see limitations)"
MYL,2020-11-16,15.855,stock_merger,2020-11-16,VTRSV,,1.0,,,not_found,,,acquirer close not found in store
MYOK,2020-11-16,224.91,cash_merger,2020-11-17,BMY,225.0,,,,,225.0,0.0004001600640255454,
MZA,2021-04-16,14.63,stock_merger,2021-04-19,MQY,,0.89199,16.09,2021-04-19,exact,14.3521191,-0.018993909774436157,"valued at acquirer close on effective_date read from the price store (approximation, see limitations)"
MZF,2018-08-03,14.33,no_action_found,,,,,,,,,,
NAO,2019-06-06,3.47,other_action,2019-01-28,,,,,,,,,non-merger corporate action: reverse_split; no cash/stock value implied by this type
NAV,2021-06-30,44.5,cash_merger,2021-07-01,,44.5,,,,,44.5,0.0,
NAVG,2019-05-22,69.96,other_action,2017-01-23,,,,,,,,,non-merger corporate action: forward_split; no cash/stock value implied by this type
NBACR,2021-03-22,1.56,no_action_found,,,,,,,,,,
NBACU,2021-03-22,18.8,no_action_found,,,,,,,,,,
NBL,2020-10-02,8.46,stock_merger,2020-10-05,CVX,,0.1191,72.7,2020-10-05,exact,8.658570000000001,0.02347163120567375,"valued at acquirer close on effective_date read from the price store (approximation, see limitations)"
NBLX,2021-05-10,15.21,stock_merger,2021-05-11,CVX,,0.1393,106.7,2021-05-11,exact,14.863310000000002,-0.022793556870479903,"valued at acquirer close on effective_date read from the price store (approximation, see limitations)"
NCB,2021-03-05,15.05,stock_merger,2021-03-08,NCA,,1.51728,10.0,2021-03-08,exact,15.172799999999999,0.008159468438537987,"valued at acquirer close on effective_date read from the price store (approximation, see limitations)"
NCOM,2019-03-29,39.21,no_action_found,,,,,,,,,,
NEBCU,2021-07-30,11.0,no_action_found,,,,,,,,,,
NEBUU,2020-06-10,26.0,other_action,2020-06-19,,,,,,,,,non-merger corporate action: reverse_split; no cash/stock value implied by this type
NEED,2020-10-16,32.16,no_action_found,,,,,,,,,,
NEOS,2021-03-19,1.15,stock_merger,2021-03-19,AYTU,,0.1088,9.73,2021-03-19,exact,1.058624,-0.0794573913043477,"valued at acquirer close on effective_date read from the price store (approximation, see limitations)"
NES,2022-02-23,2.149,stock_merger,2022-02-23,WTTR,,0.2551,8.53,2022-02-23,exact,2.1760029999999997,0.012565379246160857,"valued at acquirer close on effective_date read from the price store (approximation, see limitations)"
NETS,2019-06-14,3.7,no_action_found,,,,,,,,,,
NEV,2022-06-03,12.51,stock_merger,2022-06-06,NZF,,0.93046,13.34,2022-06-06,exact,12.4123364,-0.007806842525979296,"valued at acquirer close on effective_date read from the price store (approximation, see limitations)"
NEWA,2021-07-12,4.17,cash_merger,2021-07-13,,3.65,,,,,3.65,-0.12470023980815348,
NEWM,2019-11-19,6.28,other_action,2019-11-20,,,,,,,,,non-merger corporate action: name_change; no cash/stock value implied by this type
NFC,2019-12-18,10.11,other_action,2019-12-24,,,,,,,,,non-merger corporate action: name_change; no cash/stock value implied by this type
NFH,2022-01-26,11.95,cash_merger,2022-01-26,,12.0,,,,,12.0,0.004184100418409997,
NFINU,2020-11-04,12.0,no_action_found,,,,,,,,,,
NFO,2020-02-14,75.32,no_action_found,,,,,,,,,,
NGACU,2021-08-19,9.26,no_action_found,,,,,,,,,,
NGCAU,2021-12-29,9.46,no_action_found,,,,,,,,,,
NGHC,2020-12-31,34.18,cash_merger,2021-01-04,ALL,32.0,,,,,32.0,-0.06377998829724985,
NGHCO,2021-02-02,25.08,no_action_found,,,,,,,,,,
NGHCP,2021-02-02,25.08,no_action_found,,,,,,,,,,
NGHCZ,2021-02-02,25.25,no_action_found,,,,,,,,,,
NHA,2021-02-23,9.69,no_action_found,,,,,,,,,,
NHLD,2021-02-25,3.2501,cash_merger,2021-02-25,RILY,3.25,,,,,3.25,-3.076828405290666e-05,
NIFE,2022-09-23,45.1958,no_action_found,,,,,,,,,,
NIHD,2019-12-31,2.17,no_action_found,,,,,,,,,,
NJV,2021-03-05,14.52,stock_merger,2021-03-08,NUW,,0.89773,16.27,2021-03-08,exact,14.6060671,0.00592748622589534,"valued at acquirer close on effective_date read from the price store (approximation, see limitations)"
NMCI,2021-03-31,9.23,stock_merger,2021-03-31,NMM,,0.39,23.56,2021-03-31,exact,9.1884,-0.004507042253521165,"valued at acquirer close on effective_date read from the price store (approximation, see limitations)"
NMFCL,2021-03-08,25.25,no_action_found,,,,,,,,,,
NMY,2021-04-09,14.3,stock_merger,2021-04-12,NAD,,0.94182,15.22,2021-04-12,exact,14.3345004,0.0024126153846153464,"valued at acquirer close on effective_date read from the price store (approximation, see limitations)"
NNA,2021-10-14,3.48,stock_merger,2021-10-15,NMM,,0.1275,27.37,2021-10-15,exact,3.489675,0.002780172413793025,"valued at acquirer close on effective_date read from the price store (approximation, see limitations) [2 corporate-action records found across all types for this symbol; picked the stock_merger record whose effective_date is closest to last_bar -- likely a reused ticker or a residual/fractional-share sweep alongside the real deal, see corporate_actions_raw.json.gz]"
NNC,2019-11-15,13.66,no_action_found,,,,,,,,,,
NOVSU,2021-01-29,35.75,no_action_found,,,,,,,,,,
NPAUU,2021-04-06,13.3494,no_action_found,,,,,,,,,,
NPN,2021-03-05,14.04,stock_merger,2021-03-08,NUW,,0.87498,16.27,2021-03-08,exact,14.235924599999999,0.013954743589743579,"valued at acquirer close on effective_date read from the price store (approximation, see limitations)"
NPTN,2022-08-02,16.01,cash_merger,2022-08-03,,16.0,,,,,16.0,-0.0006246096189882477,
NRCG,2019-10-31,12.24,no_action_found,,,,,,,,,,
NRE,2019-09-27,17.02,no_action_found,,,,,,,,,,
NRGO,2020-12-17,15.81,no_action_found,,,,,,,,,,
NRGZ,2020-12-15,19.8,no_action_found,,,,,,,,,,
NSEC,2022-06-30,16.36,cash_merger,2022-06-30,,16.35,,,,,16.35,-0.0006112469437651313,
NSR,2022-08-12,7.76,stock_merger,2022-08-15,SAND,,1.21,,,not_found,,,acquirer close not found in store
NSU,2019-03-07,4.44,no_action_found,,,,,,,,,,
NTC,2019-11-15,12.04,no_action_found,,,,,,,,,,
NTGN,2020-05-05,3.07,stock_merger,2020-05-06,BNTX,,0.063,47.78,2020-05-06,exact,3.0101400000000003,-0.019498371335504805,"valued at acquirer close on effective_date read from the price store (approximation, see limitations)"
NTRI,2019-03-07,42.89,no_action_found,,,,,,,,,,
NTUS,2022-07-20,32.96,cash_merger,2022-07-21,,33.5,,,,,33.5,0.016383495145630977,
NTX,2020-02-14,14.64,no_action_found,,,,,,,,,,
NTZO,2022-06-21,16.0691,no_action_found,,,,,,,,,,
NUAN,2022-03-03,55.99,cash_merger,2022-03-04,MSFT,56.0,,,,,56.0,0.0001786033220216865,
NUM,2021-02-05,15.1,stock_merger,2021-02-08,NEA,,1.01089,14.96,2021-02-08,exact,15.122914400000003,0.0015175099337749742,"valued at acquirer close on effective_date read from the price store (approximation, see limitations)"
NUVO,2024-08-30,0.17,other_action,2024-09-03,,,,,,,,,non-merger corporate action: name_change; no cash/stock value implied by this type
NVACU,2022-01-21,10.05,no_action_found,,,,,,,,,,
NVMM,2019-04-29,0.69,no_action_found,,,,,,,,,,
NWHM,2021-09-07,8.99,cash_merger,2021-09-08,,9.0,,,,,9.0,0.0011123470522802492,
NXEO,2019-02-28,9.93,no_action_found,,,,,,,,,,
NXEOU,2019-02-13,10.5,no_action_found,,,,,,,,,,
NXQ,2021-12-03,15.04,stock_merger,2021-12-06,NXP,,0.95219,15.94,2021-12-06,exact,15.177908599999999,0.009169454787234077,"valued at acquirer close on effective_date read from the price store (approximation, see limitations)"
NXR,2021-12-03,16.56,stock_merger,2021-12-06,NXP,,1.02072,15.94,2021-12-06,exact,16.2702768,-0.017495362318840413,"valued at acquirer close on effective_date read from the price store (approximation, see limitations)"
NXTM,2019-02-21,30.0,no_action_found,,,,,,,,,,
NYH,2018-12-14,10.5473,no_action_found,,,,,,,,,,
NYMTO,2021-07-29,25.06,no_action_found,,,,,,,,,,
NYMTP,2021-12-17,25.3205,no_action_found,,,,,,,,,,
NYRT,2018-11-02,14.18,other_action,2018-03-16,,,,,,,,,non-merger corporate action: reverse_split; no cash/stock value implied by this type
NYV,2021-04-09,15.04,stock_merger,2021-04-12,NNY,,1.55145,9.83,2021-04-12,exact,15.2507535,0.014012865691489518,"valued at acquirer close on effective_date read from the price store (approximation, see limitations)"
OAK,2019-09-27,51.52,no_action_found,,,,,,,,,,
OASI,2018-12-20,25.98,no_action_found,,,,,,,,,,
OBAS,2022-03-22,12.59,cash_merger,2022-03-22,,12.64,,,,,12.64,0.003971405877680745,
OBCI,2022-08-08,13.03,cash_merger,2022-08-09,ONEW,13.08,,,,,13.08,0.0038372985418266836,
OCA,2022-05-31,9.995,no_action_found,,,,,,,,,,
OCCIP,2021-12-09,25.03,no_action_found,,,,,,,,,,
OCDX,2022-05-26,17.63,no_action_found,,,,,,,,,,
OCIP,2018-07-13,11.45,no_action_found,,,,,,,,,,
OCSI,2021-03-18,8.5,stock_merger,2021-03-19,OCSL,,1.3371,6.2,2021-03-19,exact,8.29002,-0.02470352941176468,"valued at acquirer close on effective_date read from the price store (approximation, see limitations)"
OEW,2019-02-20,33.0801,no_action_found,,,,,,,,,,
OFSSG,2021-10-29,25.02,no_action_found,,,,,,,,,,
OFSSI,2021-11-19,25.09,no_action_found,,,,,,,,,,
OFSSL,2021-03-11,25.17,no_action_found,,,,,,,,,,
OFSSZ,2021-03-11,25.19,no_action_found,,,,,,,,,,
OHAI,2019-12-18,1.315,no_action_found,,,,,,,,,,
OHRP,2019-07-12,5.39,other_action,2019-02-04,,,,,,,,,non-merger corporate action: reverse_split; no cash/stock value implied by this type
OIIL,2018-08-13,43.0,no_action_found,,,,,,,,,,
OIL,2023-06-08,28.42,cash_merger,2023-06-15,,28.1961,,,,,28.1961,-0.007878254750175895,"[2 corporate-action records found across all types for this symbol; picked the cash_merger record whose effective_date is closest to last_bar -- likely a reused ticker or a residual/fractional-share sweep alongside the real deal, see corporate_actions_raw.json.gz]"
OILX,2020-04-30,5.77,no_action_found,,,,,,,,,,
OLBK,2019-11-22,28.83,no_action_found,,,,,,,,,,
OLD,2021-10-11,29.8283,no_action_found,,,,,,,,,,
OMAD,2019-05-31,9.88,no_action_found,,,,,,,,,,
OMED,2019-04-22,0.89,no_action_found,,,,,,,,,,
OMN,2020-03-31,10.14,no_action_found,,,,,,,,,,
OMOM,2020-02-14,28.2712,no_action_found,,,,,,,,,,
OMP,2022-01-31,23.86,stock_merger,2022-02-01,CEQP,,0.87,,,not_found,,,acquirer close not found in store
ONCE,2019-12-16,113.57,no_action_found,,,,,,,,,,
ONDK,2020-10-12,1.83,stock_and_cash_merger,2020-10-13,ENVA,0.12,0.092,18.54,2020-10-13,exact,1.8256799999999997,-0.002360655737705053,"cash+stock component; stock leg valued at acquirer close (approximation, see limitations)."
ONTL,2018-12-20,24.3641,no_action_found,,,,,,,,,,
OPB,2020-05-29,19.49,stock_merger,2020-06-01,PPBI,,0.9,,,not_found,,,acquirer close not found in store
OPESU,2020-12-09,19.99,no_action_found,,,,,,,,,,
OPHT,2019-04-16,1.39,no_action_found,,,,,,,,,,
OPINI,2021-06-11,25.04,no_action_found,,,,,,,,,,
ORBC,2021-08-31,11.49,cash_merger,2021-09-01,,11.5,,,,,11.5,0.0008703220191470518,
ORBK,2019-02-19,65.77,no_action_found,,,,,,,,,,
ORG,2020-03-12,19.06,no_action_found,,,,,,,,,,
ORIT,2019-11-29,18.6,no_action_found,,,,,,,,,,
ORM,2019-03-28,21.27,no_action_found,,,,,,,,,,
ORPN,2019-03-25,11.5,other_action,2019-03-06,,,,,,,,,non-merger corporate action: reverse_split; no cash/stock value implied by this type [2 corporate-action records found across all types for this symbol; picked the reverse_split record whose date is closest to last_bar]
ORSNR,2020-11-17,0.76,no_action_found,,,,,,,,,,
ORSNU,2020-11-17,10.0,no_action_found,,,,,,,,,,
OSB,2021-01-29,43.13,stock_merger,2021-02-01,WFG,,0.675,66.85,2021-02-01,exact,45.12375,0.04622652446093212,"valued at acquirer close on effective_date read from the price store (approximation, see limitations)"
OSIR,2019-04-16,18.99,no_action_found,,,,,,,,,,
OSIZ,2020-02-14,28.73,no_action_found,,,,,,,,,,
OSN,2021-09-09,5.0499,cash_merger,2021-09-10,,5.1,,,,,5.1,0.009920988534426245,"[2 corporate-action records found across all types for this symbol; picked the cash_merger record whose effective_date is closest to last_bar -- likely a reused ticker or a residual/fractional-share sweep alongside the real deal, see corporate_actions_raw.json.gz]"
OTEL,2021-03-31,11.739,cash_merger,2021-03-31,,11.75,,,,,11.75,0.0009370474486753988,
OTRAU,2022-05-19,9.55,no_action_found,,,,,,,,,,
OVLC,2019-02-20,31.3,no_action_found,,,,,,,,,,
OVLU,2020-02-14,30.09,no_action_found,,,,,,,,,,
OVOL,2020-02-14,27.305,no_action_found,,,,,,,,,,
OXFD,2021-03-05,21.99,cash_merger,2021-03-08,PKI,22.0,,,,,22.0,0.0004547521600728466,
PAACR,2020-06-16,0.29,no_action_found,,,,,,,,,,
PACA,2020-06-25,17.7967,no_action_found,,,,,,,,,,
PACQ,2020-08-21,10.1,no_action_found,,,,,,,,,,
PACQU,2020-08-17,10.7,no_action_found,,,,,,,,,,
PAE,2022-02-14,10.05,cash_merger,2022-02-15,,10.05,,,,,10.05,0.0,
PAF,2019-02-20,53.09,no_action_found,,,,,,,,,,
PAGG,2019-02-15,25.36,no_action_found,,,,,,,,,,
PAND,2021-03-31,60.05,cash_merger,2021-04-01,MRK,60.0,,,,,60.0,-0.0008326394671106518,
PASS,2020-10-16,37.03,other_action,2020-08-28,,,,,,,,,non-merger corporate action: reverse_split; no cash/stock value implied by this type
PBB,2021-02-12,25.26,no_action_found,,,,,,,,,,
PBBI,2020-04-30,15.25,cash_merger,2020-05-01,,15.25,,,,,15.25,0.0,
PBC,2021-12-29,25.06,no_action_found,,,,,,,,,,
PBCT,2022-04-01,19.41,stock_merger,2022-04-04,MTB,,0.118,165.57,2022-04-04,exact,19.53726,0.0065564142194745045,"valued at acquirer close on effective_date read from the price store (approximation, see limitations)"
PBIP,2022-06-30,15.13,stock_and_cash_merger,2022-06-30,FULT,3.65,0.7974,14.45,2022-06-30,exact,15.17243,0.0028043621943159014,"cash+stock component; stock leg valued at acquirer close (approximation, see limitations)."
PBY,2021-06-14,25.0,no_action_found,,,,,,,,,,
PCMI,2019-08-29,35.01,no_action_found,,,,,,,,,,
PCOM,2022-06-30,24.99,cash_merger,2022-06-30,,25.0,,,,,25.0,0.0004001600640257674,
PDEV,2021-11-19,31.06,no_action_found,,,,,,,,,,
PDLI,2020-12-30,2.47,other_action,2023-04-26,,,,,,,,,non-merger corporate action: redemption; no cash/stock value implied by this type [2 corporate-action records found across all types for this symbol; picked the redemption record whose date is closest to last_bar]
PE,2021-01-12,16.93,stock_merger,2021-01-12,PXD,,0.1252,,,not_found,,,acquirer close not found in store
PEGI,2020-03-13,26.74,no_action_found,,,,,,,,,,
PERY,2018-10-19,27.5,no_action_found,,,,,,,,,,
PETX,2019-07-17,4.92,no_action_found,,,,,,,,,,
PF,2018-10-25,66.66,no_action_found,,,,,,,,,,
PFBI,2021-09-17,17.79,stock_merger,2021-09-17,PEBO,,0.58,30.49,2021-09-17,exact,17.684199999999997,-0.005947161326588124,"valued at acquirer close on effective_date read from the price store (approximation, see limitations) [2 corporate-action records found across all types for this symbol; picked the stock_merger record whose effective_date is closest to last_bar -- likely a reused ticker or a residual/fractional-share sweep alongside the real deal, see corporate_actions_raw.json.gz]"
PFNX,2020-09-30,12.75,cash_merger,2020-10-01,LGND,12.0,,,,,12.0,-0.05882352941176472,
PFPT,2021-08-30,175.9,cash_merger,2021-08-31,,176.0,,,,,176.0,0.0005685048322909836,
PGLC,2019-04-03,1.12,no_action_found,,,,,,,,,,
PGNX,2020-06-19,4.1,stock_merger,2020-06-19,LNTH,,0.31,14.83,2020-06-19,exact,4.5973,0.12129268292682926,"valued at acquirer close on effective_date read from the price store (approximation, see limitations)"
PHH,2025-10-27,0.385,other_action,2025-10-28,,,,,,,,,non-merger corporate action: name_change; no cash/stock value implied by this type
PIY,2020-05-13,6.88,no_action_found,,,,,,,,,,
PJH,2020-09-22,25.027,no_action_found,,,,,,,,,,
PKO,2021-12-10,23.77,stock_merger,2021-12-10,PDI,,0.94904,25.13,2021-12-10,exact,23.849375199999997,0.003339301640723491,"valued at acquirer close on effective_date read from the price store (approximation, see limitations)"
PLAN,2022-06-21,63.73,cash_merger,2022-06-22,,63.75,,,,,63.75,0.00031382394476708875,
PLC,2020-12-11,30.125,no_action_found,,,,,,,,,,
PLCY,2020-08-27,25.1636,no_action_found,,,,,,,,,,
PLND,2019-04-05,17.0,no_action_found,,,,,,,,,,
PLTI,2026-06-09,13.97,cash_merger,2026-06-16,,14.0162614,,,,,14.0162614,0.003311481746599787,
PMBC,2021-10-18,9.4,stock_merger,2021-10-18,BANC,,0.5,18.74,2021-10-18,exact,9.37,-0.0031914893617022155,"valued at acquirer close on effective_date read from the price store (approximation, see limitations)"
PMOM,2020-08-14,27.7199,no_action_found,,,,,,,,,,
PMPT,2018-09-28,27.31,no_action_found,,,,,,,,,,
PMR,2020-02-14,41.21,no_action_found,,,,,,,,,,
PNK,2018-10-12,32.55,no_action_found,,,,,,,,,,
PNNTG,2021-11-12,25.08,no_action_found,,,,,,,,,,
PNTR,2019-10-02,15.27,no_action_found,,,,,,,,,,
POLY,2022-08-26,39.82,cash_merger,2022-08-29,,40.0,,,,,40.0,0.0045203415369161615,
POPE,2020-05-07,98.18,stock_merger,2020-05-08,RYN,,3.929,25.18,2020-05-08,exact,98.93222,0.007661641882257042,"valued at acquirer close on effective_date read from the price store (approximation, see limitations) [2 corporate-action records found across all types for this symbol; picked the stock_merger record whose effective_date is closest to last_bar -- likely a reused ticker or a residual/fractional-share sweep alongside the real deal, see corporate_actions_raw.json.gz]"
PPD,2021-12-07,47.28,cash_merger,2021-12-08,TMO,47.5,,,,,47.5,0.004653130287648022,
PPDF,2019-11-27,2.7,other_action,2019-11-29,,,,,,,,,non-merger corporate action: name_change; no cash/stock value implied by this type
PPDM,2020-09-25,21.04,no_action_found,,,,,,,,,,
PPEM,2026-06-09,23.558,cash_merger,2026-06-15,,23.47202,,,,,23.47202,-0.003649715595551384,
PPGHU,2022-04-04,13.055,no_action_found,,,,,,,,,,
PPLN,2020-01-14,15.77,no_action_found,,,,,,,,,,
PPMC,2020-09-25,22.14,no_action_found,,,,,,,,,,
PPSC,2020-09-25,28.42,no_action_found,,,,,,,,,,
PPX,2021-07-16,25.43,no_action_found,,,,,,,,,,
PQLC,2021-10-04,70.723,no_action_found,,,,,,,,,,
PQSG,2021-10-04,72.5283,no_action_found,,,,,,,,,,
PQSV,2021-10-04,66.2468,no_action_found,,,,,,,,,,
PRAH,2021-06-30,165.21,stock_and_cash_merger,2021-07-01,ICLR,80.0,0.4125,215.85,2021-07-01,exact,169.03812499999998,0.02317126687246507,"cash+stock component; stock leg valued at acquirer close (approximation, see limitations)."
PRAN,2019-04-08,2.0597,other_action,2016-03-24,,,,,,,,,non-merger corporate action: reverse_split; no cash/stock value implied by this type
PRB,2019-04-05,24.53,no_action_found,,,,,,,,,,
PRCP,2020-12-18,6.975,cash_merger,2020-12-21,,7.0,,,,,7.0,0.0035842293906811484,
PRGX,2021-03-03,7.71,cash_merger,2021-03-03,,7.71,,,,,7.71,0.0,
PRID,2019-11-13,28.608,no_action_found,,,,,,,,,,
PRNB,2020-09-25,100.05,cash_merger,2020-09-28,SNY,100.0,,,,,100.0,-0.0004997501249375258,
PROS,2021-08-03,12.85,cash_merger,2021-08-04,,12.85,,,,,12.85,0.0,
PRSP,2021-05-06,29.34,cash_merger,2021-05-06,,29.35,,,,,29.35,0.00034083162917530885,
PRSS,2018-11-08,1.47,no_action_found,,,,,,,,,,
PRVL,2021-01-21,23.0,cash_merger,2021-01-22,LLY,22.5,,,,,22.5,-0.021739130434782594,
PSACU,2021-07-21,17.08,no_action_found,,,,,,,,,,
PSAU,2019-02-20,19.69,no_action_found,,,,,,,,,,
PSB,2022-07-19,187.44,cash_merger,2022-07-20,,182.25,,,,,182.25,-0.027688860435339246,
PSDO,2019-12-18,16.6,no_action_found,,,,,,,,,,
PSM,2020-12-11,29.53,no_action_found,,,,,,,,,,
PSTH,2022-07-25,20.14,no_action_found,,,,,,,,,,
PSXP,2022-03-08,42.01,stock_merger,2022-03-09,PSX,,0.5,79.35,2022-03-09,exact,39.675,-0.055582004284694175,"valued at acquirer close on effective_date read from the price store (approximation, see limitations)"
PSY,2022-08-29,5.9,no_action_found,,,,,,,,,,
PTIE,2019-03-27,1.24,other_action,2017-05-10,,,,,,,,,non-merger corporate action: reverse_split; no cash/stock value implied by this type
PTLA,2020-07-01,18.03,cash_merger,2020-07-02,ALXN,18.0,,,,,18.0,-0.0016638935108154174,"[2 corporate-action records found across all types for this symbol; picked the cash_merger record whose effective_date is closest to last_bar -- likely a reused ticker or a residual/fractional-share sweep alongside the real deal, see corporate_actions_raw.json.gz]"
PTVCA,2021-05-28,23.27,cash_merger,2021-06-01,PGR,23.3,,,,,23.3,0.0012892135797164528,
PTVCB,2021-05-28,23.3,cash_merger,2021-06-01,PGR,23.3,,,,,23.3,0.0,
PUW,2019-02-20,25.2,no_action_found,,,,,,,,,,
PVG,2022-03-08,15.05,no_action_found,,,,,,,,,,
PVTL,2019-12-27,15.0,no_action_found,,,,,,,,,,
PXR,2019-02-20,34.66,no_action_found,,,,,,,,,,
PXUS,2023-10-13,21.1,no_action_found,,,,,,,,,,
PZI,2019-02-20,18.38,no_action_found,,,,,,,,,,
QADA,2021-11-04,87.63,cash_merger,2021-11-05,,87.5,,,,,87.5,-0.00148351021339721,
QADB,2021-11-04,87.54,cash_merger,2021-11-05,,87.5,,,,,87.5,-0.0004569339730409183,
QCP,2018-07-26,20.74,no_action_found,,,,,,,,,,
QELLU,2021-09-14,10.03,no_action_found,,,,,,,,,,
QEP,2021-03-16,4.08,stock_merger,2021-03-17,FANG,,0.05,81.41,2021-03-17,exact,4.0705,-0.0023284313725490113,"valued at acquirer close on effective_date read from the price store (approximation, see limitations)"
QES,2020-07-27,0.9278,stock_merger,2020-07-28,,,0.4844,,,no_acquirer_symbol,,,acquirer close not found in store
QGTA,2020-08-05,23.95,no_action_found,,,,,,,,,,
QMJ,2021-09-17,68.445,no_action_found,,,,,,,,,,
QRTAV,2020-09-11,6.0,no_action_found,,,,,,,,,,
QTNA,2019-06-18,24.51,no_action_found,,,,,,,,,,
QTS,2021-08-31,77.98,cash_merger,2021-08-31,,78.0,,,,,78.0,0.0002564760194920801,
QVM,2020-11-09,20.49,no_action_found,,,,,,,,,,
QXMI,2018-11-21,24.3592,no_action_found,,,,,,,,,,
QXTR,2019-05-16,24.9,no_action_found,,,,,,,,,,
RAACU,2021-07-21,9.91,no_action_found,,,,,,,,,,
RALS,2022-05-02,33.1848,no_action_found,,,,,,,,,,
RARX,2020-04-01,47.99,no_action_found,,,,,,,,,,
RAVN,2021-11-29,58.08,cash_merger,2021-11-30,CNHI,58.0,,,,,58.0,-0.0013774104683195176,
RBAC,2022-08-16,10.02,no_action_found,,,,,,,,,,
RBIN,2022-05-25,24.1002,no_action_found,,,,,,,,,,
RBNC,2021-12-31,35.5,stock_merger,2022-01-01,UCBI,,0.9842,,,not_found,,,acquirer close not found in store
RBUS,2022-05-25,38.0149,no_action_found,,,,,,,,,,
RCP,2021-03-25,25.23,no_action_found,,,,,,,,,,
RDBX,2022-08-10,1.65,stock_merger,2022-08-11,CSSE,,0.087,,,not_found,,,acquirer close not found in store
RDC,2019-04-10,10.93,no_action_found,,,,,,,,,,
RDUS,2025-07-10,30.0,cash_merger,2025-07-10,,30.0,,,,,30.0,0.0,
REDV,2020-02-14,22.99,no_action_found,,,,,,,,,,
REGI,2022-06-10,61.5,cash_merger,2022-06-13,CVX,61.5,,,,,61.5,0.0,
REIS,2018-10-12,22.99,no_action_found,,,,,,,,,,
REML,2021-12-23,5.99,no_action_found,,,,,,,,,,
REN,2019-02-28,30.91,other_action,2016-06-08,,,,,,,,,non-merger corporate action: reverse_split; no cash/stock value implied by this type
RENW,2024-12-13,13.2297,no_action_found,,,,,,,,,,
RESI,2023-11-30,9.7032,cash_merger,2021-01-11,,16.25,,,,,16.25,0.6747052518756698,
RESN,2022-03-25,4.48,cash_merger,2022-03-28,,4.5,,,,,4.5,0.004464285714285587,
RFAP,2021-08-25,58.3619,no_action_found,,,,,,,,,,
RFUN,2021-10-21,25.655,no_action_found,,,,,,,,,,
RGLB,2020-02-14,27.31,no_action_found,,,,,,,,,,
RHT,2019-07-08,187.71,no_action_found,,,,,,,,,,
RICOU,2022-06-28,13.26,no_action_found,,,,,,,,,,
RIDV,2020-01-17,24.281,no_action_found,,,,,,,,,,
RILYH,2021-09-03,25.52,no_action_found,,,,,,,,,,
RILYI,2021-10-21,25.63,no_action_found,,,,,,,,,,
RIVE,2021-11-30,15.47,stock_merger,2021-11-30,MPB,,0.4833,31.46,2021-11-30,exact,15.204618,-0.017154621848739504,"valued at acquirer close on effective_date read from the price store (approximation, see limitations)"
RLH,2021-03-17,3.49,cash_merger,2021-03-17,,3.5,,,,,3.5,0.002865329512893977,
RLJE,2018-10-31,6.25,other_action,2016-06-24,,,,,,,,,non-merger corporate action: reverse_split; no cash/stock value implied by this type
RLM,2019-07-30,2.5,no_action_found,,,,,,,,,,
RMGBU,2021-08-23,9.23,no_action_found,,,,,,,,,,
RMGN,2018-09-28,1.29,no_action_found,,,,,,,,,,
RNET,2021-04-30,9.6,stock_merger,2021-04-30,VSAT,,0.1845,51.79,2021-04-30,exact,9.555254999999999,-0.004660937500000073,"valued at acquirer close on effective_date read from the price store (approximation, see limitations)"
ROAN,2019-12-05,1.52,no_action_found,,,,,,,,,,
ROCCU,2021-07-28,9.93,no_action_found,,,,,,,,,,
ROCRU,2022-02-14,10.0,no_action_found,,,,,,,,,,
RORE,2020-08-07,12.25,no_action_found,,,,,,,,,,
ROX,2019-10-08,1.26,no_action_found,,,,,,,,,,
RP,2021-04-21,88.72,cash_merger,2021-04-22,,88.75,,,,,88.75,0.0003381424706943026,
RPAI,2021-10-21,13.15,stock_merger,2021-10-22,KRG,,0.623,21.13,2021-10-22,exact,13.16399,0.0010638783269962815,"valued at acquirer close on effective_date read from the price store (approximation, see limitations)"
RPUT,2020-01-17,20.3,no_action_found,,,,,,,,,,
RRD,2022-02-25,10.84,cash_merger,2022-02-25,,10.85,,,,,10.85,0.0009225092250921829,"[2 corporate-action records found across all types for this symbol; picked the cash_merger record whose effective_date is closest to last_bar -- likely a reused ticker or a residual/fractional-share sweep alongside the real deal, see corporate_actions_raw.json.gz]"
RSLS,2025-08-14,3.92,other_action,2025-08-15,,,,,,,,,non-merger corporate action: name_change; no cash/stock value implied by this type [6 corporate-action records found across all types for this symbol; picked the name_change record whose date is closest to last_bar]
RST,2020-10-14,29.99,cash_merger,2020-10-15,,30.0,,,,,30.0,0.0003334444814939719,
RSVAU,2021-07-14,24.22,no_action_found,,,,,,,,,,
RSYS,2018-12-11,1.72,no_action_found,,,,,,,,,,
RTEC,2019-10-25,28.5,no_action_found,,,,,,,,,,
RTL,2023-09-12,7.61,stock_merger,2023-09-13,GNL,,0.67,10.95,2023-09-13,exact,7.3365,-0.035939553219448084,"valued at acquirer close on effective_date read from the price store (approximation, see limitations)"
RTLR,2022-08-23,15.22,stock_merger,2022-08-24,FANG,,0.113,136.65,2022-08-24,exact,15.441450000000001,0.014549934296977707,"valued at acquirer close on effective_date read from the price store (approximation, see limitations)"
RTN,2020-04-02,116.96,no_action_found,,,,,,,,,,
RTPYU,2021-11-03,10.5,no_action_found,,,,,,,,,,
RUHN,2021-04-19,3.4,cash_merger,2021-04-20,,3.5,,,,,3.5,0.02941176470588247,
RUSL,2022-03-03,2.58,other_action,2017-05-01,,,,,,,,,non-merger corporate action: forward_split; no cash/stock value implied by this type [2 corporate-action records found across all types for this symbol; picked the forward_split record whose date is closest to last_bar]
RUSS,2020-03-27,9.09,other_action,2017-05-01,,,,,,,,,non-merger corporate action: reverse_split; no cash/stock value implied by this type
RVACU,2022-08-26,11.75,no_action_found,,,,,,,,,,
RVEN,2019-11-01,5.12,no_action_found,,,,,,,,,,
RWCD,2020-09-25,75.96,no_action_found,,,,,,,,,,
RWDC,2020-09-25,46.84,no_action_found,,,,,,,,,,
RWDE,2020-09-25,51.63,no_action_found,,,,,,,,,,
RWED,2020-09-25,51.33,no_action_found,,,,,,,,,,
RWGV,2022-09-23,86.0338,no_action_found,,,,,,,,,,
RWIU,2020-08-25,49.4527,no_action_found,,,,,,,,,,
RWLS,2020-09-25,70.62,no_action_found,,,,,,,,,,
RWSL,2020-09-25,45.09,no_action_found,,,,,,,,,,
RWUI,2020-09-25,67.7,no_action_found,,,,,,,,,,
RWVG,2022-09-23,53.0847,no_action_found,,,,,,,,,,
RWW,2020-02-14,71.0,no_action_found,,,,,,,,,,
RXII,2018-11-16,0.3302,other_action,2018-01-08,,,,,,,,,non-merger corporate action: reverse_split; no cash/stock value implied by this type [2 corporate-action records found across all types for this symbol; picked the reverse_split record whose date is closest to last_bar]
RYZZ,2020-05-21,21.3391,no_action_found,,,,,,,,,,
SAF,2021-08-30,25.01,no_action_found,,,,,,,,,,
SAFM,2022-07-21,204.0,cash_merger,2022-07-22,,203.0,,,,,203.0,-0.004901960784313708,
SAGG,2020-03-27,28.68,no_action_found,,,,,,,,,,
SAIIU,2021-08-12,10.16,no_action_found,,,,,,,,,,
SAK,2022-07-13,25.2,no_action_found,,,,,,,,,,
SAMA,2023-10-11,10.58,stock_merger,2020-12-18,CLVR,,1.0,,,not_found,,,acquirer close not found in store
SAMAU,2023-10-11,10.69,no_action_found,,,,,,,,,,
SAQNU,2020-10-14,10.42,other_action,2020-10-15,,,,,,,,,non-merger corporate action: reverse_split; no cash/stock value implied by this type
SAUC,2020-02-25,1.04,no_action_found,,,,,,,,,,
SBBP,2021-10-05,2.0,no_action_found,,,,,,,,,,
SBBX,2020-07-31,18.51,stock_merger,2020-07-31,PFS,,1.357,13.65,2020-07-31,exact,18.52305,0.0007050243111830223,"valued at acquirer close on effective_date read from the price store (approximation, see limitations)"
SBEAU,2022-02-09,12.5,no_action_found,,,,,,,,,,
SBLKZ,2021-07-27,25.39,no_action_found,,,,,,,,,,
SBM,2022-05-02,46.3774,other_action,2022-01-13,,,,,,,,,non-merger corporate action: reverse_split; no cash/stock value implied by this type
SBNA,2020-05-14,24.99,no_action_found,,,,,,,,,,
SC,2022-01-28,41.6,cash_merger,2022-01-31,,41.5,,,,,41.5,-0.0024038461538461453,
SCAC,2019-03-29,10.28,no_action_found,,,,,,,,,,
SCACU,2019-03-21,10.25,no_action_found,,,,,,,,,,
SCG,2018-12-31,47.78,no_action_found,,,,,,,,,,
SCID,2020-08-21,24.57,no_action_found,,,,,,,,,,
SCIJ,2020-08-21,25.0,no_action_found,,,,,,,,,,
SCIN,2019-06-14,13.81,no_action_found,,,,,,,,,,
SCIU,2020-08-21,33.38,no_action_found,,,,,,,,,,
SCIX,2020-08-21,21.1,no_action_found,,,,,,,,,,
SCOM,2020-03-19,31.86,no_action_found,,,,,,,,,,
SCR,2021-10-18,35.58,stock_and_cash_merger,2021-10-19,PENN,17.0,0.2398,81.34,2021-10-19,exact,36.505332,0.026007082630691514,"cash+stock component; stock leg valued at acquirer close (approximation, see limitations)."
SCTO,2019-07-05,22.904,no_action_found,,,,,,,,,,
SDAG,2020-08-05,24.48,no_action_found,,,,,,,,,,
SDI,2020-07-15,15.0,stock_merger,2020-07-16,TPB,,0.52095,29.53,2020-07-16,exact,15.383653500000001,0.025576900000000125,"valued at acquirer close on effective_date read from the price store (approximation, see limitations)"
SDYL,2020-11-20,85.68,no_action_found,,,,,,,,,,
SEND,2019-01-31,54.08,no_action_found,,,,,,,,,,
SFHY,2021-09-24,49.875,no_action_found,,,,,,,,,,
SFLY,2019-09-24,50.97,no_action_found,,,,,,,,,,
SFS,2019-06-19,6.5,no_action_found,,,,,,,,,,
SGAMU,2021-10-22,10.45,no_action_found,,,,,,,,,,
SGB,2020-04-02,18.95,no_action_found,,,,,,,,,,
SHLM,2018-08-20,44.0,no_action_found,,,,,,,,,,
SHOS,2019-10-23,3.4,no_action_found,,,,,,,,,,
SHPG,2019-01-04,179.2,no_action_found,,,,,,,,,,
SHSP,2021-09-01,17.1,cash_merger,2021-09-01,,17.1,,,,,17.1,0.0,
SINA,2021-03-22,43.26,cash_merger,2021-03-22,,43.3,,,,,43.3,0.000924641701340656,
SINV,2022-07-15,1.085,no_action_found,,,,,,,,,,
SIR,2018-12-31,7.36,other_action,2018-12-28,,,,,,,,,non-merger corporate action: reverse_split; no cash/stock value implied by this type
SIZ,2019-12-10,17.351,no_action_found,,,,,,,,,,
SJIU,2021-04-14,41.09,no_action_found,,,,,,,,,,
SKIS,2019-09-24,11.0,no_action_found,,,,,,,,,,
SKYS,2020-10-08,7.17,cash_merger,2020-10-09,,6.0,,,,,6.0,-0.16317991631799167,"[2 corporate-action records found across all types for this symbol; picked the cash_merger record whose effective_date is closest to last_bar -- likely a reused ticker or a residual/fractional-share sweep alongside the real deal, see corporate_actions_raw.json.gz]"
SLCT,2021-10-15,18.88,stock_merger,2021-10-15,FBNC,,0.408,45.88,2021-10-15,exact,18.71904,-0.008525423728813486,"valued at acquirer close on effective_date read from the price store (approximation, see limitations)"
SLGCW,2024-01-05,0.086,no_action_found,,,,,,,,,,
SLIM,2020-03-12,33.17,no_action_found,,,,,,,,,,
SLT,2022-02-24,39.22,no_action_found,,,,,,,,,,
SMED,2022-08-22,8.75,cash_merger,2022-08-23,,8.75,,,,,8.75,0.0,
SMEZ,2021-03-17,75.05,no_action_found,,,,,,,,,,
SMM,2022-09-08,8.95,no_action_found,,,,,,,,,,
SMMCU,2021-01-12,19.69,no_action_found,,,,,,,,,,
SMTA,2019-12-31,0.7676,no_action_found,,,,,,,,,,
SMTX,2021-04-01,6.04,cash_merger,2021-04-05,,6.044,,,,,6.044,0.0006622516556291647,
SNH,2019-12-31,8.44,other_action,2020-01-02,,,,,,,,,non-merger corporate action: name_change; no cash/stock value implied by this type
SNMX,2018-11-01,1.49,no_action_found,,,,,,,,,,
SNR,2021-09-20,8.82,stock_merger,2021-09-21,VTR,,0.1561,56.36,2021-09-21,exact,8.797796,-0.0025174603174603627,"valued at acquirer close on effective_date read from the price store (approximation, see limitations) [2 corporate-action records found across all types for this symbol; picked the stock_merger record whose effective_date is closest to last_bar -- likely a reused ticker or a residual/fractional-share sweep alongside the real deal, see corporate_actions_raw.json.gz]"
SOGO,2021-09-23,8.95,cash_merger,2021-09-23,TCEHY,9.0,,,,,9.0,0.005586592178770999,
SOIL,2020-08-21,8.1989,no_action_found,,,,,,,,,,
SOJA,2020-10-19,25.02,no_action_found,,,,,,,,,,
SOJB,2021-10-15,25.04,no_action_found,,,,,,,,,,
SOLN,2022-07-29,56.16,no_action_found,,,,,,,,,,
SOLY,2021-12-15,22.58,cash_merger,2021-12-16,ABBV,22.6,,,,,22.6,0.0008857395925598865,
SORL,2020-05-14,4.71,cash_merger,2020-05-15,,4.72,,,,,4.72,0.002123142250530785,
SPA,2019-03-04,18.51,no_action_found,,,,,,,,,,
SPAK,2022-08-29,14.63,no_action_found,,,,,,,,,,
SPLX,2018-06-22,57.63,no_action_found,,,,,,,,,,
SPQQ,2022-03-08,28.04,no_action_found,,,,,,,,,,
SPRT,2021-09-14,11.8,stock_merger,2021-09-14,,,0.115,,,no_acquirer_symbol,,,"acquirer close not found in store [2 corporate-action records found across all types for this symbol; picked the stock_merger record whose effective_date is closest to last_bar -- likely a reused ticker or a residual/fractional-share sweep alongside the real deal, see corporate_actions_raw.json.gz]"
SPWRV,2020-08-26,10.76,no_action_found,,,,,,,,,,
SPXZ,2022-08-17,11.005,no_action_found,,,,,,,,,,
SPYB,2025-02-21,28.205,cash_merger,2025-03-04,,28.1992,,,,,28.1992,-0.00020563729835121336,
SRACU,2021-08-12,12.2,no_action_found,,,,,,,,,,
SRCI,2020-01-14,4.0,no_action_found,,,,,,,,,,
SREV,2022-07-20,1.5,cash_merger,2022-07-20,CNXC,1.5,,,,,1.5,0.0,
SRF,2020-05-29,4.12,stock_merger,2020-05-29,SRV,,0.80779,5.08,2020-05-29,exact,4.1035732000000005,-0.00398708737864073,"valued at acquirer close on effective_date read from the price store (approximation, see limitations)"
SRNGU,2021-09-16,11.97,no_action_found,,,,,,,,,,
SRRA,2022-06-30,54.99,cash_merger,2022-07-01,GSK,55.0,,,,,55.0,0.00018185124568104172,"[2 corporate-action records found across all types for this symbol; picked the cash_merger record whose effective_date is closest to last_bar -- likely a reused ticker or a residual/fractional-share sweep alongside the real deal, see corporate_actions_raw.json.gz]"
SSFN,2019-10-31,15.75,no_action_found,,,,,,,,,,
SSPKU,2021-06-11,22.99,no_action_found,,,,,,,,,,
STAY,2021-06-15,20.46,cash_merger,2021-06-16,,18.75,,,,,18.75,-0.08357771260997071,
STBL,2022-08-29,19.425,no_action_found,,,,,,,,,,
STBZ,2018-12-31,21.59,no_action_found,,,,,,,,,,
STDY,2018-08-29,4.725,no_action_found,,,,,,,,,,
STFC,2022-02-28,52.01,cash_merger,2022-03-01,,52.0,,,,,52.0,-0.0001922707171697624,
STL,2022-01-31,26.29,stock_merger,2022-01-31,WBS,,0.463,,,not_found,,,acquirer close not found in store
STLC,2021-08-23,42.3449,no_action_found,,,,,,,,,,
STMB,2021-08-23,44.87,no_action_found,,,,,,,,,,
STML,2020-06-09,11.83,cash_merger,2020-06-10,,11.5,,,,,11.5,-0.02789518174133554,
STMP,2021-10-04,329.61,cash_merger,2021-10-05,,330.0,,,,,330.0,0.001183216528624742,
STND,2021-05-28,33.0,cash_merger,2021-05-28,,33.0,,,,,33.0,0.0,
STNL,2019-11-07,10.31,no_action_found,,,,,,,,,,
STNLU,2019-11-06,10.297,no_action_found,,,,,,,,,,
STPP,2020-07-16,24.9,no_action_found,,,,,,,,,,
STSB,2025-04-04,21.66,no_action_found,,,,,,,,,,
STWOU,2021-10-08,8.48,no_action_found,,,,,,,,,,
STXB,2022-04-08,25.55,stock_merger,2022-04-08,SFNC,,1.00167,25.44,2022-04-08,exact,25.4824848,-0.0026424735812132782,"valued at acquirer close on effective_date read from the price store (approximation, see limitations)"
SUBZ,2022-04-06,7.4295,no_action_found,,,,,,,,,,
SUMR,2022-06-21,11.99,cash_merger,2022-06-22,,12.0,,,,,12.0,0.0008340283569641116,"[2 corporate-action records found across all types for this symbol; picked the cash_merger record whose effective_date is closest to last_bar -- likely a reused ticker or a residual/fractional-share sweep alongside the real deal, see corporate_actions_raw.json.gz]"
SUNY,2022-02-08,9.555,no_action_found,,,,,,,,,,
SVA,2025-03-21,6.47,no_action_found,,,,,,,,,,
SVACU,2026-07-10,10.0,no_action_found,,,,,,,,,,
SVBI,2021-10-29,13.63,stock_and_cash_merger,2021-11-01,SHBI,1.59,0.6207,18.91,2021-11-01,exact,13.327437,-0.022198312545854804,"cash+stock component; stock leg valued at acquirer close (approximation, see limitations)."
SVOKU,2021-12-08,9.42,no_action_found,,,,,,,,,,
SVSVU,2022-05-02,11.15,no_action_found,,,,,,,,,,
SVU,2018-10-19,32.49,other_action,2017-08-02,,,,,,,,,non-merger corporate action: reverse_split; no cash/stock value implied by this type
SWAGU,2022-08-25,9.5,no_action_found,,,,,,,,,,
SWBIV,2020-08-24,15.25,no_action_found,,,,,,,,,,
SWIN,2025-10-09,3.28,other_action,2025-10-10,,,,,,,,,non-merger corporate action: name_change; no cash/stock value implied by this type
SXCP,2019-06-27,12.41,no_action_found,,,,,,,,,,
SYE,2021-03-17,104.35,no_action_found,,,,,,,,,,
SYG,2021-03-17,119.46,no_action_found,,,,,,,,,,
SYKE,2021-08-26,54.0,cash_merger,2021-08-27,,54.0,,,,,54.0,0.0,
SYNC,2021-03-31,2.19,cash_merger,2021-04-01,,2.2,,,,,2.2,0.004566210045662267,
SYNT,2018-10-09,40.99,no_action_found,,,,,,,,,,
SYV,2021-03-17,78.46,no_action_found,,,,,,,,,,
TACA,2022-06-09,10.095,no_action_found,,,,,,,,,,
TACE,2021-09-22,25.59,no_action_found,,,,,,,,,,
TADS,2022-01-07,0.3887,no_action_found,,,,,,,,,,
TAEQ,2021-09-22,26.9721,no_action_found,,,,,,,,,,
TAHO,2019-02-21,3.64,no_action_found,,,,,,,,,,
TAO,2020-02-14,25.93,no_action_found,,,,,,,,,,
TAT,2020-12-17,0.246,cash_merger,2020-12-18,,0.13,,,,,0.13,-0.4715447154471545,
TAWK,2020-10-16,42.55,no_action_found,,,,,,,,,,
TBCPU,2023-12-11,10.24,no_action_found,,,,,,,,,,
TBLTU,2019-11-21,0.91,no_action_found,,,,,,,,,,
TBND,2020-11-12,23.45,no_action_found,,,,,,,,,,
TBRGU,2019-07-11,16.931,no_action_found,,,,,,,,,,
TCAC,2022-06-14,8.55,stock_merger,2022-06-14,,,2.0,,,no_acquirer_symbol,,,acquirer close not found in store
TCACU,2022-06-14,8.7,no_action_found,,,,,,,,,,
TCBIL,2021-06-21,25.02,no_action_found,,,,,,,,,,
TCBIP,2021-06-14,25.005,no_action_found,,,,,,,,,,
TCF,2021-06-08,45.18,stock_merger,2021-06-09,HBAN,,3.0028,14.99,2021-06-09,exact,45.011972,-0.003719079238601153,"valued at acquirer close on effective_date read from the price store (approximation, see limitations)"
TCHF,2018-08-15,42.73,no_action_found,,,,,,,,,,
TCLD,2019-12-26,28.147,no_action_found,,,,,,,,,,
TCO,2020-12-28,42.99,cash_merger,2020-12-29,SPG,43.0,,,,,43.0,0.0002326122354034954,
TCP,2021-03-02,30.21,stock_merger,2021-03-03,TRP,,0.7,44.04,2021-03-03,exact,30.827999999999996,0.020456802383316708,"valued at acquirer close on effective_date read from the price store (approximation, see limitations)"
TCTL,2022-09-06,29.765,no_action_found,,,,,,,,,,
TDA,2021-10-13,25.16,no_action_found,,,,,,,,,,
TDE,2021-05-11,25.4,no_action_found,,,,,,,,,,
TDJ,2021-05-11,25.26,no_action_found,,,,,,,,,,
TECD,2020-06-29,144.9,cash_merger,2020-06-30,APO,145.0,,,,,145.0,0.0006901311249136732,
TEGS,2022-01-07,7.26,no_action_found,,,,,,,,,,
TENG,2022-09-23,14.25,no_action_found,,,,,,,,,,
TERM,2021-10-15,22.1546,no_action_found,,,,,,,,,,
TERP,2020-07-30,19.35,stock_merger,2020-07-31,BEP,,0.47625,43.09,2020-07-31,exact,20.521612500000003,0.06054844961240313,"valued at acquirer close on effective_date read from the price store (approximation, see limitations)"
TETF,2019-06-18,18.3,no_action_found,,,,,,,,,,
TFCF,2019-03-19,49.61,no_action_found,,,,,,,,,,
TFCFA,2019-03-19,49.69,no_action_found,,,,,,,,,,
TFIV,2021-10-15,23.645,no_action_found,,,,,,,,,,
TFLT,2021-10-15,23.265,no_action_found,,,,,,,,,,
TGP,2022-01-12,16.98,cash_merger,2022-01-13,,17.0,,,,,17.0,0.0011778563015312216,
THBRU,2021-06-10,11.75,no_action_found,,,,,,,,,,
THCBU,2021-07-23,12.53,no_action_found,,,,,,,,,,
THGA,2020-09-18,25.36,no_action_found,,,,,,,,,,
THMAU,2021-11-30,9.9,no_action_found,,,,,,,,,,
TIBRU,2020-02-27,11.73,no_action_found,,,,,,,,,,
TIF,2021-01-06,131.46,cash_merger,2021-01-07,LVMUY,131.5,,,,,131.5,0.00030427506465846577,
TIG,2023-04-20,6.16,cash_merger,2023-04-24,,6.15,,,,,6.15,-0.0016233766233766378,
TIGOR,2022-06-08,4.9,no_action_found,,,,,,,,,,
TISA,2019-05-03,0.854,no_action_found,,,,,,,,,,
TIVO,2020-05-29,6.09,no_action_found,,,,,,,,,,
TKKS,2020-02-18,6.9,other_action,2020-02-25,,,,,,,,,non-merger corporate action: name_change; no cash/stock value implied by this type
TKKSU,2020-02-18,9.45,no_action_found,,,,,,,,,,
TLC,2021-09-28,7.0,no_action_found,,,,,,,,,,
TLDH,2021-01-15,27.7401,no_action_found,,,,,,,,,,
TLEH,2021-01-07,33.2301,no_action_found,,,,,,,,,,
TLI,2020-11-20,9.19,no_action_found,,,,,,,,,,
TLMD,2022-04-05,3.0,cash_merger,2022-04-06,,3.0,,,,,3.0,0.0,
TLND,2021-07-29,65.97,cash_merger,2021-07-29,,66.0,,,,,66.0,0.0004547521600728466,
TLP,2019-02-26,40.99,no_action_found,,,,,,,,,,
TLRA,2020-03-31,6.0,no_action_found,,,,,,,,,,
TMCX,2019-11-14,11.0,no_action_found,,,,,,,,,,
TMUSR,2020-07-27,0.121,no_action_found,,,,,,,,,,
TNAV,2021-02-16,4.79,cash_merger,2021-02-17,,4.8,,,,,4.8,0.0020876826722338038,
TOO,2020-01-22,1.545,no_action_found,,,,,,,,,,
TOTAR,2020-12-30,1.07,stock_merger,2020-12-30,,,0.1,,,no_acquirer_symbol,,,acquirer close not found in store
TOTAU,2020-12-29,20.0,no_action_found,,,,,,,,,,
TOWR,2019-09-27,31.0,no_action_found,,,,,,,,,,
TPCO,2021-05-24,17.26,cash_merger,2021-05-24,,17.25,,,,,17.25,-0.0005793742757822518,
TPIV,2018-10-17,8.34,no_action_found,,,,,,,,,,
TPTX,2022-08-16,76.01,cash_merger,2022-08-17,,76.0,,,,,76.0,-0.0001315616366268646,
TPVY,2021-04-01,25.3,no_action_found,,,,,,,,,,
TRCB,2019-12-31,22.4,no_action_found,,,,,,,,,,
TRCO,2019-09-18,46.66,no_action_found,,,,,,,,,,
TRDF,2022-06-22,22.6,no_action_found,,,,,,,,,,
TREC,2022-06-24,9.81,cash_merger,2022-06-27,,9.81,,,,,9.81,0.0,
TRIL,2026-01-26,19.863,cash_merger,2026-02-02,,19.85888046,,,,,19.85888046,-0.00020739767406730003,"[2 corporate-action records found across all types for this symbol; picked the cash_merger record whose effective_date is closest to last_bar -- likely a reused ticker or a residual/fractional-share sweep alongside the real deal, see corporate_actions_raw.json.gz]"
TRK,2019-09-17,19.78,no_action_found,,,,,,,,,,
TRMT,2021-09-30,5.22,stock_merger,2021-09-30,RMRM,,0.516,,,not_found,,,acquirer close not found in store
TRYP,2022-07-22,3.65,no_action_found,,,,,,,,,,
TSC,2022-05-31,30.58,stock_and_cash_merger,2022-06-01,RJF,6.0,0.25,97.74,2022-06-01,exact,30.435,-0.004741661216481341,"cash+stock component; stock leg valued at acquirer close (approximation, see limitations)."
TSG,2020-05-04,27.31,stock_merger,2020-05-05,PDYPF,,0.2253,,,not_found,,,acquirer close not found in store
TSIAU,2021-06-04,11.99,no_action_found,,,,,,,,,,
TSRO,2019-01-18,74.96,no_action_found,,,,,,,,,,
TSS,2019-09-17,133.27,no_action_found,,,,,,,,,,
TST,2019-08-07,6.44,no_action_found,,,,,,,,,,
TSU,2020-10-12,12.28,other_action,2020-10-14,,,,,,,,,non-merger corporate action: name_change; no cash/stock value implied by this type [2 corporate-action records found across all types for this symbol; picked the name_change record whose date is closest to last_bar]
TTPH,2020-07-28,2.2,cash_merger,2020-07-28,LJPC,2.0,,,,,2.0,-0.09090909090909094,"[3 corporate-action records found across all types for this symbol; picked the cash_merger record whose effective_date is closest to last_bar -- likely a reused ticker or a residual/fractional-share sweep alongside the real deal, see corporate_actions_raw.json.gz]"
TTTN,2020-11-18,43.6957,no_action_found,,,,,,,,,,
TUFN,2022-08-24,12.94,cash_merger,2022-08-25,,13.0,,,,,13.0,0.004636785162287493,
TUGCU,2022-04-28,10.25,no_action_found,,,,,,,,,,
TUZ,2019-12-11,50.79,no_action_found,,,,,,,,,,
TVIZ,2018-08-14,8.15,other_action,2017-03-16,,,,,,,,,non-merger corporate action: reverse_split; no cash/stock value implied by this type
TVPT,2019-05-30,15.75,no_action_found,,,,,,,,,,
TVTY,2022-06-27,32.5,cash_merger,2022-06-28,,32.5,,,,,32.5,0.0,
TWAR,2019-11-20,28.4032,no_action_found,,,,,,,,,,
TWCTU,2021-08-30,9.61,no_action_found,,,,,,,,,,
TYBS,2020-09-25,13.86,no_action_found,,,,,,,,,,
TYME,2022-09-16,0.3107,stock_merger,2022-09-16,,,0.04382,,,no_acquirer_symbol,,,acquirer close not found in store
TYNS,2019-10-11,26.2048,no_action_found,,,,,,,,,,
TYPE,2019-10-10,19.84,no_action_found,,,,,,,,,,
TZACU,2020-12-14,11.5,no_action_found,,,,,,,,,,
UAG,2020-12-09,17.39,no_action_found,,,,,,,,,,
UAUD,2020-10-30,15.18,no_action_found,,,,,,,,,,
UBC,2018-06-25,18.15,no_action_found,,,,,,,,,,
UBG,2020-12-09,46.06,no_action_found,,,,,,,,,,
UBIO,2020-03-27,17.61,no_action_found,,,,,,,,,,
UBM,2018-06-22,17.54,no_action_found,,,,,,,,,,
UBN,2018-06-25,8.96,no_action_found,,,,,,,,,,
UBNK,2019-10-31,14.12,no_action_found,,,,,,,,,,
UCBA,2018-09-14,27.85,no_action_found,,,,,,,,,,
UCFC,2020-01-31,10.93,no_action_found,,,,,,,,,,
UCHF,2020-10-30,23.65,no_action_found,,,,,,,,,,
UCI,2020-12-09,14.53,no_action_found,,,,,,,,,,
UCOM,2020-03-27,26.965,no_action_found,,,,,,,,,,
UDBI,2019-03-13,30.4418,no_action_found,,,,,,,,,,
UEUR,2020-10-30,17.5799,no_action_found,,,,,,,,,,
UFS,2021-11-29,55.49,cash_merger,2021-11-30,,55.5,,,,,55.5,0.00018021265092804661,
UGBP,2020-10-30,16.75,no_action_found,,,,,,,,,,
UGCE,2022-07-22,21.9496,no_action_found,,,,,,,,,,
UHN,2018-09-06,20.6,no_action_found,,,,,,,,,,
UJPY,2020-10-29,25.23,no_action_found,,,,,,,,,,
ULBR,2020-04-01,7.91,no_action_found,,,,,,,,,,
UQM,2019-07-31,1.71,no_action_found,,,,,,,,,,
UROV,2021-03-26,16.24,cash_merger,2021-03-28,,16.25,,,,,16.25,0.0006157635467980427,
URR,2020-04-28,14.01,no_action_found,,,,,,,,,,
USAG,2018-09-06,15.53,no_action_found,,,,,,,,,,
USAK,2022-09-14,31.71,cash_merger,2022-09-15,,31.72,,,,,31.72,0.000315357931251814,
USCR,2021-08-25,73.99,cash_merger,2021-08-26,VMC,74.0,,,,,74.0,0.0001351533991080789,
USDY,2020-10-23,24.89,no_action_found,,,,,,,,,,
USHG,2021-03-12,31.51,no_action_found,,,,,,,,,,
USOD,2019-12-12,6.15,other_action,2019-10-04,,,,,,,,,non-merger corporate action: reverse_split; no cash/stock value implied by this type
USOU,2019-12-12,23.27,no_action_found,,,,,,,,,,
USV,2020-12-09,30.5,no_action_found,,,,,,,,,,
UTLF,2018-08-08,26.79,no_action_found,,,,,,,,,,
UWN,2019-06-14,2.54,no_action_found,,,,,,,,,,
UWT,2020-04-02,0.1636,no_action_found,,,,,,,,,,
UZA,2021-08-31,25.35,no_action_found,,,,,,,,,,
UZB,2021-05-11,25.34,no_action_found,,,,,,,,,,
UZC,2021-06-15,25.06,no_action_found,,,,,,,,,,
VACQU,2021-08-24,12.6501,no_action_found,,,,,,,,,,
VALX,2020-05-13,18.32,no_action_found,,,,,,,,,,
VAM,2020-06-05,11.035,stock_merger,2020-06-05,FINS,,0.64701,17.09,2020-06-05,exact,11.0574009,0.0020299864068871187,"valued at acquirer close on effective_date read from the price store (approximation, see limitations)"
VAR,2021-04-14,177.07,cash_merger,2021-04-15,SMMNY,177.5,,,,,177.5,0.0024284181397187243,
VCF,2022-02-11,13.815,stock_merger,2022-02-11,VFL,,1.0328,,,not_found,,,acquirer close not found in store
VCRA,2022-02-22,79.13,cash_merger,2022-02-23,,79.25,,,,,79.25,0.0015164918488563828,
VCVCU,2021-07-22,11.1451,no_action_found,,,,,,,,,,
VEACU,2019-04-15,10.19,no_action_found,,,,,,,,,,
VEDL,2021-11-08,16.5,no_action_found,,,,,,,,,,
VEI,2021-11-01,17.58,stock_and_cash_merger,2021-11-01,CHK,1.2,0.2486,,,not_found,,,"cash+stock component; stock leg valued at acquirer close (approximation, see limitations)."
VER,2021-10-29,50.3,stock_merger,2021-11-01,O,,0.705,70.86,2021-11-01,exact,49.9563,-0.006833001988071574,"valued at acquirer close on effective_date read from the price store (approximation, see limitations) [2 corporate-action records found across all types for this symbol; picked the stock_merger record whose effective_date is closest to last_bar -- likely a reused ticker or a residual/fractional-share sweep alongside the real deal, see corporate_actions_raw.json.gz]"
VESH,2018-11-27,22.47,no_action_found,,,,,,,,,,
VETS,2021-07-27,38.62,no_action_found,,,,,,,,,,
VFIN,2022-06-24,3.6476,no_action_found,,,,,,,,,,
VIAB,2019-12-04,24.22,no_action_found,,,,,,,,,,
VICL,2019-08-30,0.676,other_action,2019-09-03,,,,,,,,,non-merger corporate action: reverse_split; no cash/stock value implied by this type [2 corporate-action records found across all types for this symbol; picked the reverse_split record whose date is closest to last_bar]
VIDG,2019-12-26,24.69,no_action_found,,,,,,,,,,
VIE,2021-03-12,53.01,cash_merger,2021-03-15,HZNP,53.0,,,,,53.0,-0.00018864365214110723,
VIHAU,2021-10-14,10.51,no_action_found,,,,,,,,,,
VIIZ,2018-08-13,61.92,other_action,2018-06-08,,,,,,,,,non-merger corporate action: reverse_split; no cash/stock value implied by this type
VINCU,2021-03-25,27.0,no_action_found,,,,,,,,,,
VLP,2019-01-09,42.24,no_action_found,,,,,,,,,,
VMACU,2022-02-03,10.69,no_action_found,,,,,,,,,,
VMIN,2018-11-26,2.775,no_action_found,,,,,,,,,,
VMM,2022-02-11,13.34,stock_merger,2022-02-11,VFL,,0.9937,,,not_found,,,acquirer close not found in store
VNE,2022-03-31,36.95,cash_merger,2022-04-01,,37.0,,,,,37.0,0.0013531799729362692,
VOSOU,2021-11-18,15.61,no_action_found,,,,,,,,,,
VPOP,2022-06-24,5.3348,no_action_found,,,,,,,,,,
VQT,2020-08-31,198.01,no_action_found,,,,,,,,,,
VRS,2022-03-30,26.99,cash_merger,2022-03-31,,27.0,,,,,27.0,0.0003705075954056891,
VRTU,2021-02-10,51.325,cash_merger,2021-02-11,,51.35,,,,,51.35,0.00048709206039943,
VSI,2019-12-16,6.5,no_action_found,,,,,,,,,,
VSL,2022-07-28,35.46,no_action_found,,,,,,,,,,
VSLR,2020-10-07,43.08,stock_merger,2020-10-08,RUN,,0.55,70.54,2020-10-08,exact,38.797000000000004,-0.09941968430826353,"valued at acquirer close on effective_date read from the price store (approximation, see limitations)"
VSM,2019-10-04,52.99,no_action_found,,,,,,,,,,
VSPRU,2021-05-05,14.0,no_action_found,,,,,,,,,,
VTA,2021-10-28,11.45,no_action_found,,,,,,,,,,
VTAQR,2022-09-21,0.2499,no_action_found,,,,,,,,,,
VTAQU,2022-09-21,5.73,no_action_found,,,,,,,,,,
VTIQU,2022-12-09,10.0599,no_action_found,,,,,,,,,,
VTRN,2021-10-11,30.5619,no_action_found,,,,,,,,,,
VVC,2019-01-31,72.38,no_action_found,,,,,,,,,,
VWTR,2022-05-24,15.75,cash_merger,2022-05-25,,15.75,,,,,15.75,0.0,
WAAS,2020-03-27,27.03,no_action_found,,,,,,,,,,
WAGE,2019-08-29,51.34,no_action_found,,,,,,,,,,
WAIR,2020-01-08,11.04,no_action_found,,,,,,,,,,
WALA,2021-11-15,25.37,no_action_found,,,,,,,,,,
WALDU,2022-07-27,9.065,no_action_found,,,,,,,,,,
WARR,2022-09-02,10.01,no_action_found,,,,,,,,,,
WBAL,2020-01-17,25.9062,no_action_found,,,,,,,,,,
WBC,2020-05-28,136.46,cash_merger,2020-05-29,,136.5,,,,,136.5,0.00029312619082499936,
WBIA,2019-10-25,22.0759,no_action_found,,,,,,,,,,
WBIB,2019-10-25,22.03,no_action_found,,,,,,,,,,
WBIC,2019-10-25,18.2,no_action_found,,,,,,,,,,
WBID,2019-10-25,19.6764,no_action_found,,,,,,,,,,
WBIE,2021-05-14,30.959,no_action_found,,,,,,,,,,
WBIH,2019-06-06,21.5555,no_action_found,,,,,,,,,,
WBIN,2021-05-14,17.25,no_action_found,,,,,,,,,,
WBIR,2019-06-07,22.761,no_action_found,,,,,,,,,,
WBK,2022-01-28,14.2,no_action_found,,,,,,,,,,
WBT,2022-07-28,24.01,cash_merger,2022-07-28,,24.0,,,,,24.0,-0.0004164931278634043,
WCG,2020-01-23,349.92,no_action_found,,,,,,,,,,
WCHN,2020-05-27,27.7701,no_action_found,,,,,,,,,,
WDR,2021-04-30,24.98,cash_merger,2021-04-30,,25.0,,,,,25.0,0.0008006405124099114,
WDRW,2020-03-27,40.76,other_action,2017-05-01,,,,,,,,,non-merger corporate action: reverse_split; no cash/stock value implied by this type
WEB,2018-10-10,27.99,no_action_found,,,,,,,,,,
WEBK,2020-05-29,34.0,stock_merger,2020-06-01,CATC,,0.58,,,not_found,,,acquirer close not found in store
WGLD,2022-08-22,16.097,no_action_found,,,,,,,,,,
WHFBZ,2021-12-16,25.06,no_action_found,,,,,,,,,,
WIFI,2021-06-01,13.99,cash_merger,2021-06-02,,14.0,,,,,14.0,0.0007147962830593713,
WLH,2020-02-05,24.37,no_action_found,,,,,,,,,,
WLL,2022-06-30,68.03,stock_and_cash_merger,2022-07-01,OAS,6.25,0.5774,,,not_found,,,"cash+stock component; stock leg valued at acquirer close (approximation, see limitations). [2 corporate-action records found across all types for this symbol; picked the stock_and_cash_merger record whose effective_date is closest to last_bar -- likely a reused ticker or a residual/fractional-share sweep alongside the real deal, see corporate_actions_raw.json.gz]"
WMCR,2019-02-20,32.75,no_action_found,,,,,,,,,,
WMGI,2020-11-10,29.98,cash_merger,2020-11-11,SYK,30.75,,,,,30.75,0.025683789192795237,
WORK,2021-07-20,45.2,stock_and_cash_merger,2021-07-21,CRM,26.79,0.0776,242.11,2021-07-21,exact,45.577736,0.008356991150442417,"cash+stock component; stock leg valued at acquirer close (approximation, see limitations)."
WP,2019-07-30,135.0,no_action_found,,,,,,,,,,
WPX,2021-01-06,9.43,stock_merger,2021-01-07,DVN,,0.5165,18.57,2021-01-07,exact,9.591405,0.017116118769883393,"valued at acquirer close on effective_date read from the price store (approximation, see limitations)"
WREI,2019-02-20,48.72,no_action_found,,,,,,,,,,
WRI,2021-08-03,31.44,stock_and_cash_merger,2021-08-03,KIM,2.2,1.408,20.78,2021-08-03,exact,31.45824,0.0005801526717557071,"cash+stock component; stock leg valued at acquirer close (approximation, see limitations)."
WRLSR,2020-04-07,0.2188,no_action_found,,,,,,,,,,
WRLSU,2020-04-07,3.7814,no_action_found,,,,,,,,,,
WSCI,2018-11-07,6.99,no_action_found,,,,,,,,,,
WSG,2021-01-29,2.495,no_action_found,,,,,,,,,,
WTREP,2021-07-12,25.09,no_action_found,,,,,,,,,,
WTRU,2022-04-29,53.31,no_action_found,,,,,,,,,,
WUBA,2020-09-17,55.88,cash_merger,2020-09-17,,56.0,,,,,56.0,0.0021474588403722628,
WWOW,2022-09-23,18.1701,no_action_found,,,,,,,,,,
WYDE,2019-08-02,31.18,no_action_found,,,,,,,,,,
XCRA,2018-09-28,14.27,no_action_found,,,,,,,,,,
XEC,2021-09-30,87.2,stock_merger,2021-10-01,COG,,4.0146,,,not_found,,,acquirer close not found in store
XENT,2022-05-12,28.24,cash_merger,2022-05-13,MDT,28.25,,,,,28.25,0.0003541076487252326,
XGTI,2019-03-04,0.45,other_action,2016-12-16,,,,,,,,,non-merger corporate action: reverse_split; no cash/stock value implied by this type [2 corporate-action records found across all types for this symbol; picked the reverse_split record whose date is closest to last_bar]
XINA,2019-05-29,19.865,no_action_found,,,,,,,,,,
XIVH,2018-06-25,15.28,no_action_found,,,,,,,,,,
XL,2022-11-11,1.14,other_action,2022-11-14,,,,,,,,,non-merger corporate action: name_change; no cash/stock value implied by this type
XLEY,2019-11-22,22.61,no_action_found,,,,,,,,,,
XLNX,2022-02-11,194.92,stock_merger,2022-02-14,AMD,,1.7234,114.27,2022-02-14,exact,196.932918,0.010326893084342315,"valued at acquirer close on effective_date read from the price store (approximation, see limitations)"
XLRN,2021-11-19,178.75,cash_merger,2021-11-22,,180.0,,,,,180.0,0.006993006993007089,
XLTY,2019-10-21,24.33,no_action_found,,,,,,,,,,
XLUY,2019-11-22,25.98,no_action_found,,,,,,,,,,
XMX,2019-10-21,30.2,no_action_found,,,,,,,,,,
XOG,2021-11-01,68.54,stock_merger,2021-11-01,BCEI,,1.18833,,,not_found,,,acquirer close not found in store
XON,2020-01-31,4.65,other_action,2020-02-03,,,,,,,,,non-merger corporate action: name_change; no cash/stock value implied by this type
XOXO,2018-12-20,34.99,no_action_found,,,,,,,,,,
XPDIU,2022-01-19,10.57,no_action_found,,,,,,,,,,
XPLR,2018-08-13,5.99,no_action_found,,,,,,,,,,
XPOA,2022-08-05,8.66,stock_merger,2022-08-05,QBTS,,1.45413,8.66,2022-08-05,exact,12.592765799999999,0.4541299999999999,"valued at acquirer close on effective_date read from the price store (approximation, see limitations)"
XRM,2018-10-16,13.49,no_action_found,,,,,,,,,,
XTH,2020-05-29,70.66,no_action_found,,,,,,,,,,
XUSA,2019-05-15,29.13,no_action_found,,,,,,,,,,
XVZ,2021-08-17,38.385,no_action_found,,,,,,,,,,
YAO,2019-02-20,31.37,no_action_found,,,,,,,,,,
YCOM,2020-09-29,15.7245,no_action_found,,,,,,,,,,
YESR,2018-10-04,23.8,no_action_found,,,,,,,,,,
YGRN,2020-12-04,40.71,no_action_found,,,,,,,,,,
YIN,2020-11-17,7.25,cash_merger,2020-11-18,,7.3,,,,,7.3,0.006896551724137945,
YMLI,2019-10-18,10.34,no_action_found,,,,,,,,,,
ZAGG,2021-02-22,4.29,cash_merger,2021-02-22,,4.2,,,,,4.2,-0.020979020979020935,
ZAYO,2020-03-06,34.99,no_action_found,,,,,,,,,,
ZCAN,2021-03-17,70.0,no_action_found,,,,,,,,,,
ZDEU,2021-03-17,67.26,no_action_found,,,,,,,,,,
ZDVSV,2021-10-07,123.0,no_action_found,,,,,,,,,,
ZF,2019-11-15,11.22,no_action_found,,,,,,,,,,
ZGBR,2021-03-17,48.82,no_action_found,,,,,,,,,,
ZGNX,2022-03-04,26.68,no_action_found,,,,,,,,,,
ZGYH,2021-11-19,10.28,no_action_found,,,,,,,,,,
ZGYHR,2021-11-19,0.3999,no_action_found,,,,,,,,,,
ZGYHU,2021-11-05,10.71,no_action_found,,,,,,,,,,
ZHOK,2021-03-17,72.3,no_action_found,,,,,,,,,,
ZIONN,2021-06-11,25.0,no_action_found,,,,,,,,,,
ZIXI,2021-12-22,8.485,cash_merger,2021-12-23,OTEX,8.5,,,,,8.5,0.001767825574543469,
ZJPN,2021-03-17,91.34,no_action_found,,,,,,,,,,
ZMLP,2020-10-16,53.61,other_action,2020-04-23,,,,,,,,,non-merger corporate action: reverse_split; no cash/stock value implied by this type
ZNGA,2022-05-20,8.18,stock_and_cash_merger,2023-05-03,TTWO,3.5,0.0406,122.14,2023-05-03,exact,8.458884,0.03409339853300719,"cash+stock component; stock leg valued at acquirer close (approximation, see limitations)."
ZNTEU,2022-05-09,11.525,no_action_found,,,,,,,,,,
