ticker,first_bar,last_bar,name_source,raw_name,cleaned_name,query_used,n_matches,status,cik,candidate_entity_name,candidate_ciks,cik_earliest_filing,cik_latest_filing,reason,error
AABA,2017-06-19,2019-10-02,ftd_description,ALTABA INC COM,ALTABA INC COM,ALTABA INC COM,0,rejected_by_name_zero,,,,,,,
AACQU,2020-07-14,2021-06-24,alpaca,Artius Acquisition Inc. Unit,Artius Acquisition Inc,Artius Acquisition,1,resolved,1817888,Artius Acquisition Partners LLC,,2020-07-15,2021-03-19,,
ABDC,2016-01-04,2020-01-31,alpaca,Alcentra Capital Corp. Common Stock,Alcentra Capital Corp,Alcentra Capital Corp,1,resolved,1578620,Alcentra Capital Corp,,2013-06-18,2020-02-14,,
ACACU,2020-10-23,2024-09-26,alpaca,Acri Capital Acquisition Corporation Unit,Acri Capital Acquisition Corporation,Acri Capital Acquisition,1,resolved,1914023,Acri Capital Acquisition Corp,,2022-03-11,2025-01-07,,
ACAMU,2019-02-22,2021-01-21,alpaca,Acamar Partners Acquisition Corp. Units,Acamar Partners Acquisition Corp,Acamar Partners Acquisition Corp,2,rejected_by_name_ambiguous,,,"[1759008, 1846125]",,,,
ACBI,2016-01-04,2022-02-28,alpaca,"Atlantic Capital Bancshares, Inc. Common Stock","Atlantic Capital Bancshares, Inc","Atlantic Capital Bancshares, Inc",1,resolved,1461755,"Atlantic Capital Bancshares, Inc.",,2009-08-25,2023-02-10,,
ACC,2016-01-04,2022-08-09,alpaca,"American Campus Communities, Inc.","American Campus Communities, Inc","American Campus Communities, Inc",0,rejected_by_name_zero,,,,,,,
ACGLP,2016-10-03,2021-09-29,alpaca,Arch Capital Group Ltd. Depositary Shares Representing Interest in 5.25% Non-Cumulative Preferred Series E Shrs,Arch Capital Group Ltd,Arch Capital Group Ltd,1,resolved,947484,ARCH CAPITAL GROUP LTD.,,2014-05-13,2026-08-20,,
ACIA,2016-05-13,2021-02-26,alpaca,"Acacia Communications, Inc. Common Stock","Acacia Communications, Inc","Acacia Communications, Inc",1,resolved,1651235,"Acacia Communications, Inc.",,2015-08-27,2021-03-12,,
ACKIT,2021-02-04,2022-08-31,alpaca,Ackrell SPAC Partners I Co. Subunits,Ackrell SPAC Partners I Co,Ackrell SPAC Partners I Co,1,resolved,1790121,ACKRELL SPAC Partners I Co.,,2019-10-17,2022-09-16,,
ACKIU,2020-12-21,2022-08-31,alpaca,Ackrell SPAC Partners I Co. Units,Ackrell SPAC Partners I Co,Ackrell SPAC Partners I Co,1,resolved,1790121,ACKRELL SPAC Partners I Co.,,2019-10-17,2022-09-16,,
ACSF,2016-01-04,2018-08-24,,,,,,no_name,,,,,,,
ACTCU,2020-09-23,2021-06-14,alpaca,ArcLight Clean Transition Corp. Unit,ArcLight Clean Transition Corp,ArcLight Clean Transition Corp,2,rejected_by_name_ambiguous,,,"[1820630, 1842279]",,,,
ACTDU,2021-03-23,2022-07-21,alpaca,ArcLight Clean Transition Corp. II Unit,ArcLight Clean Transition Corp. II,ArcLight Clean Transition Corp. II,1,resolved,1842279,OPAL Fuels Inc.,,2021-02-04,2026-09-08,,
ACTTU,2019-04-26,2020-06-24,alpaca,Act II Global Acquisition Corp. Unit,Act II Global Acquisition Corp,Act II Global Acquisition Corp,1,resolved,1753706,"Whole Earth Brands, Inc.",,2019-02-22,2024-11-14,,
ADMS,2016-01-04,2021-11-23,alpaca,"Adamas Pharmaceuticals, Inc. Common Stock","Adamas Pharmaceuticals, Inc",Adamas Pharmaceuticals,1,resolved,1328143,Adamas Pharmaceuticals Inc,,2005-05-19,2022-02-15,,
ADOCU,2020-11-10,2020-12-09,alpaca,Edoc Acquisition Corp. Unit,Edoc Acquisition Corp,Edoc Acquisition Corp,1,resolved,1824884,Edoc Acquisition Corp.,,2020-09-15,2024-04-01,,
ADRD,2016-01-04,2020-02-13,alpaca,Invesco BLDRS Developed Markets 100 ADR Index Fund,Invesco BLDRS Developed Markets 100 ADR Index Fund,Invesco BLDRS Developed Markets 100 ADR Index Fund,0,rejected_by_name_zero,,,,,,,
ADRU,2016-01-04,2020-02-13,alpaca,Invesco BLDRS Europe Select ADR Index Fund,Invesco BLDRS Europe Select ADR Index Fund,Invesco BLDRS Europe Select ADR Index Fund,0,rejected_by_name_zero,,,,,,,
ADSW,2016-10-06,2020-10-29,alpaca,"Advanced Disposal Services, Inc.","Advanced Disposal Services, Inc","Advanced Disposal Services, Inc",1,resolved,1585790,"Advanced Disposal Services, Inc.",,2013-09-12,2021-02-12,,
AEB,2016-01-04,2021-09-14,alpaca,AEGON N.V. 5.29964% Floating Rate Perpetual Capital Securities,AEGON N.V,AEGON N.V,0,rejected_by_name_zero,,,,,,,
AEGN,2016-01-04,2021-05-14,alpaca,Aegion Corp Common Stock,Aegion Corp,Aegion Corp,1,resolved,353020,Aegion Corp,,2007-04-03,2021-05-26,,
AEPPL,2020-10-01,2022-03-14,alpaca,"American Electric Power Company, Inc. Corporate Unit","American Electric Power Company, Inc. Corporate","American Electric Power Company, Inc. Corporate",0,rejected_by_name_zero,,,,,,,
AETI,2016-01-04,2019-07-26,ftd_description,AMERICAN ELECTRIC TECHNOLOGIES,AMERICAN ELECTRIC TECHNOLOGIES,AMERICAN ELECTRIC TECHNOLOGIES,1,resolved,1043186,"Stabilis Solutions, Inc.",,1997-12-31,2026-09-10,,
AFC,2016-01-04,2021-03-24,alpaca,Allied Capital Corporation,Allied Capital Corporation,Allied Capital Corporation,0,rejected_by_name_zero,,,,,,,
AFGH,2016-01-04,2020-11-13,alpaca,"American Financial Group, Inc. 6.000% Subordinated Debentures due 2055","American Financial Group, Inc","American Financial Group, Inc",0,rejected_by_name_zero,,,,,,,
AGC,2016-01-04,2021-12-01,alpaca,Altimeter Growth Corp. Class A Ordinary Shares,Altimeter Growth Corp,Altimeter Growth Corp,2,rejected_by_name_ambiguous,,,"[1823340, 1830232]",,,,
AGCUU,2020-10-01,2021-12-01,alpaca,Altimeter Growth Corp. Unit,Altimeter Growth Corp,Altimeter Growth Corp,2,rejected_by_name_ambiguous,,,"[1823340, 1830232]",,,,
AGGE,2016-05-10,2020-02-04,alpaca,IQ Enhanced Core Bond U.S. ETF,IQ Enhanced Core Bond U.S. ETF,IQ Enhanced Core Bond U.S. ETF,0,rejected_by_name_zero,,,,,,,
AGGP,2016-05-10,2021-02-04,alpaca,IQ Enhanced Core Plus Bond U.S. ETF,IQ Enhanced Core Plus Bond U.S. ETF,IQ Enhanced Core Plus Bond U.S. ETF,0,rejected_by_name_zero,,,,,,,
AGN,2016-01-04,2020-05-08,alpaca,Allergan plc,Allergan plc,Allergan plc,1,resolved,1578845,Allergan plc,,2013-06-18,2020-05-21,,
AGND,2016-01-04,2020-05-27,alpaca,WisdomTree Trust WisdomTree Negative Duration U.S. Aggregate Bond Fund,WisdomTree Trust WisdomTree Negative Duration U.S. Aggregate Bond Fund,WisdomTree Trust WisdomTree Negative Duration U.S. Aggregate Bond Fund,0,rejected_by_name_zero,,,,,,,
AGT,2017-04-27,2022-08-22,alpaca,iShares MSCI Argentina and Global Exposure ETF,iShares MSCI Argentina and Global Exposure ETF,iShares MSCI Argentina and Global Exposure ETF,0,rejected_by_name_zero,,,,,,,
AHACU,2020-09-18,2021-08-26,alpaca,Alpha Healthcare Acquisition Corp. Unit,Alpha Healthcare Acquisition Corp,Alpha Healthcare Acquisition Corp,2,rejected_by_name_ambiguous,,,"[1842939, 1818382]",,,,
AHL,2016-01-04,2026-02-23,alpaca,Aspen Insurance Holdings Limited,Aspen Insurance Holdings Limited,Aspen Insurance Holdings,1,resolved,1267395,ASPEN INSURANCE HOLDINGS LTD,,2013-02-07,2026-09-09,,
AIIQ,2018-06-06,2022-07-28,alpaca,AI Powered International Equity ETF,AI Powered International Equity ETF,AI Powered International Equity ETF,0,rejected_by_name_zero,,,,,,,
AIMT,2016-01-04,2020-10-12,alpaca,"Aimmune Therapeutics, Inc. Common Stock","Aimmune Therapeutics, Inc","Aimmune Therapeutics, Inc",1,resolved,1631650,"Aimmune Therapeutics, Inc.",,2015-03-24,2021-02-16,,
AIW,2016-01-04,2021-08-05,alpaca,"Arlington Asset Investment Corp. 6.625% Notes due 2023,",Arlington Asset Investment Corp,Arlington Asset Investment Corp,1,resolved,1209028,Arlington Asset Investment Corp.,,2004-03-16,2024-02-06,,
AIZP,2018-03-15,2021-03-12,alpaca,"Assurant, Inc. 6.50% Series D Mandatory Convertible Preferred Stock, $1.00 par value","Assurant, Inc","Assurant, Inc",1,resolved,1267238,"ASSURANT, INC.",,2014-06-02,2026-08-14,,
AKCA,2017-07-14,2020-10-09,alpaca,"Akcea Therapeutics, Inc. Common Stock","Akcea Therapeutics, Inc","Akcea Therapeutics, Inc",1,resolved,1662524,"AKCEA THERAPEUTICS, INC.",,2016-01-04,2020-11-10,,
AKP,2016-01-04,2019-05-02,ftd_description,ALLIANCE CALIFORNIA INCOME FD,ALLIANCE CALIFORNIA INCOME FD,ALLIANCE CALIFORNIA INCOME FD,0,rejected_by_name_zero,,,,,,,
AKS,2016-01-04,2020-03-12,alpaca,AK Steel Holding Corp.,AK Steel Holding Corp,AK Steel Holding Corp,1,resolved,918160,Cleveland-Cliffs Steel Holding Corp,,2012-11-15,2021-03-25,,
ALAC,2018-11-21,2022-04-25,alpaca,Alberton Acquisition Corporation Ordinary Shares,Alberton Acquisition Corporation,Alberton Acquisition,1,resolved,1748621,Alberton Acquisition Corp,,2018-08-06,2022-07-19,,
ALACR,2018-11-21,2022-04-25,alpaca,"Alberton Acquisition Corporation Rights exp April 26, 2021","Alberton Acquisition Corporation Rights exp April 26, 2021","Alberton Acquisition Corporation Rights exp April 26, 2021",0,rejected_by_name_zero,,,,,,,
ALACU,2018-10-24,2022-02-18,alpaca,Alberton Acquisition Corporation Unit,Alberton Acquisition Corporation,Alberton Acquisition,1,resolved,1748621,Alberton Acquisition Corp,,2018-08-06,2022-07-19,,
ALD,2016-01-04,2019-03-14,ftd_description,WISDOMTREE ASIA LOCAL DEBT FUN,WISDOMTREE ASIA LOCAL DEBT FUN,WISDOMTREE ASIA LOCAL DEBT FUN,0,rejected_by_name_zero,,,,,,,
ALDR,2016-01-04,2019-10-21,ftd_description,ALDER BIOPHARMACEUTICALS INC,ALDER BIOPHARMACEUTICALS INC,ALDER BIOPHARMACEUTICALS INC,1,resolved,1423824,ALDER BIOPHARMACEUTICALS INC,,2008-01-11,2020-02-13,,
ALFA,2016-01-04,2022-08-30,alpaca,AlphaClone Alternative Alpha ETF,AlphaClone Alternative Alpha ETF,AlphaClone Alternative Alpha ETF,0,rejected_by_name_zero,,,,,,,
ALGR,2018-08-13,2020-04-08,alpaca,Allegro Merger Corp. Common Stock,Allegro Merger Corp,Allegro Merger Corp,1,resolved,1720025,Allegro Merger Corp.,,2017-10-18,2026-08-28,,
ALGRR,2018-08-13,2020-04-20,alpaca,Allegro Merger Corp. Right,Allegro Merger Corp,Allegro Merger Corp,1,resolved,1720025,Allegro Merger Corp.,,2017-10-18,2026-08-28,,
ALGRU,2018-07-03,2020-03-31,alpaca,Allegro Merger Corp. Unit,Allegro Merger Corp,Allegro Merger Corp,1,resolved,1720025,Allegro Merger Corp.,,2017-10-18,2026-08-28,,
ALN,2016-01-04,2018-09-28,,,,,,no_name,,,,,,,
ALO,2017-05-16,2020-06-30,alpaca,Alio Gold Inc. Common Shares,Alio Gold Inc. Common Shares,Alio Gold Inc. Common Shares,0,rejected_by_name_zero,,,,,,,
ALOG,2016-01-04,2018-06-22,,,,,,no_name,,,,,,,
ALSK,2016-01-04,2021-07-22,alpaca,"Alaska Communications Systems Group, Inc. Common Stock","Alaska Communications Systems Group, Inc",Alaska Communications Systems Group,1,resolved,1089511,ALASKA COMMUNICATIONS SYSTEMS GROUP INC,,2010-02-16,2021-08-06,,
ALTA,2020-07-01,2021-09-30,alpaca,Altabancorp Common Stock,Altabancorp,Altabancorp,1,resolved,1636286,Altabancorp,,2015-03-11,2022-02-09,,
ALTS,2016-01-04,2026-04-28,alpaca,ALT5 Sigma Corporation Common Stock,ALT5 Sigma Corporation,ALT5 Sigma,1,resolved,862861,AI Financial Corp,,1994-02-14,2026-08-17,,
ALXN,2016-01-04,2021-07-20,alpaca,"Alexion Pharmaceuticals, Inc. Common Stock","Alexion Pharmaceuticals, Inc","Alexion Pharmaceuticals, Inc",1,resolved,899866,"ALEXION PHARMACEUTICALS, INC.",,2012-10-29,2022-11-16,,
AMAG,2016-01-04,2020-11-13,alpaca,"AMAG Pharmaceuticals, Inc. Common Stock","AMAG Pharmaceuticals, Inc","AMAG Pharmaceuticals, Inc",1,resolved,792977,"AMAG PHARMACEUTICALS, INC.",,2009-06-12,2021-02-16,,
AMCA,2017-08-11,2021-08-23,alpaca,iShares Trust iShares Russell 1000 Pure U.S. Revenue ETF,iShares Trust iShares Russell 1000 Pure U.S. Revenue ETF,iShares Trust iShares Russell 1000 Pure U.S. Revenue ETF,0,rejected_by_name_zero,,,,,,,
AMCIU,2018-11-16,2023-02-07,alpaca,AMCI Acquisition Corp. II Units,AMCI Acquisition Corp. II,AMCI Acquisition Corp. II,1,resolved,1843724,"LanzaTech Global, Inc.",,2021-02-12,2026-08-14,,
AMHCU,2019-11-20,2021-09-24,alpaca,Amplitude Healthcare Acquisition Corporation Unit,Amplitude Healthcare Acquisition Corporation,Amplitude Healthcare Acquisition,1,resolved,1788028,"Jasper Therapeutics, Inc.",,2019-09-13,2026-09-04,,
AMJL,2016-05-18,2020-03-18,alpaca,Credit Suisse X-Links Monthly Pay 2xLeveraged Alerian MLP Index ETN,Credit Suisse X-Links Monthly Pay 2xLeveraged Alerian MLP Index ETN,Credit Suisse X-Links Monthly Pay 2xLeveraged Alerian MLP Index ETN,0,rejected_by_name_zero,,,,,,,
AMMA,2016-10-06,2019-02-01,ftd_description,ALLIANCE MMA INC COM,ALLIANCE MMA INC COM,ALLIANCE MMA INC COM,0,rejected_by_name_zero,,,,,,,
AMRB,2016-01-04,2021-08-06,alpaca,American River Bankshares Common Stock,American River Bankshares,American River Bankshares,1,resolved,1108236,AMERICAN RIVER BANKSHARES,,2005-04-25,2021-08-16,,
AMTBB,2018-10-24,2021-11-17,alpaca,Amerant Bancorp Inc. Class B Common Stock,Amerant Bancorp Inc,Amerant Bancorp Inc,1,resolved,1734342,Amerant Bancorp Inc.,,2018-03-14,2026-09-08,,
AMU,2016-01-04,2020-11-23,alpaca,ETRACS Alerian MLP Index ETN,ETRACS Alerian MLP Index ETN,ETRACS Alerian MLP Index ETN,0,rejected_by_name_zero,,,,,,,
ANAT,2016-01-04,2022-05-24,alpaca,"American National Group, Inc. Common Stock","American National Group, Inc","American National Group, Inc",0,rejected_by_name_zero,,,,,,,
ANCX,2016-01-04,2019-01-31,ftd_description,ACCESS NATIONAL CORP,ACCESS NATIONAL CORP,ACCESS NATIONAL CORP,1,resolved,1176316,ACCESS NATIONAL CORP,,2005-10-31,2019-02-12,,
ANDAR,2016-01-15,2021-07-20,alpaca,Andina Acquisition Corp. III Right,Andina Acquisition Corp. III,Andina Acquisition Corp. III,1,resolved,1691936,"STRYVE FOODS, INC.",,2016-12-09,2026-08-14,,
ANDAU,2016-01-05,2021-07-19,alpaca,Andina Acquisition Corp. III Unit,Andina Acquisition Corp. III,Andina Acquisition Corp. III,1,resolved,1691936,"STRYVE FOODS, INC.",,2016-12-09,2026-08-14,,
ANDV,2017-08-01,2018-09-28,,,,,,no_name,,,,,,,
ANDX,2017-08-01,2019-07-29,ftd_description,ANDEAVOR LOGISTICS LP COM UIT,ANDEAVOR LOGISTICS LP COM UIT,ANDEAVOR LOGISTICS LP COM UIT,0,rejected_by_name_zero,,,,,,,
ANH,2016-01-04,2021-03-19,alpaca,Anworth Mortgage Asset Corporation,Anworth Mortgage Asset Corporation,Anworth Mortgage Asset,1,resolved,1047884,ANWORTH MORTGAGE ASSET CORP,,1997-10-24,2022-02-08,,
AOI,2016-01-04,2018-09-11,,,,,,no_name,,,,,,,
AOIL,2019-03-01,2020-02-14,alpaca,Aberdeen Standard Bloomberg WTI Crude Oil Strategy K-1 Free ETF,Aberdeen Standard Bloomberg WTI Crude Oil Strategy K-1 Free ETF,Aberdeen Standard Bloomberg WTI Crude Oil Strategy K-1 Free ETF,0,rejected_by_name_zero,,,,,,,
APB,2016-01-04,2019-01-23,ftd_description,ASIA PACIFIC FUND INC,ASIA PACIFIC FUND INC,ASIA PACIFIC FUND INC,1,resolved,795618,ASIA PACIFIC FUND INC,,1995-11-29,2020-12-24,,
APF,2016-01-04,2019-04-05,ftd_description,MRG STLY ASIA-PACIFIC,MRG STLY ASIA-PACIFIC,MRG STLY ASIA-PACIFIC,0,rejected_by_name_zero,,,,,,,
APHA,2018-11-02,2021-04-30,alpaca,Aphria Inc. Common Shares,Aphria Inc. Common Shares,Aphria Inc. Common Shares,0,rejected_by_name_zero,,,,,,,
APR,2021-02-11,2022-03-28,alpaca,"Apria, Inc. Common Stock","Apria, Inc","Apria, Inc",1,resolved,1735803,"Apria, Inc.",,2020-08-06,2023-02-08,,
APTI,2016-09-23,2019-01-09,ftd_description,APPTIO INC CL A,APPTIO INC CL A,APPTIO INC CL A,0,rejected_by_name_zero,,,,,,,
APTS,2016-01-04,2022-06-23,alpaca,"Preferred Apartment Communities, Inc.","Preferred Apartment Communities, Inc",Preferred Apartment Communities,1,resolved,1481832,PREFERRED APARTMENT COMMUNITIES INC,,2010-07-30,2022-07-05,,
APU,2016-01-04,2019-08-21,ftd_description,AMERIGAS PRTNRS LP UTS(RP COMM,AMERIGAS PRTNRS LP UTS(RP COMM,AMERIGAS PRTNRS LP UTS(RP COMM,0,rejected_by_name_zero,,,,,,,
AQ,2017-11-03,2019-09-18,ftd_description,AQUANTIA CORP COM (DE),AQUANTIA CORP COM (DE),AQUANTIA CORP COM (DE),0,rejected_by_name_zero,,,,,,,
ARA,2016-04-21,2021-01-25,alpaca,"American Renal Associates Holdings, Inc","American Renal Associates Holdings, Inc","American Renal Associates Holdings, Inc",2,rejected_by_name_ambiguous,,,"[1525040, 1498068]",,,,
ARD,2017-03-15,2021-10-05,alpaca,Ardagh Group S.A. Class A Common Shares,Ardagh Group S.A. Class A Common Shares,Ardagh Group S.A. Class A Common Shares,0,rejected_by_name_zero,,,,,,,
ARMO,2018-01-26,2018-06-21,,,,,,no_name,,,,,,,
ARNA,2016-01-04,2022-03-10,alpaca,"Arena Pharmaceuticals, Inc. Common Stock","Arena Pharmaceuticals, Inc",Arena Pharmaceuticals,1,resolved,1080709,ARENA PHARMACEUTICALS INC,,2007-03-12,2024-01-29,,
ARQL,2016-01-04,2020-01-15,alpaca,"ArQule, Inc. Common Stock","ArQule, Inc","ArQule, Inc",0,rejected_by_name_zero,,,,,,,
ARRS,2016-01-04,2019-04-03,ftd_description,ARRIS INTL LTD ORD SHS (GBR),ARRIS INTL LTD ORD SHS (GBR),ARRIS INTL LTD ORD SHS (GBR),0,rejected_by_name_zero,,,,,,,
ARTA,2021-07-16,2022-05-17,alpaca,Artisan Acquisition Corp. Class A Ordinary Shares,Artisan Acquisition Corp,Artisan Acquisition Corp,1,resolved,1844840,Artisan Acquisition Corp.,,2021-02-16,2022-05-17,,
ARTAU,2021-05-14,2022-05-17,alpaca,Artisan Acquisition Corp. Units,Artisan Acquisition Corp,Artisan Acquisition Corp,1,resolved,1844840,Artisan Acquisition Corp.,,2021-02-16,2022-05-17,,
ARTX,2016-01-04,2019-12-18,alpaca,Arotech Corporation Common Stock,Arotech Corporation,Arotech,1,resolved,916529,AROTECH CORP,,1999-11-09,2019-12-30,,
ARYA,2018-12-12,2021-06-09,alpaca,ARYA Sciences Acquisition Corp III Class A Ordinary Shares,ARYA Sciences Acquisition Corp III,ARYA Sciences Acquisition Corp III,1,resolved,1808805,"Nautilus Biotechnology, Inc.",,2020-04-17,2026-09-11,,
ARYAU,2018-10-05,2020-07-01,alpaca,ARYA Sciences Acquisiton Corp. Unit,ARYA Sciences Acquisiton Corp,ARYA Sciences Acquisiton Corp,0,rejected_by_name_zero,,,,,,,
ARYBU,2020-06-05,2020-10-27,alpaca,ARYA Sciences Acquisition Corp II Unit,ARYA Sciences Acquisition Corp II,ARYA Sciences Acquisition Corp II,2,rejected_by_name_ambiguous,,,"[1805387, 1808805]",,,,
ASFI,2016-01-04,2020-09-28,alpaca,"Asta Funding, Inc. Common Stock","Asta Funding, Inc",Asta Funding,1,resolved,1001258,ASTA FUNDING INC,,1996-01-29,2020-10-15,,
ASRVP,2016-01-04,2021-10-01,alpaca,"AmeriServ Financial Inc. AmeriServ Financial Trust I - 8.45% Beneficial Unsecured Securities, Series A",AmeriServ Financial Inc. AmeriServ Financial Trust I -,AmeriServ Financial Inc. AmeriServ Financial Trust I -,0,rejected_by_name_zero,,,,,,,
AST,2016-01-04,2019-03-07,ftd_description,"ASTERIAS BIOTHERAPEUTICS, INC.","ASTERIAS BIOTHERAPEUTICS, INC","ASTERIAS BIOTHERAPEUTICS, INC",1,resolved,1572552,"Asterias Biotherapeutics, Inc.",,2013-04-03,2019-03-20,,
ASV,2017-05-12,2019-09-11,ftd_description,ASV HLDGS INC COM,ASV HLDGS INC COM,ASV HLDGS INC COM,0,rejected_by_name_zero,,,,,,,
AT,2016-01-04,2021-05-14,alpaca,Atlantic Power Corporation,Atlantic Power Corporation,Atlantic Power Corporation,0,rejected_by_name_zero,,,,,,,
ATH,2016-12-09,2021-12-31,alpaca,Athene Holding Ltd. Class A Common Shares,Athene Holding Ltd. Class A Common Shares,Athene Holding Ltd. Class A Common Shares,0,rejected_by_name_zero,,,,,,,
ATHN,2016-01-04,2021-12-30,alpaca,Athena Technology Acquisition Corp.,Athena Technology Acquisition Corp,Athena Technology Acquisition Corp,2,rejected_by_name_ambiguous,,,"[1840292, 1882198]",,,,
ATIS,2017-01-25,2019-11-15,alpaca,Attis Industries Inc. Common Stock,Attis Industries Inc,Attis Industries Inc,1,resolved,949721,Attis Industries Inc.,,1996-05-17,2020-04-15,,
ATRS,2016-01-04,2022-05-23,alpaca,"Antares Pharma, Inc. Common Stock","Antares Pharma, Inc","Antares Pharma, Inc",1,resolved,1016169,"ANTARES PHARMA, INC.",,2004-03-01,2023-02-10,,
ATSPT,2021-04-23,2022-04-27,alpaca,Archimedes Tech SPAC Partners Co. Subunit,Archimedes Tech SPAC Partners Co,Archimedes Tech SPAC Partners Co,1,resolved,1840856,"SOUNDHOUND AI, INC.",,2021-01-15,2026-09-09,,
ATSPU,2021-03-11,2022-04-27,alpaca,Archimedes Tech SPAC Partners Co. Unit,Archimedes Tech SPAC Partners Co,Archimedes Tech SPAC Partners Co,1,resolved,1840856,"SOUNDHOUND AI, INC.",,2021-01-15,2026-09-09,,
ATTU,2016-01-04,2019-05-03,ftd_description,ATTUNITY LTD. NEW ORDINARY SHA,ATTUNITY LTD. NEW ORDINARY SHA,ATTUNITY LTD. NEW ORDINARY SHA,0,rejected_by_name_zero,,,,,,,
ATV,2016-01-04,2021-01-29,alpaca,"Acorn International, Inc","Acorn International, Inc","Acorn International, Inc",1,resolved,1365742,"Acorn International, Inc.",,2007-04-03,2021-02-11,,
AUSE,2016-01-04,2019-03-14,ftd_description,WISDOMTREE AUSTRALIA DIVIDEND,WISDOMTREE AUSTRALIA DIVIDEND,WISDOMTREE AUSTRALIA DIVIDEND,0,rejected_by_name_zero,,,,,,,
AUTO,2017-10-09,2022-08-31,alpaca,"AutoWeb, Inc. Common Stock","AutoWeb, Inc","AutoWeb, Inc",2,rejected_by_name_ambiguous,,,"[1617755, 1023364]",,,,
AVDG,2020-12-30,2022-07-11,alpaca,AVDR US LargeCap ESG ETF,AVDR US LargeCap ESG ETF,AVDR US LargeCap ESG ETF,0,rejected_by_name_zero,,,,,,,
AVDR,2019-02-14,2022-07-11,alpaca,AVDR US LargeCap Leading ETF,AVDR US LargeCap Leading ETF,AVDR US LargeCap Leading ETF,0,rejected_by_name_zero,,,,,,,
AWTM,2019-01-29,2022-07-15,alpaca,AWTM Ultra-Short Duration Enhanced Income ETF,AWTM Ultra-Short Duration Enhanced Income ETF,AWTM Ultra-Short Duration Enhanced Income ETF,0,rejected_by_name_zero,,,,,,,
AXE,2016-01-04,2020-06-19,alpaca,Anixter International Inc,Anixter International Inc,Anixter International Inc,1,resolved,52795,ANIXTER INTERNATIONAL INC,,2012-02-02,2020-07-23,,
AXJL,2016-01-04,2020-05-27,alpaca,WisdomTree Asia-Pacific ex-Japan Fund,WisdomTree Asia-Pacific ex-Japan Fund,WisdomTree Asia-Pacific ex-Japan Fund,0,rejected_by_name_zero,,,,,,,
AXJV,2016-01-07,2019-08-20,ftd_description,ISHARES TR EDGE MSCI MIN VOLAT,ISHARES TR EDGE MSCI MIN VOLAT,ISHARES TR EDGE MSCI MIN VOLAT,0,rejected_by_name_zero,,,,,,,
AXO,2018-10-01,2021-03-30,alpaca,"Axos Financial, Inc. 6.25% Subordinated Notes Due 2026","Axos Financial, Inc","Axos Financial, Inc",1,resolved,1299709,"Axos Financial, Inc.",,2017-08-29,2026-09-04,,
AXU,2016-01-04,2022-09-06,alpaca,Alexco Resource Corp.,Alexco Resource Corp,Alexco Resource Corp,1,resolved,1364128,ALEXCO RESOURCE CORP,,2006-05-12,2025-02-14,,
AYR,2016-01-04,2020-03-27,alpaca,Aircastle Limited,Aircastle Limited,Aircastle,1,resolved,1362988,Aircastle LTD,,2010-08-10,2026-07-09,,
AZPN,2016-01-04,2025-03-11,alpaca,"Aspen Technology, Inc. Common Stock","Aspen Technology, Inc","Aspen Technology, Inc",1,resolved,1897982,"Aspen Technology, Inc.",,2022-01-11,2025-05-15,,
BAF,2016-01-04,2021-03-05,alpaca,BLACKROCK MUNICIPAL INCOME INVESTMENT QUALITY TRUST,BLACKROCK MUNICIPAL INCOME INVESTMENT QUALITY TRUST,BLACKROCK MUNICIPAL INCOME INVESTMENT QUALITY TRUST,1,resolved,1181026,BLACKROCK MUNICIPAL INCOME INVESTMENT QUALITY TRUST,,2002-08-19,2023-09-25,,
BBF,2016-01-04,2021-04-09,alpaca,BlackRock Municipal Income Investment Trust,BlackRock Municipal Income Investment Trust,BlackRock Municipal Income Investment Trust,1,resolved,1137392,BLACKROCK MUNICIPAL INCOME INVESTMENT TRUST,,2001-04-03,2023-09-25,,
BBIGV,2022-05-17,2022-06-29,alpaca,"Vinco Ventures, Inc. Ex-Distribution When-Issued","Vinco Ventures, Inc. Ex-Distribution When-Issued","Vinco Ventures, Inc. Ex-Distribution When-Issued",0,rejected_by_name_zero,,,,,,,
BBK,2016-01-04,2021-03-05,alpaca,Blackrock Municipal Bond Trust,Blackrock Municipal Bond Trust,Blackrock Municipal Bond Trust,1,resolved,1167467,BLACKROCK MUNICIPAL BOND TRUST,,2002-02-15,2023-09-25,,
BBL,2016-01-04,2022-01-28,alpaca,BHP Group Plc American Depositary Shares (Each representing two Ordinary Shares),BHP Group Plc,BHP Group Plc,1,resolved,1171264,BHP Group Plc,,2011-06-01,2022-03-02,,
BBOX,2016-01-04,2019-01-04,ftd_description,BLACK BOX CORP (DE),BLACK BOX CORP (DE),BLACK BOX CORP (DE),0,rejected_by_name_zero,,,,,,,
BBRC,2016-01-04,2019-06-14,ftd_description,COLUMBIA ETF TR II COLUMBIA BE,COLUMBIA ETF TR II COLUMBIA BE,COLUMBIA ETF TR II COLUMBIA BE,0,rejected_by_name_zero,,,,,,,
BCACU,2017-06-20,2022-07-29,alpaca,Brookline Capital Acquisition Corp II Units,Brookline Capital Acquisition Corp II,Brookline Capital Acquisition Corp II,1,rejected_by_date_overlap,2102072,Brookline Capital Acquisition Corp II,,2025-12-19,2026-02-23,,
BCNA,2018-06-20,2019-10-22,ftd_description,REALITY SHS ETF TR NASDAQ NEXG,REALITY SHS ETF TR NASDAQ NEXG,REALITY SHS ETF TR NASDAQ NEXG,0,rejected_by_name_zero,,,,,,,
BCYPU,2021-01-12,2021-10-22,alpaca,Big Cypress Acquisition Corp. Unit,Big Cypress Acquisition Corp,Big Cypress Acquisition Corp,1,resolved,1833214,"SAB Biotherapeutics, Inc.",,2020-12-07,2026-08-21,,
BDCL,2016-01-04,2020-04-01,alpaca,2xLeveraged Long Exchange Traded Access Securities  (E-TRACS) Linked to the Wells Fargo Business Dev,2xLeveraged Long Exchange Traded Access Securities  (E-TRACS) Linked to the Wells Fargo Business Dev,2xLeveraged Long Exchange Traded Access Securities  (E-TRACS) Linked to the Wells Fargo Business Dev,0,rejected_by_name_zero,,,,,,,
BDCS,2016-01-04,2020-11-25,alpaca,UBS AG Exchange Traded Access Securities (E-TRACS)Linked to the Wells Fargo Business Development Com,UBS AG Exchange Traded Access Securities (E-TRACS)Linked to the Wells Fargo Business Development Com,UBS AG Exchange Traded Access Securities (E-TRACS)Linked to the Wells Fargo Business Development Com,0,rejected_by_name_zero,,,,,,,
BDCY,2019-10-25,2020-12-09,alpaca,ETRACS 2xMonthly Leveraged Wells Fargo Diversified Business Development Company Index ETN Series B d,ETRACS 2xMonthly Leveraged Wells Fargo Diversified Business Development Company Index ETN Series B d,ETRACS 2xMonthly Leveraged Wells Fargo Diversified Business Development Company Index ETN Series B d,0,rejected_by_name_zero,,,,,,,
BDSI,2016-01-04,2022-03-22,alpaca,"BioDelivery Sciences International, Inc. Common Stock","BioDelivery Sciences International, Inc",BioDelivery Sciences International,1,resolved,1103021,BIODELIVERY SCIENCES INTERNATIONAL INC,,2009-03-18,2023-02-10,,
BDXA,2017-05-18,2020-04-30,alpaca,"Becton, Dickinson and Company Depositary Shares, each Representing a 1/20th Interest in a Share of 6","Becton, Dickinson and Company","Becton, Dickinson and Company",0,rejected_by_name_zero,,,,,,,
BEL,2016-01-04,2019-04-16,ftd_description,BELMOND LTD,BELMOND LTD,BELMOND LTD,1,resolved,1115836,Belmond Ltd.,,2000-06-19,2019-04-29,,
BERN,2017-10-17,2019-07-29,,,,,,no_name,,,,,,,
BFO,2016-01-04,2020-12-15,alpaca,Blackrock Florida Municipal 2020 Term Trust,Blackrock Florida Municipal 2020 Term Trust,Blackrock Florida Municipal 2020 Term Trust,1,resolved,1181249,BLACKROCK FLORIDA MUNICIPAL 2020 TERM TRUST,,2002-08-20,2024-01-25,,
BFY,2016-01-04,2021-04-09,alpaca,BlackRock New York Municipal Income Trust II,BlackRock New York Municipal Income Trust II,BlackRock New York Municipal Income Trust II,2,rejected_by_name_ambiguous,,,"[1176197, 1181024]",,,,
BFYT,2020-03-06,2020-08-20,alpaca,"Benefytt Technologies, Inc. Class A Common Stock","Benefytt Technologies, Inc","Benefytt Technologies, Inc",1,resolved,1561387,"Benefytt Technologies, Inc.",,2012-11-09,2020-11-16,,
BGIO,2017-02-24,2021-12-13,alpaca,BlackRock 2022 Global Income Opportunity Trust,BlackRock 2022 Global Income Opportunity Trust,BlackRock 2022 Global Income Opportunity Trust,1,resolved,1691433,BlackRock 2022 Global Income Opportunity Trust,,2016-12-06,2024-01-25,,
BHBK,2016-01-04,2019-03-29,ftd_description,BLUE HILLS BANCORP INC COM,BLUE HILLS BANCORP INC COM,BLUE HILLS BANCORP INC COM,0,rejected_by_name_zero,,,,,,,
BIKR,2018-06-21,2019-07-12,,,,,,no_name,,,,,,,
BIOS,2016-01-04,2023-10-06,alpaca,BioPlus Acquisition Corp. Class A Ordinary Shares,BioPlus Acquisition Corp,BioPlus Acquisition Corp,1,resolved,1856653,BioPlus Acquisition Corp.,,2021-06-22,2024-02-12,,
BJZ,2016-01-04,2018-12-14,,,,,,no_name,,,,,,,
BKC,2018-05-16,2019-02-05,ftd_description,EXCHANGE LISTED FDS TR,EXCHANGE LISTED FDS TR,EXCHANGE LISTED FDS TR,0,rejected_by_name_zero,,,,,,,
BKEP,2016-01-04,2022-08-17,alpaca,Blueknight Energy Partners L.P. Common Units,Blueknight Energy Partners L.P. Common,Blueknight Energy Partners L.P. Common,0,rejected_by_name_zero,,,,,,,
BKEPP,2016-01-04,2022-08-17,alpaca,Blueknight Energy Partners L.P. Series A Preferred Units,Blueknight Energy Partners L.P. Series A Preferred,Blueknight Energy Partners L.P. Series A Preferred,0,rejected_by_name_zero,,,,,,,
BKJ,2016-01-04,2019-12-31,alpaca,"Bancorp of New Jersey, Inc.","Bancorp of New Jersey, Inc","Bancorp of New Jersey, Inc",1,resolved,1390312,"Bancorp of New Jersey, Inc.",,2007-03-07,2020-01-13,,
BKK,2016-01-04,2020-12-15,alpaca,Blackrock Municipal 2020 Term Trust,Blackrock Municipal 2020 Term Trust,Blackrock Municipal 2020 Term Trust,1,resolved,1181250,BLACKROCK MUNICIPAL 2020 TERM TRUST,,2002-08-20,2024-01-25,,
BKS,2016-01-04,2019-08-06,ftd_description,BARNES & NOBLE INC,BARNES & NOBLE INC,BARNES & NOBLE INC,1,resolved,890491,BARNES & NOBLE INC,,2010-04-02,2019-08-19,,
BLCT,2020-07-08,2022-08-12,alpaca,BlueCity Holdings Limited American Depositary Shares,BlueCity Holdings Limited,BlueCity Holdings,1,resolved,1791278,BlueCity Holdings Ltd,,2019-11-22,2022-08-22,,
BLH,2016-01-05,2018-12-14,,,,,,no_name,,,,,,,
BLMT,2016-01-04,2019-03-29,ftd_description,BSB BANCORP INC MD,BSB BANCORP INC MD,BSB BANCORP INC MD,0,rejected_by_name_zero,,,,,,,
BMCH,2016-06-06,2020-12-31,alpaca,"BMC Stock Holdings, Inc. Common Stock","BMC Stock Holdings, Inc","BMC Stock Holdings, Inc",1,resolved,1574815,"BMC STOCK HOLDINGS, INC.",,2013-05-08,2021-02-12,,
BMLP,2016-12-21,2021-03-12,alpaca,"Dorsey Wright MLP Index ETNs due December 10, 2036","Dorsey Wright MLP Index ETNs due December 10, 2036","Dorsey Wright MLP Index ETNs due December 10, 2036",0,rejected_by_name_zero,,,,,,,
BMS,2016-01-04,2019-06-10,ftd_description,BEMIS INC,BEMIS INC,BEMIS INC,0,rejected_by_name_zero,,,,,,,
BMTC,2016-01-04,2021-12-31,alpaca,Bryn Mawr Bank Corporation Common Stock,Bryn Mawr Bank Corporation,Bryn Mawr Bank,1,resolved,802681,BRYN MAWR BANK CORP,,2014-07-29,2023-02-13,,
BNCL,2016-01-04,2019-02-28,ftd_description,BENEFICIAL BANCORP INC COM STK,BENEFICIAL BANCORP INC COM STK,BENEFICIAL BANCORP INC COM STK,0,rejected_by_name_zero,,,,,,,
BNGOU,2018-08-21,2018-09-20,,,,,,no_name,,,,,,,
BNIXU,2021-09-10,2021-11-01,alpaca,Bannix Acquisition Corp. Unit,Bannix Acquisition Corp,Bannix Acquisition Corp,1,resolved,1845942,Bannix Acquisition Corp.,,2021-02-19,2025-07-18,,
BNKO,2019-04-29,2020-12-16,alpaca,MicroSectorsTM U.S. Big Banks Index 2X Leveraged ETNs,MicroSectorsTM U.S. Big Banks Index 2X Leveraged ETNs,MicroSectorsTM U.S. Big Banks Index 2X Leveraged ETNs,0,rejected_by_name_zero,,,,,,,
BNKZ,2019-04-03,2020-11-27,alpaca,MicroSectorsTM U.S. Big Banks Index -2X Inverse Leveraged ETNs,MicroSectorsTM U.S. Big Banks Index -2X Inverse Leveraged ETNs,MicroSectorsTM U.S. Big Banks Index -2X Inverse Leveraged ETNs,0,rejected_by_name_zero,,,,,,,
BOCH,2016-01-04,2021-09-30,alpaca,Bank of Commerce Holdings (CA) Common Stock,Bank of Commerce Holdings (CA),Bank of Commerce Holdings (CA),0,rejected_by_name_zero,,,,,,,
BOJA,2016-01-04,2019-01-25,,,,,,no_name,,,,,,,
BOKFL,2016-06-28,2021-08-20,alpaca,BOK Financial Corporation 5.375% Subordinated Notes due 2056,BOK Financial Corporation,BOK Financial Corporation,0,rejected_by_name_zero,,,,,,,
BOWN,2023-08-17,2026-07-14,alpaca,Bowen Acquisition Corp Ordinary Shares,Bowen Acquisition Corp,Bowen Acquisition Corp,1,resolved,1973056,Bowen Acquisition Corp,,2023-04-17,2026-08-14,,
BOWXU,2020-08-05,2021-10-20,alpaca,BowX Acquisition Corp. Unit,BowX Acquisition Corp,BowX Acquisition Corp,1,resolved,1813756,WeWork Inc.,,2020-06-01,2024-07-03,,
BPFH,2016-01-04,2021-06-30,alpaca,"Boston Private Financial Holdings, Inc. Common Stock","Boston Private Financial Holdings, Inc",Boston Private Financial Holdings,1,resolved,821127,BOSTON PRIVATE FINANCIAL HOLDINGS INC,,2012-11-16,2021-07-15,,
BPK,2016-01-04,2018-12-14,,,,,,no_name,,,,,,,
BPL,2016-01-04,2019-10-31,ftd_description,BUCKEYE PARTNERS L.P. INT UNIT,BUCKEYE PARTNERS L.P. INT,BUCKEYE PARTNERS L.P. INT,0,rejected_by_name_zero,,,,,,,
BPMP,2017-10-26,2022-04-04,alpaca,BP Midstream Partners LP Common Units representing Limited Partner Interests,BP Midstream Partners LP Common Units representing Limited Partner Interests,BP Midstream Partners LP Common Units representing Limited Partner Interests,0,rejected_by_name_zero,,,,,,,
BPOPN,2016-01-04,2021-10-29,alpaca,"Popular, Inc. 6.70% Cumulative Monthly Income Trust Preferred Securities","Popular, Inc","Popular, Inc",1,resolved,763901,"POPULAR, INC.",,2019-10-03,2026-09-03,,
BPY,2016-01-04,2021-07-26,alpaca,Brookfield Property Partners L.P. Limited Partnership Units,Brookfield Property Partners L.P. Limited Partnership,Brookfield Property Partners L.P. Limited Partnership,0,rejected_by_name_zero,,,,,,,
BPYU,2020-03-02,2021-07-26,alpaca,Brookfield Property REIT Inc. Class A Common Stock,Brookfield Property REIT Inc,Brookfield Property REIT Inc,1,resolved,1496048,Brookfield Property REIT Inc.,,2010-07-15,2021-08-30,,
BPYUP,2020-03-02,2021-08-18,alpaca,Brookfield Property REIT Inc. 6.375% Series A Preferred Stock,Brookfield Property REIT Inc,Brookfield Property REIT Inc,1,resolved,1496048,Brookfield Property REIT Inc.,,2010-07-15,2021-08-30,,
BQH,2016-01-04,2020-10-19,alpaca,BlackRock New York Municipal Bond Trust,BlackRock New York Municipal Bond Trust,BlackRock New York Municipal Bond Trust,1,resolved,1167470,BLACKROCK NEW YORK MUNICIPAL BOND TRUST,,2002-02-15,2024-01-25,,
BRACU,2017-10-05,2025-01-22,alpaca,Broad Capital Acquisition Corp Unit,Broad Capital Acquisition Corp,Broad Capital Acquisition Corp,1,resolved,1865120,Broad Capital Acquisition Corp,,2021-07-06,2026-08-13,,
BREZU,2020-11-23,2026-06-10,alpaca,Breeze Acquisition Corp. II Units,Breeze Acquisition Corp. II,Breeze Acquisition Corp. II,1,resolved,2095443,Breeze Acquisition Corp. II,,2025-11-17,2026-09-09,,
BRPAR,2017-12-01,2021-05-24,alpaca,Big Rock Partners Acquisition Corp. Right,Big Rock Partners Acquisition Corp,Big Rock Partners Acquisition Corp,1,resolved,1719406,"NRX Pharmaceuticals, Inc.",,2017-10-13,2026-08-17,,
BRPAU,2017-11-20,2021-05-05,alpaca,Big Rock Partners Acquisition Corp. Unit,Big Rock Partners Acquisition Corp,Big Rock Partners Acquisition Corp,1,resolved,1719406,"NRX Pharmaceuticals, Inc.",,2017-10-13,2026-08-17,,
BRPM,2019-04-25,2022-07-19,alpaca,B. Riley Principal 150 Merger Corp. Class A Common Stock,B. Riley Principal 150 Merger Corp,B. Riley Principal 150 Merger Corp,1,resolved,1839360,FaZe Holdings Inc.,,2021-01-08,2024-03-26,,
BRPMU,2021-02-19,2022-07-19,alpaca,B. Riley Principal 150 Merger Corp. Unit,B. Riley Principal 150 Merger Corp,B. Riley Principal 150 Merger Corp,1,resolved,1839360,FaZe Holdings Inc.,,2021-01-08,2024-03-26,,
BRSS,2016-01-04,2019-07-15,ftd_description,"GLOBAL BRASS & COPPER HLDGS,IN","GLOBAL BRASS & COPPER HLDGS,IN","GLOBAL BRASS & COPPER HLDGS,IN",0,rejected_by_name_zero,,,,,,,
BSA,2018-03-26,2022-01-14,alpaca,BrightSphere Investment Group Inc. 5.125% Notes due 2031,BrightSphere Investment Group Inc,BrightSphere Investment Group Inc,1,resolved,1748824,Acadian Asset Management Inc.,,2019-03-12,2026-08-10,,
BSAE,2018-10-08,2021-12-15,alpaca,Invesco BulletShares 2021 USD Emerging Markets Debt ETF,Invesco BulletShares 2021 USD Emerging Markets Debt ETF,Invesco BulletShares 2021 USD Emerging Markets Debt ETF,0,rejected_by_name_zero,,,,,,,
BSCI,2016-01-04,2018-12-27,,,,,,no_name,,,,,,,
BSCJ,2016-01-04,2019-12-16,alpaca,Invesco BulletShares 2019 Corporate Bond ETF,Invesco BulletShares 2019 Corporate Bond ETF,Invesco BulletShares 2019 Corporate Bond ETF,0,rejected_by_name_zero,,,,,,,
BSCK,2016-01-04,2020-12-15,alpaca,Invesco BulletShares 2020 Corporate Bond ETF,Invesco BulletShares 2020 Corporate Bond ETF,Invesco BulletShares 2020 Corporate Bond ETF,0,rejected_by_name_zero,,,,,,,
BSD,2016-01-04,2021-04-09,alpaca,The BlackRock Strategic Municipal Trust,The BlackRock Strategic Municipal Trust,The BlackRock Strategic Municipal Trust,0,rejected_by_name_zero,,,,,,,
BSE,2016-01-04,2021-04-09,alpaca,BLACKROCK NEW YORK MUNICIPAL INCOME QUALITY TRUST,BLACKROCK NEW YORK MUNICIPAL INCOME QUALITY TRUST,BLACKROCK NEW YORK MUNICIPAL INCOME QUALITY TRUST,1,resolved,1181024,BLACKROCK NEW YORK MUNICIPAL INCOME QUALITY TRUST,,2002-08-19,2023-09-25,,
BSJI,2016-01-04,2018-12-27,,,,,,no_name,,,,,,,
BSJJ,2016-01-04,2019-12-16,alpaca,Invesco BulletShares 2019 High Yield Corporate Bond ETF,Invesco BulletShares 2019 High Yield Corporate Bond ETF,Invesco BulletShares 2019 High Yield Corporate Bond ETF,0,rejected_by_name_zero,,,,,,,
BSJK,2016-01-04,2020-12-15,alpaca,Invesco BulletShares 2020 High Yield Corporate Bond ETF,Invesco BulletShares 2020 High Yield Corporate Bond ETF,Invesco BulletShares 2020 High Yield Corporate Bond ETF,0,rejected_by_name_zero,,,,,,,
BSJL,2016-01-04,2021-12-15,alpaca,Invesco BulletShares 2021 High Yield Corporate Bond ETF,Invesco BulletShares 2021 High Yield Corporate Bond ETF,Invesco BulletShares 2021 High Yield Corporate Bond ETF,0,rejected_by_name_zero,,,,,,,
BSML,2019-09-27,2021-12-15,alpaca,Invesco Exchange-Traded Self-Indexed Fund Trust Invesco BulletShares 2021 Municipal Bond ETF,Invesco Exchange-Traded Self-Indexed Fund Trust Invesco BulletShares 2021 Municipal Bond ETF,Invesco Exchange-Traded Self-Indexed Fund Trust Invesco BulletShares 2021 Municipal Bond ETF,0,rejected_by_name_zero,,,,,,,
BSTC,2016-01-04,2020-12-01,alpaca,BioSpecifics Technologies Corp. Common Stock,BioSpecifics Technologies Corp,BioSpecifics Technologies Corp,1,resolved,875622,BIOSPECIFICS TECHNOLOGIES CORP,,1996-05-30,2021-02-16,,
BSWN,2016-07-14,2018-06-25,,,,,,no_name,,,,,,,
BT,2016-01-04,2019-09-13,ftd_description,BT GROUP PLC ADS ( 10 ORD SHS),BT GROUP PLC ADS ( 10 ORD SHS),BT GROUP PLC ADS ( 10 ORD SHS),0,rejected_by_name_zero,,,,,,,
BTAQ,2020-10-08,2022-03-01,alpaca,Burgundy Technology Acquisition Corporation Class A Ordinary shares,Burgundy Technology Acquisition Corporation,Burgundy Technology Acquisition,1,resolved,1815526,Burgundy Technology Acquisition Corp,,2020-06-29,2023-02-06,,
BTAQU,2020-08-27,2022-02-24,alpaca,Burgundy Technology Acquisition Corporation Unit,Burgundy Technology Acquisition Corporation,Burgundy Technology Acquisition,1,resolved,1815526,Burgundy Technology Acquisition Corp,,2020-06-29,2023-02-06,,
BTYS,2020-02-05,2020-12-08,alpaca,iPath Series B US Treasury 10-year Bear ETN,iPath Series B US Treasury 10-year Bear ETN,iPath Series B US Treasury 10-year Bear ETN,0,rejected_by_name_zero,,,,,,,
BUDX,2021-09-27,2022-04-25,alpaca,Cannabis Growth ETF,Cannabis Growth ETF,Cannabis Growth ETF,0,rejected_by_name_zero,,,,,,,
BUY,2017-12-01,2020-10-13,alpaca,USCF SummerHaven SHPEI Index Fund,USCF SummerHaven SHPEI Index Fund,USCF SummerHaven SHPEI Index Fund,0,rejected_by_name_zero,,,,,,,
BUYN,2017-12-01,2020-04-29,alpaca,USCF SummerHaven SHPEN Index Fund,USCF SummerHaven SHPEN Index Fund,USCF SummerHaven SHPEN Index Fund,0,rejected_by_name_zero,,,,,,,
BUZ,2016-04-19,2019-03-01,,,,,,no_name,,,,,,,
BVSN,2016-01-04,2020-05-18,alpaca,"BroadVision, Inc. Common Stock","BroadVision, Inc",BroadVision,1,resolved,920448,BROADVISION INC,,1996-05-09,2020-05-27,,
BXG,2017-11-17,2021-05-05,alpaca,Bluegreen Vacations Corporation Common Stock,Bluegreen Vacations Corporation,Bluegreen Vacations Corporation,0,rejected_by_name_zero,,,,,,,
BZF,2016-01-04,2019-03-14,ftd_description,WISDOMTREE BRAZILIAN REAL STRA,WISDOMTREE BRAZILIAN REAL STRA,WISDOMTREE BRAZILIAN REAL STRA,0,rejected_by_name_zero,,,,,,,
BZM,2016-01-04,2021-04-16,alpaca,BlackRock Maryland Municipal Bond Trust,BlackRock Maryland Municipal Bond Trust,BlackRock Maryland Municipal Bond Trust,1,resolved,1169029,BLACKROCK MARYLAND MUNICIPAL BOND TRUST,,2002-03-19,2023-09-25,,
CADE,2017-04-13,2026-01-30,alpaca,Cadence Bank,Cadence Bank,Cadence Bank,2,rejected_by_name_ambiguous,,,"[1299939, 1080381]",,,,
CAHCU,2021-01-27,2021-09-24,alpaca,CA Healthcare Acquisition Corp. Unit,CA Healthcare Acquisition Corp,CA Healthcare Acquisition Corp,1,resolved,1832352,CA Healthcare Acquisition Corp.,,2020-11-17,2022-02-14,,
CAPAU,2020-09-04,2021-06-09,alpaca,HighCape Capital Acquisition Corp. Unit,HighCape Capital Acquisition Corp,HighCape Capital Acquisition Corp,2,rejected_by_name_ambiguous,,,"[1816431, 1846064]",,,,
CARB,2016-01-04,2019-12-23,alpaca,"Carbonite, Inc. Common Stock","Carbonite, Inc",Carbonite,1,resolved,1340127,Carbonite Inc,,2011-08-10,2020-02-14,,
CARO,2016-01-04,2020-05-01,alpaca,Carolina Financial Corporation Common Stock,Carolina Financial Corporation,Carolina Financial Corporation,0,rejected_by_name_zero,,,,,,,
CASM,2016-01-04,2019-04-18,ftd_description,C A S MEDICAL SYS INC,C A S MEDICAL SYS INC,C A S MEDICAL SYS INC,0,rejected_by_name_zero,,,,,,,
CATM,2016-01-04,2021-06-18,alpaca,Cardtronics plc Class A Ordinary Shares (UK),Cardtronics plc,Cardtronics plc,2,rejected_by_name_ambiguous,,,"[1671013, 1277856]",,,,
CAVM,2016-01-04,2018-07-05,,,,,,no_name,,,,,,,
CBB,2016-01-04,2021-09-03,alpaca,Cincinnati Bell Inc.,Cincinnati Bell Inc,Cincinnati Bell Inc,1,resolved,716133,CINCINNATI BELL INC,,2010-01-06,2026-05-13,,
CBLK,2018-05-04,2019-10-07,ftd_description,CARBON BLACK INC COM,CARBON BLACK INC COM,CARBON BLACK INC COM,0,rejected_by_name_zero,,,,,,,
CBM,2016-01-04,2019-12-03,alpaca,Cambrex Corporation,Cambrex Corporation,Cambrex,1,resolved,820081,CAMBREX CORP,,2004-12-21,2020-02-10,,
CBMG,2016-01-04,2021-02-19,alpaca,"Cellular Biomedicine Group, Inc. Common Stock","Cellular Biomedicine Group, Inc","Cellular Biomedicine Group, Inc",1,resolved,1378624,"Cellular Biomedicine Group, Inc.",,2006-10-31,2021-03-03,,
CBPO,2016-01-04,2021-04-20,alpaca,"China Biologic Products Holdings, Inc. Ordinary Shares","China Biologic Products Holdings, Inc","China Biologic Products Holdings, Inc",2,rejected_by_name_ambiguous,,,"[1704731, 1369868]",,,,
CBPX,2016-01-04,2020-01-31,alpaca,"CONTINENTAL BUILDING PRODUCTS, INC.","CONTINENTAL BUILDING PRODUCTS, INC","CONTINENTAL BUILDING PRODUCTS, INC",1,resolved,1592480,"Continental Building Products, Inc.",,2013-11-25,2021-02-12,,
CBSHP,2016-01-04,2020-08-31,alpaca,"Commerce Bancshares, Inc. Depositary Shares, each representing a 1/1000th interest of 6.00% Series B Non-Cumulative Perpetual Preferred Stock","Commerce Bancshares, Inc","Commerce Bancshares, Inc",1,resolved,1665384,"Commerce Bancshares, Inc./TN/",,2016-02-17,2016-02-17,,
CBTG,2020-12-30,2022-02-01,alpaca,Cabot Growth ETF,Cabot Growth ETF,Cabot Growth ETF,0,rejected_by_name_zero,,,,,,,
CCA,2016-01-04,2019-09-11,ftd_description,MFS CALIFORNIA MUNICIPAL FUND,MFS CALIFORNIA MUNICIPAL FUND,MFS CALIFORNIA MUNICIPAL FUND,1,resolved,1092896,MFS CALIFORNIA MUNICIPAL FUND,,1999-08-11,2026-08-11,,
CCMP,2016-01-04,2022-07-05,alpaca,"CMC Materials, Inc. Common Stock","CMC Materials, Inc","CMC Materials, Inc",1,resolved,1102934,"CMC Materials, Inc.",,2012-12-05,2022-07-18,,
CCON,2020-08-25,2021-09-17,alpaca,Direxion Connected Consumer ETF,Direxion Connected Consumer ETF,Direxion Connected Consumer ETF,0,rejected_by_name_zero,,,,,,,
CCR,2017-11-29,2020-12-29,alpaca,CONSOL Coal Resources LP,CONSOL Coal Resources LP,CONSOL Coal Resources LP,1,resolved,1637558,CONSOL Coal Resources LP,,2015-04-01,2021-01-11,,
CCRC,2016-01-04,2021-07-06,alpaca,"China Customer Relations Centers, Inc. Ordinary Shares","China Customer Relations Centers, Inc","China Customer Relations Centers, Inc",1,resolved,1620664,"China Customer Relations Centers, Inc.",,2014-10-14,2021-07-16,,
CDK,2016-01-04,2022-07-05,alpaca,"CDK Global, Inc. Common Stock","CDK Global, Inc","CDK Global, Inc",1,resolved,1609702,"CDK Global, Inc.",,2014-06-10,2022-08-02,,
CDMOP,2018-01-08,2021-04-12,alpaca,"Avid Bioservices, Inc. 10.50% Series E Convertible Preferred Stock","Avid Bioservices, Inc","Avid Bioservices, Inc",1,resolved,704562,"Avid Bioservices, Inc.",,2009-09-03,2025-05-15,,
CDOR,2016-01-04,2021-12-30,alpaca,"Condor Hospitality Trust, Inc. Common Stock","Condor Hospitality Trust, Inc","Condor Hospitality Trust, Inc",1,resolved,929545,"CONDOR HOSPITALITY TRUST, INC.",,2008-07-14,2022-04-25,,
CDR,2016-01-04,2022-08-22,alpaca,"Cedar Realty Trust, Inc","Cedar Realty Trust, Inc","Cedar Realty Trust, Inc",1,resolved,761648,"CEDAR REALTY TRUST, INC.",,2007-06-20,2026-09-09,,
CEFL,2016-01-04,2020-03-26,alpaca,ETRACS Monthly Pay 2xLeveraged Closed-End Fund ETN,ETRACS Monthly Pay 2xLeveraged Closed-End Fund ETN,ETRACS Monthly Pay 2xLeveraged Closed-End Fund ETN,0,rejected_by_name_zero,,,,,,,
CELG,2016-01-04,2019-11-20,alpaca,Celgene Corporation Common Stock,Celgene Corporation,Celgene Corporation,0,rejected_by_name_zero,,,,,,,
CENHU,2021-02-04,2021-09-03,alpaca,Centricus Acquisition Corp. Unit,Centricus Acquisition Corp,Centricus Acquisition Corp,1,resolved,1836935,Centricus Acquisition Corp.,,2020-12-31,2021-09-20,,
CEO,2016-01-04,2021-03-08,alpaca,CNOOC Limited,CNOOC Limited,CNOOC Limited,0,rejected_by_name_zero,,,,,,,
CERN,2016-01-04,2022-06-07,alpaca,Cerner Corporation Common Stock,Cerner Corporation,Cerner Corporation,0,rejected_by_name_zero,,,,,,,
CETV,2016-01-04,2020-10-12,alpaca,Central European Media Enterprises Ltd. Class A Common Stock,Central European Media Enterprises Ltd,Central European Media Enterprises Ltd,1,resolved,925645,CENTRAL EUROPEAN MEDIA ENTERPRISES LTD,,2005-03-24,2020-10-23,,
CEZ,2016-03-23,2021-03-25,alpaca,VictoryShares Emerging Market Volatility Wtd ETF,VictoryShares Emerging Market Volatility Wtd ETF,VictoryShares Emerging Market Volatility Wtd ETF,0,rejected_by_name_zero,,,,,,,
CFACU,2020-11-13,2021-08-17,alpaca,CF Finance Acquisition Corp. III Unit,CF Finance Acquisition Corp. III,CF Finance Acquisition Corp. III,1,resolved,1818644,"AEye, Inc.",,2020-07-20,2026-09-11,,
CFFAU,2018-12-13,2020-11-13,alpaca,CF Finance Acquisition Corp. Unit,CF Finance Acquisition Corp,CF Finance Acquisition Corp,3,rejected_by_name_ambiguous,,,"[1811856, 1728041, 1818644]",,,,
CFFVU,2021-01-29,2022-01-25,alpaca,CF Acquisition Corp. V Unit,CF Acquisition Corp. V,CF Acquisition Corp. V,4,rejected_by_name_ambiguous,,,"[1828049, 1830081, 1839519, 1839530]",,,,
CFIIU,2020-08-27,2021-03-08,alpaca,CF Finance Acquisition Corp. II Unit,CF Finance Acquisition Corp. II,CF Finance Acquisition Corp. II,1,resolved,1818644,"AEye, Inc.",,2020-07-20,2026-09-11,,
CFVIU,2021-02-19,2022-09-15,alpaca,CF Acquisition Corp. VI Unit,CF Acquisition Corp. VI,CF Acquisition Corp. VI,3,rejected_by_name_ambiguous,,,"[1830081, 1839519, 1839530]",,,,
CFXA,2019-01-16,2022-01-14,alpaca,Colfax Corporation 5.75% Tangible Equity Units,Colfax Corporation,Colfax Corporation,0,rejected_by_name_zero,,,,,,,
CGROU,2020-05-01,2021-04-05,alpaca,Collective Growth Corporation Unit,Collective Growth Corporation,Collective Growth,1,resolved,1799611,Collective Growth Corp,,2020-01-28,2021-04-16,,
CHAC,2019-03-13,2026-03-26,alpaca,Crane Harbor Acquisition Corp. Class A Ordinary Shares,Crane Harbor Acquisition Corp,Crane Harbor Acquisition Corp,2,rejected_by_name_ambiguous,,,"[2054174, 2081358]",,,,
CHEP,2016-01-06,2020-12-11,alpaca,AGFiQ U.S. Market Neutral Value Fund,AGFiQ U.S. Market Neutral Value Fund,AGFiQ U.S. Market Neutral Value Fund,0,rejected_by_name_zero,,,,,,,
CHFN,2016-01-04,2018-08-31,,,,,,no_name,,,,,,,
CHIL,2018-12-11,2021-10-15,alpaca,Global X MSCI China Large-Cap 50 ETF,Global X MSCI China Large-Cap 50 ETF,Global X MSCI China Large-Cap 50 ETF,0,rejected_by_name_zero,,,,,,,
CHKE,2016-01-04,2019-06-26,ftd_description,CHEROKEE INC,CHEROKEE INC,CHEROKEE INC,1,resolved,844161,Apex Global Brands Inc.,,1995-11-17,2021-04-12,,
CHL,2016-01-04,2021-01-08,alpaca,China Mobile Limited,China Mobile Limited,China Mobile Limited,0,rejected_by_name_zero,,,,,,,
CHLD,2021-09-09,2022-02-08,alpaca,LifeGoal Children Investment ETF,LifeGoal Children Investment ETF,LifeGoal Children Investment ETF,0,rejected_by_name_zero,,,,,,,
CHMA,2016-01-04,2021-08-05,alpaca,"Chiasma, Inc. Common Stock","Chiasma, Inc","Chiasma, Inc",1,resolved,1339469,"CHIASMA, INC",,2005-09-21,2022-02-15,,
CHNGU,2019-06-27,2022-06-29,alpaca,Change Healthcare Inc. Tangible Equity Units,Change Healthcare Inc. Tangible Equity,Change Healthcare Inc. Tangible Equity,0,rejected_by_name_zero,,,,,,,
CHPM,2020-01-10,2022-04-22,alpaca,CHP Merger Corp. Class A Common Stock,CHP Merger Corp,CHP Merger Corp,1,resolved,1785041,CHP Merger Corp.,,2019-08-19,2022-05-03,,
CHPMU,2019-11-22,2022-04-21,alpaca,CHP Merger Corp. Unit,CHP Merger Corp,CHP Merger Corp,1,resolved,1785041,CHP Merger Corp.,,2019-08-19,2022-05-03,,
CHSP,2016-01-04,2019-09-17,ftd_description,CHESAPEAKE LODGING TRUST COMMO,CHESAPEAKE LODGING TRUST COMMO,CHESAPEAKE LODGING TRUST COMMO,0,rejected_by_name_zero,,,,,,,
CHU,2016-01-04,2021-01-08,alpaca,China Unicom (HONG KONG) Limited,China Unicom (HONG KONG) Limited,China Unicom (HONG KONG),1,resolved,1113866,CHINA UNICOM (HONG KONG) Ltd,,2002-03-28,2021-07-27,,
CHWAU,2021-08-30,2022-08-09,alpaca,CHW Acquisition Corporation Unit,CHW Acquisition Corporation,CHW Acquisition Corporation,0,rejected_by_name_zero,,,,,,,
CIICU,2019-12-13,2021-03-24,alpaca,CIIG Merger Corp. Units,CIIG Merger Corp,CIIG Merger Corp,2,rejected_by_name_ambiguous,,,"[1789760, 1841338]",,,,
CISN,2017-06-30,2020-01-30,alpaca,Cision Ltd. Ordinary Share,Cision Ltd. Ordinary Share,Cision Ltd. Ordinary Share,0,rejected_by_name_zero,,,,,,,
CIT,2016-01-04,2022-01-03,alpaca,CIT Group Inc.,CIT Group Inc,CIT Group Inc,2,rejected_by_name_ambiguous,,,"[20388, 1171825]",,,,
CIVI,2016-01-04,2026-01-29,alpaca,"Civitas Resources, Inc.","Civitas Resources, Inc","Civitas Resources, Inc",1,resolved,1509589,"CIVITAS RESOURCES, INC.",,2013-12-19,2026-02-17,,
CJ,2017-03-06,2019-10-30,ftd_description,C&J ENERGY SVCS INC NEW COM (D,C&J ENERGY SVCS INC NEW COM (D,C&J ENERGY SVCS INC NEW COM (D,0,rejected_by_name_zero,,,,,,,
CKH,2016-01-04,2021-04-15,alpaca,Seacor Holdings Inc.,Seacor Holdings Inc,Seacor Holdings Inc,1,resolved,859598,SEACOR HOLDINGS INC /NEW/,,2011-08-25,2021-04-28,,
CLAQR,2021-08-04,2022-09-12,alpaca,CleanTech Acquisition Corp. Rights,CleanTech Acquisition Corp,CleanTech Acquisition Corp,1,resolved,1849820,"Nauticus Robotics, Inc.",,2021-03-08,2026-09-11,,
CLAQU,2021-07-15,2022-09-07,alpaca,CleanTech Acquisition Corp. Units,CleanTech Acquisition Corp,CleanTech Acquisition Corp,1,resolved,1849820,"Nauticus Robotics, Inc.",,2021-03-08,2026-09-11,,
CLCT,2016-01-04,2021-02-05,alpaca,"Collectors Universe, Inc.","Collectors Universe, Inc",Collectors Universe,1,resolved,1089143,COLLECTORS UNIVERSE INC,,1999-09-02,2021-02-18,,
CLDB,2019-03-08,2021-10-29,alpaca,Cortland Bancorp Common Stock,Cortland Bancorp,Cortland Bancorp,1,resolved,774569,CORTLAND BANCORP INC,,2014-01-02,2022-02-11,,
CLDR,2017-04-28,2021-10-07,alpaca,"Cloudera, Inc.","Cloudera, Inc","Cloudera, Inc",1,resolved,1535379,"Cloudera, Inc.",,2011-12-01,2021-10-19,,
CLDS,2021-01-08,2022-09-23,alpaca,Direxion Daily Cloud Computing Bear 2X Shares,Direxion Daily Cloud Computing Bear 2X Shares,Direxion Daily Cloud Computing Bear 2X Shares,0,rejected_by_name_zero,,,,,,,
CLGX,2016-01-04,2021-06-03,alpaca,"Corelogic, Inc.","Corelogic, Inc","Corelogic, Inc",1,resolved,36047,"CORELOGIC, INC.",,2011-05-20,2021-06-15,,
CLMA,2021-07-21,2022-06-10,alpaca,iClima Climate Change Solutions ETF,iClima Climate Change Solutions ETF,iClima Climate Change Solutions ETF,0,rejected_by_name_zero,,,,,,,
CLNS,2017-01-11,2018-06-22,,,,,,no_name,,,,,,,
CMD,2016-01-04,2021-06-01,alpaca,Cantel Medical Corporation,Cantel Medical Corporation,Cantel Medical,1,resolved,19446,CANTEL MEDICAL LLC,,2010-01-04,2022-02-11,,
CMFNL,2018-07-13,2021-04-20,alpaca,CM Finance Inc 6.125% Notes due 2023,CM Finance Inc,CM Finance Inc,1,resolved,1578348,"Investcorp Credit Management BDC, Inc.",,2013-07-09,2026-08-14,,
CMLFU,2020-09-02,2021-07-22,alpaca,"CM Life Sciences, Inc. Unit","CM Life Sciences, Inc","CM Life Sciences, Inc",1,resolved,1818331,GeneDx Holdings Corp.,,2020-07-23,2026-09-11,,
CMLTU,2021-04-07,2021-12-17,alpaca,CM Life Sciences III Inc. Unit,CM Life Sciences III Inc,CM Life Sciences III Inc,1,resolved,1843762,"EQRx, Inc.",,2021-02-25,2023-11-20,,
CMO,2016-01-04,2021-10-18,alpaca,Capstead Mortgage Corp.,Capstead Mortgage Corp,Capstead Mortgage Corp,1,resolved,766701,CAPSTEAD MORTGAGE CORP,,2004-01-20,2021-10-28,,
CMPI,2020-08-07,2022-05-27,alpaca,"Checkmate Pharmaceuticals, Inc. Common Stock","Checkmate Pharmaceuticals, Inc","Checkmate Pharmaceuticals, Inc",1,resolved,1651431,"Checkmate Pharmaceuticals, Inc.",,2015-08-25,2022-06-10,,
CMSS,2017-11-06,2019-05-01,ftd_description,CM SEVEN STAR ACQUISITION CORP,CM SEVEN STAR ACQUISITION CORP,CM SEVEN STAR ACQUISITION CORP,1,resolved,1713539,Kaixin Holdings,,2017-08-11,2026-09-04,,
CMSSU,2017-10-26,2019-05-01,ftd_description,CM SEVEN STAR ACQUISITION CORP,CM SEVEN STAR ACQUISITION CORP,CM SEVEN STAR ACQUISITION CORP,1,resolved,1713539,Kaixin Holdings,,2017-08-11,2026-09-04,,
CMTA,2017-08-02,2019-04-17,ftd_description,CLEMENTIA PHARMACEUTICALS INC,CLEMENTIA PHARMACEUTICALS INC,CLEMENTIA PHARMACEUTICALS INC,1,resolved,1647320,Clementia Pharmaceuticals Inc.,,2015-07-07,2019-04-29,,
CNBKA,2016-01-04,2021-11-12,alpaca,"Century Bancorp, Inc. Class A Common Stock","Century Bancorp, Inc","Century Bancorp, Inc",0,rejected_by_name_zero,,,,,,,
CNDF,2016-05-16,2018-08-15,,,,,,no_name,,,,,,,
CNHX,2016-01-05,2020-01-06,alpaca,CSOP MSCI China A International Hedged ETF,CSOP MSCI China A International Hedged ETF,CSOP MSCI China A International Hedged ETF,0,rejected_by_name_zero,,,,,,,
CNSF,2016-05-27,2018-08-15,,,,,,no_name,,,,,,,
CNST,2018-07-19,2021-07-14,alpaca,"Constellation Pharmaceuticals, Inc. Common Stock","Constellation Pharmaceuticals, Inc",Constellation Pharmaceuticals,1,resolved,1434418,CONSTELLATION PHARMACEUTICALS INC,,2008-05-05,2021-07-26,,
CNXM,2018-01-04,2020-09-25,alpaca,CNX Midstream Partners LP,CNX Midstream Partners LP,CNX Midstream Partners LP,1,resolved,1610418,CNX Midstream Partners LP,,2014-06-12,2021-02-09,,
CNY,2016-01-04,2020-03-30,alpaca,Market Vectors-Renminbi,Market Vectors-Renminbi,Market Vectors-Renminbi,0,rejected_by_name_zero,,,,,,,
COBZ,2016-01-04,2018-09-28,,,,,,no_name,,,,,,,
COEP,2022-10-31,2026-04-24,alpaca,Coeptis Therapeutics Holdings Inc. Common Stock,Coeptis Therapeutics Holdings Inc,Coeptis Therapeutics Holdings,1,resolved,1759186,Z Squared Inc.,,2019-02-21,2026-09-10,,
COMG,2017-05-25,2019-11-15,alpaca,GraniteShares S&P GSCI Commodity Broad Strategy No K-1 ETF,GraniteShares S&P GSCI Commodity Broad Strategy No K-1 ETF,GraniteShares S&P GSCI Commodity Broad Strategy No K-1 ETF,0,rejected_by_name_zero,,,,,,,
CONE,2016-01-04,2022-03-24,alpaca,CyrusOne Inc Common Stock,CyrusOne Inc,CyrusOne Inc,1,resolved,1553023,CyrusOne Holdco LLC,,2012-08-07,2025-01-21,,
CORE,2016-01-04,2021-09-01,alpaca,Core Mark Holding Co Inc Common Stock,Core Mark Holding Co Inc,Core Mark Holding Co Inc,0,rejected_by_name_zero,,,,,,,
CORV,2018-05-17,2020-05-26,alpaca,Correvio Pharma Corp. Ordinary Shares (Canada),Correvio Pharma Corp,Correvio Pharma Corp,1,resolved,1036141,Correvio Pharma Corp.,,2000-04-11,2020-06-09,,
COTV,2016-05-26,2018-08-24,,,,,,no_name,,,,,,,
COWNZ,2017-12-15,2021-04-22,alpaca,Cowen Inc. 7.35% Senior Notes Due 2027,Cowen Inc,Cowen Inc,2,rejected_by_name_ambiguous,,,"[1466538, 793578]",,,,
CPAAU,2016-07-15,2023-08-11,alpaca,Conyers Park III Acquisition Corp. Unit,Conyers Park III Acquisition Corp,Conyers Park III Acquisition Corp,1,resolved,1841137,Conyers Park III Acquisition Corp.,,2021-05-18,2024-02-12,,
CPAH,2016-01-04,2021-02-26,alpaca,CounterPath Corporation Common Stock,CounterPath Corporation,CounterPath,1,resolved,1236997,COUNTERPATH CORP,,2003-07-16,2021-03-09,,
CPL,2016-01-04,2020-01-27,alpaca,CPFL Energia S.A.,CPFL Energia S.A,CPFL Energia S.A,0,rejected_by_name_zero,,,,,,,
CPLG,2018-05-31,2022-03-02,alpaca,CorePoint Lodging Inc. Common Stock,CorePoint Lodging Inc,CorePoint Lodging Inc,1,resolved,1707178,CorePoint Lodging Inc.,,2017-07-26,2023-02-09,,
CPTAG,2017-06-02,2022-05-27,alpaca,Capitala Finance Corp. 5.75% Convertible Notes Due 2022,Capitala Finance Corp,Capitala Finance Corp,1,resolved,1571329,Logan Ridge Finance Corp.,,2013-04-10,2025-07-25,,
CPTAL,2017-05-23,2022-05-27,alpaca,Capitala Finance Corp. 6% Notes Due 2022,Capitala Finance Corp,Capitala Finance Corp,1,resolved,1571329,Logan Ridge Finance Corp.,,2013-04-10,2025-07-25,,
CQH,2016-01-04,2018-09-19,,,,,,no_name,,,,,,,
CRAY,2016-01-04,2019-09-24,ftd_description,CRAY INC NEW,CRAY INC NEW,CRAY INC NEW,0,rejected_by_name_zero,,,,,,,
CRCM,2016-01-04,2020-02-10,alpaca,"CARE.COM, INC.","CARE.COM, INC",CARE.COM,1,resolved,1412270,Care.com Inc,,2007-09-11,2020-02-21,,
CRHM,2016-01-04,2021-04-22,alpaca,CRH Medical Corporation,CRH Medical Corporation,CRH Medical,1,resolved,1461119,CRH Medical Corp,,2009-04-09,2021-05-04,,
CROC,2016-01-04,2022-05-02,alpaca,ProShares UltraShort Australian Dollar,ProShares UltraShort Australian Dollar,ProShares UltraShort Australian Dollar,0,rejected_by_name_zero,,,,,,,
CROP,2016-01-04,2020-08-05,alpaca,IQ Global Agribusiness Small Cap ETF,IQ Global Agribusiness Small Cap ETF,IQ Global Agribusiness Small Cap ETF,0,rejected_by_name_zero,,,,,,,
CRZO,2016-01-04,2019-12-20,alpaca,"Carrizo Oil & Gas, Inc. Common Stock","Carrizo Oil & Gas, Inc",Carrizo Oil & Gas,1,resolved,1040593,CARRIZO OIL & GAS INC,,2008-11-06,2019-12-30,,
CSFL,2016-01-04,2020-06-05,alpaca,CenterState Bank Corporation Common Stock,CenterState Bank Corporation,CenterState Bank Corporation,0,rejected_by_name_zero,,,,,,,
CSLT,2016-01-04,2022-02-16,alpaca,"CASTLIGHT HEALTH, INC.","CASTLIGHT HEALTH, INC","CASTLIGHT HEALTH, INC",1,resolved,1433714,"CASTLIGHT HEALTH, INC.",,2008-04-23,2022-03-10,,
CSOD,2016-01-04,2021-10-14,alpaca,"Cornerstone OnDemand, Inc. Common Stock","Cornerstone OnDemand, Inc",Cornerstone OnDemand,1,resolved,1401680,Cornerstone OnDemand Inc,,2011-03-21,2022-02-10,,
CSPR,2020-02-06,2022-01-24,alpaca,Casper Sleep Inc.,Casper Sleep Inc,Casper Sleep Inc,1,resolved,1598674,Casper Sleep Inc.,,2014-01-30,2022-02-14,,
CSS,2016-01-04,2020-03-03,alpaca,"CSS Industries, Inc.","CSS Industries, Inc",CSS Industries,1,resolved,20629,CSS INDUSTRIES INC,,2005-04-11,2021-02-16,,
CSWCL,2017-12-18,2021-01-20,alpaca,Capital Southwest Corporation 5.95% Notes due 2022,Capital Southwest Corporation,Capital Southwest Corporation,0,rejected_by_name_zero,,,,,,,
CTB,2016-01-04,2021-06-04,alpaca,Cooper Tire & Rubber Co.,Cooper Tire & Rubber Co,Cooper Tire & Rubber Co,2,rejected_by_name_ambiguous,,,"[24491, 1914294]",,,,
CTEK,2017-09-08,2022-08-31,alpaca,"CynergisTek, Inc.","CynergisTek, Inc","CynergisTek, Inc",1,resolved,1011432,"CYNERGISTEK, INC",,1999-10-01,2022-09-19,,
CTRL,2016-01-04,2019-07-31,ftd_description,CONTROL4 CORP COM STK (DE),CONTROL4 CORP COM STK (DE),CONTROL4 CORP COM STK (DE),0,rejected_by_name_zero,,,,,,,
CTRU,2021-12-08,2022-07-26,alpaca,ARK Transparency ETF,ARK Transparency ETF,ARK Transparency ETF,0,rejected_by_name_zero,,,,,,,
CTT,2016-01-04,2022-09-14,alpaca,"CATCHMARK TIMBER TRUST, INC.","CATCHMARK TIMBER TRUST, INC","CATCHMARK TIMBER TRUST, INC",1,resolved,1341141,"CatchMark Timber Trust, Inc.",,2005-11-10,2023-02-13,,
CTV,2016-01-04,2025-02-12,alpaca,Innovid Corp.,Innovid Corp,Innovid Corp,1,resolved,1835378,Innovid Corp.,,2020-12-15,2025-05-15,,
CTWS,2016-01-04,2019-10-09,ftd_description,CONN WATER SERVICE INC,CONN WATER SERVICE INC,CONN WATER SERVICE INC,0,rejected_by_name_zero,,,,,,,
CTY,2016-01-04,2020-12-11,alpaca,QWEST CORPORATION 6.125%  NOTES DUE 2053,QWEST CORPORATION,QWEST CORPORATION,0,rejected_by_name_zero,,,,,,,
CTZ,2016-01-04,2020-10-23,alpaca,Qwest Corporation,Qwest Corporation,Qwest Corporation,0,rejected_by_name_zero,,,,,,,
CUMB,2017-01-18,2019-04-12,,,,,,no_name,,,,,,,
CUO,2016-01-07,2020-05-11,alpaca,Continental Materials Corporation,Continental Materials Corporation,Continental Materials,1,resolved,24104,CONTINENTAL MATERIALS CORP,,1994-11-14,2020-05-21,,
CUR,2016-01-04,2019-10-31,ftd_description,"NEURALSTEM, INC. COMMON NEW","NEURALSTEM, INC. COMMON NEW","NEURALSTEM, INC. COMMON NEW",0,rejected_by_name_zero,,,,,,,
CVA,2016-01-04,2021-11-29,alpaca,Covanta Holding Corporation,Covanta Holding Corporation,Covanta Holding,1,resolved,225648,COVANTA HOLDING CORP,,2008-08-04,2021-12-10,,
CVON,2018-02-23,2019-01-03,ftd_description,CONVERGEONE HLDGS INC CL A COM,CONVERGEONE HLDGS INC CL A COM,CONVERGEONE HLDGS INC CL A COM,0,rejected_by_name_zero,,,,,,,
CVRR,2016-01-04,2019-01-28,ftd_description,CVR REFNG LP COM UNIT REPSTG L,CVR REFNG LP COM UNIT REPSTG L,CVR REFNG LP COM UNIT REPSTG L,0,rejected_by_name_zero,,,,,,,
CVRS,2016-01-04,2019-10-28,ftd_description,"CORINDUS VASCULAR ROBOTICS, IN","CORINDUS VASCULAR ROBOTICS, IN","CORINDUS VASCULAR ROBOTICS, IN",1,resolved,1528557,"Corindus Vascular Robotics, Inc.",,2011-08-31,2019-11-08,,
CWAY,2016-01-04,2018-10-05,,,,,,no_name,,,,,,,
CXO,2016-01-04,2021-01-15,alpaca,CONCHO RESOURCES INC.,CONCHO RESOURCES INC,CONCHO RESOURCES INC,2,rejected_by_name_ambiguous,,,"[1364389, 1358071]",,,,
CXP,2016-01-04,2021-12-07,alpaca,"COLUMBIA PROPERTY TRUST, INC.","COLUMBIA PROPERTY TRUST, INC","COLUMBIA PROPERTY TRUST, INC",1,resolved,1252849,"COLUMBIA PROPERTY TRUST, INC.",,2004-10-27,2022-02-04,,
CY,2016-01-04,2020-04-15,alpaca,Cypress Semiconductor Corporation Common Stock,Cypress Semiconductor Corporation,Cypress Semiconductor Corporation,0,rejected_by_name_zero,,,,,,,
CYOU,2016-01-04,2020-04-17,alpaca,Changyou.com Limited American Depository Share,Changyou.com Limited American Depository Share,Changyou.com Limited American Depository Share,0,rejected_by_name_zero,,,,,,,
CYTX,2016-01-04,2019-07-26,,,,,,no_name,,,,,,,
CZFC,2016-01-04,2019-06-28,ftd_description,CITIZENS FIRST CORP,CITIZENS FIRST CORP,CITIZENS FIRST CORP,1,resolved,1073475,CITIZENS FIRST CORP,,1998-11-17,2019-07-12,,
CZZ,2016-01-04,2021-03-05,alpaca,Cosan Limited,Cosan Limited,Cosan Limited,0,rejected_by_name_zero,,,,,,,
DATA,2016-01-04,2019-07-31,ftd_description,TABLEAU SOFTWARE INC,TABLEAU SOFTWARE INC,TABLEAU SOFTWARE INC,1,resolved,1303652,Tableau Software Inc,,2004-09-20,2019-08-12,,
DAUD,2017-12-12,2020-10-29,alpaca,"Exchange-Traded Notes linked to the VelocityShares Daily 4X Long USD vs. AUD Index due December 6, 2",Exchange-Traded,Exchange-Traded,0,rejected_by_name_zero,,,,,,,
DBDRU,2020-11-06,2021-12-27,alpaca,Roman DBDR Tech Acquisition Corp. Unit,Roman DBDR Tech Acquisition Corp,Roman DBDR Tech Acquisition Corp,3,rejected_by_name_ambiguous,,,"[1823144, 1843548, 1849166]",,,,
DBKO,2016-01-04,2019-11-12,alpaca,Xtrackers MSCI South Korea Hedged Equity ETF,Xtrackers MSCI South Korea Hedged Equity ETF,Xtrackers MSCI South Korea Hedged Equity ETF,0,rejected_by_name_zero,,,,,,,
DBUK,2016-01-05,2019-04-30,,,,,,no_name,,,,,,,
DCHF,2017-12-12,2020-10-30,alpaca,"Exchange-Traded Notes linked to the VelocityShares Daily 4X Long USD vs. CHF Index due December 6, 2",Exchange-Traded,Exchange-Traded,0,rejected_by_name_zero,,,,,,,
DCRBU,2020-10-20,2021-07-16,alpaca,Decarbonization Plus Acquisition Corporation Unit,Decarbonization Plus Acquisition Corporation,Decarbonization Plus Acquisition Corporation,0,rejected_by_name_zero,,,,,,,
DCRCU,2021-03-24,2021-12-08,alpaca,Decarbonization Plus Acquisition Corporation III Unit,Decarbonization Plus Acquisition Corporation III,Decarbonization Plus Acquisition Corporation III,0,rejected_by_name_zero,,,,,,,
DCRNU,2021-02-04,2022-01-13,alpaca,Decarbonization Plus Acquisition Corporation II Unit,Decarbonization Plus Acquisition Corporation II,Decarbonization Plus Acquisition Corporation II,0,rejected_by_name_zero,,,,,,,
DCT,2016-01-04,2023-03-29,alpaca,"Duck Creek Technologies, Inc. Common Stock","Duck Creek Technologies, Inc","Duck Creek Technologies, Inc",1,resolved,1160951,"DUCK CREEK TECHNOLOGIES, INC.",,2002-09-26,2024-02-13,,
DCUD,2016-08-18,2019-08-14,ftd_description,DOMINION ENERGY INC 2016 SER A,DOMINION ENERGY INC 2016 SER A,DOMINION ENERGY INC 2016 SER A,0,rejected_by_name_zero,,,,,,,
DCUE,2019-06-19,2022-05-31,alpaca,"Dominion Energy, Inc. 2019 Series A Corporate Units","Dominion Energy, Inc. 2019 Series A Corporate","Dominion Energy, Inc. 2019 Series A Corporate",0,rejected_by_name_zero,,,,,,,
DDBI,2016-01-04,2019-03-15,ftd_description,LEGG MASON ETF INVT TR DEVELOP,LEGG MASON ETF INVT TR DEVELOP,LEGG MASON ETF INVT TR DEVELOP,0,rejected_by_name_zero,,,,,,,
DDE,2016-01-04,2019-03-28,ftd_description,DOVER DOWNS GAM&ENTNMNT INC.,DOVER DOWNS GAM&ENTNMNT INC,DOVER DOWNS GAM&ENTNMNT INC,0,rejected_by_name_zero,,,,,,,
DDG,2016-01-04,2022-05-02,alpaca,Proshares Short Oil & Gas,Proshares Short Oil & Gas,Proshares Short Oil & Gas,0,rejected_by_name_zero,,,,,,,
DDMX,2019-01-02,2021-11-30,alpaca,DD3 Acquisition Corp. II Class A Common Stock,DD3 Acquisition Corp. II,DD3 Acquisition Corp. II,2,rejected_by_name_ambiguous,,,"[1828957, 1848052]",,,,
DDMXU,2018-10-12,2021-11-30,alpaca,DD3 Acquisition Corp. II Unit,DD3 Acquisition Corp. II,DD3 Acquisition Corp. II,2,rejected_by_name_ambiguous,,,"[1828957, 1848052]",,,,
DEACU,2019-05-10,2020-04-23,alpaca,Diamond Eagle Acquisition Corp. Unit,Diamond Eagle Acquisition Corp,Diamond Eagle Acquisition Corp,1,resolved,1772757,DraftKings Holdings Inc.,,2019-04-05,2024-06-17,,
DEFA,2016-01-08,2021-08-23,alpaca,iShares Adaptive Currency Hedged MSCI EAFE ETF,iShares Adaptive Currency Hedged MSCI EAFE ETF,iShares Adaptive Currency Hedged MSCI EAFE ETF,0,rejected_by_name_zero,,,,,,,
DEFN,2020-11-25,2021-10-28,alpaca,Emles Protective Allocation ETF,Emles Protective Allocation ETF,Emles Protective Allocation ETF,0,rejected_by_name_zero,,,,,,,
DELT,2016-01-07,2019-02-14,ftd_description,DELTA TECHNOLOGIES HLDGS LTD U,DELTA TECHNOLOGIES HLDGS LTD U,DELTA TECHNOLOGIES HLDGS LTD U,0,rejected_by_name_zero,,,,,,,
DEMG,2016-04-19,2019-11-12,alpaca,Xtrackers FTSE Emerging Comprehensive Factor ETF,Xtrackers FTSE Emerging Comprehensive Factor ETF,Xtrackers FTSE Emerging Comprehensive Factor ETF,0,rejected_by_name_zero,,,,,,,
DESC,2016-06-28,2019-11-12,alpaca,Xtrackers Russell 2000 Comprehensive Factor ETF,Xtrackers Russell 2000 Comprehensive Factor ETF,Xtrackers Russell 2000 Comprehensive Factor ETF,0,rejected_by_name_zero,,,,,,,
DEUR,2017-12-12,2020-10-30,alpaca,"Exchange-Traded Notes linked to the VelocityShares Daily 4X Long USD vs. EUR Index due December 6, 2",Exchange-Traded,Exchange-Traded,0,rejected_by_name_zero,,,,,,,
DEWJ,2016-01-08,2019-08-06,ftd_description,ISHARES TR ADAPTIVE CURRENCY H,ISHARES TR ADAPTIVE CURRENCY H,ISHARES TR ADAPTIVE CURRENCY H,0,rejected_by_name_zero,,,,,,,
DEZU,2016-01-08,2019-08-16,ftd_description,ISHARES TR ADAPTIVE CURRENCY H,ISHARES TR ADAPTIVE CURRENCY H,ISHARES TR ADAPTIVE CURRENCY H,0,rejected_by_name_zero,,,,,,,
DFBHU,2018-02-16,2019-11-08,ftd_description,DFB HEALTHCARE ACQUISITIONS CO,DFB HEALTHCARE ACQUISITIONS CO,DFB HEALTHCARE ACQUISITIONS CO,1,resolved,1725255,AdaptHealth Corp.,,2017-12-29,2026-09-11,,
DFHTU,2020-07-17,2021-06-08,alpaca,Deerfield Healthcare Technology Acquisitions Corp. Unit,Deerfield Healthcare Technology Acquisitions Corp,Deerfield Healthcare Technology Acquisitions Corp,1,resolved,1813914,"CareMax, Inc.",,2020-06-04,2025-02-21,,
DFPHU,2020-03-11,2021-11-10,alpaca,DFP Healthcare Acquisitions Corp. Unit,DFP Healthcare Acquisitions Corp,DFP Healthcare Acquisitions Corp,1,resolved,1799191,"Starling Oncology, Inc.",,2020-01-14,2026-09-02,,
DFRG,2016-01-04,2019-09-24,ftd_description,DEL FRISCOS RESTAURANT GROUP I,DEL FRISCOS RESTAURANT GROUP I,DEL FRISCOS RESTAURANT GROUP I,0,rejected_by_name_zero,,,,,,,
DFVL,2016-01-04,2021-07-09,alpaca,iPath US Treasury 5-year Bull ETN,iPath US Treasury 5-year Bull ETN,iPath US Treasury 5-year Bull ETN,0,rejected_by_name_zero,,,,,,,
DFVS,2016-01-04,2021-07-09,alpaca,iPath US Treasury 5-year Bear ETN,iPath US Treasury 5-year Bear ETN,iPath US Treasury 5-year Bear ETN,0,rejected_by_name_zero,,,,,,,
DGBP,2017-12-12,2020-10-30,alpaca,"Exchange-Traded Notes linked to the VelocityShares Daily 4X Long USD vs. GBP Index due December 6, 2",Exchange-Traded,Exchange-Traded,0,rejected_by_name_zero,,,,,,,
DGSE,2016-01-04,2019-12-17,alpaca,"DGSE Companies, Inc.","DGSE Companies, Inc",DGSE Companies,1,resolved,701719,Envela Corp,,1995-08-02,2026-09-01,,
DHCP,2016-01-04,2018-11-06,,,,,,no_name,,,,,,,
DHVW,2016-01-04,2019-04-04,ftd_description,ETF SER SOLUTIONS,ETF SER SOLUTIONS,ETF SER SOLUTIONS,0,rejected_by_name_zero,,,,,,,
DIET,2019-11-14,2020-05-21,alpaca,Defiance Next Gen Food and Agriculture ETF,Defiance Next Gen Food and Agriculture ETF,Defiance Next Gen Food and Agriculture ETF,0,rejected_by_name_zero,,,,,,,
DISCB,2016-01-04,2022-04-08,alpaca,"Discovery, Inc. Series B Common Stock","Discovery, Inc. Series B","Discovery, Inc. Series B",0,rejected_by_name_zero,,,,,,,
DISCK,2016-01-04,2022-04-08,alpaca,"Discovery, Inc. Series C Common Stock","Discovery, Inc. Series C","Discovery, Inc. Series C",0,rejected_by_name_zero,,,,,,,
DIVA,2016-01-05,2022-06-13,alpaca,AGFiQ Hedged Dividend Income Fund,AGFiQ Hedged Dividend Income Fund,AGFiQ Hedged Dividend Income Fund,0,rejected_by_name_zero,,,,,,,
DIVC,2016-01-04,2020-10-30,alpaca,"C-Tracks Exchange Traded Notes Miller/Howard Strategic Dividend Reinvestor Due September 16, 2024",C-Tracks Exchange Traded,C-Tracks Exchange Traded,0,rejected_by_name_zero,,,,,,,
DJCI,2016-01-04,2020-12-09,alpaca,"ETRACS Linked to the Bloomberg Commodity Index Total Return due October 31, 2039","ETRACS Linked to the Bloomberg Commodity Index Total Return due October 31, 2039","ETRACS Linked to the Bloomberg Commodity Index Total Return due October 31, 2039",0,rejected_by_name_zero,,,,,,,
DJPY,2017-12-12,2020-10-30,alpaca,"Exchange-Traded Notes linked to the VelocityShares Daily 4X Long USD vs. JPY Index due December 6, 2",Exchange-Traded,Exchange-Traded,0,rejected_by_name_zero,,,,,,,
DL,2016-01-04,2021-03-18,alpaca,China Distance Education Holdings Limited,China Distance Education Holdings Limited,China Distance Education Holdings,1,resolved,1438644,China Distance Education Holdings LTD,,2008-07-07,2022-01-26,,
DLBR,2017-08-16,2020-04-16,alpaca,VelocityShares Short LIBOR ETN,VelocityShares Short LIBOR ETN,VelocityShares Short LIBOR ETN,0,rejected_by_name_zero,,,,,,,
DLBS,2016-01-04,2020-03-06,alpaca,iPath US Treasury Long Bond Bear ETN,iPath US Treasury Long Bond Bear ETN,iPath US Treasury Long Bond Bear ETN,0,rejected_by_name_zero,,,,,,,
DLPH,2016-01-04,2020-10-01,alpaca,Delphi Technologies PLC Ordinary Shares,Delphi Technologies PLC,Delphi Technologies PLC,1,resolved,1707092,Delphi Technologies PLC,,2017-06-09,2020-11-18,,
DM,2016-01-04,2025-04-01,alpaca,"Desktop Metal, Inc.","Desktop Metal, Inc","Desktop Metal, Inc",2,rejected_by_name_ambiguous,,,"[1656886, 1754820]",,,,
DMAQU,2021-10-27,2021-11-30,alpaca,Deep Medicine Acquisition Corp. Unit,Deep Medicine Acquisition Corp,Deep Medicine Acquisition Corp,1,resolved,1857086,"TruGolf Holdings, Inc.",,2021-08-03,2026-09-09,,
DMRE,2019-03-21,2022-04-07,alpaca,DeltaShares S&P EM 100 & Managed Risk ETF,DeltaShares S&P EM 100 & Managed Risk ETF,DeltaShares S&P EM 100 & Managed Risk ETF,0,rejected_by_name_zero,,,,,,,
DMRI,2017-08-02,2022-04-07,alpaca,DeltaShares S&P International Managed Risk ETF,DeltaShares S&P International Managed Risk ETF,DeltaShares S&P International Managed Risk ETF,0,rejected_by_name_zero,,,,,,,
DMRL,2017-08-02,2022-04-07,alpaca,DeltaShares S&P 500 Managed Risk ETF,DeltaShares S&P 500 Managed Risk ETF,DeltaShares S&P 500 Managed Risk ETF,0,rejected_by_name_zero,,,,,,,
DMRM,2017-08-02,2022-04-07,alpaca,DeltaShares S&P 400 Managed Risk ETF,DeltaShares S&P 400 Managed Risk ETF,DeltaShares S&P 400 Managed Risk ETF,0,rejected_by_name_zero,,,,,,,
DMRS,2017-08-02,2022-04-07,alpaca,DeltaShares S&P 600 Managed Risk ETF,DeltaShares S&P 600 Managed Risk ETF,DeltaShares S&P 600 Managed Risk ETF,0,rejected_by_name_zero,,,,,,,
DNB,2016-01-04,2025-08-25,alpaca,"Dun & Bradstreet Holdings, Inc.","Dun & Bradstreet Holdings, Inc","Dun & Bradstreet Holdings, Inc",1,resolved,1799208,"Dun & Bradstreet Holdings, Inc.",,2020-01-24,2025-11-13,,
DNBF,2016-01-04,2019-11-29,alpaca,DNB Financial Corp Common Stock,DNB Financial Corp,DNB Financial Corp,1,resolved,713671,DNB FINANCIAL CORP /PA/,,2008-05-08,2020-02-13,,
DNK,2020-01-17,2021-03-15,alpaca,"Phoenix Tree Holdings Limited American Depositary Shares, each representing ten (10) Class A ordinar",Phoenix Tree Holdings Limited,Phoenix Tree Holdings,1,resolved,1785154,Phoenix Tree Holdings Ltd,,2019-08-28,2021-04-23,,
DNKN,2016-01-04,2020-12-14,alpaca,"Dunkin' Brands Group, Inc. Common Stock","Dunkin' Brands Group, Inc","Dunkin' Brands Group, Inc",1,resolved,1357204,"DUNKIN' BRANDS GROUP, INC.",,2012-08-09,2021-02-11,,
DNO,2016-01-04,2018-09-06,,,,,,no_name,,,,,,,
DOGS,2018-01-04,2020-05-04,alpaca,Arrow Dogs of the World ETF,Arrow Dogs of the World ETF,Arrow Dogs of the World ETF,0,rejected_by_name_zero,,,,,,,
DOVA,2017-06-29,2019-11-11,alpaca,"Dova Pharmaceuticals, Inc. Common Stock","Dova Pharmaceuticals, Inc","Dova Pharmaceuticals, Inc",1,resolved,1685071,Dova Pharmaceuticals Inc.,,2016-09-23,2019-11-22,,
DPHCU,2019-02-28,2020-10-23,alpaca,DiamondPeak Holdings Corp. Units,DiamondPeak Holdings Corp,DiamondPeak Holdings Corp,1,resolved,1759546,Stark Novus Financial Inc.,,2018-11-21,2026-09-01,,
DPK,2016-01-04,2020-03-27,alpaca,Direxion Daily Developed Markets Bear 3x Shares,Direxion Daily Developed Markets Bear 3x Shares,Direxion Daily Developed Markets Bear 3x Shares,0,rejected_by_name_zero,,,,,,,
DPLO,2016-01-04,2020-02-07,alpaca,"DIPLOMAT PHARMACY, INC.","DIPLOMAT PHARMACY, INC","DIPLOMAT PHARMACY, INC",1,resolved,1610092,"Diplomat Pharmacy, Inc.",,2014-07-03,2020-02-20,,
DQML,2018-11-01,2019-10-22,ftd_description,REALITY SHS ETF TR FUNDSTRAT D,REALITY SHS ETF TR FUNDSTRAT D,REALITY SHS ETF TR FUNDSTRAT D,0,rejected_by_name_zero,,,,,,,
DRNA,2016-01-04,2021-12-27,alpaca,"Dicerna Pharmaceuticals, Inc. Common Stock","Dicerna Pharmaceuticals, Inc",Dicerna Pharmaceuticals,1,resolved,1399529,Dicerna Pharmaceuticals Inc,,2007-05-01,2022-02-14,,
DRR,2016-01-04,2020-04-29,alpaca,Market Vectors Double Short Euro ETN,Market Vectors Double Short Euro ETN,Market Vectors Double Short Euro ETN,0,rejected_by_name_zero,,,,,,,
DRUA,2016-07-25,2021-08-30,alpaca,"Dominion Energy, Inc 2016 Series A 5.25% Enhanced Junior Subordinated Notes due 2076","Dominion Energy, Inc 2016 Series A","Dominion Energy, Inc 2016 Series A",0,rejected_by_name_zero,,,,,,,
DRYS,2016-01-04,2019-10-10,ftd_description,DRYSHIPS INC COM PAR NEW (MHL),DRYSHIPS INC COM PAR NEW (MHL),DRYSHIPS INC COM PAR NEW (MHL),0,rejected_by_name_zero,,,,,,,
DSE,2016-01-04,2021-06-21,alpaca,Duff & Phelps Select MLP and Midstream Energy Fund Inc.,Duff & Phelps Select MLP and Midstream Energy Fund Inc,Duff & Phelps Select MLP and Midstream Energy Fund Inc,0,rejected_by_name_zero,,,,,,,
DSPG,2016-01-04,2021-12-02,alpaca,"DSP Group, Inc. Common Stock","DSP Group, Inc",DSP Group,1,resolved,915778,DSP GROUP INC /DE/,,2003-05-09,2022-02-09,,
DSSI,2019-03-28,2021-07-15,alpaca,Diamond S Shipping Inc. Common Shares,Diamond S Shipping Inc. Common Shares,Diamond S Shipping Inc. Common Shares,0,rejected_by_name_zero,,,,,,,
DSUM,2016-01-04,2019-02-20,ftd_description,INVESCO EXCHANGE-TRADED FD TR,INVESCO EXCHANGE-TRADED FD TR,INVESCO EXCHANGE-TRADED FD TR,0,rejected_by_name_zero,,,,,,,
DTJ,2016-06-01,2021-06-29,alpaca,DTE Energy Company 2016 Series B 5.375% Junior Subordinated Debentures due 2076,DTE Energy Company 2016 Series B,DTE Energy Company 2016 Series B,0,rejected_by_name_zero,,,,,,,
DTO,2016-01-04,2020-05-18,alpaca,"DB Crude Oil Double Short Exchange Traded Notes due June 1, 2038",DB Crude Oil Double Short Exchange Traded,DB Crude Oil Double Short Exchange Traded,0,rejected_by_name_zero,,,,,,,
DTQ,2016-01-04,2020-10-21,alpaca,DTE ENERGY COMPANY 2012 Series C 5.25% Junior Subordinated Debentures due 2062,DTE ENERGY COMPANY 2012 Series C,DTE ENERGY COMPANY 2012 Series C,0,rejected_by_name_zero,,,,,,,
DTRM,2016-01-04,2018-12-19,ftd_description,DETERMINE INC COM (DE),DETERMINE INC COM (DE),DETERMINE INC COM (DE),0,rejected_by_name_zero,,,,,,,
DTUL,2016-01-04,2020-06-08,alpaca,iPath US Treasury 2-year Bull ETN,iPath US Treasury 2-year Bull ETN,iPath US Treasury 2-year Bull ETN,0,rejected_by_name_zero,,,,,,,
DTUS,2016-01-04,2020-07-30,alpaca,iPath US Treasury 2-year Bear ETN,iPath US Treasury 2-year Bear ETN,iPath US Treasury 2-year Bear ETN,0,rejected_by_name_zero,,,,,,,
DTV,2016-10-11,2019-09-30,ftd_description,DTE ENERGY CO CORPORATE UNIT,DTE ENERGY CO CORPORATE,DTE ENERGY CO CORPORATE,0,rejected_by_name_zero,,,,,,,
DTY,2016-12-08,2021-12-14,alpaca,DTE Energy Company 2016 Series F 6.00% Junior Subordinated Debentures due 2076,DTE Energy Company 2016 Series F,DTE Energy Company 2016 Series F,0,rejected_by_name_zero,,,,,,,
DTYL,2016-02-17,2020-08-06,alpaca,iPath US Treasury 10-year Bull ETN,iPath US Treasury 10-year Bull ETN,iPath US Treasury 10-year Bull ETN,0,rejected_by_name_zero,,,,,,,
DTYS,2016-01-04,2020-03-09,alpaca,iPath US Treasury 10-year Bear ETN,iPath US Treasury 10-year Bear ETN,iPath US Treasury 10-year Bear ETN,0,rejected_by_name_zero,,,,,,,
DUAL,2020-08-12,2020-12-29,alpaca,North Shore Dual Share Class ETF,North Shore Dual Share Class ETF,North Shore Dual Share Class ETF,0,rejected_by_name_zero,,,,,,,
DUC,2016-01-04,2021-03-05,alpaca,Duff & Phelps Utility & Corporate Bond Trust,Duff & Phelps Utility & Corporate Bond Trust,Duff & Phelps Utility & Corporate Bond Trust,1,resolved,894239,DUFF & PHELPS UTILITY & CORPORATE BOND TRUST INC,,1995-02-28,2021-08-16,,
DVD,2016-01-04,2021-12-21,alpaca,Dover Motorsports,Dover Motorsports,Dover Motorsports,1,resolved,1017673,DOVER MOTORSPORTS LLC,,1996-07-15,2022-01-10,,
DVHL,2016-01-04,2020-03-25,alpaca,ETRACS Monthly Pay 2xLeveraged Diversified High Income ETN,ETRACS Monthly Pay 2xLeveraged Diversified High Income ETN,ETRACS Monthly Pay 2xLeveraged Diversified High Income ETN,0,rejected_by_name_zero,,,,,,,
DVMT,2016-09-07,2018-12-27,ftd_description,DELL TECHNOLOGIES INC COM CL V,DELL TECHNOLOGIES INC COM CL V,DELL TECHNOLOGIES INC COM CL V,0,rejected_by_name_zero,,,,,,,
DVOP,2019-12-27,2020-04-27,alpaca,Source Dividend Opportunity ETF,Source Dividend Opportunity ETF,Source Dividend Opportunity ETF,0,rejected_by_name_zero,,,,,,,
DVYL,2016-01-04,2020-03-31,alpaca,ETRACS Monthly Pay 2xLeveraged Dow Jones Select Dividend Index ETN,ETRACS Monthly Pay 2xLeveraged Dow Jones Select Dividend Index ETN,ETRACS Monthly Pay 2xLeveraged Dow Jones Select Dividend Index ETN,0,rejected_by_name_zero,,,,,,,
DWAQ,2016-01-04,2020-02-14,alpaca,Invesco Exchange-Traded Fund Trust  Invesco DWA NASDAQ Momentum ETF,Invesco Exchange-Traded Fund Trust  Invesco DWA NASDAQ Momentum ETF,Invesco Exchange-Traded Fund Trust  Invesco DWA NASDAQ Momentum ETF,0,rejected_by_name_zero,,,,,,,
DWDP,2017-09-01,2019-05-31,ftd_description,DOWDUPONT INC COM STK (DE),DOWDUPONT INC COM STK (DE),DOWDUPONT INC COM STK (DE),0,rejected_by_name_zero,,,,,,,
DWFI,2016-06-02,2021-03-17,alpaca,SPDR Series Trust SPDR Dorsey Wright Fixed Income Allocation ETF,SPDR Series Trust SPDR Dorsey Wright Fixed Income Allocation ETF,SPDR Series Trust SPDR Dorsey Wright Fixed Income Allocation ETF,0,rejected_by_name_zero,,,,,,,
DWIN,2016-03-10,2022-09-15,alpaca,Delwinds Insurance Acquisition Corp.,Delwinds Insurance Acquisition Corp,Delwinds Insurance Acquisition Corp,1,resolved,1812360,FOXO TECHNOLOGIES INC.,,2020-06-09,2026-08-24,,
DWLV,2016-07-15,2019-02-20,,,,,,no_name,,,,,,,
DWT,2016-12-09,2020-04-02,alpaca,VelocityShares 3x Inverse Crude Oil ETNs linked to the S&P GSCI Crude Oil Index ER,VelocityShares 3x Inverse Crude Oil ETNs linked to the S&P GSCI Crude Oil Index ER,VelocityShares 3x Inverse Crude Oil ETNs linked to the S&P GSCI Crude Oil Index ER,0,rejected_by_name_zero,,,,,,,
DWTR,2016-01-04,2020-02-14,alpaca,Invesco Exchange-Traded Fund Trust II Invesco DWA Tactical Sector Rotation ETF,Invesco Exchange-Traded Fund Trust II Invesco DWA Tactical Sector Rotation ETF,Invesco Exchange-Traded Fund Trust II Invesco DWA Tactical Sector Rotation ETF,0,rejected_by_name_zero,,,,,,,
DXJF,2016-01-04,2019-03-14,ftd_description,WISDOMTREE TR JAPAN HEDGED FIN,WISDOMTREE TR JAPAN HEDGED FIN,WISDOMTREE TR JAPAN HEDGED FIN,0,rejected_by_name_zero,,,,,,,
DYB,2016-01-04,2020-01-17,alpaca,WisdomTree Dynamic Bearish U.S. Equity Fund,WisdomTree Dynamic Bearish U.S. Equity Fund,WisdomTree Dynamic Bearish U.S. Equity Fund,0,rejected_by_name_zero,,,,,,,
DYFN,2020-06-26,2022-07-29,alpaca,Angel Oak Dynamic Financial Strategies Income Term Trust,Angel Oak Dynamic Financial Strategies Income Term Trust,Angel Oak Dynamic Financial Strategies Income Term Trust,1,resolved,1794287,Angel Oak Dynamic Financial Strategies Income Term Trust,,2019-11-15,2023-02-10,,
DYHG,2020-06-11,2022-01-14,alpaca,Direxion Dynamic Hedge ETF,Direxion Dynamic Hedge ETF,Direxion Dynamic Hedge ETF,0,rejected_by_name_zero,,,,,,,
DYLS,2016-01-04,2020-05-27,alpaca,WisdomTree Dynamic Long/Short U.S. Equity Fund,WisdomTree Dynamic Long/Short U.S. Equity Fund,WisdomTree Dynamic Long/Short U.S. Equity Fund,0,rejected_by_name_zero,,,,,,,
DZK,2016-01-04,2020-10-16,alpaca,Direxion Daily Developed Markets Bull 3x Shares,Direxion Daily Developed Markets Bull 3x Shares,Direxion Daily Developed Markets Bull 3x Shares,0,rejected_by_name_zero,,,,,,,
EAB,2016-01-04,2020-10-13,alpaca,"Entergy Arkansas, LLC First Mortgage Bonds, 4.90% Series due December 1, 2052","Entergy Arkansas, LLC First Mortgage Bonds","Entergy Arkansas, LLC First Mortgage Bonds",0,rejected_by_name_zero,,,,,,,
EAE,2016-01-04,2020-10-13,alpaca,"Entergy Arkansas, LLC First Mortgage Bonds, 4.75% Series due June 1, 2063","Entergy Arkansas, LLC First Mortgage Bonds","Entergy Arkansas, LLC First Mortgage Bonds",0,rejected_by_name_zero,,,,,,,
EAGLU,2016-01-04,2019-03-15,,,,,,no_name,,,,,,,
EASI,2018-06-14,2020-07-02,alpaca,Amplify EASI Tactical Growth ETF,Amplify EASI Tactical Growth ETF,Amplify EASI Tactical Growth ETF,0,rejected_by_name_zero,,,,,,,
EBAYL,2016-03-10,2021-02-26,alpaca,eBay Inc. 6.0% Notes Due 2056,eBay Inc,eBay Inc,1,resolved,1065088,EBAY INC,,2020-05-05,2026-09-10,,
EBSB,2016-01-04,2021-11-12,alpaca,"Meridian Bancorp, Inc. Common Stock","Meridian Bancorp, Inc","Meridian Bancorp, Inc",1,resolved,1600125,"Meridian Bancorp, Inc.",,2014-03-10,2022-02-08,,
ECA,2016-01-04,2020-01-24,alpaca,EnCana Corporation,EnCana Corporation,EnCana Corporation,0,rejected_by_name_zero,,,,,,,
ECCB,2016-10-13,2022-02-25,alpaca,Eagle Point Credit Company Inc. 7.75% Series B Term Preferred Stock due 2026,Eagle Point Credit Company Inc,Eagle Point Credit Company Inc,0,rejected_by_name_zero,,,,,,,
ECCY,2017-08-09,2022-02-11,alpaca,Eagle Point Credit Company Inc. 6.75% Notes due 2027,Eagle Point Credit Company Inc,Eagle Point Credit Company Inc,0,rejected_by_name_zero,,,,,,,
ECOL,2016-01-04,2022-04-29,alpaca,"US Ecology, Inc Common Stock","US Ecology, Inc","US Ecology, Inc",2,rejected_by_name_ambiguous,,,"[742126, 1783400]",,,,
ECYT,2016-01-04,2018-12-20,,,,,,no_name,,,,,,,
EDBI,2016-01-04,2019-03-15,ftd_description,LEGG MASON ETF INVT TR EMERGIN,LEGG MASON ETF INVT TR EMERGIN,LEGG MASON ETF INVT TR EMERGIN,0,rejected_by_name_zero,,,,,,,
EDOM,2017-03-24,2019-03-14,ftd_description,WISDOMTREE TR EUROPE DOMESTIC,WISDOMTREE TR EUROPE DOMESTIC,WISDOMTREE TR EUROPE DOMESTIC,0,rejected_by_name_zero,,,,,,,
EDR,2016-01-04,2025-03-21,alpaca,"Endeavor Group Holdings, Inc.","Endeavor Group Holdings, Inc","Endeavor Group Holdings, Inc",1,resolved,1766363,"Endeavor Group Holdings, Inc.",,2019-02-14,2026-01-02,,
EDTXU,2018-10-05,2023-08-31,alpaca,EdtechX Holdings Acquisition Corp. II Unit,EdtechX Holdings Acquisition Corp. II,EdtechX Holdings Acquisition Corp. II,1,resolved,1817153,EdtechX Holdings Acquisition Corp. II,,2020-07-10,2023-09-05,,
EEB,2016-01-04,2020-02-14,alpaca,Invesco BRIC ETF,Invesco BRIC ETF,Invesco BRIC ETF,0,rejected_by_name_zero,,,,,,,
EEH,2016-01-04,2022-08-04,alpaca,ELEMENTS Linked to the SPECTRUM Large Cap U.S.Sector Momentum Index,ELEMENTS Linked to the SPECTRUM Large Cap U.S.Sector Momentum Index,ELEMENTS Linked to the SPECTRUM Large Cap U.S.Sector Momentum Index,0,rejected_by_name_zero,,,,,,,
EEI,2016-01-04,2019-12-30,alpaca,"Ecology and Environment, Inc. Common Stock","Ecology and Environment, Inc","Ecology and Environment, Inc",0,rejected_by_name_zero,,,,,,,
EEP,2016-01-04,2018-12-19,,,,,,no_name,,,,,,,
EEQ,2016-01-04,2018-12-19,,,,,,no_name,,,,,,,
EERN,2021-07-27,2022-08-29,alpaca,DriveWealth Power Saver ETF,DriveWealth Power Saver ETF,DriveWealth Power Saver ETF,0,rejected_by_name_zero,,,,,,,
EFF,2016-01-04,2021-06-18,alpaca,EATON VANCE FLOATING-RATE INCOME PLUS FUND,EATON VANCE FLOATING-RATE INCOME PLUS FUND,EATON VANCE FLOATING-RATE INCOME PLUS FUND,1,resolved,1573698,Eaton Vance Floating-Rate Income Plus Fund,,2013-04-05,2023-10-10,,
EFII,2016-01-04,2019-07-22,ftd_description,ELECTRONICS FOR IMAGING INC,ELECTRONICS FOR IMAGING INC,ELECTRONICS FOR IMAGING INC,1,resolved,867374,ELECTRONICS FOR IMAGING INC,,2004-03-16,2019-08-12,,
EGC,2018-03-21,2018-10-18,,,,,,no_name,,,,,,,
EGIF,2016-01-04,2020-07-27,alpaca,Eagle Growth and Income Opportunities Fund,Eagle Growth and Income Opportunities Fund,Eagle Growth and Income Opportunities Fund,0,rejected_by_name_zero,,,,,,,
EGL,2016-01-04,2019-01-11,ftd_description,ENGILITY HLDGS INC NEW COM,ENGILITY HLDGS INC NEW COM,ENGILITY HLDGS INC NEW COM,0,rejected_by_name_zero,,,,,,,
EGOV,2016-01-04,2021-04-20,alpaca,NIC Inc Common Stock,NIC Inc,NIC Inc,1,resolved,1065332,NIC INC,,2006-10-23,2021-05-03,,
EHIC,2016-01-04,2019-04-09,ftd_description,EHI CAR SVCS LTD SPON ADS REPS,EHI CAR SVCS LTD SPON ADS REPS,EHI CAR SVCS LTD SPON ADS REPS,0,rejected_by_name_zero,,,,,,,
EHT,2016-05-26,2021-06-25,alpaca,Eaton Vance 2021 Target Term Trust,Eaton Vance 2021 Target Term Trust,Eaton Vance 2021 Target Term Trust,1,resolved,1665817,Eaton Vance 2021 Target Term Trust,,2016-02-08,2024-01-10,,
EIA,2016-01-04,2018-12-14,,,,,,no_name,,,,,,,
EIDX,2018-06-20,2021-01-25,alpaca,"Eidos Therapeutics, Inc. Common Stock","Eidos Therapeutics, Inc","Eidos Therapeutics, Inc",1,resolved,1731831,"Eidos Therapeutics, Inc.",,2018-03-23,2021-02-05,,
EIGI,2016-01-04,2021-02-10,alpaca,"Endurance International Group Holdings, Inc. Common Stock","Endurance International Group Holdings, Inc","Endurance International Group Holdings, Inc",1,resolved,1237746,"Endurance International Group Holdings, Inc.",,2003-05-29,2021-02-23,,
EIO,2016-01-04,2019-01-18,ftd_description,EATON VANCE,EATON VANCE,EATON VANCE,10,rejected_by_name_ambiguous,,,"[1665817, 1444004, 1966572, 1056289, 1177161, 1196869, 1761606, 1074692, 1357919, 31264]",,,,
EIP,2016-01-04,2019-01-18,ftd_description,EATON VANCE,EATON VANCE,EATON VANCE,10,rejected_by_name_ambiguous,,,"[1665817, 1444004, 1966572, 1056289, 1177161, 1196869, 1761606, 1074692, 1357919, 31264]",,,,
EIV,2016-01-04,2019-03-22,ftd_description,EATON VANCE MUNI BD FD II,EATON VANCE MUNI BD FD II,EATON VANCE MUNI BD FD II,0,rejected_by_name_zero,,,,,,,
EJFAU,2021-02-25,2022-06-22,alpaca,EJF Acquisition Corp. Unit,EJF Acquisition Corp,EJF Acquisition Corp,1,resolved,1839434,EJF Acquisition Corp.,,2021-01-14,2022-07-05,,
ELJ,2016-01-04,2020-12-15,alpaca,"ENTERGY LOUISIANA, LLC  First Mortgage Bonds, 5.25% Series due July 1, 2052,","ENTERGY LOUISIANA, LLC  First Mortgage Bonds","ENTERGY LOUISIANA, LLC  First Mortgage Bonds",0,rejected_by_name_zero,,,,,,,
ELLI,2016-01-04,2019-04-16,ftd_description,ELLIE MAE INC,ELLIE MAE INC,ELLIE MAE INC,1,resolved,1122388,ELLIE MAE INC,,2011-04-20,2019-05-10,,
ELON,2016-01-04,2025-10-06,alpaca,BattleShares TSLA vs F ETF,BattleShares TSLA vs F ETF,BattleShares TSLA vs F ETF,0,rejected_by_name_zero,,,,,,,
ELU,2016-01-04,2020-12-15,alpaca,"ENTERGY LOUISIANA, LLC FIRST MORTGAGE BONDS, 4.70%  SERIES DUE JUNE 1, 2063","ENTERGY LOUISIANA, LLC FIRST MORTGAGE BONDS","ENTERGY LOUISIANA, LLC FIRST MORTGAGE BONDS",0,rejected_by_name_zero,,,,,,,
EMAG,2016-01-04,2021-10-15,alpaca,VanEck Vectors Emerging Markets Aggregate Bond ETF,VanEck Vectors Emerging Markets Aggregate Bond ETF,VanEck Vectors Emerging Markets Aggregate Bond ETF,0,rejected_by_name_zero,,,,,,,
EMBH,2016-01-15,2022-08-22,alpaca,iShares Interest Rate Hedged Emerging Markets Bond ETF,iShares Interest Rate Hedged Emerging Markets Bond ETF,iShares Interest Rate Hedged Emerging Markets Bond ETF,0,rejected_by_name_zero,,,,,,,
EMBKW,2021-11-11,2023-08-01,alpaca,"Embark Technology, Inc. Warrants","Embark Technology, Inc","Embark Technology, Inc",1,resolved,1827980,"Embark Technology, Inc.",,2020-10-13,2023-08-14,,
EMBU,2017-08-22,2018-08-30,,,,,,no_name,,,,,,,
EMCG,2016-01-04,2025-08-20,alpaca,Embrace Change Acquisition Corp Ordinary Shares,Embrace Change Acquisition Corp,Embrace Change Acquisition Corp,1,resolved,1869601,Embrace Change Acquisition Corp.,,2021-06-29,2026-08-12,,
EMCI,2016-01-04,2019-09-19,ftd_description,EMC INSURANCE GROUP INC,EMC INSURANCE GROUP INC,EMC INSURANCE GROUP INC,1,resolved,356130,EMC INSURANCE GROUP INC,,2010-03-03,2019-09-23,,
EMI,2016-01-04,2018-12-14,,,,,,no_name,,,,,,,
EMJ,2016-01-04,2019-01-18,ftd_description,EATON VANCE NJ MUNI BD FD,EATON VANCE NJ MUNI BD FD,EATON VANCE NJ MUNI BD FD,0,rejected_by_name_zero,,,,,,,
EMSH,2016-01-04,2022-05-02,alpaca,ProShares Short Term USD Emerging Markets Bond ETF,ProShares Short Term USD Emerging Markets Bond ETF,ProShares Short Term USD Emerging Markets Bond ETF,0,rejected_by_name_zero,,,,,,,
ENBL,2016-01-04,2021-12-02,alpaca,"ENABLE MIDSTREAM PARTNERS, LP","ENABLE MIDSTREAM PARTNERS, LP","ENABLE MIDSTREAM PARTNERS, LP",1,resolved,1591763,"Enable Midstream Partners, LP",,2013-11-26,2021-12-30,,
ENFAU,2021-01-12,2021-12-03,alpaca,"890 5th Avenue Partners, Inc. Unit","890 5th Avenue Partners, Inc","890 5th Avenue Partners, Inc",1,resolved,1828972,"BuzzFeed, Inc.",,2020-10-26,2026-09-04,,
ENFC,2016-01-04,2019-12-31,alpaca,Entegra Financial Corp. Common Stock,Entegra Financial Corp,Entegra Financial Corp,1,resolved,1522327,Entegra Financial Corp.,,2011-06-10,2020-02-14,,
ENLK,2016-01-04,2019-01-25,ftd_description,ENLINK MIDSTREAM PARTNERS LP C,ENLINK MIDSTREAM PARTNERS LP C,ENLINK MIDSTREAM PARTNERS LP C,0,rejected_by_name_zero,,,,,,,
ENNVU,2021-02-09,2022-02-03,alpaca,ECP Environmental Growth Opportunities Corp. Unit,ECP Environmental Growth Opportunities Corp,ECP Environmental Growth Opportunities Corp,1,resolved,1832351,"Fast Radius, Inc.",,2020-12-23,2023-02-10,,
ENVIU,2021-01-14,2022-02-02,alpaca,Environmental Impact Acquisition Corp. Unit,Environmental Impact Acquisition Corp,Environmental Impact Acquisition Corp,1,resolved,1822691,"GreenLight Biosciences Holdings, PBC",,2020-09-18,2023-08-11,,
ENY,2016-01-04,2019-02-20,ftd_description,INVESCO TR II CDN ENERGY INCOM,INVESCO TR II CDN ENERGY INCOM,INVESCO TR II CDN ENERGY INCOM,0,rejected_by_name_zero,,,,,,,
EPAY,2016-01-04,2022-05-12,alpaca,"Bottomline Technologies, Inc. Common Stock","Bottomline Technologies, Inc","Bottomline Technologies, Inc",0,rejected_by_name_zero,,,,,,,
EPZM,2016-01-04,2022-08-11,alpaca,"Epizyme, Inc. Common Stock","Epizyme, Inc","Epizyme, Inc",1,resolved,1571498,"Epizyme, Inc.",,2013-03-22,2023-02-14,,
EQD,2020-11-06,2022-09-16,alpaca,Equity Distribution Acquisition Corp.,Equity Distribution Acquisition Corp,Equity Distribution Acquisition Corp,1,resolved,1818221,Equity Distribution Acquisition Corp.,,2020-07-24,2023-02-14,,
EQGP,2016-01-04,2019-01-10,ftd_description,EQGP HLDGS LP,EQGP HLDGS LP,EQGP HLDGS LP,0,rejected_by_name_zero,,,,,,,
EQM,2016-01-04,2020-06-16,alpaca,"EQM Midstream Partners, LP","EQM Midstream Partners, LP","EQM Midstream Partners, LP",1,resolved,1540947,"EQM Midstream Partners, LP",,2012-02-13,2021-02-04,,
EQWS,2016-01-04,2019-02-20,ftd_description,INVESCO EXCHANGE-TRADED FD TR,INVESCO EXCHANGE-TRADED FD TR,INVESCO EXCHANGE-TRADED FD TR,0,rejected_by_name_zero,,,,,,,
ERGF,2016-06-16,2018-08-15,,,,,,no_name,,,,,,,
ERUS,2016-01-04,2022-03-03,alpaca,iShares MSCI Russia ETF,iShares MSCI Russia ETF,iShares MSCI Russia ETF,0,rejected_by_name_zero,,,,,,,
ESBK,2016-01-04,2022-05-13,alpaca,Elmira Savings Bank Elmira NY Common Stock,Elmira Savings Bank Elmira NY,Elmira Savings Bank Elmira NY,0,rejected_by_name_zero,,,,,,,
ESGF,2016-10-31,2020-02-14,alpaca,Invesco Global ESG Revenue ETF,Invesco Global ESG Revenue ETF,Invesco Global ESG Revenue ETF,0,rejected_by_name_zero,,,,,,,
ESGL,2016-11-01,2026-03-09,alpaca,ESGL Holdings Limited Ordinary Shares,ESGL Holdings Limited,ESGL Holdings,1,resolved,1957538,OIO Group,,2022-12-30,2026-07-07,,
ESGW,2016-06-13,2020-03-20,alpaca,Columbia Sustainable Global Equity Income ETF,Columbia Sustainable Global Equity Income ETF,Columbia Sustainable Global Equity Income ETF,0,rejected_by_name_zero,,,,,,,
ESIO,2016-01-04,2019-02-01,ftd_description,ELECTRO SCIENTIFIC INDS INC,ELECTRO SCIENTIFIC INDS INC,ELECTRO SCIENTIFIC INDS INC,0,rejected_by_name_zero,,,,,,,
ESL,2016-01-04,2019-03-13,ftd_description,ESTERLINE TECHNOLOGIES CORP,ESTERLINE TECHNOLOGIES CORP,ESTERLINE TECHNOLOGIES CORP,1,resolved,33619,ESTERLINE TECHNOLOGIES CORP,,2004-12-20,2021-08-20,,
ESND,2016-01-04,2019-01-30,ftd_description,ESSENDANT INC COM,ESSENDANT INC COM,ESSENDANT INC COM,0,rejected_by_name_zero,,,,,,,
ESNG,2020-02-06,2021-09-17,alpaca,Direxion MSCI USA ESG - Leaders vs. Laggards ETF,Direxion MSCI USA ESG - Leaders vs. Laggards ETF,Direxion MSCI USA ESG - Leaders vs. Laggards ETF,0,rejected_by_name_zero,,,,,,,
ESRX,2016-01-04,2018-12-20,,,,,,no_name,,,,,,,
ESXB,2016-01-04,2021-12-03,alpaca,Community Bankers Trust Corporation Common Stock (VA),Community Bankers Trust Corporation,Community Bankers Trust,1,resolved,1323648,Community Bankers Trust Corp,,2009-08-05,2021-12-13,,
ETAC,2020-09-18,2022-09-02,alpaca,E.Merge Technology Acquisition Corp. Class A Common Stock,E.Merge Technology Acquisition Corp,E.Merge Technology Acquisition Corp,1,resolved,1814728,E.Merge Technology Acquisition Corp.,,2020-06-16,2022-09-12,,
ETACU,2020-07-31,2022-09-02,alpaca,E.Merge Technology Acquisition Corp. Unit,E.Merge Technology Acquisition Corp,E.Merge Technology Acquisition Corp,1,resolved,1814728,E.Merge Technology Acquisition Corp.,,2020-06-16,2022-09-12,,
ETFC,2016-01-04,2020-10-01,alpaca,E*TRADE Financial Corporation Common Stock,E*TRADE Financial Corporation,E*TRADE Financial Corporation,0,rejected_by_name_zero,,,,,,,
ETP,2016-01-04,2018-10-18,,,,,,no_name,,,,,,,
ETTX,2018-09-26,2022-07-08,alpaca,Entasis Therapeutics Holdings Inc. Common Stock,Entasis Therapeutics Holdings Inc,Entasis Therapeutics Holdings Inc,1,resolved,1724344,Entasis Therapeutics Holdings Inc.,,2017-12-08,2022-07-21,,
EUCG,2021-01-05,2022-07-28,alpaca,Euclid Capital Growth ETF,Euclid Capital Growth ETF,Euclid Capital Growth ETF,0,rejected_by_name_zero,,,,,,,
EUFL,2016-07-27,2020-03-27,alpaca,Direxion Daily European Financials Bull 2X Shares,Direxion Daily European Financials Bull 2X Shares,Direxion Daily European Financials Bull 2X Shares,0,rejected_by_name_zero,,,,,,,
EUFX,2016-01-04,2022-05-02,alpaca,ProShares Short Euro,ProShares Short Euro,ProShares Short Euro,0,rejected_by_name_zero,,,,,,,
EUMF,2019-04-02,2020-05-27,alpaca,WisdomTree Europe Multifactor Fund,WisdomTree Europe Multifactor Fund,WisdomTree Europe Multifactor Fund,0,rejected_by_name_zero,,,,,,,
EUMV,2016-01-04,2020-08-17,alpaca,iShares Edge MSCI Min Vol Europe ETF,iShares Edge MSCI Min Vol Europe ETF,iShares Edge MSCI Min Vol Europe ETF,0,rejected_by_name_zero,,,,,,,
EURZ,2017-10-30,2022-03-07,alpaca,Xtrackers Eurozone Equity ETF,Xtrackers Eurozone Equity ETF,Xtrackers Eurozone Equity ETF,0,rejected_by_name_zero,,,,,,,
EUSGU,2021-01-22,2021-12-22,alpaca,European Sustainable Growth Acquisition Corp. Unit,European Sustainable Growth Acquisition Corp,European Sustainable Growth Acquisition Corp,1,resolved,1832505,European Sustainable Growth Acquisition Corp.,,2020-11-27,2022-01-31,,
EUXL,2017-07-12,2019-10-11,ftd_description,DIREXION SHS ETF TR DAILY EURO,DIREXION SHS ETF TR DAILY EURO,DIREXION SHS ETF TR DAILY EURO,0,rejected_by_name_zero,,,,,,,
EV,2016-01-04,2025-04-17,alpaca,Mast Global Battery Recycling & Production ETF,Mast Global Battery Recycling & Production ETF,Mast Global Battery Recycling & Production ETF,0,rejected_by_name_zero,,,,,,,
EVHC,2016-01-04,2018-10-10,,,,,,no_name,,,,,,,
EVIX,2017-05-03,2020-04-08,alpaca,VelocityShares 1x Long VSTOXX Futures ETN,VelocityShares 1x Long VSTOXX Futures ETN,VelocityShares 1x Long VSTOXX Futures ETN,0,rejected_by_name_zero,,,,,,,
EVJ,2016-01-04,2019-02-22,ftd_description,EATON VANCE NJ MUNI INC TST,EATON VANCE NJ MUNI INC TST,EATON VANCE NJ MUNI INC TST,0,rejected_by_name_zero,,,,,,,
EVLVU,2021-07-19,2021-08-24,alpaca,"Evolv Technologies Holdings, Inc. Unit","Evolv Technologies Holdings, Inc","Evolv Technologies Holdings, Inc",1,resolved,1805385,"Evolv Technologies Holdings, Inc.",,2020-03-10,2026-09-11,,
EVP,2016-01-04,2019-01-18,ftd_description,EATON VANCE PENN MUNI INC TST,EATON VANCE PENN MUNI INC TST,EATON VANCE PENN MUNI INC TST,0,rejected_by_name_zero,,,,,,,
EVSTC,2016-02-26,2022-07-15,alpaca,Eaton Vance NextShares Trust Eaton Vance Stock NextShares,Eaton Vance NextShares Trust Eaton Vance Stock NextShares,Eaton Vance NextShares Trust Eaton Vance Stock NextShares,0,rejected_by_name_zero,,,,,,,
EVY,2016-01-04,2021-08-20,alpaca,Eaton Vance New York Municipal Income Trust,Eaton Vance New York Municipal Income Trust,Eaton Vance New York Municipal Income Trust,1,resolved,1074685,EATON VANCE NEW YORK MUNICIPAL INCOME TRUST,,1998-12-11,2022-04-27,,
EWEM,2016-01-04,2020-02-14,alpaca,Invesco MSCI Emerging Markets Equal Country Weight ETF,Invesco MSCI Emerging Markets Equal Country Weight ETF,Invesco MSCI Emerging Markets Equal Country Weight ETF,0,rejected_by_name_zero,,,,,,,
EWJE,2019-03-07,2022-08-22,alpaca,iShares Trust iShares MSCI Japan Equal Weighted ETF,iShares Trust iShares MSCI Japan Equal Weighted ETF,iShares Trust iShares MSCI Japan Equal Weighted ETF,0,rejected_by_name_zero,,,,,,,
EXCVV,2022-01-19,2022-02-01,alpaca,Exelon Corporation Common Stock Ex-Distribution When-Issued,Exelon Corporation,Exelon Corporation,0,rejected_by_name_zero,,,,,,,
EXFO,2016-01-04,2021-08-27,alpaca,EXFO Inc,EXFO Inc,EXFO Inc,1,resolved,1116284,EXFO INC.,,2000-06-09,2021-09-10,,
EXIV,2017-05-03,2020-04-08,alpaca,VelocityShares 1x Daily Inverse VSTOXX Futures ETN,VelocityShares 1x Daily Inverse VSTOXX Futures ETN,VelocityShares 1x Daily Inverse VSTOXX Futures ETN,0,rejected_by_name_zero,,,,,,,
EXPCU,2019-09-13,2021-05-07,alpaca,Experience Investment Corp. Unit,Experience Investment Corp,Experience Investment Corp,1,resolved,1779128,"Strata Critical Medical, Inc.",,2019-06-26,2026-09-10,,
EZT,2016-01-04,2020-10-30,alpaca,"Entergy Texas, Inc. First Mortgage Bonds, 5.625% Series due June 1, 2064","Entergy Texas, Inc. First Mortgage Bonds","Entergy Texas, Inc. First Mortgage Bonds",0,rejected_by_name_zero,,,,,,,
FANZ,2017-07-11,2019-01-15,,,,,,no_name,,,,,,,
FATT,2021-05-25,2022-01-21,alpaca,Fat Tail Risk ETF,Fat Tail Risk ETF,Fat Tail Risk ETF,0,rejected_by_name_zero,,,,,,,
FAUS,2016-01-05,2020-10-29,alpaca,First Trust Australia AlphaDEX Fund,First Trust Australia AlphaDEX Fund,First Trust Australia AlphaDEX Fund,0,rejected_by_name_zero,,,,,,,
FBM,2017-02-10,2021-01-28,alpaca,"Foundation Building Materials, Inc. Common Stock","Foundation Building Materials, Inc","Foundation Building Materials, Inc",1,resolved,1688941,"Foundation Building Materials, Inc.",,2016-11-04,2021-02-08,,
FBR,2016-01-04,2019-01-03,ftd_description,FIBRIA CELULOSE SA SPONSORED A,FIBRIA CELULOSE SA SPONSORED A,FIBRIA CELULOSE SA SPONSORED A,0,rejected_by_name_zero,,,,,,,
FBSS,2016-01-04,2021-03-31,alpaca,"Fauquier Bankshares, Inc. Common Stock","Fauquier Bankshares, Inc","Fauquier Bankshares, Inc",1,resolved,1083643,"FAUQUIER BANKSHARES, INC.",,1999-04-16,2021-04-12,,
FBYDP,2023-10-09,2023-11-06,alpaca,"Falcon's Beyond Global, Inc. 11% Series B Cumulative Convertible Preferred Stock","Falcon's Beyond Global, Inc","Falcon's Beyond Global, Inc",1,resolved,1937987,"Falcon's Beyond Global, Inc.",,2022-07-14,2026-09-04,,
FCACU,2020-09-22,2021-07-01,alpaca,Falcon Capital Acquisition Corp. Unit,Falcon Capital Acquisition Corp,Falcon Capital Acquisition Corp,2,rejected_by_name_ambiguous,,,"[1816233, 1849313]",,,,
FCAN,2016-01-04,2020-10-28,alpaca,First Trust Canada AlphaDex Fund,First Trust Canada AlphaDex Fund,First Trust Canada AlphaDex Fund,0,rejected_by_name_zero,,,,,,,
FCB,2016-01-04,2018-12-31,ftd_description,FCB FINL HLDGS INC CL A COM ST,FCB FINL HLDGS INC CL A COM ST,FCB FINL HLDGS INC CL A COM ST,0,rejected_by_name_zero,,,,,,,
FCBP,2018-05-01,2021-07-21,alpaca,First Choice Bancorp Common Stock,First Choice Bancorp,First Choice Bancorp,2,rejected_by_name_ambiguous,,,"[1474904, 1716697]",,,,
FCCY,2016-01-04,2022-01-06,alpaca,1st Constitution Bancorp (NJ) Common Stock,1st Constitution Bancorp (NJ),1st Constitution Bancorp (NJ),0,rejected_by_name_zero,,,,,,,
FCRW,2020-08-04,2021-12-21,alpaca,"First Eagle Alternative Capital BDC, Inc. 6.125% Notes due 2023","First Eagle Alternative Capital BDC, Inc","First Eagle Alternative Capital BDC, Inc",1,resolved,1464963,"First Eagle Alternative Capital BDC, Inc.",,2009-06-01,2023-03-20,,
FCRZ,2020-08-05,2021-06-18,alpaca,"First Eagle Alternative Capital BDC, Inc. 6.75% Notes due 2022","First Eagle Alternative Capital BDC, Inc","First Eagle Alternative Capital BDC, Inc",1,resolved,1464963,"First Eagle Alternative Capital BDC, Inc.",,2009-06-01,2023-03-20,,
FCSC,2016-01-04,2019-12-12,alpaca,Fibrocell Science Inc. Common Stock,Fibrocell Science Inc,Fibrocell Science,1,resolved,357097,"Fibrocell Science, Inc.",,2003-12-16,2020-01-07,,
FDC,2016-01-04,2019-07-26,ftd_description,FIRST DATA CORP NEW COM CL A (,FIRST DATA CORP NEW COM CL A (,FIRST DATA CORP NEW COM CL A (,0,rejected_by_name_zero,,,,,,,
FDUSG,2019-10-17,2021-11-01,alpaca,Fidus Investment Corporation 5.375% Notes Due 2024,Fidus Investment Corporation,Fidus Investment Corporation,0,rejected_by_name_zero,,,,,,,
FDUSL,2018-02-05,2021-01-19,alpaca,Fidus Investment Corporation 5.875% Notes due 2023,Fidus Investment Corporation,Fidus Investment Corporation,0,rejected_by_name_zero,,,,,,,
FDUSZ,2019-02-11,2021-11-01,alpaca,Fidus Investment Corporation 6% Notes due 2024,Fidus Investment Corporation,Fidus Investment Corporation,0,rejected_by_name_zero,,,,,,,
FEUL,2018-05-22,2021-12-20,alpaca,"Credit Suisse FI Enhanced Europe 50 Exchange Traded Notes due May 11, 2028 Linked to the STOXX Europ",Credit Suisse FI Enhanced Europe 50 Exchange Traded,Credit Suisse FI Enhanced Europe 50 Exchange Traded,0,rejected_by_name_zero,,,,,,,
FFEU,2018-03-27,2020-12-10,alpaca,Barclays ETN+ FI Enhanced Europe 50 ETN Series C,Barclays ETN+ FI Enhanced Europe 50 ETN Series C,Barclays ETN+ FI Enhanced Europe 50 ETN Series C,0,rejected_by_name_zero,,,,,,,
FFG,2016-01-04,2021-05-25,alpaca,FBL Financial Group,FBL Financial Group,FBL Financial Group,1,resolved,1012771,FBL FINANCIAL GROUP INC,,2008-11-10,2021-06-08,,
FFKT,2016-01-04,2018-08-20,,,,,,no_name,,,,,,,
FHK,2016-01-04,2020-10-28,alpaca,First Trust Hong Kong AlphaDex,First Trust Hong Kong AlphaDex,First Trust Hong Kong AlphaDex,0,rejected_by_name_zero,,,,,,,
FHY,2016-01-04,2018-06-22,,,,,,no_name,,,,,,,
FIEU,2016-01-04,2018-09-06,,,,,,no_name,,,,,,,
FIIIU,2020-08-19,2021-06-25,alpaca,Forum Merger III Corporation Units,Forum Merger III Corporation,Forum Merger III,1,resolved,1784168,"Electric Last Mile Solutions, Inc.",,2020-07-02,2022-07-19,,
FINU,2016-01-04,2020-03-27,alpaca,ProShares UltraPro Financial Select Sector,ProShares UltraPro Financial Select Sector,ProShares UltraPro Financial Select Sector,0,rejected_by_name_zero,,,,,,,
FINZ,2016-01-05,2020-03-27,alpaca,ProShares UltraPro Short Financial Select Sector,ProShares UltraPro Short Financial Select Sector,ProShares UltraPro Short Financial Select Sector,0,rejected_by_name_zero,,,,,,,
FIT,2016-01-04,2021-01-13,alpaca,"Fitbit, Inc. Class A common stock","Fitbit, Inc","Fitbit, Inc",1,resolved,1447599,"FITBIT, INC.",,2008-10-08,2021-02-16,,
FIV,2016-12-22,2021-12-09,alpaca,First Trust Senior Floating Rate 2022 Target Term Fund Common Shares of Beneficial Interest,First Trust Senior Floating Rate 2022 Target Term Fund Common Shares of Beneficial Interest,First Trust Senior Floating Rate 2022 Target Term Fund Common Shares of Beneficial Interest,0,rejected_by_name_zero,,,,,,,
FJNK,2019-10-24,2021-07-30,alpaca,Pacific Global Focused High Yield ETF,Pacific Global Focused High Yield ETF,Pacific Global Focused High Yield ETF,0,rejected_by_name_zero,,,,,,,
FKO,2016-01-07,2020-10-30,alpaca,First Trust South Korea AlphaDEX Fund,First Trust South Korea AlphaDEX Fund,First Trust South Korea AlphaDEX Fund,0,rejected_by_name_zero,,,,,,,
FLAT,2016-01-04,2020-06-03,alpaca,iPath US Treasury Flattener ETN,iPath US Treasury Flattener ETN,iPath US Treasury Flattener ETN,0,rejected_by_name_zero,,,,,,,
FLGE,2016-01-04,2021-12-22,alpaca,Credit Suisse FI Large Cap Growth Enhanced Exchange Traded Notes,Credit Suisse FI Large Cap Growth Enhanced Exchange Traded,Credit Suisse FI Large Cap Growth Enhanced Exchange Traded,0,rejected_by_name_zero,,,,,,,
FLIO,2017-01-27,2020-03-12,alpaca,Franklin Liberty International Opportunities ETF,Franklin Liberty International Opportunities ETF,Franklin Liberty International Opportunities ETF,0,rejected_by_name_zero,,,,,,,
FLIR,2016-01-04,2021-05-13,alpaca,"FLIR Systems, Inc. (DE) Common Stock","FLIR Systems, Inc. (DE)","FLIR Systems, Inc. (DE)",0,rejected_by_name_zero,,,,,,,
FLLC,2019-10-31,2020-03-04,alpaca,Fellazo Inc. Ordinary Shares,Fellazo Inc,Fellazo Inc,1,resolved,1771928,Fellazo Inc.,,2019-04-02,2020-05-08,,
FLLCU,2019-07-25,2020-03-04,alpaca,Fellazo Inc. Unit,Fellazo Inc,Fellazo Inc,1,resolved,1771928,Fellazo Inc.,,2019-04-02,2020-05-08,,
FMBI,2016-01-04,2022-02-15,alpaca,"First Midwest Bancorp, Inc. Common Stock","First Midwest Bancorp, Inc",First Midwest Bancorp,1,resolved,702325,FIRST MIDWEST BANCORP INC,,2015-09-11,2023-02-14,,
FMCIU,2017-04-07,2020-10-13,alpaca,Forum Merger II Corporation Unit,Forum Merger II Corporation,Forum Merger II Corporation,0,rejected_by_name_zero,,,,,,,
FMDG,2017-08-21,2018-12-13,,,,,,no_name,,,,,,,
FMK,2016-01-04,2020-12-11,alpaca,First Trust Mega Cap AlphaDEX Fund,First Trust Mega Cap AlphaDEX Fund,First Trust Mega Cap AlphaDEX Fund,0,rejected_by_name_zero,,,,,,,
FMO,2016-01-04,2022-03-04,alpaca,Fiduciary/Claymore Energy Infrastructure Fund,Fiduciary/Claymore Energy Infrastructure Fund,Fiduciary/Claymore Energy Infrastructure Fund,1,resolved,1305197,FIDUCIARY/CLAYMORE ENERGY INFRASTRUCTURE FUND,,2004-10-12,2022-10-05,,
FNBG,2017-04-13,2018-07-06,,,,,,no_name,,,,,,,
FNCF,2016-05-31,2018-08-15,,,,,,no_name,,,,,,,
FNGZ,2018-08-02,2021-12-16,alpaca,"MicroSectors FANG+ Index -2X Inverse Leveraged ETNs due January 8, 2038","MicroSectors FANG+ Index -2X Inverse Leveraged ETNs due January 8, 2038","MicroSectors FANG+ Index -2X Inverse Leveraged ETNs due January 8, 2038",0,rejected_by_name_zero,,,,,,,
FNJN,2016-01-04,2020-07-23,alpaca,"Finjan Holdings, Inc. Common Stock","Finjan Holdings, Inc","Finjan Holdings, Inc",1,resolved,1366340,"FINJAN HOLDINGS, INC.",,2008-01-11,2020-08-03,,
FNSR,2016-01-04,2019-09-23,ftd_description,FINISAR CORP NEW COM STK (DE),FINISAR CORP NEW COM STK (DE),FINISAR CORP NEW COM STK (DE),0,rejected_by_name_zero,,,,,,,
FNTEU,2017-01-20,2018-07-25,,,,,,no_name,,,,,,,
FOE,2016-01-04,2022-04-21,alpaca,Ferro Corporation,Ferro Corporation,Ferro Corporation,0,rejected_by_name_zero,,,,,,,
FOMX,2016-01-04,2020-03-06,alpaca,Foamix Pharmaceuticals Ltd. Ordinary Shares,Foamix Pharmaceuticals Ltd,Foamix Pharmaceuticals Ltd,1,resolved,1606645,Foamix Pharmaceuticals Ltd.,,2014-05-20,2020-03-20,,
FONE,2016-01-04,2019-05-29,ftd_description,FIRST TRUST NASDAQ CEA SMARTPH,FIRST TRUST NASDAQ CEA SMARTPH,FIRST TRUST NASDAQ CEA SMARTPH,0,rejected_by_name_zero,,,,,,,
FOREU,2021-02-10,2021-12-01,alpaca,Foresight Acquisition Corp. Units,Foresight Acquisition Corp,Foresight Acquisition Corp,2,rejected_by_name_ambiguous,,,"[1832511, 1861797]",,,,
FORK,2016-01-04,2020-11-20,alpaca,Fuling Global Inc. Ordinary Shares,Fuling Global Inc,Fuling Global Inc,1,resolved,1637921,FULING GLOBAL INC.,,2015-04-02,2020-12-03,,
FOUNU,2021-10-15,2022-08-15,alpaca,Founder SPAC Units,Founder SPAC,Founder SPAC,2,rejected_by_name_ambiguous,,,"[1862068, 1858549]",,,,
FPRX,2016-01-04,2021-04-15,alpaca,"Five Prime Therapeutics, Inc. Common Stock","Five Prime Therapeutics, Inc","Five Prime Therapeutics, Inc",1,resolved,1175505,"FIVE PRIME THERAPEUTICS, INC.",,2002-05-28,2022-02-15,,
FRAK,2016-01-04,2021-10-15,alpaca,VanEck Vectors Unconventional Oil & Gas ETF,VanEck Vectors Unconventional Oil & Gas ETF,VanEck Vectors Unconventional Oil & Gas ETF,0,rejected_by_name_zero,,,,,,,
FRLG,2018-04-03,2022-02-14,alpaca,Large Cap Growth Index-Linked Exchange Traded Notes due 2028,Large Cap Growth Index-Linked Exchange Traded,Large Cap Growth Index-Linked Exchange Traded,0,rejected_by_name_zero,,,,,,,
FRN,2016-01-04,2020-02-14,alpaca,Invesco Frontier Markets ETF,Invesco Frontier Markets ETF,Invesco Frontier Markets ETF,0,rejected_by_name_zero,,,,,,,
FRTA,2016-10-20,2022-03-17,alpaca,"Forterra, Inc. Common Stock","Forterra, Inc","Forterra, Inc",1,resolved,1678463,"Forterra, Inc.",,2016-07-08,2022-03-25,,
FSB,2016-01-04,2020-08-14,alpaca,"Franklin Financial Network, Inc.","Franklin Financial Network, Inc",Franklin Financial Network,1,resolved,1407067,Franklin Financial Network Inc.,,2007-07-16,2020-08-27,,
FSCT,2017-10-27,2020-08-14,alpaca,"ForeScout Technologies, Inc. Common Stock","ForeScout Technologies, Inc","ForeScout Technologies, Inc",1,resolved,1145057,"FORESCOUT TECHNOLOGIES, INC",,2003-04-07,2021-02-16,,
FSKR,2020-06-17,2021-06-16,alpaca,FS KKR Capital Corp. II,FS KKR Capital Corp. II,FS KKR Capital Corp. II,1,resolved,1525759,FS KKR Capital Corp. II,,2011-07-18,2021-06-28,,
FSLF,2020-05-21,2021-06-28,alpaca,First Eagle Senior Loan Fund,First Eagle Senior Loan Fund,First Eagle Senior Loan Fund,1,resolved,1583001,First Eagle Senior Loan Fund,,2013-08-02,2022-01-10,,
FSNN,2016-01-04,2019-04-24,ftd_description,FUSION CONNECT INC COM,FUSION CONNECT INC COM,FUSION CONNECT INC COM,0,rejected_by_name_zero,,,,,,,
FSRVU,2019-11-01,2021-06-09,alpaca,FinServ Acquisition Corp. Unit,FinServ Acquisition Corp,FinServ Acquisition Corp,2,rejected_by_name_ambiguous,,,"[1785424, 1834336]",,,,
FST,2020-10-12,2022-08-25,alpaca,FAST Acquisition Corp.,FAST Acquisition Corp,FAST Acquisition Corp,2,rejected_by_name_ambiguous,,,"[1815737, 1839824]",,,,
FTAC,2019-01-18,2020-10-16,alpaca,FinTech Acquisition Corp. III Class A Common Stock,FinTech Acquisition Corp. III,FinTech Acquisition Corp. III,1,resolved,1729756,Fintech Acquisition Corp. III,,2018-02-13,2021-02-16,,
FTACU,2018-11-16,2020-10-13,alpaca,FinTech Acquisition Corp. III Unit,FinTech Acquisition Corp. III,FinTech Acquisition Corp. III,1,resolved,1729756,Fintech Acquisition Corp. III,,2018-02-13,2021-02-16,,
FTAIV,2022-07-25,2022-08-01,alpaca,Fortress Transportation and Infrastructure Investors LLC Class A Common Stock Ex-Distribution When Issued,Fortress Transportation and Infrastructure Investors LLC,Fortress Transportation and Infrastructure Investors LLC,0,rejected_by_name_zero,,,,,,,
FTEO,2016-07-01,2020-02-12,alpaca,"FRONTEO, Inc. American Depositary Shares","FRONTEO, Inc","FRONTEO, Inc",2,rejected_by_name_ambiguous,,,"[1550935, 1677344]",,,,
FTIVU,2020-09-25,2021-06-24,alpaca,FinTech Acquisition Corp. IV Unit,FinTech Acquisition Corp. IV,FinTech Acquisition Corp. IV,1,resolved,1777835,Perella Weinberg Partners,,2019-06-14,2026-09-03,,
FTNW,2017-12-14,2019-12-11,alpaca,"FTE Networks, Inc.","FTE Networks, Inc","FTE Networks, Inc",1,resolved,1122063,"FTE Networks, Inc.",,2000-08-22,2025-07-24,,
FTOCU,2020-08-26,2021-06-25,alpaca,FTAC Olympus Acquisition Corp. Unit,FTAC Olympus Acquisition Corp,FTAC Olympus Acquisition Corp,1,resolved,1816090,FTAC Olympus Acquisition Corp.,,2020-07-09,2021-06-29,,
FTSI,2018-02-02,2022-03-04,alpaca,"FTS International, Inc. Common Stock","FTS International, Inc","FTS International, Inc",1,resolved,1529463,"FTS International, Inc.",,2011-09-09,2022-04-08,,
FTSV,2018-06-28,2020-04-06,alpaca,"Forty Seven, Inc. Common Stock","Forty Seven, Inc","Forty Seven, Inc",1,resolved,1667633,"Forty Seven, Inc.",,2016-03-03,2020-04-17,,
FUD,2016-01-04,2020-12-09,alpaca,E-TRACS UBS Bloomberg CMCI Food ETN,E-TRACS UBS Bloomberg CMCI Food ETN,E-TRACS UBS Bloomberg CMCI Food ETN,0,rejected_by_name_zero,,,,,,,
FUT,2016-02-18,2022-05-02,alpaca,ProShares Managed Futures Strategy ETF,ProShares Managed Futures Strategy ETF,ProShares Managed Futures Strategy ETF,0,rejected_by_name_zero,,,,,,,
FVL,2016-01-04,2020-12-11,alpaca,First TrustValue Line 100 Exchange-Traded,First TrustValue Line 100 Exchange-Traded,First TrustValue Line 100 Exchange-Traded,0,rejected_by_name_zero,,,,,,,
FWDD,2016-01-05,2019-03-22,ftd_description,MADRONA DOMESTIC ETF,MADRONA DOMESTIC ETF,MADRONA DOMESTIC ETF,0,rejected_by_name_zero,,,,,,,
FXCH,2016-01-06,2020-02-14,alpaca,Invesco CurrencyShares Chinese Renminbi Trust,Invesco CurrencyShares Chinese Renminbi Trust,Invesco CurrencyShares Chinese Renminbi Trust,1,resolved,1519405,Invesco CurrencyShares Chinese Renminbi Trust,,2011-06-01,2020-05-22,,
FXCOU,2021-12-10,2022-01-05,alpaca,Financial Strategies Acquisition Corp. Unit,Financial Strategies Acquisition Corp,Financial Strategies Acquisition Corp,1,resolved,1817565,Financial Strategies Acquisition Corp.,,2021-01-13,2024-02-05,,
FXS,2016-01-04,2020-02-14,alpaca,Invesco CurrencyShares Swedish Krona Trust,Invesco CurrencyShares Swedish Krona Trust,Invesco CurrencyShares Swedish Krona Trust,1,resolved,1353616,Invesco CurrencyShares Swedish Krona Trust,,2006-03-13,2020-05-22,,
FXSG,2016-01-04,2020-02-14,alpaca,Invesco CurrencyShares Singapore Dollar Trust,Invesco CurrencyShares Singapore Dollar Trust,Invesco CurrencyShares Singapore Dollar Trust,1,resolved,1433994,Invesco CurrencyShares Singapore Dollar Trust,,2008-05-07,2020-05-22,,
GAINL,2018-08-23,2025-12-15,alpaca,Gladstone Investment Corporation 8.00% Notes due 2028,Gladstone Investment Corporation,Gladstone Investment Corporation,1,resolved,1321741,GLADSTONE INVESTMENT CORPORATION\DE,,2005-03-31,2026-09-04,,
GAINM,2016-09-27,2021-03-02,alpaca,Gladstone Investment Corporation 6.25% Series D Cumulative Term Preferred Stock,Gladstone Investment Corporation,Gladstone Investment Corporation,1,resolved,1321741,GLADSTONE INVESTMENT CORPORATION\DE,,2005-03-31,2026-09-04,,
GARD,2016-01-14,2020-03-27,alpaca,Reality Shares DIVCON Dividend Guard ETF,Reality Shares DIVCON Dividend Guard ETF,Reality Shares DIVCON Dividend Guard ETF,0,rejected_by_name_zero,,,,,,,
GARS,2016-01-04,2020-10-27,alpaca,Garrison Capital Inc. Common Stock,Garrison Capital Inc,Garrison Capital Inc,1,resolved,1509892,Garrison Capital Inc.,,2011-01-13,2020-11-16,,
GASL,2016-01-04,2020-03-27,alpaca,Direxion Daily Natural Gas Related Bull 3X Shares,Direxion Daily Natural Gas Related Bull 3X Shares,Direxion Daily Natural Gas Related Bull 3X Shares,0,rejected_by_name_zero,,,,,,,
GASX,2016-01-04,2020-03-27,alpaca,Direxion Daily Natural Gas Bear 3X Shares,Direxion Daily Natural Gas Bear 3X Shares,Direxion Daily Natural Gas Bear 3X Shares,0,rejected_by_name_zero,,,,,,,
GBBKU,2022-05-10,2022-06-15,alpaca,Global Blockchain Acquisition Corp. Unit,Global Blockchain Acquisition Corp,Global Blockchain Acquisition Corp,1,resolved,1894951,Global Blockchain Acquisition Corp.,,2022-02-24,2025-08-14,,
GBDCR,2020-04-13,2020-05-06,alpaca,"Golub Capital BDC, Inc. Transferable Subscription Rights Expiring 5/6/2020","Golub Capital BDC, Inc. Transferable Subscription Rights Expiring 5/6/2020","Golub Capital BDC, Inc. Transferable Subscription Rights Expiring 5/6/2020",0,rejected_by_name_zero,,,,,,,
GBDV,2019-12-27,2022-08-22,alpaca,Global Beta Smart Income ETF,Global Beta Smart Income ETF,Global Beta Smart Income ETF,0,rejected_by_name_zero,,,,,,,
GBGR,2020-07-24,2022-08-22,alpaca,Global Beta Rising Stars ETF,Global Beta Rising Stars ETF,Global Beta Rising Stars ETF,0,rejected_by_name_zero,,,,,,,
GBLIZ,2016-01-04,2020-08-14,alpaca,Global Indemnity Limited 7.75% Subordinated Note Due 2045,Global Indemnity Limited,Global Indemnity Limited,0,rejected_by_name_zero,,,,,,,
GBLL,2022-01-03,2022-04-14,alpaca,"Global Indemnity Group, LLC 7.875% Subordinated Notes due 2047","Global Indemnity Group, LLC","Global Indemnity Group, LLC",1,resolved,1494904,"Global Indemnity Group, LLC",,2013-03-14,2026-08-12,,
GBLO,2020-07-24,2022-08-22,alpaca,Global Beta Low Beta ETF,Global Beta Low Beta ETF,Global Beta Low Beta ETF,0,rejected_by_name_zero,,,,,,,
GBNK,2016-01-04,2018-12-31,,,,,,no_name,,,,,,,
GBUY,2019-03-07,2025-07-18,alpaca,Goldman Sachs Future Consumer Equity ETF,Goldman Sachs Future Consumer Equity ETF,Goldman Sachs Future Consumer Equity ETF,0,rejected_by_name_zero,,,,,,,
GCACU,2021-01-29,2022-02-10,alpaca,Growth Capital Acquisition Corp. Unit,Growth Capital Acquisition Corp,Growth Capital Acquisition Corp,1,resolved,1498233,"Cepton, Inc.",,2010-08-11,2025-02-20,,
GCAP,2016-01-04,2020-07-30,alpaca,"Gain Capital Holdings, Inc.","Gain Capital Holdings, Inc","Gain Capital Holdings, Inc",1,resolved,1444363,"GAIN Capital Holdings, Inc.",,2009-08-31,2020-08-10,,
GCP,2016-02-04,2022-09-26,alpaca,GCP Applied Technologies Inc.,GCP Applied Technologies Inc,GCP Applied Technologies Inc,1,resolved,1644440,GCP Applied Technologies Inc.,,2015-08-05,2022-10-07,,
GDAT,2019-03-07,2020-11-06,alpaca,Goldman Sachs Data-Driven World ETF,Goldman Sachs Data-Driven World ETF,Goldman Sachs Data-Driven World ETF,0,rejected_by_name_zero,,,,,,,
GDNA,2019-03-07,2020-11-06,alpaca,Goldman Sachs Human Evolution ETF,Goldman Sachs Human Evolution ETF,Goldman Sachs Human Evolution ETF,0,rejected_by_name_zero,,,,,,,
GDP,2016-01-04,2021-12-22,alpaca,Goodrich Petroleum Corporation Common Stock,Goodrich Petroleum Corporation,Goodrich Petroleum Corporation,0,rejected_by_name_zero,,,,,,,
GDVD,2017-05-10,2024-08-28,alpaca,Copper Place Global Dividend Growth ETF,Copper Place Global Dividend Growth ETF,Copper Place Global Dividend Growth ETF,0,rejected_by_name_zero,,,,,,,
GDXS,2016-01-04,2019-08-05,ftd_description,PROSHARES TR ULTRASHORT GOLD M,PROSHARES TR ULTRASHORT GOLD M,PROSHARES TR ULTRASHORT GOLD M,0,rejected_by_name_zero,,,,,,,
GDXX,2016-01-04,2019-08-05,ftd_description,PROSHARES TR ULTRA GOLD MINERS,PROSHARES TR ULTRA GOLD MINERS,PROSHARES TR ULTRA GOLD MINERS,0,rejected_by_name_zero,,,,,,,
GECCL,2017-09-25,2021-07-22,alpaca,Great Elm Capital Corp. 6.50% Notes due 2022,Great Elm Capital Corp,Great Elm Capital Corp,1,resolved,1675033,Great Elm Capital Corp.,,2016-06-24,2026-08-24,,
GFED,2016-01-04,2022-03-31,alpaca,"Guaranty Federal Bancshares, Inc. Common Stock","Guaranty Federal Bancshares, Inc",Guaranty Federal Bancshares,1,resolved,1046203,GUARANTY FEDERAL BANCSHARES INC,,1997-09-23,2023-02-14,,
GFIN,2019-03-07,2020-11-06,alpaca,Goldman Sachs Finance Reimagined ETF,Goldman Sachs Finance Reimagined ETF,Goldman Sachs Finance Reimagined ETF,0,rejected_by_name_zero,,,,,,,
GFN,2016-01-04,2021-05-25,alpaca,General Finance Corporation General Finance Corporation Common Stock,General Finance Corporation General Finance Corporation,General Finance Corporation General Finance Corporation,0,rejected_by_name_zero,,,,,,,
GFNCP,2016-01-05,2021-06-23,alpaca,General Finance Corporation Cumulative Redeemable Perpetual Preferred Series C,General Finance Corporation Cumulative Redeemable Perpetual Preferred Series C,General Finance Corporation Cumulative Redeemable Perpetual Preferred Series C,0,rejected_by_name_zero,,,,,,,
GFNSL,2016-01-04,2021-01-14,alpaca,General Finance Corporation Senior Notes due 2021,General Finance Corporation Senior,General Finance Corporation Senior,0,rejected_by_name_zero,,,,,,,
GFNSZ,2020-11-02,2021-06-23,alpaca,General Finance Corporation 7.875% Senior Notes due 2025,General Finance Corporation,General Finance Corporation,0,rejected_by_name_zero,,,,,,,
GFY,2016-01-04,2020-11-20,alpaca,"Western Asset Variable Rate Strategic Fund, Inc","Western Asset Variable Rate Strategic Fund, Inc",Western Asset Variable Rate Strategic Fund,1,resolved,1299393,WESTERN ASSET VARIABLE RATE STRATEGIC FUND INC.,,2004-08-05,2022-02-23,,
GG,2016-01-04,2019-04-17,ftd_description,GOLDCORP INC.,GOLDCORP INC,GOLDCORP INC,2,rejected_by_name_ambiguous,,,"[919239, 800534]",,,,
GGGV,2021-08-17,2022-07-06,alpaca,G3 VRM Acquisition Corp. Class A Common Stock,G3 VRM Acquisition Corp,G3 VRM Acquisition Corp,1,resolved,1856519,G3 VRM Acquisition Corp.,,2021-04-14,2022-07-28,,
GGGVR,2021-08-17,2022-07-06,alpaca,G3 VRM Acquisition Corp. Rights,G3 VRM Acquisition Corp,G3 VRM Acquisition Corp,1,resolved,1856519,G3 VRM Acquisition Corp.,,2021-04-14,2022-07-28,,
GGGVU,2021-07-01,2022-07-05,alpaca,G3 VRM Acquisition Corp. Units,G3 VRM Acquisition Corp,G3 VRM Acquisition Corp,1,resolved,1856519,G3 VRM Acquisition Corp.,,2021-04-14,2022-07-28,,
GGO,2016-11-02,2021-10-25,alpaca,The Gabelli Go Anywhere Trust,The Gabelli Go Anywhere Trust,The Gabelli Go Anywhere Trust,0,rejected_by_name_zero,,,,,,,
GGP,2016-01-04,2018-08-27,,,,,,no_name,,,,,,,
GGPIU,2021-03-23,2022-06-23,alpaca,"Gores Guggenheim, Inc. Unit","Gores Guggenheim, Inc","Gores Guggenheim, Inc",1,resolved,1847127,"Gores Guggenheim, Inc.",,2021-02-22,2022-08-08,,
GHDX,2016-01-04,2019-11-07,ftd_description,GENOMIC HEALTH INC,GENOMIC HEALTH INC,GENOMIC HEALTH INC,1,resolved,1131324,GENOMIC HEALTH INC,,2011-11-23,2020-02-13,,
GHII,2016-01-04,2020-02-14,alpaca,Invesco S&P High Income Infrastructure ETF,Invesco S&P High Income Infrastructure ETF,Invesco S&P High Income Infrastructure ETF,0,rejected_by_name_zero,,,,,,,
GHIV,2020-03-24,2021-01-21,alpaca,"Gores Holdings IV, Inc. Class A Common Stock","Gores Holdings IV, Inc","Gores Holdings IV, Inc",1,resolved,1783398,UWM Holdings Corp,,2019-07-31,2026-09-02,,
GHIVU,2020-01-24,2021-01-21,alpaca,"Gores Holdings IV, Inc. Unit","Gores Holdings IV, Inc","Gores Holdings IV, Inc",1,resolved,1783398,UWM Holdings Corp,,2019-07-31,2026-09-02,,
GHVIU,2020-12-11,2021-07-22,alpaca,"Gores Holdings VI, Inc. Unit","Gores Holdings VI, Inc","Gores Holdings VI, Inc",1,resolved,1819394,"Matterport, Inc./DE",,2020-08-25,2025-03-10,,
GIGGU,2021-02-09,2026-05-22,alpaca,GigCapital7 Corp. Unit,GigCapital7 Corp,GigCapital7 Corp,1,resolved,2023730,"Hadron Energy, Inc.",,2024-06-07,2026-09-10,,
GIPRU,2021-09-03,2021-10-01,alpaca,Generation Income Properties Inc Unit,Generation Income Properties Inc,Generation Income Properties Inc,0,rejected_by_name_zero,,,,,,,
GLACU,2018-07-25,2025-04-04,alpaca,Global Lights Acquisition Corp Unit,Global Lights Acquisition Corp,Global Lights Acquisition Corp,1,resolved,1897971,Global Lights Acquisition Corp,,2021-12-30,2025-07-14,,
GLADD,2018-11-08,2021-01-06,alpaca,Gladstone Capital Corporation 6.125% Notes due 2023,Gladstone Capital Corporation,Gladstone Capital Corporation,0,rejected_by_name_zero,,,,,,,
GLADL,2019-10-15,2021-10-29,alpaca,Gladstone Capital Corporation 5.375% Notes due 2024,Gladstone Capital Corporation,Gladstone Capital Corporation,0,rejected_by_name_zero,,,,,,,
GLAQU,2020-12-11,2022-06-06,alpaca,Globis Acquisition Corp. Unit,Globis Acquisition Corp,Globis Acquisition Corp,1,resolved,1823383,Globis Acquisition Corp.,,2020-10-01,2023-02-14,,
GLBY,2018-12-13,2020-05-27,alpaca,WisdomTree Yield Enhanced Global Aggregate Bond Fund,WisdomTree Yield Enhanced Global Aggregate Bond Fund,WisdomTree Yield Enhanced Global Aggregate Bond Fund,0,rejected_by_name_zero,,,,,,,
GLIBP,2018-03-12,2020-12-18,alpaca,"GCI Liberty, Inc. Series A Cumulative Redeemable Preferred Stock (DE)","GCI Liberty, Inc. Series A Cumulative Redeemable","GCI Liberty, Inc. Series A Cumulative Redeemable",0,rejected_by_name_zero,,,,,,,
GLOG,2016-01-04,2021-06-08,alpaca,GASLOG LTD,GASLOG LTD,GASLOG LTD,1,resolved,1534126,GasLog Ltd.,,2012-01-17,2024-06-07,,
GLSPT,2021-05-10,2022-07-13,alpaca,Global SPAC Partners Co. Subunit,Global SPAC Partners Co,Global SPAC Partners Co,1,resolved,1821169,"Global SPAC Partners Co,",,2020-08-25,2023-02-13,,
GLSPU,2021-04-09,2022-07-13,alpaca,Global SPAC Partners Co. Unit,Global SPAC Partners Co,Global SPAC Partners Co,1,resolved,1821169,"Global SPAC Partners Co,",,2020-08-25,2023-02-13,,
GLUU,2016-01-04,2021-04-28,alpaca,Glu Mobile Inc. Common Stock,Glu Mobile Inc,Glu Mobile Inc,1,resolved,1366246,GLU MOBILE INC,,2008-08-19,2021-05-10,,
GMAN,2016-01-04,2020-11-06,alpaca,Goldman Sachs Manufacturing Revolution ETF,Goldman Sachs Manufacturing Revolution ETF,Goldman Sachs Manufacturing Revolution ETF,0,rejected_by_name_zero,,,,,,,
GMBTU,2021-01-20,2022-03-31,alpaca,Pivotal Holdings Corp Unit,Pivotal Holdings Corp,Pivotal Holdings Corp,1,resolved,1875609,Swvl Holdings Corp,,2021-07-30,2026-09-10,,
GMFL,2017-06-20,2019-02-20,ftd_description,INVESCO ET SELF IDXD FD TR MUL,INVESCO ET SELF IDXD FD TR MUL,INVESCO ET SELF IDXD FD TR MUL,0,rejected_by_name_zero,,,,,,,
GMHIU,2019-02-01,2020-12-02,alpaca,"Gores Metropoulos, Inc. Unit","Gores Metropoulos, Inc","Gores Metropoulos, Inc",1,resolved,1758057,"Luminar Technologies, Inc./DE",,2018-11-06,2026-08-14,,
GMIIU,2021-01-20,2022-01-18,alpaca,"Gores Metropoulos II, Inc. Unit","Gores Metropoulos II, Inc","Gores Metropoulos II, Inc",1,resolved,1819395,Sonder Holdings Inc.,,2020-09-09,2026-05-22,,
GMLP,2016-01-04,2021-04-15,alpaca,Golar LNG Partners LP Common Units Representing Limited Partnership,Golar LNG Partners LP Common Units Representing Limited Partnership,Golar LNG Partners LP Common Units Representing Limited Partnership,0,rejected_by_name_zero,,,,,,,
GMTA,2016-05-18,2021-05-28,alpaca,GATX Corporation 5.625% Senior Notes 5/30/2066,GATX Corporation,GATX Corporation,0,rejected_by_name_zero,,,,,,,
GMZ,2016-01-04,2020-09-25,alpaca,Goldman Sachs MLP Income Opportunities Fund,Goldman Sachs MLP Income Opportunities Fund,Goldman Sachs MLP Income Opportunities Fund,1,resolved,1579762,Goldman Sachs MLP Income Opportunities Fund,,2013-06-21,2021-08-31,,
GNAF,2018-08-02,2021-12-16,alpaca,"MicroSectors FANG+ Index Inverse ETNs due January 8, 2038","MicroSectors FANG+ Index Inverse ETNs due January 8, 2038","MicroSectors FANG+ Index Inverse ETNs due January 8, 2038",0,rejected_by_name_zero,,,,,,,
GNBC,2016-01-04,2018-12-31,ftd_description,GREEN BANCORP INC,GREEN BANCORP INC,GREEN BANCORP INC,1,rejected_by_date_overlap,1387829,GREEN BANCORP INC,,2007-01-12,2012-07-13,,
GNMK,2016-01-04,2021-04-21,alpaca,"GenMark Diagnostics, Inc. Common Stock","GenMark Diagnostics, Inc","GenMark Diagnostics, Inc",1,resolved,1487371,"GenMark Diagnostics, Inc.",,2014-09-09,2022-02-14,,
GNOG,2020-12-30,2022-05-04,alpaca,"Golden Nugget Online Gaming, Inc. Class A Common Stock","Golden Nugget Online Gaming, Inc","Golden Nugget Online Gaming, Inc",1,resolved,1768012,"Golden Nugget Online Gaming, Inc.",,2019-03-18,2023-02-10,,
GNRX,2016-01-13,2019-04-04,ftd_description,VANECK VECTORS ETF TR GENERIC,VANECK VECTORS ETF TR GENERIC,VANECK VECTORS ETF TR GENERIC,0,rejected_by_name_zero,,,,,,,
GOAC,2020-09-25,2022-08-16,alpaca,GO Acquisition Corp. Class A Common Stock,GO Acquisition Corp,GO Acquisition Corp,1,resolved,1816176,GO Acquisition Corp.,,2020-06-30,2023-02-14,,
GOBI,2021-06-29,2022-07-29,alpaca,Gobi Acquisition Corp. Class A Ordinary Shares,Gobi Acquisition Corp,Gobi Acquisition Corp,1,resolved,1854593,Gobi Acquisition Corp.,,2021-04-07,2022-08-12,,
GOODM,2016-06-06,2021-06-29,alpaca,Gladstone Commercial Corporation Series D Cumulative Redeemable Preferred Stock,Gladstone Commercial Corporation Series D Cumulative Redeemable,Gladstone Commercial Corporation Series D Cumulative Redeemable,0,rejected_by_name_zero,,,,,,,
GOV,2016-01-04,2018-12-31,ftd_description,GOVERNMENT PPTYS INCOME TR COM,GOVERNMENT PPTYS INCOME TR COM,GOVERNMENT PPTYS INCOME TR COM,0,rejected_by_name_zero,,,,,,,
GPAQ,2018-03-12,2020-07-01,alpaca,Gordon Pointe Acquisition Corp. Class A Common Stock,Gordon Pointe Acquisition Corp,Gordon Pointe Acquisition Corp,1,resolved,1708176,Hall of Fame Resort & Entertainment Co,,2017-06-06,2026-01-02,,
GPAQU,2018-01-25,2020-07-01,alpaca,Gordon Pointe Acquisition Corp. Unit,Gordon Pointe Acquisition Corp,Gordon Pointe Acquisition Corp,1,resolved,1708176,Hall of Fame Resort & Entertainment Co,,2017-06-06,2026-01-02,,
GPCOR,2021-08-05,2022-09-16,alpaca,Golden Path Acquisition Corporation Rights,Golden Path Acquisition Corporation,Golden Path Acquisition,1,resolved,1841209,MicroCloud Hologram Inc.,,2021-02-02,2026-08-27,,
GPCOU,2021-06-22,2022-09-16,alpaca,Golden Path Acquisition Corporation Units,Golden Path Acquisition Corporation,Golden Path Acquisition,1,resolved,1841209,MicroCloud Hologram Inc.,,2021-02-02,2026-08-27,,
GPIC,2016-01-05,2019-05-01,ftd_description,GAMING PARTNERS INTL CORP,GAMING PARTNERS INTL CORP,GAMING PARTNERS INTL CORP,0,rejected_by_name_zero,,,,,,,
GPM,2016-01-04,2021-10-22,alpaca,Guggenheim Enhanced Equity Income Fund,Guggenheim Enhanced Equity Income Fund,Guggenheim Enhanced Equity Income Fund,1,resolved,1310709,Guggenheim Enhanced Equity Income Fund,,2004-12-10,2022-04-27,,
GPX,2016-01-04,2021-10-14,alpaca,GP Strategies Corp.,GP Strategies Corp,GP Strategies Corp,1,resolved,70415,GP STRATEGIES CORP,,2012-01-13,2021-10-25,,
GRA,2016-01-04,2021-09-21,alpaca,W.R. Grace & Co.,W.R. Grace & Co,W.R. Grace & Co,0,rejected_by_name_zero,,,,,,,
GRBIC,2018-02-21,2019-02-26,,,,,,no_name,,,,,,,
GRMY,2017-10-30,2019-04-30,ftd_description,DBX ETF TR XTRACKERS GERMANY E,DBX ETF TR XTRACKERS GERMANY E,DBX ETF TR XTRACKERS GERMANY E,0,rejected_by_name_zero,,,,,,,
GRNVR,2019-12-09,2021-08-13,alpaca,GreenVision Acquisition Corp Rights,GreenVision Acquisition Corp,GreenVision Acquisition Corp,1,resolved,1788841,micromobility.com Inc.,,2019-09-20,2026-03-31,,
GRNVU,2019-11-19,2021-08-13,alpaca,GreenVision Acquisition Corp Unit,GreenVision Acquisition Corp,GreenVision Acquisition Corp,1,resolved,1788841,micromobility.com Inc.,,2019-09-20,2026-03-31,,
GRSHU,2016-01-04,2020-02-10,alpaca,"Gores Holdings III, Inc. Units","Gores Holdings III, Inc","Gores Holdings III, Inc",1,resolved,1720821,PAE Inc,,2017-11-22,2023-02-14,,
GRSVU,2020-08-06,2021-08-04,alpaca,"Gores Holdings V, Inc. Unit","Gores Holdings V, Inc","Gores Holdings V, Inc",0,rejected_by_name_zero,,,,,,,
GRUB,2021-06-15,2022-03-11,alpaca,Just Eat Takeaway.com N.V. American Depositary Shares,Just Eat Takeaway.com N.V,Just Eat Takeaway.com N.V,1,resolved,1792627,Just Eat Takeaway.com N.V.,,2020-01-30,2024-02-13,,
GSAQ,2021-03-01,2022-07-26,alpaca,Global Synergy Acquisition Corp. Class A Ordinary Shares,Global Synergy Acquisition Corp,Global Synergy Acquisition Corp,1,resolved,1823707,Global Synergy Acquisition Corp.,,2020-09-16,2022-08-08,,
GSAQU,2021-01-08,2022-07-22,alpaca,Global Synergy Acquisition Corp. Units,Global Synergy Acquisition Corp,Global Synergy Acquisition Corp,1,resolved,1823707,Global Synergy Acquisition Corp.,,2020-09-16,2022-08-08,,
GSB,2016-01-04,2020-08-27,alpaca,"GlobalSCAPE, Inc.","GlobalSCAPE, Inc",GlobalSCAPE,1,resolved,1112920,GLOBALSCAPE INC,,2004-01-02,2022-02-11,,
GSD,2021-09-28,2024-01-23,alpaca,Global Systems Dynamics Inc. Class A Common Stock,Global Systems Dynamics Inc,Global Systems Dynamics Inc,0,rejected_by_name_zero,,,,,,,
GSKY,2018-05-24,2022-03-29,alpaca,"GreenSky, Inc. Class A Common Stock","GreenSky, Inc","GreenSky, Inc",1,resolved,1712923,"GreenSky, Inc.",,2017-07-31,2023-10-06,,
GSLD,2019-11-22,2022-07-15,alpaca,"Global Ship Lease, Inc. 8.00% Senior Notes due 2024","Global Ship Lease, Inc","Global Ship Lease, Inc",2,rejected_by_name_ambiguous,,,"[1415948, 1430725]",,,,
GSS,2016-01-04,2022-01-27,alpaca,Golden Star Resources Ltd.,Golden Star Resources Ltd,Golden Star Resources Ltd,2,rejected_by_name_ambiguous,,,"[903571, 800544]",,,,
GSUM,2016-09-23,2021-03-25,alpaca,Gridsum Holding Inc. American Depositary Shares,Gridsum Holding Inc,Gridsum Holding Inc,1,resolved,1647338,Gridsum Holding Inc.,,2015-07-10,2021-04-05,,
GSV,2016-01-04,2022-08-11,alpaca,Gold Standard Ventures Corp.,Gold Standard Ventures Corp,Gold Standard Ventures Corp,1,resolved,1321847,Gold Standard Ventures Corp.,,2005-04-04,2022-08-24,,
GTS,2016-01-04,2022-01-31,alpaca,Triple-S Management Corporation,Triple-S Management Corporation,Triple-S Management,1,resolved,1171662,TRIPLE-S MANAGEMENT CORP,,2005-03-15,2023-02-10,,
GTYH,2016-11-18,2022-07-06,alpaca,GTY Technology Holdings Inc. Common Stock,GTY Technology Holdings Inc,GTY Technology Holdings Inc,1,resolved,1682325,GTY Technology Holdings Inc.,,2016-08-23,2022-07-18,,
GTYHU,2016-10-27,2019-02-15,,,,,,no_name,,,,,,,
GUDB,2017-10-31,2020-12-28,alpaca,Sage ESG Intermediate Credit ETF,Sage ESG Intermediate Credit ETF,Sage ESG Intermediate Credit ETF,0,rejected_by_name_zero,,,,,,,
GULF,2016-01-04,2020-05-27,alpaca,WisdomTree Middle East Dividend Fund,WisdomTree Middle East Dividend Fund,WisdomTree Middle East Dividend Fund,0,rejected_by_name_zero,,,,,,,
GV,2022-05-17,2026-07-30,alpaca,Visionary Holdings Inc. Common Shares,Visionary Holdings Inc. Common Shares,Visionary Holdings Inc. Common Shares,0,rejected_by_name_zero,,,,,,,
GWACU,2020-10-20,2020-12-04,alpaca,Good Works Acquisition Corp. Unit,Good Works Acquisition Corp,Good Works Acquisition Corp,1,resolved,1819989,Cipher Digital Inc.,,2020-08-25,2026-08-13,,
GWB,2016-01-04,2022-01-31,alpaca,"Great Western Bancorp, Inc.","Great Western Bancorp, Inc","Great Western Bancorp, Inc",1,resolved,1613665,"Great Western Bancorp, Inc.",,2014-07-18,2023-02-14,,
GWIIU,2021-07-12,2021-08-20,alpaca,Good Works II Acquisition Corp. Unit,Good Works II Acquisition Corp,Good Works II Acquisition Corp,1,resolved,1850487,Good Works II Acquisition Corp.,,2021-03-18,2023-03-28,,
GWPH,2016-01-04,2021-05-04,alpaca,GW Pharmaceuticals Plc American Depositary Shares,GW Pharmaceuticals Plc,GW Pharmaceuticals Plc,1,resolved,1351288,GW PHARMACEUTICALS PLC,,2006-01-20,2022-02-11,,
GWR,2016-01-04,2019-12-27,alpaca,Genesee & Wyoming Inc.,Genesee & Wyoming Inc,Genesee & Wyoming Inc,1,resolved,1012620,GENESEE & WYOMING INC,,2011-10-04,2020-01-09,,
GXGXU,2019-05-21,2021-07-16,alpaca,GX Acquisiton Corp. Unit,GX Acquisiton Corp,GX Acquisiton Corp,0,rejected_by_name_zero,,,,,,,
GYC,2016-01-04,2021-02-11,alpaca,"Corporate Asset Backed Corp., CABCO Trust 2004-102 SBC Commun Float Rate","Corporate Asset Backed Corp., CABCO Trust 2004-102 SBC Commun Float Rate","Corporate Asset Backed Corp., CABCO Trust 2004-102 SBC Commun Float Rate",0,rejected_by_name_zero,,,,,,,
HABT,2016-01-04,2020-03-18,alpaca,"The Habit Restaurants, Inc. Class A Common Stock","The Habit Restaurants, Inc","The Habit Restaurants, Inc",0,rejected_by_name_zero,,,,,,,
HACV,2016-01-08,2018-07-27,,,,,,no_name,,,,,,,
HACW,2016-01-04,2018-08-15,,,,,,no_name,,,,,,,
HAHA,2016-01-06,2018-09-21,,,,,,no_name,,,,,,,
HAUD,2016-01-05,2020-08-17,alpaca,iShares Currency Hedged MSCI Australia ETF,iShares Currency Hedged MSCI Australia ETF,iShares Currency Hedged MSCI Australia ETF,0,rejected_by_name_zero,,,,,,,
HBANN,2016-08-19,2021-10-15,alpaca,Huntington Bancshares Incorporated Depositary Shares each representing a 1/40th interest in a share of 5.875% Series C Non-Cumulative Perpetual Preferred Stock,Huntington Bancshares Incorporated,Huntington Bancshares Incorporated,0,rejected_by_name_zero,,,,,,,
HBANO,2016-03-28,2021-07-15,alpaca,Huntington Bancshares Incorporated Depositary Shares,Huntington Bancshares Incorporated,Huntington Bancshares Incorporated,0,rejected_by_name_zero,,,,,,,
HBK,2016-01-04,2019-04-30,,,,,,no_name,,,,,,,
HBMD,2016-01-04,2022-01-21,alpaca,"Howard Bancorp, Inc. Common Stock","Howard Bancorp, Inc","Howard Bancorp, Inc",0,rejected_by_name_zero,,,,,,,
HBP,2016-01-04,2022-05-02,alpaca,"Huttig Building Products, Inc. Common Stock","Huttig Building Products, Inc",Huttig Building Products,1,resolved,1093082,HUTTIG BUILDING PRODUCTS INC,,1999-09-21,2022-08-05,,
HCAP,2016-01-04,2021-06-08,alpaca,Harvest Capital Credit Corporation Common Stock,Harvest Capital Credit Corporation,Harvest Capital Credit Corporation,0,rejected_by_name_zero,,,,,,,
HCAPZ,2017-08-31,2021-07-23,alpaca,Harvest Capital Credit Corporation 6.125% Notes due 2022,Harvest Capital Credit Corporation,Harvest Capital Credit Corporation,0,rejected_by_name_zero,,,,,,,
HCCCU,2021-01-15,2022-03-07,alpaca,Healthcare Capital Corp. Unit,Healthcare Capital Corp,Healthcare Capital Corp,2,rejected_by_name_ambiguous,,,"[1029260, 1822935]",,,,
HCCH,2018-07-18,2020-12-09,alpaca,HL Acquisitions Corp. Ordinary Shares,HL Acquisitions Corp,HL Acquisitions Corp,1,resolved,1736874,HL Acquisitions Corp.,,2018-04-12,2021-02-16,,
HCCHR,2018-07-18,2020-12-09,alpaca,HL Acquisitions Corp. Right,HL Acquisitions Corp,HL Acquisitions Corp,1,resolved,1736874,HL Acquisitions Corp.,,2018-04-12,2021-02-16,,
HCCHU,2018-06-28,2020-12-07,alpaca,HL Acquisitions Corp. Unit,HL Acquisitions Corp,HL Acquisitions Corp,1,resolved,1736874,HL Acquisitions Corp.,,2018-04-12,2021-02-16,,
HCCOU,2019-12-13,2020-10-29,alpaca,Healthcare Merger Corp. Units,Healthcare Merger Corp,Healthcare Merger Corp,2,rejected_by_name_ambiguous,,,"[1791091, 1821768]",,,,
HCRF,2016-06-13,2018-08-15,,,,,,no_name,,,,,,,
HCXZ,2018-05-03,2021-06-30,alpaca,"Hercules Capital, Inc. 5.25% Notes due 2025","Hercules Capital, Inc","Hercules Capital, Inc",1,resolved,1280784,"Hercules Capital, Inc.",,2017-01-26,2026-09-11,,
HDLV,2016-01-04,2020-03-24,alpaca,ETRACS Monthly Pay 2xLeveraged US High Dividend Low Volatility ETN,ETRACS Monthly Pay 2xLeveraged US High Dividend Low Volatility ETN,ETRACS Monthly Pay 2xLeveraged US High Dividend Low Volatility ETN,0,rejected_by_name_zero,,,,,,,
HDP,2016-01-04,2019-01-02,,,,,,no_name,,,,,,,
HDS,2016-01-04,2020-12-23,alpaca,"HD Supply Holdings, Inc. Common Stock","HD Supply Holdings, Inc","HD Supply Holdings, Inc",1,resolved,1573097,"HD Supply Holdings, Inc.",,2013-04-12,2021-02-12,,
HECCU,2020-06-09,2021-06-22,alpaca,Hudson Executive Investment Corp. Units,Hudson Executive Investment Corp,Hudson Executive Investment Corp,3,rejected_by_name_ambiguous,,,"[1803901, 1823033, 1823034]",,,,
HEFV,2016-01-04,2018-08-15,,,,,,no_name,,,,,,,
HEMV,2016-01-08,2018-08-15,,,,,,no_name,,,,,,,
HEUS,2016-01-08,2018-08-07,,,,,,no_name,,,,,,,
HEWI,2016-01-04,2020-08-17,alpaca,iShares Currency Hedged MSCI Italy ETF,iShares Currency Hedged MSCI Italy ETF,iShares Currency Hedged MSCI Italy ETF,0,rejected_by_name_zero,,,,,,,
HEWL,2016-01-04,2020-08-17,alpaca,iShares Currency Hedged MSCI Switzerland ETF,iShares Currency Hedged MSCI Switzerland ETF,iShares Currency Hedged MSCI Switzerland ETF,0,rejected_by_name_zero,,,,,,,
HEWP,2016-01-04,2020-08-17,alpaca,iShares Currency Hedged MSCI Spain ETF,iShares Currency Hedged MSCI Spain ETF,iShares Currency Hedged MSCI Spain ETF,0,rejected_by_name_zero,,,,,,,
HEWW,2016-01-20,2021-08-23,alpaca,iShares Currency Hedged MSCI Mexico ETF,iShares Currency Hedged MSCI Mexico ETF,iShares Currency Hedged MSCI Mexico ETF,0,rejected_by_name_zero,,,,,,,
HEWY,2016-01-06,2020-08-17,alpaca,iShares Currency Hedged MSCI South Korea ETF,iShares Currency Hedged MSCI South Korea ETF,iShares Currency Hedged MSCI South Korea ETF,0,rejected_by_name_zero,,,,,,,
HFBC,2016-01-04,2019-07-26,ftd_description,HOPFED BANCORP INC,HOPFED BANCORP INC,HOPFED BANCORP INC,2,rejected_by_name_ambiguous,,,"[1041550, 1078767]",,,,
HFXE,2016-01-05,2020-08-05,alpaca,IQ 50 Percent Hedged FTSE Europe ETF,IQ 50 Percent Hedged FTSE Europe ETF,IQ 50 Percent Hedged FTSE Europe ETF,0,rejected_by_name_zero,,,,,,,
HFXJ,2016-01-04,2020-08-05,alpaca,IQ 50 Percent Hedged FTSE Japan ETF,IQ 50 Percent Hedged FTSE Japan ETF,IQ 50 Percent Hedged FTSE Japan ETF,0,rejected_by_name_zero,,,,,,,
HGH,2016-01-04,2022-04-18,alpaca,"THE HARTFORD FINANCIAL SERVICES GROUP, INC.  7.875% FIXED-TO-FLOATING RATE JR SUB DEBENTURE DUE 2042","THE HARTFORD FINANCIAL SERVICES GROUP, INC","THE HARTFORD FINANCIAL SERVICES GROUP, INC",0,rejected_by_name_zero,,,,,,,
HGI,2016-01-04,2019-02-20,,,,,,no_name,,,,,,,
HGSD,2016-01-14,2019-03-14,ftd_description,WISDOMTREE TR GLOBAL HEDGED SM,WISDOMTREE TR GLOBAL HEDGED SM,WISDOMTREE TR GLOBAL HEDGED SM,0,rejected_by_name_zero,,,,,,,
HHHHR,2019-03-07,2020-05-08,alpaca,Wealthbridge Acquisition Limited Rights,Wealthbridge Acquisition Limited,Wealthbridge Acquisition,1,resolved,1753673,Scienjoy Holding Corp,,2018-09-24,2026-09-03,,
HHHHU,2019-02-06,2020-03-10,alpaca,Wealthbridge Acquisition Limited Units,Wealthbridge Acquisition Limited,Wealthbridge Acquisition,1,resolved,1753673,Scienjoy Holding Corp,,2018-09-24,2026-09-03,,
HHRSW,2023-02-27,2023-09-15,alpaca,Hammerhead Energy Inc. Warrant,Hammerhead Energy Inc,Hammerhead Energy Inc,1,resolved,1946425,Hammerhead Energy Inc.,,2022-09-26,2024-01-02,,
HHYX,2016-01-04,2018-08-15,,,,,,no_name,,,,,,,
HIFR,2016-01-04,2019-05-16,ftd_description,INFRAREIT INC COM STK (MD),INFRAREIT INC COM STK (MD),INFRAREIT INC COM STK (MD),0,rejected_by_name_zero,,,,,,,
HILO,2016-01-04,2019-06-14,,,,,,no_name,,,,,,,
HIPR,2020-06-11,2021-09-17,alpaca,Direxion High Growth ETF,Direxion High Growth ETF,Direxion High Growth ETF,0,rejected_by_name_zero,,,,,,,
HJPX,2016-01-04,2022-08-22,alpaca,iShares Currency Hedged JPX-Nikkei 400 ETF,iShares Currency Hedged JPX-Nikkei 400 ETF,iShares Currency Hedged JPX-Nikkei 400 ETF,0,rejected_by_name_zero,,,,,,,
HLG,2016-01-04,2022-09-15,alpaca,Hailiang Education Group Inc. American Depositary Shares,Hailiang Education Group Inc,Hailiang Education Group Inc,1,resolved,1596964,Hailiang Education Group Inc.,,2014-01-21,2022-09-26,,
HMG,2016-01-05,2022-01-24,alpaca,HMG / Courtland Properties Inc,HMG / Courtland Properties Inc,HMG / Courtland Properties Inc,0,rejected_by_name_zero,,,,,,,
HMHC,2016-01-04,2022-04-06,alpaca,Houghton Mifflin Harcourt Company Common Stock,Houghton Mifflin Harcourt Company,Houghton Mifflin Harcourt Company,0,rejected_by_name_zero,,,,,,,
HMLP,2016-01-04,2022-09-23,alpaca,HOEGH LNG PARTNERS LP,HOEGH LNG PARTNERS LP,HOEGH LNG PARTNERS LP,1,resolved,1603016,Hoegh LNG Partners LP,,2014-04-01,2023-01-03,,
HMSY,2016-01-04,2021-03-31,alpaca,HMS Holdings Corp (DE),HMS Holdings Corp (DE),HMS Holdings Corp (DE),0,rejected_by_name_zero,,,,,,,
HMTA,2016-10-12,2019-03-29,,,,,,no_name,,,,,,,
HMTV,2016-01-04,2022-09-12,alpaca,"Hemisphere Media Group, Inc. Class A Common Stock","Hemisphere Media Group, Inc","Hemisphere Media Group, Inc",1,resolved,1567345,"HEMISPHERE MEDIA GROUP, INC.",,2013-01-25,2022-09-21,,
HOLUU,2020-08-05,2021-06-30,alpaca,Holicity Inc. Unit,Holicity Inc,Holicity Inc,1,resolved,1814329,"Astra Space, Inc.",,2020-06-09,2024-08-06,,
HOME,2016-08-04,2021-07-22,alpaca,At Home Group Inc.,At Home Group Inc,At Home Group Inc,1,resolved,1646228,At Home Group Inc.,,2015-07-08,2021-08-03,,
HOML,2016-01-04,2020-03-20,alpaca,ETRACS Monthly Reset 2xLeveraged ISE Exclusively Homebuilders ETN,ETRACS Monthly Reset 2xLeveraged ISE Exclusively Homebuilders ETN,ETRACS Monthly Reset 2xLeveraged ISE Exclusively Homebuilders ETN,0,rejected_by_name_zero,,,,,,,
HONR,2018-01-19,2019-11-20,alpaca,InsightShares Patriotic Employers ETF,InsightShares Patriotic Employers ETF,InsightShares Patriotic Employers ETF,0,rejected_by_name_zero,,,,,,,
HPJ,2016-01-04,2019-10-31,ftd_description,HIGHPOWER INTERNATIONAL (DEL),HIGHPOWER INTERNATIONAL (DEL),HIGHPOWER INTERNATIONAL (DEL),0,rejected_by_name_zero,,,,,,,
HPR,2018-03-20,2021-04-01,alpaca,HighPoint Resources Corporation,HighPoint Resources Corporation,HighPoint Resources,1,resolved,1725526,HighPoint Resources Corp,,2017-12-22,2021-04-19,,
HQBD,2017-05-01,2018-09-14,,,,,,no_name,,,,,,,
HQCL,2016-01-04,2019-01-16,ftd_description,HANWHA Q CELLS CO LTD SPONSORE,HANWHA Q CELLS CO LTD SPONSORE,HANWHA Q CELLS CO LTD SPONSORE,0,rejected_by_name_zero,,,,,,,
HRC,2016-01-04,2021-12-10,alpaca,"HILL-ROM HOLDINGS, INC.","HILL-ROM HOLDINGS, INC","HILL-ROM HOLDINGS, INC",1,resolved,47518,"Hill-Rom Holdings, Inc.",,2010-01-29,2021-12-23,,
HTFA,2017-10-04,2021-04-23,alpaca,Horizon Technology Finance Corporation 6.25 Percent Notes due 2022,Horizon Technology Finance Corporation 6.25 Percent,Horizon Technology Finance Corporation 6.25 Percent,0,rejected_by_name_zero,,,,,,,
HUD,2018-02-01,2020-11-30,alpaca,Hudson Ltd. Class A Common Shares,Hudson Ltd. Class A Common Shares,Hudson Ltd. Class A Common Shares,0,rejected_by_name_zero,,,,,,,
HUSE,2016-01-04,2020-04-20,alpaca,Strategy Shares US Market Rotation Strategy ETF,Strategy Shares US Market Rotation Strategy ETF,Strategy Shares US Market Rotation Strategy ETF,0,rejected_by_name_zero,,,,,,,
HWCC,2016-01-04,2021-06-15,alpaca,Houston Wire & Cable Company Common Stock,Houston Wire & Cable Company,Houston Wire & Cable Company,0,rejected_by_name_zero,,,,,,,
HWCPL,2018-05-25,2021-06-14,alpaca,Hancock Whitney Corporation 5.95% Subordinated Notes due 2045,Hancock Whitney Corporation,Hancock Whitney Corporation,0,rejected_by_name_zero,,,,,,,
HYACU,2017-10-25,2022-05-20,alpaca,Haymaker Acquisition Corp. III Unit,Haymaker Acquisition Corp. III,Haymaker Acquisition Corp. III,1,resolved,1819253,biote Corp.,,2020-08-06,2026-09-01,,
HYB,2016-01-04,2026-02-10,alpaca,"New America High Income Fund, Inc.","New America High Income Fund, Inc",New America High Income Fund,1,resolved,825345,NEW AMERICA HIGH INCOME FUND INC,,1995-08-29,2025-11-24,,
HYDD,2016-06-16,2019-10-11,ftd_description,DIREXION SHS ETF TR DAILY HIGH,DIREXION SHS ETF TR DAILY HIGH,DIREXION SHS ETF TR DAILY HIGH,0,rejected_by_name_zero,,,,,,,
HYGS,2016-01-04,2019-09-06,ftd_description,HYDROGENICS CORP NEW COM SHS (,HYDROGENICS CORP NEW COM SHS (,HYDROGENICS CORP NEW COM SHS (,0,rejected_by_name_zero,,,,,,,
HYND,2016-01-07,2020-05-27,alpaca,WisdomTree Trust WisdomTree WisdomTree Negative Duration High Yield Bond Fund,WisdomTree Trust WisdomTree WisdomTree Negative Duration High Yield Bond Fund,WisdomTree Trust WisdomTree WisdomTree Negative Duration High Yield Bond Fund,0,rejected_by_name_zero,,,,,,,
IAC,2016-01-21,2026-06-03,alpaca,IAC Inc. Common Stock,IAC Inc,IAC Inc,2,rejected_by_name_ambiguous,,,"[947431, 1800227]",,,,
IAM,2017-10-09,2018-11-21,,,,,,no_name,,,,,,,
IBBJ,2020-08-04,2021-12-02,alpaca,ETF Series Solutions Defiance Nasdaq Junior Biotechnology ETF,ETF Series Solutions Defiance Nasdaq Junior Biotechnology ETF,ETF Series Solutions Defiance Nasdaq Junior Biotechnology ETF,0,rejected_by_name_zero,,,,,,,
IBCD,2016-01-04,2020-03-30,alpaca,iShares iBonds Mar 2020 Term Corporate ex-Financials ETF,iShares iBonds Mar 2020 Term Corporate ex-Financials ETF,iShares iBonds Mar 2020 Term Corporate ex-Financials ETF,0,rejected_by_name_zero,,,,,,,
IBDC,2016-01-04,2020-03-30,alpaca,iShares iBonds Mar 2020 Term Corporate ETF,iShares iBonds Mar 2020 Term Corporate ETF,iShares iBonds Mar 2020 Term Corporate ETF,0,rejected_by_name_zero,,,,,,,
IBDK,2016-01-04,2019-12-16,alpaca,iShares iBonds Dec 2019 Term Corporate ETF,iShares iBonds Dec 2019 Term Corporate ETF,iShares iBonds Dec 2019 Term Corporate ETF,0,rejected_by_name_zero,,,,,,,
IBDL,2016-01-04,2020-12-15,alpaca,iShares iBonds Dec 2020 Term Corporate ETF,iShares iBonds Dec 2020 Term Corporate ETF,iShares iBonds Dec 2020 Term Corporate ETF,0,rejected_by_name_zero,,,,,,,
IBDM,2016-01-04,2021-12-15,alpaca,iShares iBonds Dec 2021 Term Corporate ETF,iShares iBonds Dec 2021 Term Corporate ETF,iShares iBonds Dec 2021 Term Corporate ETF,0,rejected_by_name_zero,,,,,,,
IBHA,2019-05-09,2021-12-15,alpaca,iShares iBonds 2021 Term High Yield and Income ETF,iShares iBonds 2021 Term High Yield and Income ETF,iShares iBonds 2021 Term High Yield and Income ETF,0,rejected_by_name_zero,,,,,,,
IBKC,2016-01-04,2020-07-01,alpaca,IBERIABANK Corporation Common Stock,IBERIABANK Corporation,IBERIABANK Corporation,0,rejected_by_name_zero,,,,,,,
IBKCN,2019-04-05,2020-07-01,alpaca,"IBERIABANK Corporation Depositary Shares 6.10% Fixed-to-Floating Non-Cumulative Perpetual Preferred Stock, Series D",IBERIABANK Corporation,IBERIABANK Corporation,0,rejected_by_name_zero,,,,,,,
IBKCO,2016-05-23,2020-07-01,alpaca,IBERIABANK Corporation Depositary Shares Representing Series C Fixed to Floating,IBERIABANK Corporation,IBERIABANK Corporation,0,rejected_by_name_zero,,,,,,,
IBKCP,2016-01-04,2020-07-01,alpaca,IBERIABANK Corporation Depositary Shares Representing Series B Fixed to Floating,IBERIABANK Corporation,IBERIABANK Corporation,0,rejected_by_name_zero,,,,,,,
IBMG,2016-01-04,2018-09-04,,,,,,no_name,,,,,,,
IBMH,2016-01-04,2019-09-03,ftd_description,ISHARES IBONDS SEP 2019 TERM M,ISHARES IBONDS SEP 2019 TERM M,ISHARES IBONDS SEP 2019 TERM M,0,rejected_by_name_zero,,,,,,,
IBMI,2016-01-04,2020-09-01,alpaca,iShares iBonds Sep 2020 Term Muni Bond ETF,iShares iBonds Sep 2020 Term Muni Bond ETF,iShares iBonds Sep 2020 Term Muni Bond ETF,0,rejected_by_name_zero,,,,,,,
IBMJ,2016-01-04,2021-12-01,alpaca,iShares iBonds Dec 2021 Term Muni Bond ETF,iShares iBonds Dec 2021 Term Muni Bond ETF,iShares iBonds Dec 2021 Term Muni Bond ETF,0,rejected_by_name_zero,,,,,,,
ICAN,2017-04-13,2019-03-18,ftd_description,ETF SER SOLUTIONS SERENITYSHAR,ETF SER SOLUTIONS SERENITYSHAR,ETF SER SOLUTIONS SERENITYSHAR,0,rejected_by_name_zero,,,,,,,
ICBK,2016-01-04,2021-12-03,alpaca,"County Bancorp, Inc. Common Stock","County Bancorp, Inc","County Bancorp, Inc",1,resolved,1470205,"County Bancorp, Inc.",,2009-08-26,2021-12-13,,
ICOL,2016-01-04,2022-08-22,alpaca,iShares MSCI Colombia ETF,iShares MSCI Colombia ETF,iShares MSCI Colombia ETF,0,rejected_by_name_zero,,,,,,,
IDSA,2016-01-04,2019-12-30,alpaca,"Industrial Services of America, Inc. Common Stock","Industrial Services of America, Inc",Industrial Services of America,1,resolved,4187,"RECYCLING ASSET HOLDINGS, INC.",,1995-08-14,2020-03-30,,
IDTI,2016-01-04,2019-03-29,ftd_description,INTEGRATED DEVICE TECH INC,INTEGRATED DEVICE TECH INC,INTEGRATED DEVICE TECH,1,resolved,703361,Renesas Electronics America Inc.,,2007-01-10,2026-08-07,,
IDY,2019-10-24,2020-10-23,alpaca,Pacific Global International Equity Income ETF,Pacific Global International Equity Income ETF,Pacific Global International Equity Income ETF,0,rejected_by_name_zero,,,,,,,
IEC,2016-01-04,2021-10-04,alpaca,IEC Electronics Corp. Common Stock,IEC Electronics Corp,IEC Electronics Corp,1,resolved,49728,IEC ELECTRONICS CORP,,2004-05-17,2022-02-14,,
IECS,2018-03-23,2022-08-22,alpaca,iShares Evolved U.S. Consumer Staples ETF,iShares Evolved U.S. Consumer Staples ETF,iShares Evolved U.S. Consumer Staples ETF,0,rejected_by_name_zero,,,,,,,
IEFN,2018-03-23,2022-08-22,alpaca,iShares Evolved U.S. Financials ETF,iShares Evolved U.S. Financials ETF,iShares Evolved U.S. Financials ETF,0,rejected_by_name_zero,,,,,,,
IEHS,2018-03-23,2022-08-22,alpaca,iShares Evolved U.S. Healthcare Staples ETF,iShares Evolved U.S. Healthcare Staples ETF,iShares Evolved U.S. Healthcare Staples ETF,0,rejected_by_name_zero,,,,,,,
IEIH,2018-03-23,2022-08-22,alpaca,iShares Evolved U.S. Innovative Healthcare ETF,iShares Evolved U.S. Innovative Healthcare ETF,iShares Evolved U.S. Innovative Healthcare ETF,0,rejected_by_name_zero,,,,,,,
IEME,2018-03-23,2022-08-22,alpaca,iShares Evolved U.S. Media and Entertainment ETF,iShares Evolved U.S. Media and Entertainment ETF,iShares Evolved U.S. Media and Entertainment ETF,0,rejected_by_name_zero,,,,,,,
IFEU,2016-01-04,2020-08-17,alpaca,iShares Europe Developed Real Estate ETF,iShares Europe Developed Real Estate ETF,iShares Europe Developed Real Estate ETF,0,rejected_by_name_zero,,,,,,,
IFFT,2018-09-19,2021-09-14,alpaca,International Flavors & Fragrances Inc. 6.00% Tangible Equity Units,International Flavors & Fragrances Inc,International Flavors & Fragrances Inc,1,resolved,51253,INTERNATIONAL FLAVORS & FRAGRANCES INC,,2019-07-17,2026-08-19,,
IFIX,2016-10-25,2019-11-12,alpaca,Xtrackers Barclays International Corporate Bond Hedged ETF,Xtrackers Barclays International Corporate Bond Hedged ETF,Xtrackers Barclays International Corporate Bond Hedged ETF,0,rejected_by_name_zero,,,,,,,
IGVT,2016-10-25,2019-11-12,alpaca,Xtrackers Barclays International Treasury Bond Hedged ETF,Xtrackers Barclays International Treasury Bond Hedged ETF,Xtrackers Barclays International Treasury Bond Hedged ETF,0,rejected_by_name_zero,,,,,,,
IHC,2016-01-04,2022-02-15,alpaca,Independence Holding Company,Independence Holding Company,Independence Holding Company,0,rejected_by_name_zero,,,,,,,
IHYD,2018-10-08,2020-02-14,alpaca,Invesco Corporate Income Defensive ETF,Invesco Corporate Income Defensive ETF,Invesco Corporate Income Defensive ETF,0,rejected_by_name_zero,,,,,,,
IID,2016-01-04,2021-03-31,alpaca,VOYA INTERNATIONAL HIGH DIVIDEND EQUITY INCOME FUND,VOYA INTERNATIONAL HIGH DIVIDEND EQUITY INCOME FUND,VOYA INTERNATIONAL HIGH DIVIDEND EQUITY INCOME FUND,1,resolved,1395627,Voya International High Dividend Equity Income Fund,,2007-04-13,2021-08-25,,
IIN,2016-01-04,2022-05-24,alpaca,Intricon Corporation Common Stock,Intricon Corporation,Intricon,1,resolved,88790,INTRICON CORP,,1995-03-17,2022-06-03,,
ILG,2016-10-17,2018-08-31,,,,,,no_name,,,,,,,
IMDZ,2016-01-04,2019-04-01,ftd_description,IMMUNE DESIGN CORP COM,IMMUNE DESIGN CORP COM,IMMUNE DESIGN CORP COM,0,rejected_by_name_zero,,,,,,,
IMFI,2018-12-06,2020-02-14,alpaca,Invesco Multi-Factor Income ETF,Invesco Multi-Factor Income ETF,Invesco Multi-Factor Income ETF,0,rejected_by_name_zero,,,,,,,
IMFP,2018-10-31,2020-02-14,alpaca,Invesco Multi-Factor Core Plus Fixed Income ETF,Invesco Multi-Factor Core Plus Fixed Income ETF,Invesco Multi-Factor Core Plus Fixed Income ETF,0,rejected_by_name_zero,,,,,,,
IMI,2016-01-04,2019-09-19,ftd_description,INTERMOLECULAR INC COM STK (DE,INTERMOLECULAR INC COM STK (DE,INTERMOLECULAR INC COM STK (DE,0,rejected_by_name_zero,,,,,,,
IMMU,2016-01-04,2020-10-22,alpaca,"Immunomedics, Inc. Common Stock","Immunomedics, Inc",Immunomedics,1,resolved,722830,IMMUNOMEDICS INC,,2002-06-25,2021-02-16,,
IMPV,2016-01-04,2019-01-09,,,,,,no_name,,,,,,,
IMVTU,2019-12-20,2020-06-05,alpaca,"Immunovant, Inc. Units","Immunovant, Inc","Immunovant, Inc",1,resolved,1764013,"Immunovant, Inc.",,2019-01-23,2026-09-03,,
INAQU,2020-09-03,2024-12-13,alpaca,Insight Acquisition Corp. Units,Insight Acquisition Corp,Insight Acquisition Corp,3,rejected_by_name_ambiguous,,,"[1349167, 1336523, 1862463]",,,,
INAU,2019-06-21,2019-10-01,alpaca,Innovation United States ETF,Innovation United States ETF,Innovation United States ETF,0,rejected_by_name_zero,,,,,,,
INB,2016-01-04,2019-12-20,alpaca,"Cohen & Steers Global Income Builder, Inc.","Cohen & Steers Global Income Builder, Inc","Cohen & Steers Global Income Builder, Inc",1,resolved,1395057,"Cohen & Steers Global Income Builder, Inc",,2007-04-23,2021-11-24,,
INBKL,2016-10-12,2021-10-01,alpaca,First Internet Bancorp 6.0% Fixed-to-Floating Rate Subordinated Notes due 2026,First Internet Bancorp,First Internet Bancorp,0,rejected_by_name_zero,,,,,,,
INDF,2016-05-16,2025-08-26,alpaca,Range India Financials ETF,Range India Financials ETF,Range India Financials ETF,0,rejected_by_name_zero,,,,,,,
INF,2016-01-04,2020-03-06,alpaca,BROOKFIELD GLOBAL LISTED INFRASTRUCTURE INCOME FUND INC.,BROOKFIELD GLOBAL LISTED INFRASTRUCTURE INCOME FUND INC,BROOKFIELD GLOBAL LISTED INFRASTRUCTURE INCOME FUND INC,1,resolved,1522807,Brookfield Global Listed Infrastructure Income Fund Inc.,,2011-06-10,2020-08-28,,
INFR,2016-12-30,2026-01-22,alpaca,Franklin Templeton ETF Trust ClearBridge Sustainable Infrastructure ETF,Franklin Templeton ETF Trust ClearBridge Sustainable Infrastructure ETF,Franklin Templeton ETF Trust ClearBridge Sustainable Infrastructure ETF,0,rejected_by_name_zero,,,,,,,
INST,2016-01-04,2024-11-12,alpaca,"Instructure Holdings, Inc.","Instructure Holdings, Inc","Instructure Holdings, Inc",1,resolved,1841804,"INSTRUCTURE HOLDINGS, INC.",,2021-02-09,2025-02-07,,
INSUU,2019-03-20,2020-10-12,alpaca,Insurance Acquisition Corp. Unit,Insurance Acquisition Corp,Insurance Acquisition Corp,1,resolved,1762322,"SHIFT TECHNOLOGIES, INC.",,2018-12-31,2024-11-27,,
INTX,2016-01-04,2019-01-10,ftd_description,INTERSECTIONS INC,INTERSECTIONS INC,INTERSECTIONS INC,1,resolved,1095277,INTERSECTIONS INC,,2008-03-04,2019-01-22,,
INWK,2016-01-04,2020-09-30,alpaca,"InnerWorkings, Inc. Common Stock","InnerWorkings, Inc",InnerWorkings,1,resolved,1350381,INNERWORKINGS INC,,2006-08-15,2021-02-11,,
INXN,2016-01-04,2020-03-12,alpaca,Interxion Holding N.V.,Interxion Holding N.V,Interxion Holding N.V,1,resolved,1500866,InterXion Holding N.V.,,2011-01-12,2021-02-16,,
INXX,2016-01-04,2019-06-14,,,,,,no_name,,,,,,,
IOTS,2016-01-04,2020-06-26,alpaca,Adesto Technologies Corporation Common Stock,Adesto Technologies Corporation,Adesto Technologies,1,resolved,1395848,ADESTO TECHNOLOGIES Corp,,2007-04-02,2021-02-16,,
IPAS,2016-01-04,2019-02-12,,,,,,no_name,,,,,,,
IPFF,2016-01-04,2021-08-23,alpaca,iShares International Preferred Stock ETF,iShares International,iShares International,0,rejected_by_name_zero,,,,,,,
IPHI,2016-01-04,2021-04-20,alpaca,Inphi Corporation Common Stock,Inphi Corporation,Inphi Corporation,0,rejected_by_name_zero,,,,,,,
IPHS,2016-01-04,2020-02-06,alpaca,"Innophos Holdings, Inc. Common Stock","Innophos Holdings, Inc","Innophos Holdings, Inc",1,resolved,1364099,"Innophos Holdings, Inc.",,2006-07-19,2021-08-20,,
IPLDP,2018-12-31,2021-12-14,alpaca,Interstate Power & Light Company Perp Prd Ser D,Interstate Power & Light Company Perp Prd Ser D,Interstate Power & Light Company Perp Prd Ser D,0,rejected_by_name_zero,,,,,,,
IPOA,2017-09-29,2019-10-25,ftd_description,SOCIAL CAP HEDOSOPHIA HLDGS CO,SOCIAL CAP HEDOSOPHIA HLDGS CO,SOCIAL CAP HEDOSOPHIA HLDGS CO,0,rejected_by_name_zero,,,,,,,
IRCP,2016-01-04,2022-05-27,alpaca,IRSA Propiedades Comerciales S.A. American Depositary Shares,IRSA Propiedades Comerciales S.A,IRSA Propiedades Comerciales S.A,1,resolved,1128173,IRSA PROPIEDADES COMERCIALES S.A.,,2001-02-13,2022-11-01,,
IRR,2016-01-04,2021-06-11,alpaca,VOYA NATURAL RESOURCES EQUITY INCOME FUND,VOYA NATURAL RESOURCES EQUITY INCOME FUND,VOYA NATURAL RESOURCES EQUITY INCOME FUND,1,resolved,1372117,Voya Natural Resources Equity Income Fund,,2006-08-10,2022-08-26,,
ISBC,2016-01-04,2022-04-06,alpaca,"Investors Bancorp, Inc. Common Stock","Investors Bancorp, Inc","Investors Bancorp, Inc",1,resolved,1594012,"Investors Bancorp, Inc.",,2013-12-10,2023-02-14,,
ISCA,2016-01-04,2019-10-17,ftd_description,INTL SPEEDWAY CORP CL-A,INTL SPEEDWAY CORP CL-A,INTL SPEEDWAY CORP CL-A,0,rejected_by_name_zero,,,,,,,
ISDS,2018-09-14,2020-08-11,alpaca,Invesco Exchange-Traded Self-Indexed Fund Trust Invesco RAFI Strategic Developed ex-US Small Company ETF,Invesco Exchange-Traded Self-Indexed Fund Trust Invesco RAFI Strategic Developed ex-US Small Company ETF,Invesco Exchange-Traded Self-Indexed Fund Trust Invesco RAFI Strategic Developed ex-US Small Company ETF,0,rejected_by_name_zero,,,,,,,
ISLE,2016-01-04,2022-08-26,alpaca,Isleworth Healthcare Acquisition Corporation Common stock,Isleworth Healthcare Acquisition Corporation,Isleworth Healthcare Acquisition,1,resolved,1837997,Isleworth Healthcare Acquisition Corp.,,2021-01-21,2022-09-09,,
ISLEU,2021-02-25,2021-03-29,alpaca,Isleworth Healthcare Acquisition Corporation Unit,Isleworth Healthcare Acquisition Corporation,Isleworth Healthcare Acquisition,1,resolved,1837997,Isleworth Healthcare Acquisition Corp.,,2021-01-21,2022-09-09,,
ITACU,2020-09-09,2021-10-05,alpaca,"Industrial Tech Acquisitions, Inc. Unit","Industrial Tech Acquisitions, Inc","Industrial Tech Acquisitions, Inc",1,resolved,1816696,"Industrial Tech Acquisitions, Inc.",,2020-07-06,2021-11-10,,
ITHXU,2021-01-28,2022-07-18,alpaca,ITHAX Acquisition Corp. Unit,ITHAX Acquisition Corp,ITHAX Acquisition Corp,2,rejected_by_name_ambiguous,,,"[2080985, 1828852]",,,,
ITMR,2019-03-07,2021-12-15,alpaca,Itamar Medical Ltd. American Depository Shares,Itamar Medical Ltd. American Depository Shares,Itamar Medical Ltd. American Depository Shares,0,rejected_by_name_zero,,,,,,,
ITUS,2016-01-04,2018-09-28,,,,,,no_name,,,,,,,
IVTY,2016-01-04,2018-10-22,,,,,,no_name,,,,,,,
JAG,2017-01-27,2020-01-09,alpaca,Jagged Peak Energy Inc.,Jagged Peak Energy Inc,Jagged Peak Energy Inc,1,resolved,1685715,Jagged Peak Energy Inc.,,2016-10-11,2020-02-14,,
JAX,2016-01-04,2021-09-29,alpaca,"J. Alexander's Holdings, Inc.","J. Alexander's Holdings, Inc","J. Alexander's Holdings, Inc",1,resolved,1617227,"J. Alexander's Holdings, Inc.",,2014-08-22,2022-02-14,,
JBR,2016-01-04,2020-05-18,alpaca,"Corporate Backed Callable Trust Certificates, J.C. Penny Debenture-Backed Series 2006-1 Trust","Corporate Backed Callable Trust Certificates, J.C. Penny Debenture-Backed Series 2006-1 Trust","Corporate Backed Callable Trust Certificates, J.C. Penny Debenture-Backed Series 2006-1 Trust",1,resolved,1379404,"Corporate Backed Callable Trust Certificates, J.C. Penny Debenture-Backed Series 2006-1 Trust",,2006-10-27,2023-09-15,,
JCO,2017-03-29,2022-05-25,alpaca,Nuveen Credit Opportunities 2022 Target Term Fund,Nuveen Credit Opportunities 2022 Target Term Fund,Nuveen Credit Opportunities 2022 Target Term Fund,1,resolved,1686142,Nuveen Credit Opportunities 2022 Target Term Fund,,2016-09-30,2023-08-21,,
JDD,2016-01-04,2021-11-19,alpaca,Nuveen Diversified Dividend and Income Fund,Nuveen Diversified Dividend and Income Fund,Nuveen Diversified Dividend and Income Fund,0,rejected_by_name_zero,,,,,,,
JFKKR,2019-05-16,2020-09-30,alpaca,8i Enterprises Acquisition Corp Right,8i Enterprises Acquisition Corp,8i Enterprises Acquisition Corp,1,resolved,1753648,8i Enterprises Acquisition Corp.,,2018-10-01,2021-02-16,,
JFKKU,2019-03-28,2020-09-30,alpaca,8i Enterprises Acquisition Corp Unit,8i Enterprises Acquisition Corp,8i Enterprises Acquisition Corp,1,resolved,1753648,8i Enterprises Acquisition Corp.,,2018-10-01,2021-02-16,,
JHA,2016-01-04,2018-11-26,,,,,,no_name,,,,,,,
JHB,2016-08-24,2021-10-26,alpaca,Nuveen Corporate Income November 2021 Target Term Fund,Nuveen Corporate Income November 2021 Target Term Fund,Nuveen Corporate Income November 2021 Target Term Fund,1,resolved,1647933,Nuveen Corporate Income November 2021 Target Term Fund,,2015-07-16,2024-01-26,,
JHD,2016-05-11,2019-11-22,alpaca,Nuveen High Income December 2019 Target Term Fund,Nuveen High Income December 2019 Target Term Fund,Nuveen High Income December 2019 Target Term Fund,1,resolved,1666735,Nuveen High Income December 2019 Target Term Fund,,2016-02-25,2021-08-16,,
JHY,2016-01-04,2020-10-26,alpaca,Nuveen High Income 2020 Target Term Fund Common Shares of Beneficial Interest,Nuveen High Income 2020 Target Term Fund Common Shares of Beneficial Interest,Nuveen High Income 2020 Target Term Fund Common Shares of Beneficial Interest,0,rejected_by_name_zero,,,,,,,
JMBA,2016-01-04,2018-09-12,,,,,,no_name,,,,,,,
JMEI,2016-01-04,2020-04-14,alpaca,"Jumei International Holding Limited American depositary shares, each representing ten Class A ordina",Jumei International Holding Limited,Jumei International Holding Limited,1,resolved,1798954,Jumei International Holding Limited/ADR,,2014-05-06,2020-01-08,,
JMF,2016-01-04,2020-05-04,alpaca,NUVEEN ENERGY MLP TOTAL RETURN FUND,NUVEEN ENERGY MLP TOTAL RETURN FUND,NUVEEN ENERGY MLP TOTAL RETURN FUND,1,resolved,1502711,Nuveen Energy MLP Total Return Fund,,2010-10-06,2020-09-24,,
JMIN,2017-11-09,2022-09-06,alpaca,JPMorgan U.S. Minimum Volatility ETF,JPMorgan U.S. Minimum Volatility ETF,JPMorgan U.S. Minimum Volatility ETF,0,rejected_by_name_zero,,,,,,,
JMLP,2016-01-04,2020-05-04,alpaca,NUVEEN ALL CAP ENERGY MLP OPPORTUNITIES FUND,NUVEEN ALL CAP ENERGY MLP OPPORTUNITIES FUND,NUVEEN ALL CAP ENERGY MLP OPPORTUNITIES FUND,1,resolved,1582817,Nuveen All Cap Energy MLP Opportunities Fund,,2013-08-07,2020-11-23,,
JMP,2016-01-04,2021-11-15,alpaca,JMP Group LLC,JMP Group LLC,JMP Group LLC,1,resolved,1302350,JMP GROUP LLC,,2004-09-02,2021-12-14,,
JMPNL,2020-01-02,2021-09-10,alpaca,JMP Group LLC 7.25% Senior Notes due 2027,JMP Group LLC,JMP Group LLC,1,resolved,1302350,JMP GROUP LLC,,2004-09-02,2021-12-14,,
JMPNZ,2020-01-02,2021-12-10,alpaca,JMP Group LLC 6.875% Senior Notes due 2029,JMP Group LLC,JMP Group LLC,1,resolved,1302350,JMP GROUP LLC,,2004-09-02,2021-12-14,,
JMT,2016-01-04,2019-12-13,alpaca,Nuveen Mortgage Opportunity Term Fund 2,Nuveen Mortgage Opportunity Term Fund 2,Nuveen Mortgage Opportunity Term Fund 2,1,resolved,1479238,Nuveen Mortgage Opportunity Term Fund 2,,2009-12-22,2020-10-30,,
JNMF,2020-01-13,2020-05-27,alpaca,WisdomTree Japan Multifactor Fund,WisdomTree Japan Multifactor Fund,WisdomTree Japan Multifactor Fund,0,rejected_by_name_zero,,,,,,,
JNP,2016-01-04,2018-08-13,,,,,,no_name,,,,,,,
JOBS,2016-01-04,2022-05-06,alpaca,"51job, Inc. American Depositary Shares","51job, Inc","51job, Inc",1,resolved,1295484,"51JOB, INC.",,2004-07-07,2024-11-04,,
JPBI,2018-11-02,2019-02-05,ftd_description,EXCHANGE LSTD FDS TR JAMES PUR,EXCHANGE LSTD FDS TR JAMES PUR,EXCHANGE LSTD FDS TR JAMES PUR,0,rejected_by_name_zero,,,,,,,
JPED,2017-12-01,2020-06-19,alpaca,JPMorgan Event Driven ETF,JPMorgan Event Driven ETF,JPMorgan Event Driven ETF,0,rejected_by_name_zero,,,,,,,
JPEH,2016-04-04,2019-03-28,,,,,,no_name,,,,,,,
JPEU,2016-01-05,2020-06-12,alpaca,JPMorgan Diversified Return Europe Equity ETF,JPMorgan Diversified Return Europe Equity ETF,JPMorgan Diversified Return Europe Equity ETF,0,rejected_by_name_zero,,,,,,,
JPGE,2016-01-04,2020-06-19,alpaca,JPMorgan Diversified Return Global Equity ETF,JPMorgan Diversified Return Global Equity ETF,JPMorgan Diversified Return Global Equity ETF,0,rejected_by_name_zero,,,,,,,
JPHF,2016-09-15,2020-06-19,alpaca,JPMorgan Diversified Alternatives ETF,JPMorgan Diversified Alternatives ETF,JPMorgan Diversified Alternatives ETF,0,rejected_by_name_zero,,,,,,,
JPIH,2016-04-04,2019-03-26,ftd_description,J P MORGAN ETF TR DIVERSIFIED,J P MORGAN ETF TR DIVERSIFIED,J P MORGAN ETF TR DIVERSIFIED,0,rejected_by_name_zero,,,,,,,
JPLS,2018-01-25,2020-06-12,alpaca,JPMorgan Long/Short ETF,JPMorgan Long/Short ETF,JPMorgan Long/Short ETF,0,rejected_by_name_zero,,,,,,,
JPMF,2017-12-07,2020-06-12,alpaca,JPMorgan Managed Futures Strategy ETF,JPMorgan Managed Futures Strategy ETF,JPMorgan Managed Futures Strategy ETF,0,rejected_by_name_zero,,,,,,,
JPMV,2016-01-04,2020-08-17,alpaca,iShares Edge MSCI Min Vol Japan ETF,iShares Edge MSCI Min Vol Japan ETF,iShares Edge MSCI Min Vol Japan ETF,0,rejected_by_name_zero,,,,,,,
JPN,2016-01-04,2022-03-07,alpaca,Xtrackers Japan JPX-Nikkei 400 Equity ETF,Xtrackers Japan JPX-Nikkei 400 Equity ETF,Xtrackers Japan JPX-Nikkei 400 Equity ETF,0,rejected_by_name_zero,,,,,,,
JPNL,2016-01-04,2020-10-16,alpaca,Direxion Daily Japan Bull 3x Shares,Direxion Daily Japan Bull 3x Shares,Direxion Daily Japan Bull 3x Shares,0,rejected_by_name_zero,,,,,,,
JSYNU,2016-03-03,2019-06-19,,,,,,no_name,,,,,,,
JTA,2016-01-04,2021-11-19,alpaca,Nuveen Tax-Advantaged Total Return Strategy Fund,Nuveen Tax-Advantaged Total Return Strategy Fund,Nuveen Tax-Advantaged Total Return Strategy Fund,0,rejected_by_name_zero,,,,,,,
JTD,2016-01-04,2021-11-19,alpaca,NUVEEN TAX-ADVANTAGE DIVIDEND GROWTH FUND,NUVEEN TAX-ADVANTAGE DIVIDEND GROWTH FUND,NUVEEN TAX-ADVANTAGE DIVIDEND GROWTH FUND,0,rejected_by_name_zero,,,,,,,
JTPY,2016-01-04,2018-12-06,,,,,,no_name,,,,,,,
JWACU,2021-12-07,2022-01-06,alpaca,Jupiter Wellness Acquisition Corp. Unit,Jupiter Wellness Acquisition Corp,Jupiter Wellness Acquisition Corp,1,resolved,1883799,Jupiter Wellness Acquisition Corp.,,2021-11-01,2024-02-14,,
KAAC,2017-05-02,2018-11-09,,,,,,no_name,,,,,,,
KANG,2016-01-04,2019-01-18,ftd_description,IKANG HEALTHCARE GROUP INC SPO,IKANG HEALTHCARE GROUP INC SPO,IKANG HEALTHCARE GROUP INC SPO,0,rejected_by_name_zero,,,,,,,
KBLMR,2017-06-27,2020-11-06,alpaca,KBL Merger Corp. IV Rights expiring 11/9/2020,KBL Merger Corp. IV Rights expiring 11/9/2020,KBL Merger Corp. IV Rights expiring 11/9/2020,0,rejected_by_name_zero,,,,,,,
KBLMU,2017-06-02,2020-11-06,alpaca,KBL Merger Corp. IV Unit,KBL Merger Corp. IV,KBL Merger Corp. IV,1,resolved,1690080,FORUM MARKETS Inc,,2016-11-16,2026-08-21,,
KCAP,2016-01-04,2019-04-01,ftd_description,KCAP FINL INC COM (DE),KCAP FINL INC COM (DE),KCAP FINL INC COM (DE),0,rejected_by_name_zero,,,,,,,
KCAPL,2017-08-28,2021-05-27,alpaca,"KCAP Financial, Inc. 6.125% Notes due 2022","KCAP Financial, Inc","KCAP Financial, Inc",1,resolved,1372807,BCP Investment Corp,,2007-02-27,2026-09-03,,
KDFI,2019-12-09,2021-12-03,alpaca,KFA Dynamic Fixed Income ETF,KFA Dynamic Fixed Income ETF,KFA Dynamic Fixed Income ETF,0,rejected_by_name_zero,,,,,,,
KDMN,2016-07-27,2021-11-08,alpaca,"Kadmon Holdings, Inc. Common Stock","Kadmon Holdings, Inc","Kadmon Holdings, Inc",1,resolved,1557142,"Kadmon Holdings, Inc.",,2012-08-30,2022-02-14,,
KED,2016-01-04,2018-08-03,,,,,,no_name,,,,,,,
KEM,2016-01-04,2025-05-20,alpaca,KraneShares Dynamic Emerging Markets Strategy ETF,KraneShares Dynamic Emerging Markets Strategy ETF,KraneShares Dynamic Emerging Markets Strategy ETF,0,rejected_by_name_zero,,,,,,,
KEYW,2016-01-04,2019-06-11,ftd_description,THE KEYW HOLDING CORP COM STK,THE KEYW HOLDING CORP COM STK,THE KEYW HOLDING CORP COM STK,0,rejected_by_name_zero,,,,,,,
KIN,2016-01-04,2021-08-27,alpaca,"Kindred Biosciences, Inc. Common Stock","Kindred Biosciences, Inc","Kindred Biosciences, Inc",1,resolved,1561743,"Kindred Biosciences, Inc.",,2012-11-19,2022-02-14,,
KIND,2021-11-08,2025-07-18,alpaca,"Nextdoor Holdings, Inc.","Nextdoor Holdings, Inc","Nextdoor Holdings, Inc",1,resolved,1846069,"Nextdoor Holdings, Inc.",,2021-02-12,2026-09-04,,
KL,2017-08-16,2022-02-08,alpaca,Kirkland Lake Gold Ltd Ordinary,Kirkland Lake Gold Ltd Ordinary,Kirkland Lake Gold Ltd Ordinary,0,rejected_by_name_zero,,,,,,,
KLXI,2016-01-04,2018-10-08,,,,,,no_name,,,,,,,
KMM,2016-01-04,2018-11-09,,,,,,no_name,,,,,,,
KNAB,2019-04-03,2020-12-17,alpaca,MicroSectorsTM U.S. Big Banks Index Inverse ETNs,MicroSectorsTM U.S. Big Banks Index Inverse ETNs,MicroSectorsTM U.S. Big Banks Index Inverse ETNs,0,rejected_by_name_zero,,,,,,,
KNL,2016-01-04,2021-07-19,alpaca,"Knoll, Inc.","Knoll, Inc","Knoll, Inc",0,rejected_by_name_zero,,,,,,,
KOL,2016-01-04,2020-12-14,alpaca,VanEck Vectors Coal ETF,VanEck Vectors Coal ETF,VanEck Vectors Coal ETF,0,rejected_by_name_zero,,,,,,,
KONE,2016-01-04,2018-09-12,,,,,,no_name,,,,,,,
KOR,2016-09-29,2022-01-14,alpaca,Corvus Gold Inc. Common Shares,Corvus Gold Inc. Common Shares,Corvus Gold Inc. Common Shares,0,rejected_by_name_zero,,,,,,,
KPFS,2018-10-04,2019-07-08,ftd_description,PEPPER FOOD SVC CO LTD (JAPAN),PEPPER FOOD SVC CO LTD (JAPAN),PEPPER FOOD SVC CO LTD (JAPAN),0,rejected_by_name_zero,,,,,,,
KRA,2016-01-04,2022-03-14,alpaca,Kraton Corporation,Kraton Corporation,Kraton Corporation,0,rejected_by_name_zero,,,,,,,
KSMTU,2020-08-06,2021-08-26,alpaca,Kismet Acquisition One Corp Unit,Kismet Acquisition One Corp,Kismet Acquisition One Corp,1,resolved,1814824,Kismet Acquisition One Corp,,2020-06-16,2021-08-26,,
KST,2016-01-04,2018-11-09,,,,,,no_name,,,,,,,
KSU,2016-01-04,2021-12-13,alpaca,Kansas City Southern,Kansas City Southern,Kansas City Southern,4,rejected_by_name_ambiguous,,,"[54480, 1176554, 1055294, 200411]",,,,
KURIU,2021-03-08,2021-10-21,alpaca,Alkuri Global Acquisition Corp. Unit,Alkuri Global Acquisition Corp,Alkuri Global Acquisition Corp,1,resolved,1836967,ALKURI GLOBAL ACQUISITION CORP.,,2020-12-30,2022-02-11,,
KVSB,2021-03-24,2021-11-05,alpaca,Khosla Ventures Acquisition Co. II Class A Common Stock,Khosla Ventures Acquisition Co. II,Khosla Ventures Acquisition Co. II,2,rejected_by_name_ambiguous,,,"[1846069, 1846068]",,,,
KYE,2016-01-04,2018-08-03,,,,,,no_name,,,,,,,
LABL,2016-01-04,2019-07-01,ftd_description,MULTI-COLOR CORP,MULTI-COLOR CORP,MULTI-COLOR CORP,1,rejected_by_date_overlap,2134523,Multi-Color Corp,,2026-05-26,2026-05-26,,
LACK,2018-11-29,2020-10-16,alpaca,Direxion Daily Consumer Staples Bear 3X Shares,Direxion Daily Consumer Staples Bear 3X Shares,Direxion Daily Consumer Staples Bear 3X Shares,0,rejected_by_name_zero,,,,,,,
LATNU,2019-10-18,2021-09-27,alpaca,Union Acquisition Corp. II Units containing one ordinary share and one redeemable warrant,Union Acquisition Corp. II Units containing one ordinary share and one redeemable,Union Acquisition Corp. II Units containing one ordinary share and one redeemable,0,rejected_by_name_zero,,,,,,,
LBDC,2016-01-06,2020-04-01,alpaca,"2xLeveraged Long ETRACS Wells Fargo Business Development Company Index ETN Series B due May 24, 2041","2xLeveraged Long ETRACS Wells Fargo Business Development Company Index ETN Series B due May 24, 2041","2xLeveraged Long ETRACS Wells Fargo Business Development Company Index ETN Series B due May 24, 2041",0,rejected_by_name_zero,,,,,,,
LBJ,2016-01-04,2022-01-14,alpaca,Direxion Daily Latin America Bull 2X Shares,Direxion Daily Latin America Bull 2X Shares,Direxion Daily Latin America Bull 2X Shares,0,rejected_by_name_zero,,,,,,,
LBPS,2021-03-22,2022-06-24,alpaca,4D pharma plc American Depositary Shares,4D pharma plc,4D pharma plc,1,resolved,1830162,4D Pharma PLC,,2020-11-25,2023-02-23,,
LCAHU,2016-05-26,2024-02-27,alpaca,"Landcadia Holdings IV, Inc. Units","Landcadia Holdings IV, Inc","Landcadia Holdings IV, Inc",1,resolved,1844642,"Landcadia Holdings IV, Inc.",,2021-02-12,2024-03-21,,
LCAPU,2020-08-14,2022-05-20,alpaca,Lionheart Acquisition Corp. II Unit,Lionheart Acquisition Corp. II,Lionheart Acquisition Corp. II,1,resolved,1802450,"MSP Recovery, Inc.",,2020-02-13,2026-08-31,,
LCM,2016-01-04,2018-08-24,,,,,,no_name,,,,,,,
LCYAU,2020-10-09,2021-07-13,alpaca,"Landcadia Holdings III, Inc. Unit","Landcadia Holdings III, Inc","Landcadia Holdings III, Inc",1,resolved,1822492,Hillman Solutions Corp.,,2020-08-27,2026-09-10,,
LDL,2016-01-04,2021-09-30,alpaca,"Lydall, Inc.","Lydall, Inc",Lydall,1,resolved,60977,LYDALL INC /DE/,,2007-12-11,2021-10-08,,
LDRS,2017-12-21,2021-08-13,alpaca,Innovator IBD ETF Leaders ETF,Innovator IBD ETF Leaders ETF,Innovator IBD ETF Leaders ETF,0,rejected_by_name_zero,,,,,,,
LEAF,2018-08-13,2021-06-11,alpaca,Leaf Group Ltd.,Leaf Group Ltd,Leaf Group Ltd,1,resolved,1365038,LEAF GROUP LTD.,,2012-02-17,2021-06-24,,
LEAP,2020-11-02,2022-08-12,alpaca,"Ribbit LEAP, Ltd.","Ribbit LEAP, Ltd","Ribbit LEAP, Ltd",1,resolved,1818346,"Ribbit LEAP, Ltd.",,2020-07-27,2023-02-14,,
LEGOU,2021-01-20,2021-10-19,alpaca,Legato Merger Corp. Units,Legato Merger Corp,Legato Merger Corp,4,rejected_by_name_ambiguous,,,"[1820272, 1883814, 2002038, 2087450]",,,,
LEVL,2018-04-20,2022-03-31,alpaca,"Level One Bancorp, Inc. Common Stock","Level One Bancorp, Inc",Level One Bancorp,1,resolved,1412707,Level One Bancorp Inc,,2007-09-18,2022-04-11,,
LEXEA,2016-11-07,2019-07-26,ftd_description,LIBERTY EXPEDIA HLDGS INC SER,LIBERTY EXPEDIA HLDGS INC SER,LIBERTY EXPEDIA HLDGS INC SER,0,rejected_by_name_zero,,,,,,,
LGBT,2021-05-18,2022-04-20,alpaca,Procure ETF Trust I LGBTQ + ESG100 ETF,Procure ETF Trust I LGBTQ + ESG100 ETF,Procure ETF Trust I LGBTQ + ESG100 ETF,0,rejected_by_name_zero,,,,,,,
LILAR,2020-09-11,2020-09-25,alpaca,Liberty Latin America Ltd. Subscription Rights,Liberty Latin America Ltd. Subscription,Liberty Latin America Ltd. Subscription,0,rejected_by_name_zero,,,,,,,
LINX,2019-06-26,2021-06-25,alpaca,Linx S.A.,Linx S.A,Linx S.A,2,rejected_by_name_ambiguous,,,"[1770883, 1772209]",,,,
LIVKU,2019-12-11,2021-08-05,alpaca,LIV Capital Acquisition Corp. Unit,LIV Capital Acquisition Corp,LIV Capital Acquisition Corp,2,rejected_by_name_ambiguous,,,"[1790625, 1875257]",,,,
LJPC,2016-01-04,2022-08-19,alpaca,La Jolla Pharmaceutical Company Common Stock (DE),La Jolla Pharmaceutical Company,La Jolla Pharmaceutical Company,0,rejected_by_name_zero,,,,,,,
LKM,2016-01-04,2018-12-20,,,,,,no_name,,,,,,,
LLQD,2017-09-14,2019-08-20,ftd_description,ISHARES TR ISHARES 10+ YR INVT,ISHARES TR ISHARES 10+ YR INVT,ISHARES TR ISHARES 10+ YR INVT,0,rejected_by_name_zero,,,,,,,
LM,2016-01-04,2020-07-31,alpaca,"Legg Mason, Inc.","Legg Mason, Inc","Legg Mason, Inc",1,resolved,704051,"LEGG MASON, INC.",,2011-10-19,2021-08-05,,
LMLB,2019-10-25,2020-12-09,alpaca,"ETRACS Monthly Pay 2xLeveraged Wells Fargo MLP Ex-Energy ETN Series B due October 21, 2049","ETRACS Monthly Pay 2xLeveraged Wells Fargo MLP Ex-Energy ETN Series B due October 21, 2049","ETRACS Monthly Pay 2xLeveraged Wells Fargo MLP Ex-Energy ETN Series B due October 21, 2049",0,rejected_by_name_zero,,,,,,,
LMLP,2016-01-04,2020-03-24,alpaca,ETRACS Monthly Pay 2xLeveraged Wells Fargo MLP Ex-Energy ETN,ETRACS Monthly Pay 2xLeveraged Wells Fargo MLP Ex-Energy ETN,ETRACS Monthly Pay 2xLeveraged Wells Fargo MLP Ex-Energy ETN,0,rejected_by_name_zero,,,,,,,
LMRK,2016-01-04,2021-12-21,alpaca,Landmark Infrastructure Partners LP Common Units,Landmark Infrastructure Partners LP Common,Landmark Infrastructure Partners LP Common,0,rejected_by_name_zero,,,,,,,
LMRKN,2018-04-20,2021-12-21,alpaca,Landmark Infrastructure Partners LP 7% Series C Fltg/Fxd Perpetual Conv Preferred Stock,Landmark Infrastructure Partners LP,Landmark Infrastructure Partners LP,1,resolved,1615346,Landmark Infrastructure Partners LP,,2014-08-06,2022-01-18,,
LMRKO,2016-08-31,2021-12-21,alpaca,Landmark Infrastructure Partners LP Perpetual Preferred Units Series B 7.90%,Landmark Infrastructure Partners LP Perpetual Preferred Units Series B,Landmark Infrastructure Partners LP Perpetual Preferred Units Series B,0,rejected_by_name_zero,,,,,,,
LMRKP,2016-05-05,2021-12-21,alpaca,Landmark Infrastructure Partners LP 8.00% Series A Cumulative Redeemable Perpetual Preferred Units,Landmark Infrastructure Partners LP,Landmark Infrastructure Partners LP,1,resolved,1615346,Landmark Infrastructure Partners LP,,2014-08-06,2022-01-18,,
LN,2016-07-14,2020-12-24,alpaca,LINE Corporation,LINE Corporation,LINE Corporation,0,rejected_by_name_zero,,,,,,,
LOAC,2018-10-16,2021-03-19,alpaca,Longevity Acquisition Corporation Ordinary Shares,Longevity Acquisition Corporation,Longevity Acquisition,1,resolved,1743858,Longevity Acquisition Corp,,2018-06-25,2022-02-14,,
LOACR,2018-10-15,2021-03-19,alpaca,Longevity Acquisition Corporation Right,Longevity Acquisition Corporation,Longevity Acquisition,1,resolved,1743858,Longevity Acquisition Corp,,2018-06-25,2022-02-14,,
LOACU,2018-08-29,2021-03-18,alpaca,Longevity Acquisition Corporation Units,Longevity Acquisition Corporation,Longevity Acquisition,1,resolved,1743858,Longevity Acquisition Corp,,2018-06-25,2022-02-14,,
LOGM,2016-01-04,2020-08-28,alpaca,"LogMeIn, Inc. Common Stock","LogMeIn, Inc","LogMeIn, Inc",1,resolved,1420302,"LogMeIn, Inc.",,2010-09-03,2020-09-11,,
LOPX,2021-07-22,2022-09-23,alpaca,Direxion Low Priced Stock ETF,Direxion Low Priced Stock ETF,Direxion Low Priced Stock ETF,0,rejected_by_name_zero,,,,,,,
LOR,2016-01-04,2019-12-03,alpaca,"Lazard World Dividend & Income Fund, Inc.","Lazard World Dividend & Income Fund, Inc","Lazard World Dividend & Income Fund, Inc",1,resolved,1323206,"Lazard World Dividend & Income Fund, Inc.",,2005-04-13,2021-03-04,,
LORL,2016-01-04,2021-11-18,alpaca,"Loral Space and Communications, Inc. Common Stock","Loral Space and Communications, Inc","Loral Space and Communications, Inc",0,rejected_by_name_zero,,,,,,,
LOXO,2016-01-04,2019-02-14,ftd_description,LOXO ONCOLOGY INC COM STK,LOXO ONCOLOGY INC COM STK,LOXO ONCOLOGY INC COM STK,0,rejected_by_name_zero,,,,,,,
LPT,2016-01-04,2020-02-03,alpaca,Liberty Property Trust,Liberty Property Trust,Liberty Property Trust,1,resolved,921112,LIBERTY PROPERTY TRUST,,2006-05-01,2020-02-14,,
LRET,2016-01-04,2020-03-26,alpaca,ETRACS Monthly Pay 2xLeveraged MSCI US REIT Index ETN,ETRACS Monthly Pay 2xLeveraged MSCI US REIT Index ETN,ETRACS Monthly Pay 2xLeveraged MSCI US REIT Index ETN,0,rejected_by_name_zero,,,,,,,
LSLT,2019-03-13,2022-02-24,alpaca,Pacer Salt Low truBeta US Market ETF,Pacer Salt Low truBeta US Market ETF,Pacer Salt Low truBeta US Market ETF,0,rejected_by_name_zero,,,,,,,
LSVX,2016-07-14,2018-06-25,,,,,,no_name,,,,,,,
LSXMR,2020-05-18,2020-06-05,alpaca,Liberty Media Corporation Subscription Right,Liberty Media Corporation Subscription,Liberty Media Corporation Subscription,0,rejected_by_name_zero,,,,,,,
LTS,2016-01-04,2020-02-13,alpaca,Ladenburg Thalmann Financial Services Inc,Ladenburg Thalmann Financial Services Inc,Ladenburg Thalmann Financial Services Inc,1,resolved,1029730,LADENBURG THALMANN FINANCIAL SERVICES INC.,,2009-09-03,2020-04-29,,
LTXB,2016-01-04,2019-10-31,ftd_description,LEGACY TEX FINL GROUP INC COM,LEGACY TEX FINL GROUP INC COM,LEGACY TEX FINL GROUP INC COM,0,rejected_by_name_zero,,,,,,,
LUB,2016-01-04,2022-05-27,alpaca,Luby's Inc.,Luby's Inc,Luby's Inc,0,rejected_by_name_zero,,,,,,,
LVGO,2019-07-25,2020-10-29,alpaca,"Livongo Health, Inc. Common Stock","Livongo Health, Inc","Livongo Health, Inc",1,resolved,1639225,"Livongo Health, Inc.",,2015-04-09,2020-11-09,,
LVHE,2016-11-18,2020-05-14,alpaca,Legg Mason Emerging Markets Low Volatility High Dividend ETF,Legg Mason Emerging Markets Low Volatility High Dividend ETF,Legg Mason Emerging Markets Low Volatility High Dividend ETF,0,rejected_by_name_zero,,,,,,,
LVL,2016-01-04,2020-02-14,alpaca,Invesco S&P Global Dividend Opportunities Index ETF,Invesco S&P Global Dividend Opportunities Index ETF,Invesco S&P Global Dividend Opportunities Index ETF,0,rejected_by_name_zero,,,,,,,
LVUS,2017-05-11,2020-08-07,alpaca,Hartford Multifactor Low Volatility US Equity ETF,Hartford Multifactor Low Volatility US Equity ETF,Hartford Multifactor Low Volatility US Equity ETF,0,rejected_by_name_zero,,,,,,,
LXFT,2016-01-04,2019-06-13,ftd_description,LUXOFT HLDG INC ORD SHS,LUXOFT HLDG INC ORD SHS,LUXOFT HLDG INC ORD SHS,0,rejected_by_name_zero,,,,,,,
MAACU,2020-10-07,2021-09-23,alpaca,Montes Archimedes Acquisition Corp. Unit,Montes Archimedes Acquisition Corp,Montes Archimedes Acquisition Corp,1,resolved,1819263,Montes Archimedes Acquisition Corp,,2020-07-31,2022-02-14,,
MAB,2016-01-04,2018-12-14,,,,,,no_name,,,,,,,
MACQ,2016-12-06,2021-12-22,alpaca,MCAP Acquisition Corporation Class A Common Stock,MCAP Acquisition Corporation,MCAP Acquisition Corporation,0,rejected_by_name_zero,,,,,,,
MACQU,2016-09-14,2021-12-22,alpaca,MCAP Acquisition Corporation Unit,MCAP Acquisition Corporation,MCAP Acquisition Corporation,0,rejected_by_name_zero,,,,,,,
MACU,2020-12-11,2022-04-29,alpaca,Mallard Acquisition Corp. Common stock,Mallard Acquisition Corp,Mallard Acquisition Corp,1,resolved,1805795,Mallard Acquisition Corp.,,2020-03-18,2023-02-13,,
MACUU,2020-10-27,2022-04-28,alpaca,Mallard Acquisition Corp. Unit,Mallard Acquisition Corp,Mallard Acquisition Corp,1,resolved,1805795,Mallard Acquisition Corp.,,2020-03-18,2023-02-13,,
MAMS,2016-01-04,2019-10-18,ftd_description,MAM SOFTWARE GRP INC COM STK (,MAM SOFTWARE GRP INC COM STK (,MAM SOFTWARE GRP INC COM STK (,0,rejected_by_name_zero,,,,,,,
MANT,2016-01-04,2022-09-13,alpaca,ManTech International Corporation Common Stock $0.01 Par Value,ManTech International Corporation,ManTech International,1,resolved,892537,MANTECH INTERNATIONAL CORP,,2004-05-05,2023-02-10,,
MATF,2016-06-06,2018-08-15,,,,,,no_name,,,,,,,
MBFI,2016-01-04,2019-03-21,ftd_description,MB FINANCIAL INC-NEW,MB FINANCIAL INC-NEW,MB FINANCIAL INC-NEW,0,rejected_by_name_zero,,,,,,,
MBII,2016-01-04,2022-07-12,alpaca,"Marrone Bio Innovations, Inc. Common Stock","Marrone Bio Innovations, Inc",Marrone Bio Innovations,1,resolved,1441693,"Pro Farm Group, Inc.",,2008-07-30,2022-09-02,,
MBNAA,2018-08-29,2018-10-19,,,,,,no_name,,,,,,,
MBNAB,2018-08-29,2018-10-23,,,,,,no_name,,,,,,,
MBT,2016-01-04,2022-02-25,alpaca,Mobile TeleSystems Public Joint Stock Company American Depositary Shares (Each representing 2 Shares,Mobile TeleSystems Public Joint Stock Company,Mobile TeleSystems Public Joint Stock Company,0,rejected_by_name_zero,,,,,,,
MBTF,2016-01-04,2019-08-30,ftd_description,MBT FINANCIAL CORP,MBT FINANCIAL CORP,MBT FINANCIAL CORP,1,resolved,1118237,MBT FINANCIAL CORP,,2000-07-11,2019-09-13,,
MCA,2016-01-04,2022-04-08,alpaca,"BLACKROCK MUNIYIELD CALIFORNIA QUALITY FUND, INC","BLACKROCK MUNIYIELD CALIFORNIA QUALITY FUND, INC","BLACKROCK MUNIYIELD CALIFORNIA QUALITY FUND, INC",1,resolved,888410,"BLACKROCK MUNIYIELD CALIFORNIA QUALITY FUND, INC.",,1994-05-09,2023-09-25,,
MCACR,2020-08-27,2024-07-12,alpaca,Monterey Capital Acquisition Corporation Rights,Monterey Capital Acquisition Corporation,Monterey Capital Acquisition,1,resolved,1895249,"ConnectM Technology Solutions, Inc.",,2022-01-20,2026-09-10,,
MCACU,2020-06-05,2024-07-12,alpaca,Monterey Capital Acquisition Corporation Unit,Monterey Capital Acquisition Corporation,Monterey Capital Acquisition,1,resolved,1895249,"ConnectM Technology Solutions, Inc.",,2022-01-20,2026-09-10,,
MCADR,2021-03-24,2021-10-28,alpaca,Mountain Crest Acquisition Corp. II Right,Mountain Crest Acquisition Corp. II,Mountain Crest Acquisition Corp. II,1,resolved,1853775,Mountain Crest Acquisition Corp. III,,2021-03-29,2023-02-22,,
MCADU,2021-01-08,2021-10-28,alpaca,Mountain Crest Acquisition Corp. II Unit,Mountain Crest Acquisition Corp. II,Mountain Crest Acquisition Corp. II,1,resolved,1853775,Mountain Crest Acquisition Corp. III,,2021-03-29,2023-02-22,,
MCEP,2016-01-04,2021-01-20,alpaca,"Mid-Con Energy Partners, LP Common Units","Mid-Con Energy Partners, LP Common","Mid-Con Energy Partners, LP Common",0,rejected_by_name_zero,,,,,,,
MCF,2016-01-04,2021-12-07,alpaca,Contango Oil & Gas Co.,Contango Oil & Gas Co,Contango Oil & Gas Co,1,resolved,1071993,CONTANGO OIL & GAS CO,,2007-08-03,2022-02-09,,
MCFE,2020-10-22,2022-02-28,alpaca,McAfee Corp. Class A Common Stock,McAfee Corp,McAfee Corp,1,resolved,1783317,McAfee Corp.,,2019-08-08,2022-03-11,,
MCMJU,2019-11-05,2019-12-11,alpaca,Merida Merger Corp. I Unit,Merida Merger Corp. I,Merida Merger Corp. I,1,resolved,1785592,"Leafly Holdings, Inc. /DE",,2019-08-22,2026-01-26,,
MCRN,2016-01-04,2019-11-20,alpaca,Milacron Holdings Corp.,Milacron Holdings Corp,Milacron Holdings Corp,1,resolved,1637913,Milacron Holdings Corp.,,2015-04-03,2020-02-14,,
MCX,2016-01-04,2020-11-19,alpaca,Medley Capital Corporation 6.50% Notes due 2021,Medley Capital Corporation,Medley Capital Corporation,0,rejected_by_name_zero,,,,,,,
MDCO,2016-01-04,2020-01-03,alpaca,Medicines Company (The) Common Stock,Medicines Company (The),Medicines Company (The),0,rejected_by_name_zero,,,,,,,
MDLA,2019-07-19,2021-10-28,alpaca,"Medallia, Inc.","Medallia, Inc","Medallia, Inc",1,resolved,1540184,"Medallia, Inc.",,2015-06-30,2022-02-11,,
MDP,2016-01-04,2021-12-01,alpaca,Meredith Corporation,Meredith Corporation,Meredith Corporation,0,rejected_by_name_zero,,,,,,,
MDSO,2016-01-04,2019-10-28,ftd_description,"MEDIDATA SOLUTIONS, INC COMMON","MEDIDATA SOLUTIONS, INC COMMON","MEDIDATA SOLUTIONS, INC COMMON",0,rejected_by_name_zero,,,,,,,
MEET,2016-01-04,2020-09-03,alpaca,"The Meet Group, Inc. Common Stock","The Meet Group, Inc","The Meet Group, Inc",0,rejected_by_name_zero,,,,,,,
MEN,2016-01-04,2021-04-16,alpaca,"Blackrock Muni Enhanced Fund, Inc.","Blackrock Muni Enhanced Fund, Inc","Blackrock Muni Enhanced Fund, Inc",1,resolved,844172,"BLACKROCK MUNIENHANCED FUND, INC.",,1994-03-23,2023-09-25,,
MENV,2021-11-01,2022-08-31,alpaca,AdvisorShares North Square McKee ESG Core Bond ETF,AdvisorShares North Square McKee ESG Core Bond ETF,AdvisorShares North Square McKee ESG Core Bond ETF,0,rejected_by_name_zero,,,,,,,
MFCB,2016-02-16,2019-06-03,ftd_description,MFC BANCORP LTD USD MFC SHS (C,MFC BANCORP LTD USD MFC SHS (C,MFC BANCORP LTD USD MFC SHS (C,0,rejected_by_name_zero,,,,,,,
MFINL,2016-05-11,2021-04-14,alpaca,Medallion Financial Corp. 9.000% Notes due 2021,Medallion Financial Corp,Medallion Financial Corp,1,resolved,1000209,MEDALLION FINANCIAL CORP,,2009-10-29,2026-08-05,,
MFL,2016-01-04,2022-04-08,alpaca,BLACKROCK MUNIHOLDINGS INVESTMENT QUALITY FUND,BLACKROCK MUNIHOLDINGS INVESTMENT QUALITY FUND,BLACKROCK MUNIHOLDINGS INVESTMENT QUALITY FUND,1,resolved,1045126,BLACKROCK MUNIHOLDINGS INVESTMENT QUALITY FUND,,1997-09-09,2023-09-25,,
MFNC,2016-01-05,2021-09-03,alpaca,Mackinac Financial Corporation Common Stock,Mackinac Financial Corporation,Mackinac Financial Corporation,0,rejected_by_name_zero,,,,,,,
MFO,2016-01-04,2021-01-05,alpaca,"MFA FINANCIAL, INC. 8.00% SR NTS DUE 2042","MFA FINANCIAL, INC","MFA FINANCIAL, INC",1,resolved,1055160,"MFA FINANCIAL, INC.",,2012-06-01,2026-08-05,,
MFSF,2016-01-04,2020-04-24,alpaca,MutualFirst Financial Inc. Common Stock,MutualFirst Financial Inc,MutualFirst Financial Inc,1,resolved,1094810,MUTUALFIRST FINANCIAL INC,,1999-09-16,2020-05-11,,
MFT,2016-01-04,2021-04-09,alpaca,BLACKROCK MUNIYIELD INVESTMENT QUALITY FUND,BLACKROCK MUNIYIELD INVESTMENT QUALITY FUND,BLACKROCK MUNIYIELD INVESTMENT QUALITY FUND,1,resolved,891188,BLACKROCK MUNIYIELD INVESTMENT QUALITY FUND,,1994-04-07,2023-09-25,,
MGLN,2016-01-04,2022-01-03,alpaca,"Magellan Health, Inc. Common Stock","Magellan Health, Inc",Magellan Health,1,resolved,19411,MAGELLAN HEALTH INC,,2008-11-06,2023-04-26,,
MGP,2016-04-20,2022-04-28,alpaca,MGM Growth Properties LLC  Class A common shares representing limited liability company interests,MGM Growth Properties LLC  Class A common shares representing limited liability company interests,MGM Growth Properties LLC  Class A common shares representing limited liability company interests,0,rejected_by_name_zero,,,,,,,
MHE,2016-01-04,2021-04-16,alpaca,BlackRock Massachusetts Tax-Exempt Trust,BlackRock Massachusetts Tax-Exempt Trust,BlackRock Massachusetts Tax-Exempt Trust,1,resolved,901824,BLACKROCK MASSACHUSETTS TAX-EXEMPT TRUST,,1994-02-28,2023-09-25,,
MIDF,2019-06-06,2022-08-22,alpaca,iShares MSCI USA Mid-Cap Multifactor ETF,iShares MSCI USA Mid-Cap Multifactor ETF,iShares MSCI USA Mid-Cap Multifactor ETF,0,rejected_by_name_zero,,,,,,,
MIDZ,2016-01-04,2020-03-27,alpaca,Direxion Daily Mid Cap Bear 3X Shares,Direxion Daily Mid Cap Bear 3X Shares,Direxion Daily Mid Cap Bear 3X Shares,0,rejected_by_name_zero,,,,,,,
MIE,2016-01-04,2021-08-02,alpaca,"COHEN & STEERS MLP INCOME AND ENERGY OPPORTUNITY FUND, INC.","COHEN & STEERS MLP INCOME AND ENERGY OPPORTUNITY FUND, INC","COHEN & STEERS MLP INCOME AND ENERGY OPPORTUNITY FUND, INC",0,rejected_by_name_zero,,,,,,,
MIK,2016-01-04,2021-04-14,alpaca,"The Michaels Companies, Inc. Common Stock","The Michaels Companies, Inc","The Michaels Companies, Inc",0,rejected_by_name_zero,,,,,,,
MILE,2021-02-10,2022-07-27,alpaca,"Metromile, Inc. Common Stock","Metromile, Inc","Metromile, Inc",2,rejected_by_name_ambiguous,,,"[1575491, 1819035]",,,,
MIME,2016-01-04,2022-05-18,alpaca,Mimecast Limited Ordinary Shares,Mimecast Limited,Mimecast Limited,0,rejected_by_name_zero,,,,,,,
MINI,2016-01-04,2020-06-30,alpaca,"Mobile Mini, Inc. Common Stock","Mobile Mini, Inc","Mobile Mini, Inc",0,rejected_by_name_zero,,,,,,,
MIW,2016-01-04,2018-12-14,,,,,,no_name,,,,,,,
MJCO,2016-01-04,2020-09-21,alpaca,Majesco Common Stock,Majesco,Majesco,4,rejected_by_name_ambiguous,,,"[1626853, 1076682, 1640922, 1145345]",,,,
MJJ,2019-12-11,2021-12-23,alpaca,MicroSectors Cannabis ETNs,MicroSectors Cannabis ETNs,MicroSectors Cannabis ETNs,0,rejected_by_name_zero,,,,,,,
MJO,2019-12-11,2021-12-23,alpaca,MicroSectors Cannabis 2X Leveraged ETNs,MicroSectors Cannabis 2X Leveraged ETNs,MicroSectors Cannabis 2X Leveraged ETNs,0,rejected_by_name_zero,,,,,,,
MLNT,2016-01-04,2020-01-10,alpaca,"Melinta Therapeutics, Inc. Common Stock","Melinta Therapeutics, Inc","Melinta Therapeutics, Inc",1,resolved,1461993,"MELINTA THERAPEUTICS, INC. /NEW/",,2009-05-20,2020-06-24,,
MLNX,2016-01-04,2020-04-24,alpaca,"Mellanox Technologies, Ltd. Ordinary Shares","Mellanox Technologies, Ltd","Mellanox Technologies, Ltd",1,resolved,1356104,"Mellanox Technologies, Ltd.",,2009-08-06,2020-05-07,,
MLPC,2016-01-04,2020-10-30,alpaca,C-Tracks ETNs based on Performance of the Miller/Howard MLP Fundamental Index,C-Tracks ETNs based on Performance of the Miller/Howard MLP Fundamental Index,C-Tracks ETNs based on Performance of the Miller/Howard MLP Fundamental Index,0,rejected_by_name_zero,,,,,,,
MLPE,2016-08-10,2020-10-30,alpaca,C-Tracks ETN on Miller/Howard Fundamental MLP Index Series B,C-Tracks ETN on Miller/Howard Fundamental MLP Index Series B,C-Tracks ETN on Miller/Howard Fundamental MLP Index Series B,0,rejected_by_name_zero,,,,,,,
MLPG,2016-01-04,2020-11-23,alpaca,UBS AG Exchange Traded Access Securities (E-TRACS) Linked to the Alerian Natural Gas MLP Index due J,UBS AG Exchange Traded Access Securities (E-TRACS) Linked to the Alerian Natural Gas MLP Index due J,UBS AG Exchange Traded Access Securities (E-TRACS) Linked to the Alerian Natural Gas MLP Index due J,0,rejected_by_name_zero,,,,,,,
MLPQ,2016-02-09,2020-03-18,alpaca,ETRACS 2xMonthly Leveraged Alerian MLP Infrastructure Index,ETRACS 2xMonthly Leveraged Alerian MLP Infrastructure Index,ETRACS 2xMonthly Leveraged Alerian MLP Infrastructure Index,0,rejected_by_name_zero,,,,,,,
MLPS,2016-01-04,2018-06-25,,,,,,no_name,,,,,,,
MLPY,2016-01-04,2021-06-08,alpaca,Morgan Stanley Cushing MLP High  Income Index ETN,Morgan Stanley Cushing MLP High  Income Index ETN,Morgan Stanley Cushing MLP High  Income Index ETN,0,rejected_by_name_zero,,,,,,,
MLPZ,2016-02-09,2020-03-23,alpaca,ETRACS 2xMonthly Leveraged S&P MLP Index ETN Series B,ETRACS 2xMonthly Leveraged S&P MLP Index ETN Series B,ETRACS 2xMonthly Leveraged S&P MLP Index ETN Series B,0,rejected_by_name_zero,,,,,,,
MLQD,2017-09-14,2019-08-20,ftd_description,ISHARES TR ISHARES 5-10 YR INV,ISHARES TR ISHARES 5-10 YR INV,ISHARES TR ISHARES 5-10 YR INV,0,rejected_by_name_zero,,,,,,,
MLTI,2016-01-04,2020-06-11,alpaca,Credit Suisse X-Links Multi-Asset High Income ETN,Credit Suisse X-Links Multi-Asset High Income ETN,Credit Suisse X-Links Multi-Asset High Income ETN,0,rejected_by_name_zero,,,,,,,
MMAC,2016-01-04,2021-08-12,alpaca,"MMA Capital Holdings, Inc. Common Stock","MMA Capital Holdings, Inc","MMA Capital Holdings, Inc",1,resolved,1003201,"MMA Capital Holdings, LLC",,2005-10-03,2021-08-23,,
MMDM,2017-06-07,2019-09-10,ftd_description,MODERN MEDIA ACQUISITION CORP,MODERN MEDIA ACQUISITION CORP,MODERN MEDIA ACQUISITION CORP,2,rejected_by_name_ambiguous,,,"[1695098, 1767043]",,,,
MMV,2018-11-12,2025-01-08,alpaca,MultiMetaVerse Holdings Limited Class A Ordinary Share,MultiMetaVerse Holdings Limited Class A Ordinary Share,MultiMetaVerse Holdings Limited Class A Ordinary Share,0,rejected_by_name_zero,,,,,,,
MNCLU,2019-02-07,2020-12-21,alpaca,Monocle Acquisition Corporation Units,Monocle Acquisition Corporation,Monocle Acquisition,1,resolved,1754170,AerSale Corp,,2018-10-02,2026-09-03,,
MNDT,2021-10-05,2022-09-09,alpaca,"Mandiant, Inc. Common Stock","Mandiant, Inc","Mandiant, Inc",1,resolved,1370880,"Mandiant, Inc.",,2006-07-18,2022-09-22,,
MNE,2016-01-04,2020-06-15,alpaca,"Blackrock MUNI New York Intermediate Duration Fund, Inc.","Blackrock MUNI New York Intermediate Duration Fund, Inc","Blackrock MUNI New York Intermediate Duration Fund, Inc",1,resolved,1232863,"BLACKROCK MUNI NEW YORK INTERMEDIATE DURATION FUND, INC.",,2003-05-16,2024-01-25,,
MNTA,2016-01-04,2020-09-30,alpaca,"Momenta Pharmaceuticals, Inc. Common Stock","Momenta Pharmaceuticals, Inc",Momenta Pharmaceuticals,1,resolved,1235010,MOMENTA PHARMACEUTICALS INC,,2013-08-19,2020-11-10,,
MOBL,2016-01-04,2020-11-30,alpaca,"MobileIron, Inc. Common Stock","MobileIron, Inc","MobileIron, Inc",1,resolved,1470099,"MOBILEIRON, INC.",,2009-08-13,2021-01-19,,
MOC,2016-01-04,2019-02-21,ftd_description,COMMAND SECURITY CORP,COMMAND SECURITY CORP,COMMAND SECURITY CORP,1,resolved,864509,COMMAND SECURITY CORP,,1996-07-12,2019-03-04,,
MOM,2016-01-04,2021-03-12,alpaca,AGFiQ U.S. Market Neutral Momentum Fund,AGFiQ U.S. Market Neutral Momentum Fund,AGFiQ U.S. Market Neutral Momentum Fund,0,rejected_by_name_zero,,,,,,,
MORL,2016-01-04,2020-03-24,alpaca,ETRACS Monthly Pay 2xLeveraged Mortgage REIT ETN,ETRACS Monthly Pay 2xLeveraged Mortgage REIT ETN,ETRACS Monthly Pay 2xLeveraged Mortgage REIT ETN,0,rejected_by_name_zero,,,,,,,
MOTNU,2020-10-15,2021-11-05,alpaca,Motion Acquisition Corp. Unit,Motion Acquisition Corp,Motion Acquisition Corp,1,resolved,1822359,DocGo Inc.,,2020-08-28,2026-08-17,,
MR,2016-01-04,2020-11-12,alpaca,Montage Resources Corporation Common Stock,Montage Resources Corporation,Montage Resources,1,resolved,1600470,Montage Resources Corp,,2014-02-21,2021-02-16,,
MRACU,2020-12-15,2021-10-15,alpaca,Marquee Raine Acquisition Corp. Unit,Marquee Raine Acquisition Corp,Marquee Raine Acquisition Corp,1,resolved,1830180,"Legacy EJY, Inc.",,2020-11-12,2024-11-14,,
MRCCL,2018-09-18,2021-02-17,alpaca,Monroe Capital Corporation 5.75% Notes due 2023,Monroe Capital Corporation,Monroe Capital Corporation,0,rejected_by_name_zero,,,,,,,
MRRL,2016-01-06,2020-03-24,alpaca,"ETRACS Monthly Pay 2xLeveraged Mortgage REIT ETN Series B due October 16, 2042","ETRACS Monthly Pay 2xLeveraged Mortgage REIT ETN Series B due October 16, 2042","ETRACS Monthly Pay 2xLeveraged Mortgage REIT ETN Series B due October 16, 2042",0,rejected_by_name_zero,,,,,,,
MSACU,2021-02-16,2021-04-06,alpaca,Medicus Sciences Acquisition Corp. Unit,Medicus Sciences Acquisition Corp,Medicus Sciences Acquisition Corp,1,resolved,1836517,Medicus Sciences Acquisition Corp.,,2020-12-23,2024-02-12,,
MSBF,2016-01-04,2020-07-10,alpaca,MSB Financial Corp. Common Stock (MD),MSB Financial Corp,MSB Financial Corp,2,rejected_by_name_ambiguous,,,"[1635261, 1374783]",,,,
MSF,2016-01-04,2019-02-22,ftd_description,MRG STLY EMERG MKT FD,MRG STLY EMERG MKT FD,MRG STLY EMERG MKT FD,0,rejected_by_name_zero,,,,,,,
MSGN,2016-01-04,2021-07-08,alpaca,MSG Networks Inc.,MSG Networks Inc,MSG Networks Inc,1,resolved,1469372,MSG NETWORKS INC.,,2009-08-05,2021-07-19,,
MSL,2016-01-04,2019-09-20,ftd_description,MIDSOUTH BANCORP INC (PAR $.10,MIDSOUTH BANCORP INC (PAR $.10,MIDSOUTH BANCORP INC (PAR $.10,0,rejected_by_name_zero,,,,,,,
MSON,2016-01-04,2021-10-28,alpaca,"MISONIX, Inc. Common Stock (DE)","MISONIX, Inc",MISONIX,1,resolved,880432,MISONIX INC,,1996-05-15,2021-12-08,,
MSP,2016-01-04,2022-06-22,alpaca,Datto Holding Corp.,Datto Holding Corp,Datto Holding Corp,1,resolved,1724570,DATTO HOLDING CORP.,,2017-12-07,2022-07-05,,
MSUS,2018-04-04,2020-06-24,alpaca,LHA Market State U.S. Tactical ETF,LHA Market State U.S. Tactical ETF,LHA Market State U.S. Tactical ETF,0,rejected_by_name_zero,,,,,,,
MTEC,2018-02-26,2019-06-17,ftd_description,MTECH ACQUISITION CORP CL A CO,MTECH ACQUISITION CORP CL A CO,MTECH ACQUISITION CORP CL A CO,0,rejected_by_name_zero,,,,,,,
MTECU,2018-01-30,2019-06-17,ftd_description,MTECH ACQUISITION CORP UNIT 1,MTECH ACQUISITION CORP UNIT 1,MTECH ACQUISITION CORP UNIT 1,0,rejected_by_name_zero,,,,,,,
MTFB,2016-11-18,2019-12-16,alpaca,Motif Bio plc ADRs,Motif Bio plc ADRs,Motif Bio plc ADRs,0,rejected_by_name_zero,,,,,,,
MTGE,2016-01-04,2018-09-06,,,,,,no_name,,,,,,,
MTOR,2016-01-04,2022-08-02,alpaca,"MERITOR, Inc.","MERITOR, Inc","MERITOR, Inc",2,rejected_by_name_ambiguous,,,"[1113256, 1398912]",,,,
MTSC,2016-01-04,2021-04-06,alpaca,MTS Systems Corporation Common Stock,MTS Systems Corporation,MTS Systems,1,resolved,68709,MTS SYSTEMS CORP,,2005-09-21,2021-05-07,,
MTT,2016-01-04,2021-04-30,alpaca,Western Asset Municipal Defined Opportunity Trust Inc.,Western Asset Municipal Defined Opportunity Trust Inc,Western Asset Municipal Defined Opportunity Trust Inc,1,resolved,1454021,Western Asset Municipal Defined Opportunity Trust Inc.,,2009-01-16,2022-02-09,,
MUDS,2018-03-12,2022-09-12,alpaca,Mudrick Capital Acquisition Corporation II Class A Common Stock,Mudrick Capital Acquisition Corporation II,Mudrick Capital Acquisition Corporation II,0,rejected_by_name_zero,,,,,,,
MUDSU,2018-02-08,2022-09-06,alpaca,Mudrick Capital Acquisition Corporation II Unit,Mudrick Capital Acquisition Corporation II,Mudrick Capital Acquisition Corporation II,0,rejected_by_name_zero,,,,,,,
MUH,2016-01-04,2021-03-05,alpaca,"Blackrock Muniholdings Fund II, Inc.","Blackrock Muniholdings Fund II, Inc","Blackrock Muniholdings Fund II, Inc",1,resolved,1038190,"BLACKROCK MUNIHOLDINGS FUND II, INC.",,1997-05-12,2023-09-25,,
MUI,2016-01-04,2026-02-13,alpaca,"BlackRock Municipal Income Fund, Inc.","BlackRock Municipal Income Fund, Inc","BlackRock Municipal Income Fund, Inc",1,resolved,1232860,"BlackRock Municipal Credit Alpha Portfolio, Inc.",,2003-05-16,2026-09-10,,
MUS,2016-01-04,2021-03-05,alpaca,"BLACKROCK MUNIHOLDINGS QUALITY FUND, INC.","BLACKROCK MUNIHOLDINGS QUALITY FUND, INC","BLACKROCK MUNIHOLDINGS QUALITY FUND, INC",1,resolved,1058234,"BLACKROCK MUNIHOLDINGS QUALITY FUND, INC.",,1998-03-19,2023-09-25,,
MUTE,2019-01-14,2020-10-09,alpaca,Direxion Daily Communication Services Index Bear 3X Shares,Direxion Daily Communication Services Index Bear 3X Shares,Direxion Daily Communication Services Index Bear 3X Shares,0,rejected_by_name_zero,,,,,,,
MVC,2016-01-04,2020-12-23,alpaca,"MVC Capital, Inc.","MVC Capital, Inc","MVC Capital, Inc",1,resolved,1099941,"MVC CAPITAL, INC.",,1999-12-07,2021-01-11,,
MVCD,2017-11-20,2020-12-23,alpaca,"MVC Capital, Inc. 6.25% Senior Notes due 2022","MVC Capital, Inc","MVC Capital, Inc",1,resolved,1099941,"MVC CAPITAL, INC.",,1999-12-07,2021-01-11,,
MVIN,2016-10-27,2020-12-08,alpaca,Natixis Seeyond International Minimum Volatility ETF,Natixis Seeyond International Minimum Volatility ETF,Natixis Seeyond International Minimum Volatility ETF,0,rejected_by_name_zero,,,,,,,
MVP,2021-03-17,2022-04-06,alpaca,"Roundhill Pro Sports, Media & Apparel ETF","Roundhill Pro Sports, Media & Apparel ETF","Roundhill Pro Sports, Media & Apparel ETF",0,rejected_by_name_zero,,,,,,,
MXDE,2018-03-27,2020-08-27,alpaca,Nationwide Maximum Diversification Emerging Markets Core Equity ETF,Nationwide Maximum Diversification Emerging Markets Core Equity ETF,Nationwide Maximum Diversification Emerging Markets Core Equity ETF,0,rejected_by_name_zero,,,,,,,
MXDU,2017-09-18,2022-05-25,alpaca,Nationwide Maximum Diversification U.S. Core Equity ETF,Nationwide Maximum Diversification U.S. Core Equity ETF,Nationwide Maximum Diversification U.S. Core Equity ETF,0,rejected_by_name_zero,,,,,,,
MXIM,2016-01-04,2021-08-25,alpaca,"Maxim Integrated Products, Inc. Common Stock","Maxim Integrated Products, Inc",Maxim Integrated Products,1,resolved,743316,MAXIM INTEGRATED PRODUCTS INC,,2014-05-19,2021-09-07,,
MXWL,2016-01-04,2019-05-15,ftd_description,MAXWELL TECHNOLOGIES INC,MAXWELL TECHNOLOGIES INC,MAXWELL TECHNOLOGIES INC,1,resolved,319815,MAXWELL TECHNOLOGIES INC,,2005-06-24,2020-02-14,,
MYC,2016-01-04,2022-04-08,alpaca,"Blackrock Muni Yield California Fund, Inc.","Blackrock Muni Yield California Fund, Inc","Blackrock Muni Yield California Fund, Inc",0,rejected_by_name_zero,,,,,,,
MYF,2016-01-04,2021-04-16,alpaca,"Blackrock Muni Yield Investment Fund, Inc.","Blackrock Muni Yield Investment Fund, Inc","Blackrock Muni Yield Investment Fund, Inc",0,rejected_by_name_zero,,,,,,,
MYJ,2016-01-04,2022-04-08,alpaca,"Blackrock Muni Yield New Jersey Fund, Inc.","Blackrock Muni Yield New Jersey Fund, Inc","Blackrock Muni Yield New Jersey Fund, Inc",0,rejected_by_name_zero,,,,,,,
MYL,2016-01-04,2020-11-16,alpaca,Mylan N.V. Ordinary Shares,Mylan N.V,Mylan N.V,1,resolved,1623613,Mylan II B.V.,,2014-11-05,2026-06-15,,
MYOK,2016-01-04,2020-11-16,alpaca,"MyoKardia, Inc. Common Stock","MyoKardia, Inc","MyoKardia, Inc",1,resolved,1552451,"MyoKardia, Inc.",,2012-07-05,2020-11-27,,
MZA,2016-01-04,2021-04-16,alpaca,"BlackRock MuniYield Arizona Fund, Inc","BlackRock MuniYield Arizona Fund, Inc","BlackRock MuniYield Arizona Fund, Inc",1,resolved,911308,"BLACKROCK MUNIYIELD ARIZONA FUND, INC.",,1994-06-23,2023-09-25,,
MZF,2016-01-04,2018-08-03,,,,,,no_name,,,,,,,
NAO,2016-01-04,2019-06-06,ftd_description,NORDIC AMERN OFFSHORE LTD SHS,NORDIC AMERN OFFSHORE LTD SHS,NORDIC AMERN OFFSHORE LTD SHS,0,rejected_by_name_zero,,,,,,,
NAV,2016-01-04,2021-06-30,alpaca,Navistar International,Navistar International,Navistar International,2,rejected_by_name_ambiguous,,,"[808450, 51296]",,,,
NAVG,2016-01-04,2019-05-22,ftd_description,NAVIGATORS GROUP INC,NAVIGATORS GROUP INC,NAVIGATORS GROUP INC,1,resolved,793547,NAVIGATORS GROUP INC,,1995-08-14,2019-06-07,,
NBACR,2020-04-30,2021-03-22,alpaca,Newborn Acquisition Corp. Right,Newborn Acquisition Corp,Newborn Acquisition Corp,1,resolved,1780262,Newborn Acquisition Corp,,2019-06-26,2021-03-22,,
NBACU,2020-02-14,2021-03-22,alpaca,Newborn Acquisition Corp. Unit,Newborn Acquisition Corp,Newborn Acquisition Corp,1,resolved,1780262,Newborn Acquisition Corp,,2019-06-26,2021-03-22,,
NBL,2016-01-04,2020-10-02,alpaca,Noble Energy Inc. Common Stock,Noble Energy Inc,Noble Energy Inc,1,resolved,72207,NOBLE ENERGY INC,,2010-02-03,2021-05-11,,
NBLX,2016-09-15,2021-05-10,alpaca,Noble Midstream Partners LP Common Units Representing Limited Partner Interests,Noble Midstream Partners LP Common Units Representing Limited Partner Interests,Noble Midstream Partners LP Common Units Representing Limited Partner Interests,0,rejected_by_name_zero,,,,,,,
NCB,2016-01-04,2021-03-05,alpaca,Nuveen California Municipal Value Fund 2,Nuveen California Municipal Value Fund 2,Nuveen California Municipal Value Fund 2,1,resolved,1454979,Nuveen California Municipal Value Fund 2,,2009-01-30,2022-08-22,,
NCOM,2016-01-04,2019-03-29,ftd_description,NATIONAL COMM CORP COM STK (DE,NATIONAL COMM CORP COM STK (DE,NATIONAL COMM CORP COM STK (DE,0,rejected_by_name_zero,,,,,,,
NEBCU,2020-12-09,2021-07-30,alpaca,Nebula Caravel Acquisition Corp. Unit,Nebula Caravel Acquisition Corp,Nebula Caravel Acquisition Corp,1,resolved,1826018,"ROVER GROUP, INC.",,2020-10-02,2024-03-08,,
NEBUU,2018-01-10,2020-06-10,alpaca,Nebula Acquisition Corporation Unit,Nebula Acquisition Corporation,Nebula Acquisition,1,resolved,1720353,Nebula Acquisition Corp,,2017-10-31,2020-07-10,,
NEED,2018-11-29,2020-10-16,alpaca,Direxion Daily Consumer Staples Bull 3X Shares,Direxion Daily Consumer Staples Bull 3X Shares,Direxion Daily Consumer Staples Bull 3X Shares,0,rejected_by_name_zero,,,,,,,
NEOS,2016-01-04,2021-03-19,alpaca,"Neos Therapeutics, Inc. Common Stock","Neos Therapeutics, Inc","Neos Therapeutics, Inc",1,resolved,1467652,"Neos Therapeutics, Inc.",,2009-07-02,2021-03-30,,
NES,2016-01-04,2022-02-23,alpaca,"Nuverra Environmental Solutions, Inc. Common Stock","Nuverra Environmental Solutions, Inc","Nuverra Environmental Solutions, Inc",1,resolved,1403853,"Nuverra Environmental Solutions, Inc.",,2007-06-26,2022-03-07,,
NETS,2017-04-12,2019-06-14,ftd_description,NETSHOES CAYMAN LTD COM (CYM),NETSHOES CAYMAN LTD COM (CYM),NETSHOES CAYMAN LTD COM (CYM),0,rejected_by_name_zero,,,,,,,
NEV,2016-01-04,2022-06-03,alpaca,NUVEEN ENHANCED MUNICIPAL VALUE FUND,NUVEEN ENHANCED MUNICIPAL VALUE FUND,NUVEEN ENHANCED MUNICIPAL VALUE FUND,1,resolved,1469392,Nuveen Enhanced Municipal Value Fund,,2009-07-31,2023-08-21,,
NEWA,2017-07-28,2021-07-12,alpaca,"Newater Technology, Inc. Ordinary Shares","Newater Technology, Inc","Newater Technology, Inc",1,resolved,1678022,"Newater Technology, Inc.",,2016-07-27,2021-07-23,,
NEWM,2016-01-04,2019-11-19,alpaca,NEW MEDIA INVESTMENT GROUP INC,NEW MEDIA INVESTMENT GROUP INC,NEW MEDIA INVESTMENT GROUP INC,1,resolved,1579684,"USA TODAY Co., Inc.",,2013-09-27,2026-08-12,,
NFC,2018-07-27,2019-12-18,alpaca,New Frontier Corporation Class A Ordinary Shares,New Frontier Corporation,New Frontier Corporation,0,rejected_by_name_zero,,,,,,,
NFH,2019-12-19,2022-01-26,alpaca,New Frontier Health Corporation Ordinary Shares,New Frontier Health Corporation,New Frontier Health,1,resolved,1737422,New Frontier Health Corp,,2018-04-27,2022-02-11,,
NFINU,2019-07-31,2020-11-04,alpaca,Netfin Acquisition Corp. Unit,Netfin Acquisition Corp,Netfin Acquisition Corp,1,resolved,1776903,Netfin Acquisition Corp.,,2019-05-22,2022-07-06,,
NFO,2016-01-04,2020-02-14,alpaca,Invesco Insider Sentiment ETF,Invesco Insider Sentiment ETF,Invesco Insider Sentiment ETF,0,rejected_by_name_zero,,,,,,,
NGACU,2020-10-07,2021-08-19,alpaca,NextGen Acquisition Corporation Units,NextGen Acquisition Corporation,NextGen Acquisition Corporation,0,rejected_by_name_zero,,,,,,,
NGCAU,2021-03-23,2021-12-29,alpaca,NextGen Acquisition Corp. II Units,NextGen Acquisition Corp. II,NextGen Acquisition Corp. II,1,resolved,1843388,"Virgin Orbit Holdings, Inc.",,2021-02-10,2023-08-04,,
NGHC,2016-01-04,2020-12-31,alpaca,National General Holdings Corp Common Stock,National General Holdings Corp,National General Holdings Corp,1,resolved,1578735,National General Holdings Corp.,,2013-06-12,2021-02-26,,
NGHCO,2016-01-04,2021-02-02,alpaca,National General Holdings Corp Depositary Shares,National General Holdings Corp,National General Holdings Corp,1,resolved,1578735,National General Holdings Corp.,,2013-06-12,2021-02-26,,
NGHCP,2016-01-04,2021-02-02,alpaca,"National General Holdings Corp Preferred Stock, Series A",National General Holdings Corp,National General Holdings Corp,1,resolved,1578735,National General Holdings Corp.,,2013-06-12,2021-02-26,,
NGHCZ,2016-01-04,2021-02-02,alpaca,National General Holdings Corp 7.625% Subordinated Notes due 2055,National General Holdings Corp,National General Holdings Corp,1,resolved,1578735,National General Holdings Corp.,,2013-06-12,2021-02-26,,
NHA,2016-01-27,2021-02-23,alpaca,Nuveen Municipal 2021 Target Term Fund,Nuveen Municipal 2021 Target Term Fund,Nuveen Municipal 2021 Target Term Fund,1,resolved,1655544,Nuveen Municipal 2021 Target Term Fund,,2015-10-19,2022-08-22,,
NHLD,2016-01-04,2021-02-25,alpaca,National Holdings Corporation Common Stock,National Holdings Corporation,National Holdings,1,resolved,1023844,NATIONAL HOLDINGS CORP,,1999-02-18,2021-03-11,,
NIFE,2020-06-11,2022-09-23,alpaca,Direxion Fallen Knives ETF,Direxion Fallen Knives ETF,Direxion Fallen Knives ETF,0,rejected_by_name_zero,,,,,,,
NIHD,2016-01-04,2019-12-31,alpaca,"NII Holdings, Inc. Common Stock","NII Holdings, Inc","NII Holdings, Inc",0,rejected_by_name_zero,,,,,,,
NJV,2016-01-04,2021-03-05,alpaca,Nuveen New Jersey Municipal Value Fund Common shares of beneficial interest,Nuveen New Jersey Municipal Value Fund Common shares of beneficial interest,Nuveen New Jersey Municipal Value Fund Common shares of beneficial interest,0,rejected_by_name_zero,,,,,,,
NMCI,2018-12-10,2021-03-31,alpaca,Navios Maritime Containers L.P. Common Units,Navios Maritime Containers L.P. Common,Navios Maritime Containers L.P. Common,0,rejected_by_name_zero,,,,,,,
NMFCL,2020-09-14,2021-03-08,alpaca,New Mountain Finance Corporation 5.75% Notes due 2023,New Mountain Finance Corporation,New Mountain Finance Corporation,0,rejected_by_name_zero,,,,,,,
NMY,2016-01-04,2021-04-09,alpaca,Nuveen Maryland Quality Municipal Income Fund,Nuveen Maryland Quality Municipal Income Fund,Nuveen Maryland Quality Municipal Income Fund,1,resolved,897424,NUVEEN MARYLAND QUALITY MUNICIPAL INCOME FUND,,1995-02-02,2022-08-22,,
NNA,2016-01-04,2021-10-14,alpaca,Navios Maritime Acquisition Corporation,Navios Maritime Acquisition Corporation,Navios Maritime Acquisition,1,resolved,1437260,Navios Maritime Acquisition Corp,,2008-06-17,2021-10-21,,
NNC,2016-01-04,2019-11-15,alpaca,Nuveen North Carolina Quality Municipal Income Fund,Nuveen North Carolina Quality Municipal Income Fund,Nuveen North Carolina Quality Municipal Income Fund,1,resolved,899761,NUVEEN NORTH CAROLINA QUALITY MUNICIPAL INCOME FUND,,1995-02-02,2020-08-24,,
NOVSU,2020-05-15,2021-01-29,alpaca,Novus Capital Corporation Units,Novus Capital Corporation,Novus Capital Corporation,0,rejected_by_name_zero,,,,,,,
NPAUU,2019-09-11,2021-04-06,alpaca,New Providence Acquisition Corp. Unit,New Providence Acquisition Corp,New Providence Acquisition Corp,3,rejected_by_name_ambiguous,,,"[1837929, 1844004, 2048948]",,,,
NPN,2016-01-04,2021-03-05,alpaca,Nuveen Pennsylvania Municipal Value Fund Common shares of beneficial interest,Nuveen Pennsylvania Municipal Value Fund Common shares of beneficial interest,Nuveen Pennsylvania Municipal Value Fund Common shares of beneficial interest,0,rejected_by_name_zero,,,,,,,
NPTN,2016-01-04,2022-08-02,alpaca,NEOPHOTONICS CORP,NEOPHOTONICS CORP,NEOPHOTONICS CORP,2,rejected_by_name_ambiguous,,,"[1227025, 1366653]",,,,
NRCG,2018-10-18,2019-10-31,ftd_description,NRC GROUP HOLDINGS CORP COMMON,NRC GROUP HOLDINGS CORP COMMON,NRC GROUP HOLDINGS CORP COMMON,0,rejected_by_name_zero,,,,,,,
NRE,2016-01-04,2019-09-27,ftd_description,NORTHSTAR REALITY EUROPE CORP,NORTHSTAR REALITY EUROPE CORP,NORTHSTAR REALITY EUROPE CORP,0,rejected_by_name_zero,,,,,,,
NRGO,2019-04-30,2020-12-17,alpaca,MicroSectors US Big Oil 2X Leveraged ETN,MicroSectors US Big Oil 2X Leveraged ETN,MicroSectors US Big Oil 2X Leveraged ETN,0,rejected_by_name_zero,,,,,,,
NRGZ,2019-04-26,2020-12-15,alpaca,MicroSectors US Big Oil -2X Inverse Leveraged ETN,MicroSectors US Big Oil -2X Inverse Leveraged ETN,MicroSectors US Big Oil -2X Inverse Leveraged ETN,0,rejected_by_name_zero,,,,,,,
NSEC,2016-01-04,2022-06-30,alpaca,"National Security Group, Inc. Common Stock","National Security Group, Inc","National Security Group, Inc",0,rejected_by_name_zero,,,,,,,
NSR,2016-01-04,2022-08-12,alpaca,Nomad Royalty Company Ltd.,Nomad Royalty Company Ltd,Nomad Royalty Company Ltd,0,rejected_by_name_zero,,,,,,,
NSU,2016-01-04,2019-03-07,ftd_description,NEVSUN RESOURCES LTD,NEVSUN RESOURCES LTD,NEVSUN RESOURCES LTD,1,resolved,919991,NEVSUN RESOURCES LTD,,2002-02-01,2019-04-10,,
NTC,2016-01-04,2019-11-15,alpaca,Nuveen Connecticut Quality Municipal Income Fund,Nuveen Connecticut Quality Municipal Income Fund,Nuveen Connecticut Quality Municipal Income Fund,1,resolved,899752,NUVEEN CONNECTICUT QUALITY MUNICIPAL INCOME FUND,,1995-02-02,2020-08-24,,
NTGN,2018-06-27,2020-05-05,alpaca,"Neon Therapeutics, Inc. Common Stock","Neon Therapeutics, Inc","Neon Therapeutics, Inc",1,resolved,1694187,"Neon Therapeutics, Inc.",,2017-01-11,2020-05-18,,
NTRI,2016-01-04,2019-03-07,ftd_description,NUTRI/SYSTEM INC.,NUTRI/SYSTEM INC,NUTRI/SYSTEM INC,0,rejected_by_name_zero,,,,,,,
NTUS,2019-07-26,2022-07-20,alpaca,Natus Medical Incorporated Common Stock,Natus Medical Incorporated,Natus Medical,1,resolved,878526,NATUS MEDICAL INC,,2005-06-10,2022-08-01,,
NTX,2016-01-04,2020-02-14,alpaca,Nuveen Texas Quality Municipal Income Fund,Nuveen Texas Quality Municipal Income Fund,Nuveen Texas Quality Municipal Income Fund,1,resolved,878201,NUVEEN TEXAS QUALITY MUNICIPAL INCOME FUND,,1995-03-31,2021-08-16,,
NTZO,2021-11-03,2022-06-21,alpaca,Impact Shares MSCI Global Climate Select ETF,Impact Shares MSCI Global Climate Select ETF,Impact Shares MSCI Global Climate Select ETF,0,rejected_by_name_zero,,,,,,,
NUAN,2016-01-04,2022-03-03,alpaca,"Nuance Communications, Inc. Common Stock","Nuance Communications, Inc","Nuance Communications, Inc",1,resolved,1002517,"Nuance Communications, Inc.",,2013-05-13,2023-02-13,,
NUM,2016-01-04,2021-02-05,alpaca,Nuveen Michigan Quality Municipal Income Fund,Nuveen Michigan Quality Municipal Income Fund,Nuveen Michigan Quality Municipal Income Fund,1,resolved,878198,NUVEEN MICHIGAN QUALITY MUNICIPAL INCOME FUND,,1995-03-31,2022-08-22,,
NUVO,2022-01-03,2024-08-30,alpaca,Holdco Nuvo Group D.G Ltd. Ordinary Shares,Holdco Nuvo Group D.G Ltd,Holdco Nuvo Group D.G Ltd,1,resolved,1990145,Holdco Nuvo Group D.G Ltd.,,2023-09-29,2025-06-30,,
NVACU,2021-12-20,2022-01-21,alpaca,NorthView Acquisition Corporation Unit,NorthView Acquisition Corporation,NorthView Acquisition,1,resolved,1859807,"Profusa, Inc.",,2021-06-17,2026-09-04,,
NVMM,2018-01-10,2019-04-29,ftd_description,NOVUME SOLUTIONS INC,NOVUME SOLUTIONS INC,NOVUME SOLUTIONS,1,resolved,1697851,"Rekor Systems, Inc.",,2017-02-10,2026-09-09,,
NWHM,2016-01-04,2021-09-07,alpaca,THE NEW HOME COMPANY INC.,THE NEW HOME COMPANY INC,THE NEW HOME COMPANY INC,0,rejected_by_name_zero,,,,,,,
NXEO,2016-06-10,2019-02-28,ftd_description,NEXEO SOLUTIONS INC COM SHS,NEXEO SOLUTIONS INC COM SHS,NEXEO SOLUTIONS INC COM SHS,0,rejected_by_name_zero,,,,,,,
NXEOU,2016-06-10,2019-02-13,,,,,,no_name,,,,,,,
NXQ,2016-01-04,2021-12-03,alpaca,NUVEEN ELECT TAX-FREE INC 2,NUVEEN ELECT TAX-FREE INC 2,NUVEEN ELECT TAX-FREE INC 2,0,rejected_by_name_zero,,,,,,,
NXR,2016-01-04,2021-12-03,alpaca,NUVEEN ELECT TAX-FREE INC 3,NUVEEN ELECT TAX-FREE INC 3,NUVEEN ELECT TAX-FREE INC 3,0,rejected_by_name_zero,,,,,,,
NXTM,2016-01-04,2019-02-21,ftd_description,NXSTAGE MEDICAL INC,NXSTAGE MEDICAL INC,NXSTAGE MEDICAL INC,1,rejected_by_date_overlap,1106687,NXSTAGE MEDICAL INC,,2003-04-30,2008-08-14,,
NYH,2016-01-04,2018-12-14,,,,,,no_name,,,,,,,
NYMTO,2016-01-04,2021-07-29,alpaca,"New York Mortgage Trust, Inc. 7.875% Series C Cumulative Redeemable Preferred Stock","New York Mortgage Trust, Inc","New York Mortgage Trust, Inc",1,resolved,1273685,"ADAMAS TRUST, INC.",,2008-03-31,2026-09-10,,
NYMTP,2016-01-04,2021-12-17,alpaca,"New York Mortgage Trust, Inc. 7.75% Series B Cumulative Redeemable Preferred Stock","New York Mortgage Trust, Inc","New York Mortgage Trust, Inc",1,resolved,1273685,"ADAMAS TRUST, INC.",,2008-03-31,2026-09-10,,
NYRT,2016-01-04,2018-11-02,,,,,,no_name,,,,,,,
NYV,2016-01-04,2021-04-09,alpaca,Nuveen New York Municipal Value Fund 2,Nuveen New York Municipal Value Fund 2,Nuveen New York Municipal Value Fund 2,1,resolved,1454981,Nuveen New York Municipal Value Fund 2,,2009-01-30,2022-08-22,,
OAK,2016-01-04,2019-09-27,ftd_description,OAKTREE CAP GROUP LLC CLASS A,OAKTREE CAP GROUP LLC CLASS A,OAKTREE CAP GROUP LLC CLASS A,0,rejected_by_name_zero,,,,,,,
OASI,2016-01-04,2018-12-20,,,,,,no_name,,,,,,,
OBAS,2016-01-04,2022-03-22,alpaca,Optibase Ltd. Ordinary Shares,Optibase Ltd,Optibase Ltd,1,resolved,1077618,OPTIBASE LTD,,2000-02-15,2022-05-02,,
OBCI,2016-01-04,2022-08-08,alpaca,"Ocean Bio-Chem, Inc. Common Stock","Ocean Bio-Chem, Inc","Ocean Bio-Chem, Inc",0,rejected_by_name_zero,,,,,,,
OCA,2021-01-12,2022-05-31,alpaca,Omnichannel Acquisition Corp.,Omnichannel Acquisition Corp,Omnichannel Acquisition Corp,1,resolved,1827669,Omnichannel Acquisition Corp.,,2020-10-13,2023-02-14,,
OCCIP,2019-03-29,2021-12-09,alpaca,"OFS Credit Company, Inc. 6.875% Series A Term Preferred Stock","OFS Credit Company, Inc","OFS Credit Company, Inc",1,resolved,1716951,"OFS Credit Company, Inc.",,2017-10-04,2026-08-20,,
OCDX,2021-01-28,2022-05-26,alpaca,Ortho Clinical Diagnostics Holdings plc Ordinary Shares,Ortho Clinical Diagnostics Holdings plc,Ortho Clinical Diagnostics Holdings plc,1,resolved,1828443,Ortho Clinical Diagnostics Holdings plc,,2020-10-16,2022-06-06,,
OCIP,2016-01-04,2018-07-13,,,,,,no_name,,,,,,,
OCSI,2017-10-18,2021-03-18,alpaca,Oaktree Strategic Income Corporation Common Stock,Oaktree Strategic Income Corporation,Oaktree Strategic Income Corporation,0,rejected_by_name_zero,,,,,,,
OEW,2016-06-30,2019-02-20,ftd_description,INVESCO EXCHANGE-TRADED FD TR,INVESCO EXCHANGE-TRADED FD TR,INVESCO EXCHANGE-TRADED FD TR,0,rejected_by_name_zero,,,,,,,
OFSSG,2020-09-21,2021-10-29,alpaca,OFS Capital Corporation 6.25% Notes Due 2023,OFS Capital Corporation,OFS Capital Corporation,0,rejected_by_name_zero,,,,,,,
OFSSI,2019-10-16,2021-11-19,alpaca,OFS Capital Corporation 5.95% Notes due 2026,OFS Capital Corporation,OFS Capital Corporation,0,rejected_by_name_zero,,,,,,,
OFSSL,2018-04-20,2021-03-11,alpaca,OFS Capital Corporation 6.375% Notes due 2025,OFS Capital Corporation,OFS Capital Corporation,0,rejected_by_name_zero,,,,,,,
OFSSZ,2018-10-25,2021-03-11,alpaca,OFS Capital Corporation 6.50% Notes due 2025,OFS Capital Corporation,OFS Capital Corporation,0,rejected_by_name_zero,,,,,,,
OHAI,2016-01-04,2019-12-18,alpaca,OHA Investment Corporation Common Stock,OHA Investment Corporation,OHA Investment,1,resolved,1297704,OHA Investment Corp,,2004-08-16,2020-02-13,,
OHRP,2016-01-04,2019-07-12,ftd_description,OHR PHARMACEUTICAL INC NEW COM,OHR PHARMACEUTICAL INC NEW COM,OHR PHARMACEUTICAL INC NEW COM,0,rejected_by_name_zero,,,,,,,
OIIL,2016-02-09,2018-08-13,,,,,,no_name,,,,,,,
OIL,2016-01-04,2023-06-08,alpaca,iPath Pure Beta Crude Oil ETN,iPath Pure Beta Crude Oil ETN,iPath Pure Beta Crude Oil ETN,0,rejected_by_name_zero,,,,,,,
OILX,2016-02-18,2020-04-30,alpaca,ETRACS S&P GSCI Crude Oil Total Return Index ETN,ETRACS S&P GSCI Crude Oil Total Return Index ETN,ETRACS S&P GSCI Crude Oil Total Return Index ETN,0,rejected_by_name_zero,,,,,,,
OLBK,2016-01-04,2019-11-22,alpaca,"Old Line Bancshares, Inc.","Old Line Bancshares, Inc",Old Line Bancshares,1,resolved,1253317,OLD LINE BANCSHARES INC,,2010-09-09,2019-12-09,,
OLD,2016-06-09,2021-10-11,alpaca,Janus Detroit Street Trust The Long-Term Care ETF,Janus Detroit Street Trust The Long-Term Care ETF,Janus Detroit Street Trust The Long-Term Care ETF,0,rejected_by_name_zero,,,,,,,
OMAD,2018-03-05,2019-05-31,ftd_description,ONE MADISON CORP CLASS A (CYM),ONE MADISON CORP CLASS A (CYM),ONE MADISON CORP CLASS A (CYM),0,rejected_by_name_zero,,,,,,,
OMED,2016-01-04,2019-04-22,ftd_description,ONCOMED PHARMACEUTICALS INC CO,ONCOMED PHARMACEUTICALS INC CO,ONCOMED PHARMACEUTICALS,1,resolved,1302573,OncoMed Pharmaceuticals Inc,,2004-09-07,2019-05-03,,
OMN,2016-01-04,2020-03-31,alpaca,OMNOVA Solutions Inc.,OMNOVA Solutions Inc,OMNOVA Solutions Inc,1,resolved,1090061,OMNOVA SOLUTIONS INC,,2005-03-24,2020-04-13,,
OMOM,2017-11-10,2020-02-14,alpaca,Invesco Russell 1000 Momentum Factor ETF,Invesco Russell 1000 Momentum Factor ETF,Invesco Russell 1000 Momentum Factor ETF,0,rejected_by_name_zero,,,,,,,
OMP,2017-09-21,2022-01-31,alpaca,Oasis Midstream Partners LP Common Units Representing Limited Partner Interests,Oasis Midstream Partners LP Common Units Representing Limited Partner Interests,Oasis Midstream Partners LP Common Units Representing Limited Partner Interests,0,rejected_by_name_zero,,,,,,,
ONCE,2016-01-04,2019-12-16,alpaca,"Spark Therapeutics, Inc. Common Stock","Spark Therapeutics, Inc","Spark Therapeutics, Inc",1,resolved,1609351,"Spark Therapeutics, Inc.",,2014-06-06,2020-02-14,,
ONDK,2016-01-04,2020-10-12,alpaca,"On Deck Capital, Inc.","On Deck Capital, Inc","On Deck Capital, Inc",1,resolved,1420811,"On Deck Capital, Inc.",,2007-12-07,2021-02-16,,
ONTL,2017-03-22,2018-12-20,,,,,,no_name,,,,,,,
OPB,2016-01-04,2020-05-29,alpaca,Opus Bank Common Stock,Opus Bank,Opus Bank,1,resolved,1697463,Pacific Premier Bank,,2017-02-13,2026-02-13,,
OPESU,2018-03-14,2020-12-09,alpaca,Opes Acquisition Corp. Unit,Opes Acquisition Corp,Opes Acquisition Corp,1,resolved,1723580,"BurgerFi International, Inc.",,2017-11-22,2025-03-19,,
OPHT,2016-01-04,2019-04-16,ftd_description,OPHTHOTECH CORP COM,OPHTHOTECH CORP COM,OPHTHOTECH CORP COM,0,rejected_by_name_zero,,,,,,,
OPINI,2019-01-02,2021-06-11,alpaca,Office Properties Income Trust 5.875% Senior Notes due 2046,Office Properties Income Trust,Office Properties Income Trust,1,resolved,1456772,OFFICE PROPERTIES INCOME TRUST,,2009-02-20,2026-09-10,,
ORBC,2016-01-04,2021-08-31,alpaca,ORBCOMM Inc. Common Stock,ORBCOMM Inc,ORBCOMM Inc,1,resolved,1361983,ORBCOMM Inc.,,2006-05-12,2021-09-13,,
ORBK,2016-01-04,2019-02-19,ftd_description,ORBOTECH LTD,ORBOTECH LTD,ORBOTECH LTD,1,resolved,749037,ORBOTECH LTD,,1998-02-12,2019-03-05,,
ORG,2016-06-09,2020-03-12,alpaca,Janus Detroit Street Trust The Organics ETF,Janus Detroit Street Trust The Organics ETF,Janus Detroit Street Trust The Organics ETF,0,rejected_by_name_zero,,,,,,,
ORIT,2016-01-04,2019-11-29,alpaca,Oritani Financial Corp. Common Stock New,Oritani Financial Corp,Oritani Financial Corp,3,rejected_by_name_ambiguous,,,"[1483195, 1387398, 1374756]",,,,
ORM,2016-01-04,2019-03-28,ftd_description,OWENS RLTY MTG INC COM,OWENS RLTY MTG INC COM,OWENS RLTY MTG INC COM,0,rejected_by_name_zero,,,,,,,
ORPN,2016-01-04,2019-03-25,,,,,,no_name,,,,,,,
ORSNR,2019-11-07,2020-11-17,alpaca,Orisun Acquisition Corp. Right,Orisun Acquisition Corp,Orisun Acquisition Corp,1,resolved,1770251,Orisun Acquisition Corp.,,2019-04-02,2021-02-12,,
ORSNU,2019-08-02,2020-11-17,alpaca,Orisun Acquisition Corp. Unit,Orisun Acquisition Corp,Orisun Acquisition Corp,1,resolved,1770251,Orisun Acquisition Corp.,,2019-04-02,2021-02-12,,
OSB,2016-02-19,2021-01-29,alpaca,Norbord Inc.,Norbord Inc,Norbord Inc,1,resolved,877365,Norbord Inc.,,2002-05-01,2021-03-10,,
OSIR,2016-01-04,2019-04-16,ftd_description,OSIRIS THERAPEUTICS INC COM ST,OSIRIS THERAPEUTICS INC COM ST,OSIRIS THERAPEUTICS INC COM ST,0,rejected_by_name_zero,,,,,,,
OSIZ,2017-11-10,2020-02-14,alpaca,Invesco Russell 1000 Size Factor ETF,Invesco Russell 1000 Size Factor ETF,Invesco Russell 1000 Size Factor ETF,0,rejected_by_name_zero,,,,,,,
OSN,2016-01-04,2021-09-09,alpaca,"Ossen Innovation Co., Ltd. American Depositary Shares","Ossen Innovation Co., Ltd","Ossen Innovation Co., Ltd",1,resolved,1814083,"Ossen Innovation Co., Ltd./ADR",,2020-06-18,2020-06-30,,
OTEL,2016-01-04,2021-03-31,alpaca,"Otelco, Inc. Class A Common Stock","Otelco, Inc","Otelco, Inc",0,rejected_by_name_zero,,,,,,,
OTRAU,2020-11-17,2022-05-19,alpaca,OTR Acquisition Corp. Unit,OTR Acquisition Corp,OTR Acquisition Corp,1,resolved,1821318,OTR Acquisition Corp.,,2020-08-18,2023-02-13,,
OVLC,2016-05-11,2019-02-20,ftd_description,INVESCO ET SF IDXD FD TR US LR,INVESCO ET SF IDXD FD TR US LR,INVESCO ET SF IDXD FD TR US LR,0,rejected_by_name_zero,,,,,,,
OVLU,2017-11-10,2020-02-14,alpaca,Invesco Russell 1000 Value Factor ETF,Invesco Russell 1000 Value Factor ETF,Invesco Russell 1000 Value Factor ETF,0,rejected_by_name_zero,,,,,,,
OVOL,2017-11-10,2020-02-14,alpaca,Invesco Russell 1000 Low Volatility Factor ETF,Invesco Russell 1000 Low Volatility Factor ETF,Invesco Russell 1000 Low Volatility Factor ETF,0,rejected_by_name_zero,,,,,,,
OXFD,2016-01-04,2021-03-05,alpaca,Oxford Immunotec Global PLC Ordinary Shares,Oxford Immunotec Global PLC,Oxford Immunotec Global PLC,1,resolved,1586049,Oxford Immunotec Global PLC,,2013-09-10,2022-02-14,,
PAACR,2016-02-08,2020-06-16,alpaca,Proficient Alpha Acquisition Corp. Rights,Proficient Alpha Acquisition Corp,Proficient Alpha Acquisition Corp,1,resolved,1764711,PROFICIENT ALPHA ACQUISITION CORP,,2019-02-12,2021-02-12,,
PACA,2018-11-15,2020-06-25,alpaca,Xtrackers MSCI Latin America Pacific Alliance ETF,Xtrackers MSCI Latin America Pacific Alliance ETF,Xtrackers MSCI Latin America Pacific Alliance ETF,0,rejected_by_name_zero,,,,,,,
PACQ,2018-05-29,2020-08-21,alpaca,Pure Acquisition Corp. Class A Common Stock,Pure Acquisition Corp,Pure Acquisition Corp,1,resolved,1726293,Pure Acquisition Corp.,,2018-01-05,2021-02-12,,
PACQU,2018-04-13,2020-08-17,alpaca,Pure Acquisition Corp. Unit,Pure Acquisition Corp,Pure Acquisition Corp,1,resolved,1726293,Pure Acquisition Corp.,,2018-01-05,2021-02-12,,
PAE,2020-02-11,2022-02-14,alpaca,PAE Incorporated Class A Common Stock,PAE Incorporated,PAE Incorporated,0,rejected_by_name_zero,,,,,,,
PAF,2016-01-04,2019-02-20,ftd_description,INVESCO FTSE RAFI ASIA PAC EX-,INVESCO FTSE RAFI ASIA PAC EX-,INVESCO FTSE RAFI ASIA PAC EX-,0,rejected_by_name_zero,,,,,,,
PAGG,2016-01-04,2019-02-15,,,,,,no_name,,,,,,,
PAND,2020-07-17,2021-03-31,alpaca,Pandion Therapeutics Inc. Common Stock,Pandion Therapeutics Inc,Pandion Therapeutics Inc,0,rejected_by_name_zero,,,,,,,
PASS,2018-11-29,2020-10-16,alpaca,Direxion Daily Consumer Discretionary Bear 3X Shares,Direxion Daily Consumer Discretionary Bear 3X Shares,Direxion Daily Consumer Discretionary Bear 3X Shares,0,rejected_by_name_zero,,,,,,,
PBB,2016-01-04,2021-02-12,alpaca,Prospect Capital Corporation 6.25% Notes due 2024,Prospect Capital Corporation,Prospect Capital Corporation,0,rejected_by_name_zero,,,,,,,
PBBI,2016-01-08,2020-04-30,alpaca,"PB Bancorp, Inc. Common Stock","PB Bancorp, Inc","PB Bancorp, Inc",1,resolved,1652106,"PB Bancorp, Inc.",,2015-09-11,2020-05-11,,
PBC,2018-12-12,2021-12-29,alpaca,Prospect Capital Corporation 6.875% Notes due 2029,Prospect Capital Corporation,Prospect Capital Corporation,0,rejected_by_name_zero,,,,,,,
PBCT,2016-01-04,2022-04-01,alpaca,"People's United Financial, Inc. Common Stock","People's United Financial, Inc","People's United Financial, Inc",1,resolved,1378946,"People's United Financial, Inc.",,2012-05-23,2023-02-13,,
PBIP,2016-01-04,2022-06-30,alpaca,"Prudential Bancorp, Inc. Common Stock","Prudential Bancorp, Inc","Prudential Bancorp, Inc",1,resolved,1578776,"PRUDENTIAL BANCORP, INC.",,2013-06-14,2022-07-06,,
PBY,2016-01-04,2021-06-14,alpaca,Prospect Capital Corporaton 6.25% Notes due 2028,Prospect Capital Corporaton,Prospect Capital Corporaton,0,rejected_by_name_zero,,,,,,,
PCMI,2016-01-04,2019-08-29,ftd_description,PC MALL INC,PC MALL INC,PC MALL INC,1,resolved,937941,"PCM, INC.",,1996-05-06,2019-09-09,,
PCOM,2016-01-04,2022-06-30,alpaca,Points.com Inc. Common Shares,Points.com Inc. Common Shares,Points.com Inc. Common Shares,0,rejected_by_name_zero,,,,,,,
PDEV,2019-07-24,2021-11-19,alpaca,Principal Exchange-Traded Funds Principal International Multi-Factor ETF,Principal Exchange-Traded Funds Principal International Multi-Factor ETF,Principal Exchange-Traded Funds Principal International Multi-Factor ETF,0,rejected_by_name_zero,,,,,,,
PDLI,2016-01-04,2020-12-30,alpaca,"PDL BioPharma, Inc. Common Stock","PDL BioPharma, Inc","PDL BioPharma, Inc",1,resolved,882104,"PDL BIOPHARMA, INC.",,2008-12-22,2026-08-13,,
PE,2016-01-04,2021-01-12,alpaca,PARSLEY ENERGY INC,PARSLEY ENERGY INC,PARSLEY ENERGY INC,0,rejected_by_name_zero,,,,,,,
PEGI,2016-01-04,2020-03-13,alpaca,Pattern Energy Group Inc. Class A Common Stock,Pattern Energy Group Inc,Pattern Energy Group Inc,1,resolved,1561660,Pattern Energy Group Inc.,,2012-11-09,2020-04-27,,
PERY,2016-01-04,2018-10-19,,,,,,no_name,,,,,,,
PETX,2016-01-04,2019-07-17,ftd_description,ARATANA THERAPEUTICS INC COM S,ARATANA THERAPEUTICS INC COM S,ARATANA THERAPEUTICS INC COM S,0,rejected_by_name_zero,,,,,,,
PF,2016-01-04,2018-10-25,,,,,,no_name,,,,,,,
PFBI,2016-01-04,2021-09-17,alpaca,"Premier Financial Bancorp, Inc. Common Stock","Premier Financial Bancorp, Inc",Premier Financial Bancorp,1,resolved,887919,PREMIER FINANCIAL BANCORP INC,,1996-05-15,2021-09-30,,
PFNX,2016-01-04,2020-09-30,alpaca,Pfenex Inc.,Pfenex Inc,Pfenex Inc,1,resolved,1478121,Pfenex Inc.,,2009-12-09,2021-02-11,,
PFPT,2016-01-04,2021-08-30,alpaca,"Proofpoint, Inc. Common Stock","Proofpoint, Inc","Proofpoint, Inc",0,rejected_by_name_zero,,,,,,,
PGLC,2016-01-04,2019-04-03,ftd_description,PERSHING GOLD CORP,PERSHING GOLD CORP,PERSHING GOLD CORP,1,resolved,1432196,Pershing Gold Corp.,,2008-04-25,2019-04-17,,
PGNX,2016-01-04,2020-06-19,alpaca,Progenics Pharmaceuticals Inc. Common Stock,Progenics Pharmaceuticals Inc,Progenics Pharmaceuticals Inc,1,resolved,835887,PROGENICS PHARMACEUTICALS INC,,2008-07-03,2022-02-08,,
PHH,2016-01-04,2025-10-27,alpaca,"Park Ha Biological Technology Co., Ltd. Ordinary Shares","Park Ha Biological Technology Co., Ltd","Park Ha Biological Technology Co., Ltd",1,resolved,1986247,"Park Ha Biological Technology Co., Ltd.",,2023-12-29,2026-09-11,,
PIY,2016-01-04,2020-05-13,alpaca,ML Depositor PreferredPlus 8.375% Citizens Commun Cert. CZN-1,ML Depositor PreferredPlus,ML Depositor PreferredPlus,0,rejected_by_name_zero,,,,,,,
PJH,2016-01-04,2020-09-22,alpaca,"PRUDENTIAL FINANCIAL, INC. 5.75% Junior Subordinated Notes due 2052","PRUDENTIAL FINANCIAL, INC","PRUDENTIAL FINANCIAL, INC",0,rejected_by_name_zero,,,,,,,
PKO,2016-01-04,2021-12-10,alpaca,Pimco Income Opportunity Fund,Pimco Income Opportunity Fund,Pimco Income Opportunity Fund,1,resolved,1412350,PIMCO Income Opportunity Fund,,2007-09-14,2022-08-29,,
PLAN,2018-10-12,2022-06-21,alpaca,"Anaplan, Inc.","Anaplan, Inc","Anaplan, Inc",1,resolved,1540755,"Anaplan, Inc.",,2012-01-30,2022-06-30,,
PLC,2019-07-24,2020-12-11,alpaca,Principal Exchange-Traded Funds Principal U.S. Large-Cap Multi-Factor ETF,Principal Exchange-Traded Funds Principal U.S. Large-Cap Multi-Factor ETF,Principal Exchange-Traded Funds Principal U.S. Large-Cap Multi-Factor ETF,0,rejected_by_name_zero,,,,,,,
PLCY,2018-04-19,2020-08-27,alpaca,EventShares U.S. Legislative Opportunities ETF,EventShares U.S. Legislative Opportunities ETF,EventShares U.S. Legislative Opportunities ETF,0,rejected_by_name_zero,,,,,,,
PLND,2016-01-04,2019-04-05,ftd_description,VANECK VECTORS ETF TR POLAND E,VANECK VECTORS ETF TR POLAND E,VANECK VECTORS ETF TR POLAND E,0,rejected_by_name_zero,,,,,,,
PLTI,2025-11-04,2026-06-09,alpaca,REX PLTR Growth & Income ETF,REX PLTR Growth & Income ETF,REX PLTR Growth & Income ETF,0,rejected_by_name_zero,,,,,,,
PMBC,2016-01-04,2021-10-18,alpaca,Pacific Mercantile Bancorp Common Stock,Pacific Mercantile Bancorp,Pacific Mercantile Bancorp,1,resolved,1109546,PACIFIC MERCANTILE BANCORP,,2005-07-27,2022-02-11,,
PMOM,2017-10-19,2020-08-14,alpaca,Principal Exchange-Traded Funds Principal Sustainable Momentum Index ETF,Principal Exchange-Traded Funds Principal Sustainable Momentum Index ETF,Principal Exchange-Traded Funds Principal Sustainable Momentum Index ETF,0,rejected_by_name_zero,,,,,,,
PMPT,2016-08-17,2018-09-28,,,,,,no_name,,,,,,,
PMR,2016-01-04,2020-02-14,alpaca,Invesco Dynamic Retail ETF,Invesco Dynamic Retail ETF,Invesco Dynamic Retail ETF,0,rejected_by_name_zero,,,,,,,
PNK,2016-01-04,2018-10-12,,,,,,no_name,,,,,,,
PNNTG,2019-09-30,2021-11-12,alpaca,PennantPark Investment Corporation 5.50% Notes Due 2024,PennantPark Investment Corporation,PennantPark Investment Corporation,0,rejected_by_name_zero,,,,,,,
PNTR,2016-01-04,2019-10-02,ftd_description,POINTER TELOCATION LTD ORD SHS,POINTER TELOCATION LTD ORD SHS,POINTER TELOCATION LTD ORD SHS,0,rejected_by_name_zero,,,,,,,
POLY,2016-01-04,2022-08-26,alpaca,"Plantronics, Inc.","Plantronics, Inc","Plantronics, Inc",0,rejected_by_name_zero,,,,,,,
POPE,2016-01-04,2020-05-07,alpaca,Pope Resources Depositary Receipts of Limited Partnership Units,Pope Resources Depositary Receipts of Limited Partnership,Pope Resources Depositary Receipts of Limited Partnership,0,rejected_by_name_zero,,,,,,,
PPD,2020-02-06,2021-12-07,alpaca,"PPD, Inc. Common Stock","PPD, Inc","PPD, Inc",1,resolved,1793294,"PPD, Inc.",,2019-11-12,2024-03-14,,
PPDF,2017-11-10,2019-11-27,alpaca,"PPDAI Group Inc. American Depositary Shares, each representing five Class A ordinary shares",PPDAI Group Inc,PPDAI Group Inc,1,resolved,1691445,FinVolution Group,,2017-01-20,2026-08-28,,
PPDM,2018-02-15,2020-09-25,alpaca,PortfolioPlus Developed Markets ETF,PortfolioPlus Developed Markets ETF,PortfolioPlus Developed Markets ETF,0,rejected_by_name_zero,,,,,,,
PPEM,2018-02-15,2026-06-09,alpaca,Putnam PanAgora ESG Emerging Markets Equity ETF,Putnam PanAgora ESG Emerging Markets Equity ETF,Putnam PanAgora ESG Emerging Markets Equity ETF,0,rejected_by_name_zero,,,,,,,
PPGHU,2021-01-06,2022-04-04,alpaca,Poema Global Holdings Corp. Unit,Poema Global Holdings Corp,Poema Global Holdings Corp,1,resolved,1826333,Poema Global Holdings Corp.,,2020-10-20,2022-04-14,,
PPLN,2017-06-13,2020-01-14,alpaca,"Cushing 30 MLP Index ETNs due June 15, 2037","Cushing 30 MLP Index ETNs due June 15, 2037","Cushing 30 MLP Index ETNs due June 15, 2037",0,rejected_by_name_zero,,,,,,,
PPMC,2018-02-15,2020-09-25,alpaca,PortfolioPlus S&P Mid Cap ETF,PortfolioPlus S&P Mid Cap ETF,PortfolioPlus S&P Mid Cap ETF,0,rejected_by_name_zero,,,,,,,
PPSC,2018-02-15,2020-09-25,alpaca,PortfolioPlus S&P Small Cap ETF,PortfolioPlus S&P Small Cap ETF,PortfolioPlus S&P Small Cap ETF,0,rejected_by_name_zero,,,,,,,
PPX,2016-01-04,2021-07-16,alpaca,"PPL CAPITAL FUNDING, INC. 2013 Series B Junior Subordinated Notes due 2073","PPL CAPITAL FUNDING, INC. 2013 Series B Junior Subordinated","PPL CAPITAL FUNDING, INC. 2013 Series B Junior Subordinated",0,rejected_by_name_zero,,,,,,,
PQLC,2018-10-18,2021-10-04,alpaca,PGIM QMA Strategic Alpha Large-Cap Core ETF,PGIM QMA Strategic Alpha Large-Cap Core ETF,PGIM QMA Strategic Alpha Large-Cap Core ETF,0,rejected_by_name_zero,,,,,,,
PQSG,2018-11-15,2021-10-04,alpaca,PGIM QMA Strategic Alpha Small-Cap Growth ETF,PGIM QMA Strategic Alpha Small-Cap Growth ETF,PGIM QMA Strategic Alpha Small-Cap Growth ETF,0,rejected_by_name_zero,,,,,,,
PQSV,2018-11-15,2021-10-04,alpaca,PGIM QMA Strategic Alpha Small-Cap Value ETF,PGIM QMA Strategic Alpha Small-Cap Value ETF,PGIM QMA Strategic Alpha Small-Cap Value ETF,0,rejected_by_name_zero,,,,,,,
PRAH,2016-01-04,2021-06-30,alpaca,"PRA Health Sciences, Inc. Common Stock","PRA Health Sciences, Inc","PRA Health Sciences, Inc",1,resolved,1613859,"PRA Health Sciences, Inc.",,2014-07-17,2024-05-02,,
PRAN,2016-01-04,2019-04-08,ftd_description,PRANA BIOTECHNOLOGY LTD SPONSO,PRANA BIOTECHNOLOGY LTD SPONSO,PRANA BIOTECHNOLOGY LTD SPONSO,0,rejected_by_name_zero,,,,,,,
PRB,2016-01-04,2019-04-05,ftd_description,VANECK VECTORS ETF TR PRE-REFU,VANECK VECTORS ETF TR PRE-REFU,VANECK VECTORS ETF TR PRE-REFU,0,rejected_by_name_zero,,,,,,,
PRCP,2016-01-04,2020-12-18,alpaca,"Perceptron, Inc. Common Stock","Perceptron, Inc","Perceptron, Inc",0,rejected_by_name_zero,,,,,,,
PRGX,2016-01-04,2021-03-03,alpaca,"PRGX Global, Inc. Common Stock","PRGX Global, Inc","PRGX Global, Inc",1,resolved,1007330,"PRGX GLOBAL, INC.",,2006-11-09,2022-02-14,,
PRID,2018-01-11,2019-11-13,alpaca,InsightShares LGBT Employment Equality ETF,InsightShares LGBT Employment Equality ETF,InsightShares LGBT Employment Equality ETF,0,rejected_by_name_zero,,,,,,,
PRNB,2018-09-14,2020-09-25,alpaca,Principia Biopharma Inc. Common Stock,Principia Biopharma Inc,Principia Biopharma Inc,1,resolved,1510487,Principia Biopharma Inc.,,2011-02-23,2021-02-16,,
PROS,2019-07-25,2021-08-03,alpaca,"ProSight Global, Inc.","ProSight Global, Inc","ProSight Global, Inc",1,resolved,1634038,"ProSight Global, Inc.",,2015-03-04,2022-02-11,,
PRSP,2018-06-01,2021-05-06,alpaca,Perspecta Inc. Common Stock,Perspecta Inc,Perspecta Inc,1,resolved,1724670,Perspecta Inc.,,2018-02-08,2021-05-17,,
PRSS,2016-01-04,2018-11-08,,,,,,no_name,,,,,,,
PRVL,2019-06-20,2021-01-21,alpaca,Prevail Therapeutics Inc. Common Stock,Prevail Therapeutics Inc,Prevail Therapeutics Inc,1,resolved,1714798,Prevail Therapeutics Inc.,,2018-03-14,2021-02-16,,
PSACU,2020-07-22,2021-07-21,alpaca,Property Solutions Acquisition Corp. Unit,Property Solutions Acquisition Corp,Property Solutions Acquisition Corp,2,rejected_by_name_ambiguous,,,"[1805521, 1833235]",,,,
PSAU,2016-01-04,2019-02-20,ftd_description,INVESCO GLOBAL GOLD AND PRECIO,INVESCO GLOBAL GOLD AND PRECIO,INVESCO GLOBAL GOLD AND PRECIO,0,rejected_by_name_zero,,,,,,,
PSB,2016-01-04,2022-07-19,alpaca,"PS Business Parks, Inc.","PS Business Parks, Inc","PS Business Parks, Inc",1,resolved,866368,"PS BUSINESS PARKS, INC./MD",,2008-02-14,2023-02-28,,
PSDO,2017-03-10,2019-12-18,alpaca,"Presidio, Inc. Common Stock","Presidio, Inc","Presidio, Inc",2,rejected_by_name_ambiguous,,,"[1533933, 1631825]",,,,
PSM,2019-07-24,2020-12-11,alpaca,Principal Exchange-Traded Funds Principal U.S. Small-MidCap Multi-Factor ETF,Principal Exchange-Traded Funds Principal U.S. Small-MidCap Multi-Factor ETF,Principal Exchange-Traded Funds Principal U.S. Small-MidCap Multi-Factor ETF,0,rejected_by_name_zero,,,,,,,
PSTH,2020-09-11,2022-07-25,alpaca,"Pershing Square Tontine Holdings, Ltd.","Pershing Square Tontine Holdings, Ltd","Pershing Square Tontine Holdings, Ltd",1,resolved,1811882,"Pershing Square Tontine Holdings, Ltd.",,2020-05-20,2022-08-05,,
PSXP,2016-01-04,2022-03-08,alpaca,PHILLIPS 66 PARTNERS LP,PHILLIPS 66 PARTNERS LP,PHILLIPS 66 PARTNERS LP,1,resolved,1572910,PHILLIPS 66 PARTNERS LP,,2013-03-27,2022-03-21,,
PSY,2021-05-28,2022-08-29,alpaca,Defiance Next Gen Altered Experience ETF,Defiance Next Gen Altered Experience ETF,Defiance Next Gen Altered Experience ETF,0,rejected_by_name_zero,,,,,,,
PTIE,2016-01-04,2019-03-27,ftd_description,PAIN THERAPEUTICS INC COM NEW,PAIN THERAPEUTICS INC COM NEW,PAIN THERAPEUTICS INC COM NEW,0,rejected_by_name_zero,,,,,,,
PTLA,2016-01-04,2020-07-01,alpaca,"Portola Pharmaceuticals, Inc. Common Stock","Portola Pharmaceuticals, Inc",Portola Pharmaceuticals,1,resolved,1269021,PORTOLA PHARMACEUTICALS INC,,2003-11-03,2020-07-13,,
PTVCA,2018-08-02,2021-05-28,alpaca,Protective Insurance Corporation Class A Common Stock,Protective Insurance Corporation,Protective Insurance,1,resolved,9346,Protective Insurance Corp,,2002-08-06,2022-01-27,,
PTVCB,2018-08-01,2021-05-28,alpaca,Protective Insurance Corporation Class B Common Stock,Protective Insurance Corporation,Protective Insurance,1,resolved,9346,Protective Insurance Corp,,2002-08-06,2022-01-27,,
PUW,2016-01-04,2019-02-20,,,,,,no_name,,,,,,,
PVG,2016-01-04,2022-03-08,alpaca,PRETIUM RESOURCES INC.,PRETIUM RESOURCES INC,PRETIUM RESOURCES INC,1,resolved,1508844,Pretium Resources Inc.,,2011-01-05,2022-03-21,,
PVTL,2018-04-20,2019-12-27,alpaca,"Pivotal Software, Inc.","Pivotal Software, Inc","Pivotal Software, Inc",1,resolved,1574135,"Pivotal Software, Inc.",,2013-04-15,2020-02-14,,
PXR,2016-01-04,2019-02-20,,,,,,no_name,,,,,,,
PXUS,2017-11-09,2023-10-13,alpaca,Principal International Adaptive Multi-Factor ETF,Principal International Adaptive Multi-Factor ETF,Principal International Adaptive Multi-Factor ETF,0,rejected_by_name_zero,,,,,,,
PZI,2016-01-04,2019-02-20,ftd_description,INVESCO EXCHANGE-TRADED FD TR,INVESCO EXCHANGE-TRADED FD TR,INVESCO EXCHANGE-TRADED FD TR,0,rejected_by_name_zero,,,,,,,
QADA,2016-01-04,2021-11-04,alpaca,QAD Inc. Class A Common Stock,QAD Inc,QAD Inc,1,resolved,1036188,QAD INC,,2006-06-09,2023-02-17,,
QADB,2016-01-04,2021-11-04,alpaca,QAD Inc. Class B Common Stock,QAD Inc,QAD Inc,1,resolved,1036188,QAD INC,,2006-06-09,2023-02-17,,
QCP,2016-11-01,2018-07-26,,,,,,no_name,,,,,,,
QELLU,2020-09-30,2021-09-14,alpaca,Qell Acquisition Corp. Unit,Qell Acquisition Corp,Qell Acquisition Corp,1,resolved,1821171,Qell Acquisition Corp,,2020-08-14,2022-02-14,,
QEP,2016-01-04,2021-03-16,alpaca,"QEP RESOURCES, INC.","QEP RESOURCES, INC","QEP RESOURCES, INC",1,resolved,1108827,"QEP RESOURCES, INC.",,2012-09-10,2022-02-11,,
QES,2018-02-09,2020-07-27,alpaca,Quintana Energy Services Inc.,Quintana Energy Services Inc,Quintana Energy Services Inc,1,resolved,1704235,Quintana Energy Services Inc.,,2017-04-26,2025-02-11,,
QGTA,2016-01-08,2020-08-05,alpaca,IQ Leaders GTAA Tracker ETF,IQ Leaders GTAA Tracker ETF,IQ Leaders GTAA Tracker ETF,0,rejected_by_name_zero,,,,,,,
QMJ,2020-02-05,2021-09-17,alpaca,Direxion S&P 500 High minus Low Quality ETF,Direxion S&P 500 High minus Low Quality ETF,Direxion S&P 500 High minus Low Quality ETF,0,rejected_by_name_zero,,,,,,,
QRTAV,2020-09-03,2020-09-11,alpaca,"Qurate Retail, Inc. Series A Common Stock Ex-distribution When issued","Qurate Retail, Inc. Series A","Qurate Retail, Inc. Series A",0,rejected_by_name_zero,,,,,,,
QTNA,2016-10-28,2019-06-18,ftd_description,QUANTENNA COMMUNICATIONS INC C,QUANTENNA COMMUNICATIONS INC C,QUANTENNA COMMUNICATIONS INC C,0,rejected_by_name_zero,,,,,,,
QTS,2016-01-04,2021-08-31,alpaca,"QTS REALTY TRUST, INC.","QTS REALTY TRUST, INC","QTS REALTY TRUST, INC",1,resolved,1577368,"QTS Realty Trust, Inc.",,2013-05-31,2022-02-15,,
QVM,2016-01-04,2020-11-09,alpaca,Arrow QVM Equity Factor ETF,Arrow QVM Equity Factor ETF,Arrow QVM Equity Factor ETF,0,rejected_by_name_zero,,,,,,,
QXMI,2017-01-26,2018-11-21,,,,,,no_name,,,,,,,
QXTR,2017-01-26,2019-05-16,,,,,,no_name,,,,,,,
RAACU,2020-12-08,2021-07-21,alpaca,Revolution Acceleration Acquisition Corp Unit,Revolution Acceleration Acquisition Corp,Revolution Acceleration Acquisition Corp,2,rejected_by_name_ambiguous,,,"[1824734, 1845184]",,,,
RALS,2016-01-04,2022-05-02,alpaca,ProShares RAFI Long/Short,ProShares RAFI Long/Short,ProShares RAFI Long/Short,0,rejected_by_name_zero,,,,,,,
RARX,2016-10-26,2020-04-01,alpaca,"Ra Pharmaceuticals, Inc. Common Stock","Ra Pharmaceuticals, Inc","Ra Pharmaceuticals, Inc",1,resolved,1481512,"Ra Pharmaceuticals, Inc.",,2010-02-24,2020-04-13,,
RAVN,2016-01-04,2021-11-29,alpaca,"Raven Industries, Inc. Common Stock","Raven Industries, Inc","Raven Industries, Inc",0,rejected_by_name_zero,,,,,,,
RBAC,2020-10-05,2022-08-16,alpaca,RedBall Acquisition Corp.,RedBall Acquisition Corp,RedBall Acquisition Corp,1,resolved,1815184,RedBall Acquisition Corp.,,2020-06-18,2022-08-29,,
RBIN,2017-09-18,2022-05-25,alpaca,Nationwide Risk-Based International Equity ETF,Nationwide Risk-Based International Equity ETF,Nationwide Risk-Based International Equity ETF,0,rejected_by_name_zero,,,,,,,
RBNC,2018-01-02,2021-12-31,alpaca,"Reliant Bancorp, Inc. Common Stock","Reliant Bancorp, Inc","Reliant Bancorp, Inc",1,resolved,1606440,"Reliant Bancorp, Inc.",,2014-04-28,2022-02-18,,
RBUS,2017-09-18,2022-05-25,alpaca,Nationwide Risk-Based U.S. Equity ETF,Nationwide Risk-Based U.S. Equity ETF,Nationwide Risk-Based U.S. Equity ETF,0,rejected_by_name_zero,,,,,,,
RCP,2018-10-01,2021-03-25,alpaca,Ready Capital Corporation 6.50% Senior Notes due 2021,Ready Capital Corporation,Ready Capital Corporation,0,rejected_by_name_zero,,,,,,,
RDBX,2021-10-25,2022-08-10,alpaca,Redbox Entertainment Inc. Class A Common Stock,Redbox Entertainment Inc,Redbox Entertainment Inc,1,resolved,1820201,Redbox Entertainment Inc.,,2020-09-10,2022-08-22,,
RDC,2016-01-04,2019-04-10,ftd_description,ROWAN COMPANIES INC (UK),ROWAN COMPANIES INC (UK),ROWAN COMPANIES INC (UK),0,rejected_by_name_zero,,,,,,,
RDUS,2016-01-04,2025-07-10,alpaca,"Radius Recycling, Inc. Class A Common Stock","Radius Recycling, Inc","Radius Recycling, Inc",1,resolved,912603,"RADIUS RECYCLING, INC.",,2014-03-03,2025-10-14,,
REDV,2018-08-10,2020-02-14,alpaca,Invesco Emerging Markets Ultra Dividend Revenue ETF,Invesco Emerging Markets Ultra Dividend Revenue ETF,Invesco Emerging Markets Ultra Dividend Revenue ETF,0,rejected_by_name_zero,,,,,,,
REGI,2016-01-04,2022-06-10,alpaca,"Renewable Energy Group, Inc. Common Stock","Renewable Energy Group, Inc","Renewable Energy Group, Inc",2,rejected_by_name_ambiguous,,,"[1405682, 1463258]",,,,
REIS,2016-01-04,2018-10-12,,,,,,no_name,,,,,,,
REML,2016-07-13,2021-12-23,alpaca,Credit Suisse X-Links Monthly Pay 2xLeveraged Mortgage REIT ETN,Credit Suisse X-Links Monthly Pay 2xLeveraged Mortgage REIT ETN,Credit Suisse X-Links Monthly Pay 2xLeveraged Mortgage REIT ETN,0,rejected_by_name_zero,,,,,,,
REN,2016-01-04,2019-02-28,ftd_description,RESOLUTE ENERGY CORP COM SHS N,RESOLUTE ENERGY CORP COM SHS N,RESOLUTE ENERGY CORP COM SHS N,0,rejected_by_name_zero,,,,,,,
RENW,2019-08-14,2024-12-13,alpaca,Harbor Energy Transition Strategy ETF,Harbor Energy Transition Strategy ETF,Harbor Energy Transition Strategy ETF,0,rejected_by_name_zero,,,,,,,
RESI,2016-01-04,2023-11-30,alpaca,Kelly Residential & Apartment Real Estate ETF,Kelly Residential & Apartment Real Estate ETF,Kelly Residential & Apartment Real Estate ETF,0,rejected_by_name_zero,,,,,,,
RESN,2016-01-04,2022-03-25,alpaca,Resonant Inc. Common Stock,Resonant Inc,Resonant Inc,1,resolved,1579910,Resonant Inc,,2013-06-24,2022-04-07,,
RFAP,2016-04-14,2021-08-25,alpaca,First Trust Exchange-Traded Fund III First Trust RiverFront Dynamic Asia Pacific ETF,First Trust Exchange-Traded Fund III First Trust RiverFront Dynamic Asia Pacific ETF,First Trust Exchange-Traded Fund III First Trust RiverFront Dynamic Asia Pacific ETF,0,rejected_by_name_zero,,,,,,,
RFUN,2016-06-14,2021-10-21,alpaca,RiverFront Dynamic Unconstrained Income,RiverFront Dynamic Unconstrained Income,RiverFront Dynamic Unconstrained Income,0,rejected_by_name_zero,,,,,,,
RGLB,2017-07-19,2020-02-14,alpaca,Invesco Global Revenue ETF,Invesco Global Revenue ETF,Invesco Global Revenue ETF,0,rejected_by_name_zero,,,,,,,
RHT,2016-01-04,2019-07-08,ftd_description,RED HAT INC,RED HAT INC,RED HAT INC,2,rejected_by_name_ambiguous,,,"[1087423, 1367535]",,,,
RICOU,2021-07-08,2022-06-28,alpaca,Agrico Acquisition Corp. Unit,Agrico Acquisition Corp,Agrico Acquisition Corp,1,resolved,1842219,Agrico Acquisition Corp.,,2021-02-18,2023-02-13,,
RIDV,2018-08-09,2020-01-17,alpaca,Invesco International Ultra Dividend Revenue ETF,Invesco International Ultra Dividend Revenue ETF,Invesco International Ultra Dividend Revenue ETF,0,rejected_by_name_zero,,,,,,,
RILYH,2018-05-18,2021-09-03,alpaca,"B. Riley Financial, Inc. 7.375% Senior Notes due 2023","B. Riley Financial, Inc","B. Riley Financial, Inc",0,rejected_by_name_zero,,,,,,,
RILYI,2018-09-12,2021-10-21,alpaca,"B. Riley Financial, Inc. 6.875% Senior Notes due 2023","B. Riley Financial, Inc","B. Riley Financial, Inc",0,rejected_by_name_zero,,,,,,,
RIVE,2018-08-14,2021-11-30,alpaca,Riverview Financial Corporation Common Stock,Riverview Financial Corporation,Riverview Financial Corporation,0,rejected_by_name_zero,,,,,,,
RLH,2016-01-04,2021-03-17,alpaca,Red Lions Hotel Corporation,Red Lions Hotel Corporation,Red Lions Hotel Corporation,0,rejected_by_name_zero,,,,,,,
RLJE,2016-01-04,2018-10-31,,,,,,no_name,,,,,,,
RLM,2018-09-05,2019-07-30,ftd_description,REALM THERAPEUTICS PLC SPONSOR,REALM THERAPEUTICS PLC SPONSOR,REALM THERAPEUTICS PLC SPONSOR,0,rejected_by_name_zero,,,,,,,
RMGBU,2020-12-10,2021-08-23,alpaca,RMG Acquisition Corp. II Unit,RMG Acquisition Corp. II,RMG Acquisition Corp. II,2,rejected_by_name_ambiguous,,,"[1820143, 1838108]",,,,
RMGN,2016-01-04,2018-09-28,,,,,,no_name,,,,,,,
RNET,2016-01-04,2021-04-30,alpaca,"RigNet, Inc. Common Stock","RigNet, Inc","RigNet, Inc",1,resolved,1162112,"RigNet, Inc.",,2010-10-01,2022-02-14,,
ROAN,2018-11-09,2019-12-05,alpaca,"Roan Resources, Inc.","Roan Resources, Inc","Roan Resources, Inc",1,resolved,1326428,"Pressburg, LLC",,2006-03-21,2020-01-13,,
ROCCU,2020-12-11,2021-07-28,alpaca,Roth CH Acquisition II Co. Unit,Roth CH Acquisition II Co,Roth CH Acquisition II Co,1,resolved,1824403,"Reservoir Media, Inc.",,2020-09-11,2026-08-18,,
ROCRU,2021-03-03,2022-02-14,alpaca,Roth CH Acquisition III Co. Unit,Roth CH Acquisition III Co,Roth CH Acquisition III Co,1,resolved,1839412,QualTek Services Inc.,,2021-01-11,2023-07-20,,
RORE,2016-10-04,2020-08-07,alpaca,Hartford Multifactor REIT ETF,Hartford Multifactor REIT ETF,Hartford Multifactor REIT ETF,0,rejected_by_name_zero,,,,,,,
ROX,2016-01-04,2019-10-08,ftd_description,CASTLE BRANDS INC COM,CASTLE BRANDS INC COM,CASTLE BRANDS INC COM,0,rejected_by_name_zero,,,,,,,
RP,2016-01-04,2021-04-21,alpaca,"RealPage, Inc. Common Stock","RealPage, Inc","RealPage, Inc",1,resolved,1286225,"RealPage, Inc.",,2013-05-29,2021-05-03,,
RPAI,2016-01-04,2021-10-21,alpaca,"RETAIL PROPERTIES OF AMERICA, INC.","RETAIL PROPERTIES OF AMERICA, INC","RETAIL PROPERTIES OF AMERICA, INC",1,resolved,1222840,"RETAIL PROPERTIES OF AMERICA, INC.",,2005-01-28,2022-02-10,,
RPUT,2018-02-01,2020-01-17,alpaca,WisdomTree CBOE Russell 2000 PutWrite Strategy Fund,WisdomTree CBOE Russell 2000 PutWrite Strategy Fund,WisdomTree CBOE Russell 2000 PutWrite Strategy Fund,0,rejected_by_name_zero,,,,,,,
RRD,2016-01-04,2022-02-25,alpaca,RR Donnelley & Sons Co.,RR Donnelley & Sons Co,RR Donnelley & Sons Co,1,resolved,29669,RR Donnelley & Sons Co,,2009-03-04,2022-03-15,,
RSLS,2017-10-23,2025-08-14,alpaca,"ReShape Lifesciences, Inc. Common Stock","ReShape Lifesciences, Inc","ReShape Lifesciences, Inc",0,rejected_by_name_zero,,,,,,,
RST,2016-01-04,2020-10-14,alpaca,ROSETTA STONE INC,ROSETTA STONE INC,ROSETTA STONE INC,1,resolved,1351285,ROSETTA STONE INC,,2006-01-19,2021-02-12,,
RSVAU,2020-12-02,2021-07-14,alpaca,Rodgers Silicon Valley Acquisition Corp. Unit,Rodgers Silicon Valley Acquisition Corp,Rodgers Silicon Valley Acquisition Corp,1,resolved,1828318,Enovix Corp,,2020-10-14,2026-09-10,,
RSYS,2016-01-04,2018-12-11,,,,,,no_name,,,,,,,
RTEC,2016-01-04,2019-10-25,ftd_description,RUDOLPH TECHNOLOGIES INC,RUDOLPH TECHNOLOGIES INC,RUDOLPH TECHNOLOGIES INC,1,resolved,1094392,RUDOLPH TECHNOLOGIES INC,,2009-08-03,2022-01-05,,
RTL,2018-05-16,2023-09-12,alpaca,"The Necessity Retail REIT, Inc. Class A Common Stock","The Necessity Retail REIT, Inc","The Necessity Retail REIT, Inc",0,rejected_by_name_zero,,,,,,,
RTLR,2019-05-23,2022-08-23,alpaca,Rattler Midstream LP Common Units,Rattler Midstream LP Common,Rattler Midstream LP Common,0,rejected_by_name_zero,,,,,,,
RTN,2016-01-04,2020-04-02,alpaca,Raytheon Company,Raytheon Company,Raytheon Company,0,rejected_by_name_zero,,,,,,,
RTPYU,2021-03-16,2021-11-03,alpaca,Reinvent Technology Partners Y Unit,Reinvent Technology Partners Y,Reinvent Technology Partners Y,1,resolved,1828108,"Aurora Innovation, Inc.",,2020-12-14,2026-08-21,,
RUHN,2019-04-03,2021-04-19,alpaca,Ruhnn Holding Limited American Depositary Shares,Ruhnn Holding Limited,Ruhnn Holding,1,resolved,1753268,Ruhnn Holding Ltd,,2018-10-19,2021-04-30,,
RUSL,2016-01-04,2022-03-03,alpaca,Direxion Daily Russia Bull 2X Shares,Direxion Daily Russia Bull 2X Shares,Direxion Daily Russia Bull 2X Shares,0,rejected_by_name_zero,,,,,,,
RUSS,2016-01-04,2020-03-27,alpaca,Direxion Daily Russia Bear 3x Shares,Direxion Daily Russia Bear 3x Shares,Direxion Daily Russia Bear 3x Shares,0,rejected_by_name_zero,,,,,,,
RVACU,2021-08-06,2022-08-26,alpaca,Riverview Acquisition Corp. Unit,Riverview Acquisition Corp,Riverview Acquisition Corp,1,resolved,1846136,Riverview Acquisition Corp.,,2021-03-03,2024-02-14,,
RVEN,2016-08-30,2019-11-01,ftd_description,"REVEN HOUSING REIT, INC. COMMO","REVEN HOUSING REIT, INC. COMMO","REVEN HOUSING REIT, INC. COMMO",0,rejected_by_name_zero,,,,,,,
RWCD,2019-01-16,2020-09-25,alpaca,Direxion MSCI Cyclicals Over Defensives ETF,Direxion MSCI Cyclicals Over Defensives ETF,Direxion MSCI Cyclicals Over Defensives ETF,0,rejected_by_name_zero,,,,,,,
RWDC,2019-01-16,2020-09-25,alpaca,Direxion MSCI Defensives Over Cyclicals ETF,Direxion MSCI Defensives Over Cyclicals ETF,Direxion MSCI Defensives Over Cyclicals ETF,0,rejected_by_name_zero,,,,,,,
RWDE,2019-01-16,2020-09-25,alpaca,Direxion MSCI Developed Over Emerging Markets ETF,Direxion MSCI Developed Over Emerging Markets ETF,Direxion MSCI Developed Over Emerging Markets ETF,0,rejected_by_name_zero,,,,,,,
RWED,2019-01-16,2020-09-25,alpaca,Direxion MSCI Emerging Over Developed Markets ETF,Direxion MSCI Emerging Over Developed Markets ETF,Direxion MSCI Emerging Over Developed Markets ETF,0,rejected_by_name_zero,,,,,,,
RWGV,2019-01-16,2022-09-23,alpaca,Direxion Russell 1000 Growth Over Value ETF,Direxion Russell 1000 Growth Over Value ETF,Direxion Russell 1000 Growth Over Value ETF,0,rejected_by_name_zero,,,,,,,
RWIU,2019-01-16,2020-08-25,alpaca,Direxion FTSE Russell International Over US ETF,Direxion FTSE Russell International Over US ETF,Direxion FTSE Russell International Over US ETF,0,rejected_by_name_zero,,,,,,,
RWLS,2019-01-16,2020-09-25,alpaca,Direxion Russell Large Over Small Cap ETF,Direxion Russell Large Over Small Cap ETF,Direxion Russell Large Over Small Cap ETF,0,rejected_by_name_zero,,,,,,,
RWSL,2019-01-16,2020-09-25,alpaca,Direxion Russell Small Over Large Cap ETF,Direxion Russell Small Over Large Cap ETF,Direxion Russell Small Over Large Cap ETF,0,rejected_by_name_zero,,,,,,,
RWUI,2019-01-16,2020-09-25,alpaca,Direxion FTSE Russell US Over International ETF,Direxion FTSE Russell US Over International ETF,Direxion FTSE Russell US Over International ETF,0,rejected_by_name_zero,,,,,,,
RWVG,2019-01-16,2022-09-23,alpaca,Direxion Russell 1000 Value Over Growth ETF,Direxion Russell 1000 Value Over Growth ETF,Direxion Russell 1000 Value Over Growth ETF,0,rejected_by_name_zero,,,,,,,
RWW,2016-01-04,2020-02-14,alpaca,Invesco S&P Financials Revenue ETF,Invesco S&P Financials Revenue ETF,Invesco S&P Financials Revenue ETF,0,rejected_by_name_zero,,,,,,,
RXII,2016-01-04,2018-11-16,,,,,,no_name,,,,,,,
RYZZ,2019-03-19,2020-05-21,alpaca,RYZZ Managed Futures Strategy Plus ETF,RYZZ Managed Futures Strategy Plus ETF,RYZZ Managed Futures Strategy Plus ETF,0,rejected_by_name_zero,,,,,,,
SAF,2018-08-29,2021-08-30,alpaca,Saratoga Investment Corp. 6.25% Notes due 2025,Saratoga Investment Corp,Saratoga Investment Corp,6,rejected_by_name_ambiguous,,,"[1377936, 1971440, 1544022, 1971968, 1971970, 1544021]",,,,
SAFM,2016-01-04,2022-07-21,alpaca,"Sanderson Farms, Inc. Common Stock","Sanderson Farms, Inc","Sanderson Farms, Inc",1,resolved,1698107,"Sanderson Farms, Inc. & Affiliates Employee Stock Ownership Plan & Trust",,2017-02-14,2021-02-12,,
SAGG,2016-01-04,2020-03-27,alpaca,Direxion Daily Total Bond Market Bear 1X Shares,Direxion Daily Total Bond Market Bear 1X Shares,Direxion Daily Total Bond Market Bear 1X Shares,0,rejected_by_name_zero,,,,,,,
SAIIU,2020-09-15,2021-08-12,alpaca,Software Acquisition Group Inc. II Unit,Software Acquisition Group Inc. II,Software Acquisition Group Inc. II,2,rejected_by_name_ambiguous,,,"[1816048, 1841800]",,,,
SAK,2020-06-30,2022-07-13,alpaca,Saratoga Investment Corp. 7.25% Notes due 2025,Saratoga Investment Corp,Saratoga Investment Corp,6,rejected_by_name_ambiguous,,,"[1377936, 1971440, 1544022, 1971968, 1971970, 1544021]",,,,
SAMA,2019-01-09,2023-10-11,alpaca,Schultze Special Purpose Acquisition Corp. II Class A Common Stock,Schultze Special Purpose Acquisition Corp. II,Schultze Special Purpose Acquisition Corp. II,1,resolved,1843100,Schultze Special Purpose Acquisition Corp. II,,2021-02-04,2024-02-14,,
SAMAU,2021-10-08,2023-10-11,alpaca,Schultze Special Purpose Acquisition Corp. II Units,Schultze Special Purpose Acquisition Corp. II,Schultze Special Purpose Acquisition Corp. II,1,resolved,1843100,Schultze Special Purpose Acquisition Corp. II,,2021-02-04,2024-02-14,,
SAQNU,2019-11-20,2020-10-14,alpaca,Software Acquisition Group Inc. Unit,Software Acquisition Group Inc,Software Acquisition Group Inc,3,rejected_by_name_ambiguous,,,"[1776909, 1816048, 1841800]",,,,
SAUC,2016-01-04,2020-02-25,alpaca,"Diversified Restaurant Holdings, Inc. Common stock","Diversified Restaurant Holdings, Inc","Diversified Restaurant Holdings, Inc",1,resolved,1394156,"Diversified Restaurant Holdings, Inc.",,2007-08-10,2020-03-06,,
SBBP,2016-01-04,2021-10-05,alpaca,Strongbridge Biopharma plc Ordinary Shares,Strongbridge Biopharma plc,Strongbridge Biopharma plc,1,resolved,1634432,Strongbridge Biopharma plc,,2015-02-25,2022-02-11,,
SBBX,2016-01-04,2020-07-31,alpaca,SB One Bancorp Common Stock,SB One Bancorp,SB One Bancorp,1,resolved,1028954,SB ONE BANCORP,,2013-08-07,2020-09-03,,
SBEAU,2021-02-26,2022-02-09,alpaca,SilverBox Engaged Merger Corp I Units,SilverBox Engaged Merger Corp I,SilverBox Engaged Merger Corp I,1,resolved,1836707,SBEA Merger Sub LLC,,2021-01-20,2023-02-14,,
SBLKZ,2017-11-13,2021-07-27,alpaca,Star Bulk Carriers Corp. 8.30% Senior Notes due 2022,Star Bulk Carriers Corp,Star Bulk Carriers Corp,1,resolved,1386716,Star Bulk Carriers Corp.,,2007-03-14,2026-09-11,,
SBM,2016-01-05,2022-05-02,alpaca,ProShares Short Basic Materials,ProShares Short Basic Materials,ProShares Short Basic Materials,0,rejected_by_name_zero,,,,,,,
SBNA,2016-01-04,2020-05-14,alpaca,SCORPIO TANKERS INC. 6.75%  SR NOTES,SCORPIO TANKERS INC,SCORPIO TANKERS INC,1,resolved,1483934,Scorpio Tankers Inc.,,2010-02-17,2026-09-04,,
SC,2016-01-04,2022-01-28,alpaca,SANTANDER CONSUMER USA HOLDINGS INC,SANTANDER CONSUMER USA HOLDINGS INC,SANTANDER CONSUMER USA HOLDINGS INC,1,resolved,1580608,Santander Consumer USA Holdings Inc.,,2013-07-03,2022-03-04,,
SCAC,2016-11-15,2019-03-29,ftd_description,SABAN CAP ACQUISITION CORP. CO,SABAN CAP ACQUISITION CORP. CO,SABAN CAP ACQUISITION CORP. CO,0,rejected_by_name_zero,,,,,,,
SCACU,2016-09-16,2019-03-21,,,,,,no_name,,,,,,,
SCG,2016-01-04,2018-12-31,ftd_description,SCANA CORPORATION (NEW),SCANA CORPORATION (NEW),SCANA CORPORATION (NEW),0,rejected_by_name_zero,,,,,,,
SCID,2016-01-15,2020-08-21,alpaca,Global X Scientific Beta Europe ETF,Global X Scientific Beta Europe ETF,Global X Scientific Beta Europe ETF,0,rejected_by_name_zero,,,,,,,
SCIJ,2016-01-04,2020-08-21,alpaca,Global X Scientific Beta Japan ETF,Global X Scientific Beta Japan ETF,Global X Scientific Beta Japan ETF,0,rejected_by_name_zero,,,,,,,
SCIN,2016-01-04,2019-06-14,,,,,,no_name,,,,,,,
SCIU,2016-01-04,2020-08-21,alpaca,Global X Scientific Beta US ETF,Global X Scientific Beta US ETF,Global X Scientific Beta US ETF,0,rejected_by_name_zero,,,,,,,
SCIX,2016-01-04,2020-08-21,alpaca,Global X Scientific Beta Asia ex-Japan ETF,Global X Scientific Beta Asia ex-Japan ETF,Global X Scientific Beta Asia ex-Japan ETF,0,rejected_by_name_zero,,,,,,,
SCOM,2019-01-16,2020-03-19,alpaca,ProShares UltraPro Short Communication Services Select Sector,ProShares UltraPro Short Communication Services Select Sector,ProShares UltraPro Short Communication Services Select Sector,0,rejected_by_name_zero,,,,,,,
SCR,2021-02-25,2021-10-18,alpaca,Score Media and Gaming Inc. Class A Subordinate Voting Shares,Score Media and Gaming Inc. Class A Subordinate Voting Shares,Score Media and Gaming Inc. Class A Subordinate Voting Shares,0,rejected_by_name_zero,,,,,,,
SCTO,2016-01-04,2019-07-05,,,,,,no_name,,,,,,,
SDAG,2018-12-18,2020-08-05,alpaca,IQ Short Duration Enhanced Core Bond U.S. ETF,IQ Short Duration Enhanced Core Bond U.S. ETF,IQ Short Duration Enhanced Core Bond U.S. ETF,0,rejected_by_name_zero,,,,,,,
SDI,2018-04-26,2020-07-15,alpaca,Standard Diversified Inc. Class A Common Stock,Standard Diversified Inc,Standard Diversified Inc,1,resolved,911649,STANDARD DIVERSIFIED INC.,,1996-05-13,2020-07-27,,
SDYL,2016-01-04,2020-11-20,alpaca,ETRACS Monthly Pay 2xLeveraged S&P Dividend ETN,ETRACS Monthly Pay 2xLeveraged S&P Dividend ETN,ETRACS Monthly Pay 2xLeveraged S&P Dividend ETN,0,rejected_by_name_zero,,,,,,,
SEND,2017-11-15,2019-01-31,ftd_description,SENDGRID INC COM (DE),SENDGRID INC COM (DE),SENDGRID INC COM (DE),0,rejected_by_name_zero,,,,,,,
SFHY,2016-04-27,2021-09-24,alpaca,WisdomTree U.S. Short Term High Yield Corporate Bond Fund,WisdomTree U.S. Short Term High Yield Corporate Bond Fund,WisdomTree U.S. Short Term High Yield Corporate Bond Fund,0,rejected_by_name_zero,,,,,,,
SFLY,2016-01-04,2019-09-24,ftd_description,"SHUTTERFLY, INC","SHUTTERFLY, INC",SHUTTERFLY,1,resolved,1125920,SHUTTERFLY INC,,2010-06-04,2019-10-07,,
SFS,2016-01-04,2019-06-19,ftd_description,SMART & FINAL STORES INC COM S,SMART & FINAL STORES INC COM S,SMART & FINAL STORES INC COM S,0,rejected_by_name_zero,,,,,,,
SGAMU,2020-11-30,2021-10-22,alpaca,Seaport Global Acquisition Corp. Unit,Seaport Global Acquisition Corp,Seaport Global Acquisition Corp,1,resolved,1820201,Redbox Entertainment Inc.,,2020-09-10,2022-08-22,,
SGB,2016-01-04,2020-04-02,alpaca,Southwest Georgia Financial Corporation,Southwest Georgia Financial Corporation,Southwest Georgia Financial,1,resolved,315849,SOUTHWEST GEORGIA FINANCIAL CORP,,2008-02-11,2020-04-13,,
SHLM,2016-01-04,2018-08-20,,,,,,no_name,,,,,,,
SHOS,2016-01-04,2019-10-23,ftd_description,SEARS HOMETOWN & OUTLET STORES,SEARS HOMETOWN & OUTLET STORES,SEARS HOMETOWN & OUTLET STORES,1,resolved,1548309,"Sears Hometown Stores, Inc.",,2012-04-30,2019-11-04,,
SHPG,2016-01-04,2019-01-04,ftd_description,SHIRE PLC AMERICAN DEPOSITARY,SHIRE PLC AMERICAN DEPOSITARY,SHIRE PLC AMERICAN DEPOSITARY,0,rejected_by_name_zero,,,,,,,
SHSP,2016-01-04,2021-09-01,alpaca,"SharpSpring, Inc. Common Stock","SharpSpring, Inc","SharpSpring, Inc",1,resolved,1506439,"SharpSpring, Inc.",,2010-12-02,2022-02-14,,
SINA,2016-01-04,2021-03-22,alpaca,SINA Corporation Ordinary Shares,SINA Corporation,SINA Corporation,0,rejected_by_name_zero,,,,,,,
SINV,2021-06-16,2022-07-15,alpaca,ETFMG Prime 2x Daily Inverse Junior Silver Miners ETF,ETFMG Prime 2x Daily Inverse Junior Silver Miners ETF,ETFMG Prime 2x Daily Inverse Junior Silver Miners ETF,0,rejected_by_name_zero,,,,,,,
SIR,2016-01-04,2018-12-31,ftd_description,SELECT INCOME REIT COM SH BEN,SELECT INCOME REIT COM SH BEN,SELECT INCOME REIT COM SH BEN,0,rejected_by_name_zero,,,,,,,
SIZ,2016-01-04,2019-12-10,alpaca,AGFiQ U.S. Market Neutral Size Fund,AGFiQ U.S. Market Neutral Size Fund,AGFiQ U.S. Market Neutral Size Fund,0,rejected_by_name_zero,,,,,,,
SJIU,2018-04-26,2021-04-14,alpaca,"South Jersey Industries, Inc.","South Jersey Industries, Inc","South Jersey Industries, Inc",0,rejected_by_name_zero,,,,,,,
SKIS,2016-01-04,2019-09-24,ftd_description,PEAK RESORTS INC COMMON STOCK,PEAK RESORTS INC,PEAK RESORTS INC,1,resolved,1517401,Peak Resorts Inc,,2011-04-18,2020-02-11,,
SKYS,2016-01-04,2020-10-08,alpaca,"Sky Solar Holdings, Ltd. American Depositary Shares","Sky Solar Holdings, Ltd","Sky Solar Holdings, Ltd",1,resolved,1594124,"Sky Solar Holdings, Ltd.",,2014-04-14,2020-10-19,,
SLCT,2016-01-04,2021-10-15,alpaca,"Select Bancorp, Inc. Common Stock","Select Bancorp, Inc","Select Bancorp, Inc",1,resolved,1263762,"SELECT BANCORP, INC.",,2003-09-25,2021-10-19,,
SLGCW,2021-09-02,2024-01-05,alpaca,"SomaLogic, Inc. Warrant","SomaLogic, Inc","SomaLogic, Inc",2,rejected_by_name_ambiguous,,,"[1126461, 1837412]",,,,
SLIM,2016-06-09,2020-03-12,alpaca,Janus Detroit Street Trust The Obesity ETF,Janus Detroit Street Trust The Obesity ETF,Janus Detroit Street Trust The Obesity ETF,0,rejected_by_name_zero,,,,,,,
SLT,2018-05-16,2022-02-24,alpaca,Pacer Salt High truBeta US Market ETF,Pacer Salt High truBeta US Market ETF,Pacer Salt High truBeta US Market ETF,0,rejected_by_name_zero,,,,,,,
SMED,2016-01-04,2022-08-22,alpaca,Sharps Compliance Corp. Common Stock,Sharps Compliance Corp,Sharps Compliance Corp,1,resolved,898770,SHARPS COMPLIANCE CORP,,1997-02-11,2023-01-31,,
SMEZ,2016-01-04,2021-03-17,alpaca,SPDR EURO STOXX Small Cap ETF,SPDR EURO STOXX Small Cap ETF,SPDR EURO STOXX Small Cap ETF,0,rejected_by_name_zero,,,,,,,
SMM,2016-01-04,2022-09-08,alpaca,Salient Midstream & MLP Fund,Salient Midstream & MLP Fund,Salient Midstream & MLP Fund,1,resolved,1534293,Salient Midstream & MLP Fund,,2011-11-10,2024-04-22,,
SMMCU,2019-06-20,2021-01-12,alpaca,South Mountain Merger Corp. Unit,South Mountain Merger Corp,South Mountain Merger Corp,1,resolved,1774155,BTRS Holdings Inc.,,2019-05-03,2023-02-10,,
SMTA,2018-06-01,2019-12-31,alpaca,Spirit MTA REIT Common Shares of Beneficial Interest,Spirit MTA REIT Common Shares of Beneficial Interest,Spirit MTA REIT Common Shares of Beneficial Interest,0,rejected_by_name_zero,,,,,,,
SMTX,2016-01-04,2021-04-01,alpaca,SMTC Corporation Common Stock,SMTC Corporation,SMTC Corporation,0,rejected_by_name_zero,,,,,,,
SNH,2016-01-04,2019-12-31,alpaca,Senior Housing Properties Trust Common Stock,Senior Housing Properties Trust,Senior Housing Properties Trust,1,resolved,1075415,DIVERSIFIED HEALTHCARE TRUST,,2005-12-05,2026-08-14,,
SNMX,2016-01-04,2018-11-01,,,,,,no_name,,,,,,,
SNR,2016-01-04,2021-09-20,alpaca,NEW SENIOR INVESTMENT GROUP INC.,NEW SENIOR INVESTMENT GROUP INC,NEW SENIOR INVESTMENT GROUP INC,1,resolved,1610114,New Senior Investment Group Inc.,,2014-06-16,2022-02-11,,
SOGO,2017-11-09,2021-09-23,alpaca,"Sogou Inc. American Depositary Shares, each representing one Class A Ordinary Share",Sogou Inc,Sogou Inc,2,rejected_by_name_ambiguous,,,"[1713947, 1720921]",,,,
SOIL,2016-01-04,2020-08-21,alpaca,Global X Fertilizers/Potash ETF,Global X Fertilizers/Potash ETF,Global X Fertilizers/Potash ETF,0,rejected_by_name_zero,,,,,,,
SOJA,2016-01-04,2020-10-19,alpaca,"The Southern Company  Series 2015A 6.25% Junior Subordinated Notes due October 15, 2075",The Southern Company  Series 2015A,The Southern Company  Series 2015A,0,rejected_by_name_zero,,,,,,,
SOJB,2016-09-20,2021-10-15,alpaca,"The Southern Company Series 2016A 5.25% Junior Subordinated Notes due October 1, 2076",The Southern Company Series 2016A,The Southern Company Series 2016A,0,rejected_by_name_zero,,,,,,,
SOLN,2019-08-21,2022-07-29,alpaca,The Southern Company,The Southern Company,The Southern Company,0,rejected_by_name_zero,,,,,,,
SOLY,2019-02-19,2021-12-15,alpaca,"Soliton, Inc. Common Stock","Soliton, Inc","Soliton, Inc",1,resolved,1548187,"Soliton, Inc.",,2012-04-25,2021-12-28,,
SORL,2016-01-04,2020-05-14,alpaca,"SORL Auto Parts, Inc. Common Stock","SORL Auto Parts, Inc","SORL Auto Parts, Inc",1,resolved,714284,"SORL Auto Parts, Inc.",,2002-07-03,2020-06-08,,
SPA,2016-01-04,2019-03-04,ftd_description,SPARTON CORP,SPARTON CORP,SPARTON CORP,1,resolved,92679,SPARTON CORP,,2003-08-13,2020-09-22,,
SPAK,2020-10-01,2022-08-29,alpaca,Defiance Next Gen SPAC Derived ETF,Defiance Next Gen SPAC Derived ETF,Defiance Next Gen SPAC Derived ETF,0,rejected_by_name_zero,,,,,,,
SPLX,2016-01-04,2018-06-22,,,,,,no_name,,,,,,,
SPQQ,2020-07-01,2022-03-08,alpaca,Siren ETF Trust Siren Large Cap Blend Index ETF,Siren ETF Trust Siren Large Cap Blend Index ETF,Siren ETF Trust Siren Large Cap Blend Index ETF,0,rejected_by_name_zero,,,,,,,
SPRT,2016-01-04,2021-09-14,alpaca,"Support.com, Inc. Common Stock","Support.com, Inc","Support.com, Inc",1,resolved,1104855,"Support.com, Inc.",,2004-08-23,2021-09-24,,
SPWRV,2020-08-18,2020-08-26,alpaca,SunPower Corporation Common Stock Ex-Distribution When Issued,SunPower Corporation,SunPower Corporation,0,rejected_by_name_zero,,,,,,,
SPXZ,2021-01-26,2022-08-17,alpaca,Morgan Creek - Exos SPAC Originated ETF,Morgan Creek - Exos SPAC Originated ETF,Morgan Creek - Exos SPAC Originated ETF,0,rejected_by_name_zero,,,,,,,
SPYB,2016-01-04,2025-02-21,alpaca,Investment Managers Series Trust II Tradr 2X Long SPY Weekly ETF,Investment Managers Series Trust II Tradr 2X Long SPY Weekly ETF,Investment Managers Series Trust II Tradr 2X Long SPY Weekly ETF,0,rejected_by_name_zero,,,,,,,
SRACU,2019-11-08,2021-08-12,alpaca,Stable Road Acquisition Corp. Unit,Stable Road Acquisition Corp,Stable Road Acquisition Corp,1,resolved,1781162,Momentus Inc.,,2019-08-09,2026-08-25,,
SRCI,2017-03-06,2020-01-14,alpaca,SRC Energy Inc,SRC Energy Inc,SRC Energy Inc,1,resolved,1413507,SRC Energy Inc.,,2007-10-09,2020-02-14,,
SREV,2016-01-04,2022-07-20,alpaca,"ServiceSource International, Inc. Common Stock","ServiceSource International, Inc","ServiceSource International, Inc",1,resolved,1310114,"CONCENTRIX SREV, INC.",,2004-11-26,2023-02-08,,
SRF,2016-01-04,2020-05-29,alpaca,THE CUSHING ROYALTY & INCOME FUND,THE CUSHING ROYALTY & INCOME FUND,THE CUSHING ROYALTY & INCOME FUND,0,rejected_by_name_zero,,,,,,,
SRNGU,2021-02-24,2021-09-16,alpaca,Soaring Eagle Acquisition Corp. Unit,Soaring Eagle Acquisition Corp,Soaring Eagle Acquisition Corp,1,rejected_by_date_overlap,1830214,"Ginkgo Bioworks Holdings, Inc.",,2023-06-01,2026-08-25,,
SRRA,2017-01-10,2022-06-30,alpaca,"Sierra Oncology, Inc. Common Stock","Sierra Oncology, Inc","Sierra Oncology, Inc",1,resolved,1290149,"Sierra Oncology, Inc.",,2004-05-12,2023-02-14,,
SSFN,2016-01-04,2019-10-31,ftd_description,STEWARDSHIP FINL CORP,STEWARDSHIP FINL CORP,STEWARDSHIP FINL CORP,0,rejected_by_name_zero,,,,,,,
SSPKU,2019-08-08,2021-06-11,alpaca,Silver Spike Acquisition Corp. Units,Silver Spike Acquisition Corp,Silver Spike Acquisition Corp,2,rejected_by_name_ambiguous,,,"[1826435, 1779474]",,,,
STAY,2016-01-04,2021-06-15,alpaca,"Extended Stay America, Inc. Paired Shares","Extended Stay America, Inc. Paired Shares","Extended Stay America, Inc. Paired Shares",0,rejected_by_name_zero,,,,,,,
STBL,2021-07-27,2022-08-29,alpaca,DriveWealth Steady Saver ETF,DriveWealth Steady Saver ETF,DriveWealth Steady Saver ETF,0,rejected_by_name_zero,,,,,,,
STBZ,2016-01-04,2018-12-31,,,,,,no_name,,,,,,,
STDY,2016-01-04,2018-08-29,,,,,,no_name,,,,,,,
STFC,2016-01-04,2022-02-28,alpaca,State Auto Financial Corporation Common Stock,State Auto Financial Corporation,State Auto Financial Corporation,0,rejected_by_name_zero,,,,,,,
STL,2016-01-04,2022-01-31,alpaca,Sterling Bancorp,Sterling Bancorp,Sterling Bancorp,4,rejected_by_name_ambiguous,,,"[93451, 1070154, 1166585, 1680379]",,,,
STLC,2020-04-27,2021-08-23,alpaca,iShares Factors US Blend Style ETF,iShares Factors US Blend Style ETF,iShares Factors US Blend Style ETF,0,rejected_by_name_zero,,,,,,,
STMB,2020-04-23,2021-08-23,alpaca,iShares Factors US Mid Blend Style ETF,iShares Factors US Mid Blend Style ETF,iShares Factors US Mid Blend Style ETF,0,rejected_by_name_zero,,,,,,,
STML,2016-01-04,2020-06-09,alpaca,"Stemline Therapeutics, Inc. Common Stock","Stemline Therapeutics, Inc",Stemline Therapeutics,1,resolved,1264587,STEMLINE THERAPEUTICS INC,,2003-09-24,2021-02-12,,
STMP,2016-01-04,2021-10-04,alpaca,Stamps.com Inc.  Common Stock ($0.001 Par Value),Stamps.com Inc,Stamps.com Inc,1,resolved,1082923,STAMPS.COM INC,,2009-08-04,2021-10-18,,
STND,2018-05-25,2021-05-28,alpaca,Standard AVB Financial Corp. Common Stock,Standard AVB Financial Corp,Standard AVB Financial Corp,1,resolved,1492915,Standard AVB Financial Corp.,,2010-06-17,2021-06-16,,
STNL,2018-01-11,2019-11-07,ftd_description,SENTINEL ENERGY SVCS INC DEL C,SENTINEL ENERGY SVCS INC DEL C,SENTINEL ENERGY SVCS INC DEL C,0,rejected_by_name_zero,,,,,,,
STNLU,2017-11-03,2019-11-06,ftd_description,SENTINEL ENERGY SVCS INC DEL U,SENTINEL ENERGY SVCS INC DEL U,SENTINEL ENERGY SVCS INC DEL U,0,rejected_by_name_zero,,,,,,,
STPP,2016-01-04,2020-07-16,alpaca,iPath US Treasury Steepener ETN,iPath US Treasury Steepener ETN,iPath US Treasury Steepener ETN,0,rejected_by_name_zero,,,,,,,
STSB,2020-04-28,2025-04-04,alpaca,EA Series Trust Stance Sustainable Beta ETF,EA Series Trust Stance Sustainable Beta ETF,EA Series Trust Stance Sustainable Beta ETF,0,rejected_by_name_zero,,,,,,,
STWOU,2020-09-17,2021-10-08,alpaca,ACON S2 Acquisition Corp. Unit,ACON S2 Acquisition Corp,ACON S2 Acquisition Corp,1,resolved,1819438,"ESS Tech, Inc.",,2020-07-31,2026-09-08,,
STXB,2018-05-04,2022-04-08,alpaca,"Spirit of Texas Bancshares, Inc. Common Stock","Spirit of Texas Bancshares, Inc","Spirit of Texas Bancshares, Inc",1,resolved,1499453,"Spirit of Texas Bancshares, Inc.",,2010-08-20,2022-04-18,,
SUBZ,2021-02-10,2022-04-06,alpaca,Roundhill Streaming Services & Technology ETF,Roundhill Streaming Services & Technology ETF,Roundhill Streaming Services & Technology ETF,0,rejected_by_name_zero,,,,,,,
SUMR,2016-01-04,2022-06-21,alpaca,"Summer Infant, Inc. Common Stock","Summer Infant, Inc","Summer Infant, Inc",1,resolved,1314772,"Summer Infant, Inc.",,2005-02-25,2022-07-05,,
SUNY,2021-09-09,2022-02-08,alpaca,LifeGoal Vacation Investment ETF,LifeGoal Vacation Investment ETF,LifeGoal Vacation Investment ETF,0,rejected_by_name_zero,,,,,,,
SVA,2016-01-04,2025-03-21,alpaca,"Sinovac Biotech, Ltd. Ordinary Shares","Sinovac Biotech, Ltd",Sinovac Biotech,1,resolved,1084201,SINOVAC BIOTECH LTD,,2000-01-20,2026-08-17,,
SVACU,2020-09-10,2026-07-10,alpaca,Spring Valley Acquisition Corp. III Unit,Spring Valley Acquisition Corp. III,Spring Valley Acquisition Corp. III,1,resolved,2074850,General Fusion Group Ltd.,,2025-07-03,2026-09-09,,
SVBI,2016-01-04,2021-10-29,alpaca,Severn Bancorp Inc,Severn Bancorp Inc,Severn Bancorp Inc,1,resolved,868271,SEVERN BANCORP INC,,2002-04-15,2022-02-11,,
SVOKU,2020-12-18,2021-12-08,alpaca,Seven Oaks Acquisition Corp. Unit,Seven Oaks Acquisition Corp,Seven Oaks Acquisition Corp,2,rejected_by_name_ambiguous,,,"[1828672, 1880943]",,,,
SVSVU,2020-11-24,2022-05-02,alpaca,Spring Valley Acquisition Corp. Unit,Spring Valley Acquisition Corp,Spring Valley Acquisition Corp,6,rejected_by_name_ambiguous,,,"[1610794, 1822966, 1843477, 2074850, 2098242, 2138170]",,,,
SVU,2016-01-04,2018-10-19,,,,,,no_name,,,,,,,
SWAGU,2021-07-29,2022-08-25,alpaca,Software Acquisition Group Inc. III Unit,Software Acquisition Group Inc. III,Software Acquisition Group Inc. III,1,resolved,1841800,"Nogin, Inc.",,2021-02-18,2024-11-14,,
SWBIV,2020-08-20,2020-08-24,alpaca,"Smith & Wesson Brands, Inc. Common Stock Ex-Distribution When Issued","Smith & Wesson Brands, Inc","Smith & Wesson Brands, Inc",1,resolved,1092796,"SMITH & WESSON BRANDS, INC.",,2012-04-26,2026-09-03,,
SWIN,2017-01-10,2025-10-09,alpaca,Solowin Holdings Class A Ordinary Share,Solowin Holdings Class A Ordinary Share,Solowin Holdings Class A Ordinary Share,0,rejected_by_name_zero,,,,,,,
SXCP,2016-01-04,2019-06-27,ftd_description,SUNCOKE ENG PARTNERS LP COM UI,SUNCOKE ENG PARTNERS LP COM UI,SUNCOKE ENG PARTNERS LP COM UI,0,rejected_by_name_zero,,,,,,,
SYE,2016-01-04,2021-03-17,alpaca,SPDR MFS Systematic Core Equity ETF of  SSgA Active  Trust,SPDR MFS Systematic Core Equity ETF of  SSgA Active  Trust,SPDR MFS Systematic Core Equity ETF of  SSgA Active  Trust,0,rejected_by_name_zero,,,,,,,
SYG,2016-01-04,2021-03-17,alpaca,SPDR MFS Systematic Growth Equity ETF of SSgA Active Trust,SPDR MFS Systematic Growth Equity ETF of SSgA Active Trust,SPDR MFS Systematic Growth Equity ETF of SSgA Active Trust,0,rejected_by_name_zero,,,,,,,
SYKE,2016-01-04,2021-08-26,alpaca,"Sykes Enterprises, Incorporated Common Stock","Sykes Enterprises, Incorporated",Sykes Enterprises,1,resolved,1010612,SYKES ENTERPRISES INC,,2013-08-15,2021-09-08,,
SYNC,2016-01-04,2021-03-31,alpaca,"Synacor, Inc. Common Stock","Synacor, Inc","Synacor, Inc",1,resolved,1408278,"Synacor, Inc.",,2007-08-02,2021-04-12,,
SYNT,2016-01-04,2018-10-09,,,,,,no_name,,,,,,,
SYV,2016-01-05,2021-03-17,alpaca,SPDR MFS Systematic Value Equity ETF of SSgA Active Trust,SPDR MFS Systematic Value Equity ETF of SSgA Active Trust,SPDR MFS Systematic Value Equity ETF of SSgA Active Trust,0,rejected_by_name_zero,,,,,,,
TACA,2021-01-22,2022-06-09,alpaca,Trepont Acquisition Corp I,Trepont Acquisition Corp I,Trepont Acquisition Corp I,1,resolved,1826991,Trepont Acquisition Corp I,,2020-10-05,2022-06-21,,
TACE,2020-10-21,2021-09-22,alpaca,Trend Aggregation Conservative ETF,Trend Aggregation Conservative ETF,Trend Aggregation Conservative ETF,0,rejected_by_name_zero,,,,,,,
TADS,2020-05-08,2022-01-07,alpaca,The Active Dividend Stock ETF,The Active Dividend Stock ETF,The Active Dividend Stock ETF,0,rejected_by_name_zero,,,,,,,
TAEQ,2020-05-08,2021-09-22,alpaca,Trend Aggregation U.S. ETF,Trend Aggregation U.S. ETF,Trend Aggregation U.S. ETF,0,rejected_by_name_zero,,,,,,,
TAHO,2016-01-04,2019-02-21,ftd_description,TAHOE RESOURCES INC ORD SHS (C,TAHOE RESOURCES INC ORD SHS (C,TAHOE RESOURCES INC ORD SHS (C,0,rejected_by_name_zero,,,,,,,
TAO,2016-01-04,2020-02-14,alpaca,Invesco China Real Estate ETF,Invesco China Real Estate ETF,Invesco China Real Estate ETF,0,rejected_by_name_zero,,,,,,,
TAT,2016-01-04,2020-12-17,alpaca,TransAtlantic Petroleum LTD.,TransAtlantic Petroleum LTD,TransAtlantic Petroleum LTD,1,resolved,1092289,TRANSATLANTIC PETROLEUM LTD.,,2009-04-02,2020-12-28,,
TAWK,2019-01-14,2020-10-16,alpaca,Direxion Daily Communication Services Index Bull 3X Shares,Direxion Daily Communication Services Index Bull 3X Shares,Direxion Daily Communication Services Index Bull 3X Shares,0,rejected_by_name_zero,,,,,,,
TBCPU,2021-02-05,2023-12-11,alpaca,Thunder Bridge Capital Partners III Inc. Units,Thunder Bridge Capital Partners III Inc,Thunder Bridge Capital Partners III Inc,1,resolved,1815753,Thunder Bridge Capital Partners III Inc.,,2020-09-04,2023-12-22,,
TBLTU,2018-11-09,2019-11-21,alpaca,"ToughBuilt Industries, Inc. Class A Units","ToughBuilt Industries, Inc. Class A","ToughBuilt Industries, Inc. Class A",0,rejected_by_name_zero,,,,,,,
TBND,2019-06-18,2020-11-12,alpaca,Collaborative Investment Series Trust Tactical Income ETF,Collaborative Investment Series Trust Tactical Income ETF,Collaborative Investment Series Trust Tactical Income ETF,0,rejected_by_name_zero,,,,,,,
TBRGU,2018-06-19,2019-07-11,ftd_description,THUNDER BRDG ACQUISITION LTD U,THUNDER BRDG ACQUISITION LTD U,THUNDER BRDG ACQUISITION LTD U,0,rejected_by_name_zero,,,,,,,
TCAC,2021-04-06,2022-06-14,alpaca,Tuatara Capital Acquisition Corporation Class A Ordinary Shares,Tuatara Capital Acquisition Corporation,Tuatara Capital Acquisition,1,resolved,1801602,"SpringBig Holdings, Inc.",,2020-02-14,2026-08-19,,
TCACU,2021-02-12,2022-06-14,alpaca,Tuatara Capital Acquisition Corporation Unit,Tuatara Capital Acquisition Corporation,Tuatara Capital Acquisition,1,resolved,1801602,"SpringBig Holdings, Inc.",,2020-02-14,2026-08-19,,
TCBIL,2016-01-04,2021-06-21,alpaca,"Texas Capital Bancshares, Inc. 6.50% Subordinated Notes due 2042","Texas Capital Bancshares, Inc",Texas Capital Bancshares,1,resolved,1077428,TEXAS CAPITAL BANCSHARES INC/TX,,2012-07-27,2026-08-20,,
TCBIP,2016-01-04,2021-06-14,alpaca,"Texas Capital Bancshares, Inc. Non Cumulative Preferred Perpetual Stock Series A","Texas Capital Bancshares, Inc. Non Cumulative Preferred Perpetual Stock Series A","Texas Capital Bancshares, Inc. Non Cumulative Preferred Perpetual Stock Series A",0,rejected_by_name_zero,,,,,,,
TCF,2017-05-08,2021-06-08,alpaca,TCF Financial Corporation Common Stock,TCF Financial Corporation,TCF Financial Corporation,0,rejected_by_name_zero,,,,,,,
TCHF,2016-06-21,2018-08-15,,,,,,no_name,,,,,,,
TCLD,2019-02-01,2019-12-26,alpaca,Tortoise Cloud Infrastructure Fund,Tortoise Cloud Infrastructure Fund,Tortoise Cloud Infrastructure Fund,0,rejected_by_name_zero,,,,,,,
TCO,2016-01-04,2020-12-28,alpaca,Taubman Centers Inc.,Taubman Centers Inc,Taubman Centers Inc,1,resolved,890319,TAUBMAN CENTERS INC,,2010-10-18,2021-02-16,,
TCP,2016-01-04,2021-03-02,alpaca,TC Pipelines LP,TC Pipelines LP,TC Pipelines LP,1,resolved,1075607,TC PIPELINES LP,,1998-12-30,2021-04-12,,
TCTL,2016-10-28,2022-09-06,alpaca,Premise Capital Diversified Tactical ETF,Premise Capital Diversified Tactical ETF,Premise Capital Diversified Tactical ETF,0,rejected_by_name_zero,,,,,,,
TDA,2016-01-04,2021-10-13,alpaca,"TELEPHONE AND DATA SYSTEMS, INC. 5.875% Senior Notes due 2061","TELEPHONE AND DATA SYSTEMS, INC","TELEPHONE AND DATA SYSTEMS, INC",0,rejected_by_name_zero,,,,,,,
TDE,2016-01-04,2021-05-11,alpaca,"TELEPHONE AND DATA SYSTEMS, INC. 6.875% SER NTS DUE 2059","TELEPHONE AND DATA SYSTEMS, INC","TELEPHONE AND DATA SYSTEMS, INC",0,rejected_by_name_zero,,,,,,,
TDJ,2016-01-04,2021-05-11,alpaca,"TELEPHONE AND DATA SYSTEMS, INC. 7% Senior Notes due 2060,","TELEPHONE AND DATA SYSTEMS, INC","TELEPHONE AND DATA SYSTEMS, INC",0,rejected_by_name_zero,,,,,,,
TECD,2016-01-04,2020-06-29,alpaca,Tech Data Corporation Common Stock,Tech Data Corporation,Tech Data Corporation,0,rejected_by_name_zero,,,,,,,
TEGS,2020-05-08,2022-01-07,alpaca,Trend Aggregation ESG ETF,Trend Aggregation ESG ETF,Trend Aggregation ESG ETF,0,rejected_by_name_zero,,,,,,,
TENG,2021-06-10,2022-09-23,alpaca,Direxion Daily 5G Communications Bull 2X Shares,Direxion Daily 5G Communications Bull 2X Shares,Direxion Daily 5G Communications Bull 2X Shares,0,rejected_by_name_zero,,,,,,,
TERM,2017-04-11,2021-10-15,alpaca,EquityCompass Tactical Risk Manager ETF,EquityCompass Tactical Risk Manager ETF,EquityCompass Tactical Risk Manager ETF,0,rejected_by_name_zero,,,,,,,
TERP,2016-01-04,2020-07-30,alpaca,"TerraForm Power, Inc. Class A Common Stock NEW","TerraForm Power, Inc","TerraForm Power, Inc",1,resolved,1599947,"TerraForm Power NY Holdings, Inc.",,2014-02-14,2020-08-11,,
TETF,2017-04-20,2019-06-18,ftd_description,EXCHANGE TRADED CONCEPTS TR ET,EXCHANGE TRADED CONCEPTS TR ET,EXCHANGE TRADED CONCEPTS TR ET,0,rejected_by_name_zero,,,,,,,
TFCF,2019-03-19,2019-03-19,,,,,,no_name,,,,,,,
TFCFA,2019-03-19,2019-03-19,,,,,,no_name,,,,,,,
TFIV,2018-07-31,2021-10-15,alpaca,Global X TargetIncome 5 ETF,Global X TargetIncome 5 ETF,Global X TargetIncome 5 ETF,0,rejected_by_name_zero,,,,,,,
TFLT,2018-07-31,2021-10-15,alpaca,Global X TargetIncome Plus 2 ETF,Global X TargetIncome Plus 2 ETF,Global X TargetIncome Plus 2 ETF,0,rejected_by_name_zero,,,,,,,
TGP,2016-01-04,2022-01-12,alpaca,Teekay LNG Partners L.P.,Teekay LNG Partners L.P,Teekay LNG Partners L.P,1,resolved,1308106,Seapeak LLC,,2004-11-24,2026-08-26,,
THBRU,2019-08-09,2021-06-10,alpaca,"Thunder Bridge Acquisition II, Ltd. Units","Thunder Bridge Acquisition II, Ltd","Thunder Bridge Acquisition II, Ltd",1,resolved,1769318,"Thunder Bridge Acquisition II, LTD",,2019-03-01,2021-06-14,,
THCBU,2019-03-05,2021-07-23,alpaca,Tuscan Holdings Corp. Unit,Tuscan Holdings Corp,Tuscan Holdings Corp,2,rejected_by_name_ambiguous,,,"[1760689, 1773087]",,,,
THGA,2016-01-04,2020-09-18,alpaca,"THE HANOVER INSURANCE GROUP, INC. 6.35% Subordinated Debentures due 2053","THE HANOVER INSURANCE GROUP, INC","THE HANOVER INSURANCE GROUP, INC",0,rejected_by_name_zero,,,,,,,
THMAU,2021-02-02,2021-11-30,alpaca,Thimble Point Acquisition Corp. Unit,Thimble Point Acquisition Corp,Thimble Point Acquisition Corp,2,rejected_by_name_ambiguous,,,"[1835567, 1846735]",,,,
TIBRU,2018-03-16,2020-02-27,alpaca,Tiberius Acquisition Corporation Units,Tiberius Acquisition Corporation,Tiberius Acquisition,1,resolved,1662253,Tiberius Acquisition Corp,,2016-01-26,2021-02-12,,
TIF,2016-01-04,2021-01-06,alpaca,Tiffany & Co.,Tiffany & Co,Tiffany & Co,2,rejected_by_name_ambiguous,,,"[98246, 1311537]",,,,
TIG,2016-12-15,2023-04-20,alpaca,"Trean Insurance Group, Inc. Common Stock","Trean Insurance Group, Inc","Trean Insurance Group, Inc",1,resolved,1801754,"Trean Insurance Group, Inc.",,2020-02-11,2023-05-01,,
TIGOR,2022-05-27,2022-06-08,alpaca,Millicom International Cellular S.A. Rights,Millicom International Cellular S.A,Millicom International Cellular S.A,1,rejected_by_date_overlap,1585575,Millicom International Cellular S.A./ADR,,2013-08-30,2017-09-29,,
TISA,2016-01-04,2019-05-03,ftd_description,TOP IMAGE SYS LTD,TOP IMAGE SYS LTD,TOP IMAGE SYS,1,resolved,1021991,TOP IMAGE SYSTEMS LTD,,2002-05-02,2019-05-16,,
TIVO,2016-01-04,2020-05-29,alpaca,TiVo Corporation Common Stock,TiVo Corporation,TiVo Corporation,0,rejected_by_name_zero,,,,,,,
TKKS,2018-09-12,2020-02-18,alpaca,TKK Symphony Acquisition Corporation Ordinary Share,TKK Symphony Acquisition Corporation Ordinary Share,TKK Symphony Acquisition Corporation Ordinary Share,0,rejected_by_name_zero,,,,,,,
TKKSU,2018-08-16,2020-02-18,alpaca,TKK Symphony Acquisition Corporation Unit,TKK Symphony Acquisition Corporation,TKK Symphony Acquisition,1,resolved,1738758,"Cheer Holding, Inc.",,2018-04-30,2026-08-13,,
TLC,2018-11-21,2021-09-28,alpaca,"Taiwan Liposome Company, Ltd. American Depository Shares","Taiwan Liposome Company, Ltd. American Depository Shares","Taiwan Liposome Company, Ltd. American Depository Shares",0,rejected_by_name_zero,,,,,,,
TLDH,2016-01-04,2021-01-15,alpaca,FlexShares Currency Hedged Morningstar DM ex US Factor Tilt Index Fund,FlexShares Currency Hedged Morningstar DM ex US Factor Tilt Index Fund,FlexShares Currency Hedged Morningstar DM ex US Factor Tilt Index Fund,0,rejected_by_name_zero,,,,,,,
TLEH,2016-01-04,2021-01-07,alpaca,FlexShares Currency Hedged Morningstar EM Factor Tilt Index Fund,FlexShares Currency Hedged Morningstar EM Factor Tilt Index Fund,FlexShares Currency Hedged Morningstar EM Factor Tilt Index Fund,0,rejected_by_name_zero,,,,,,,
TLI,2016-01-04,2020-11-20,alpaca,Western Asset Corporate Loan Fund Inc.,Western Asset Corporate Loan Fund Inc,Western Asset Corporate Loan Fund Inc,1,resolved,1068963,WESTERN ASSET CORPORATE LOAN FUND INC.,,1998-08-27,2022-02-23,,
TLMD,2020-11-02,2022-04-05,alpaca,"SOC Telemed, Inc. Class A Common Stock","SOC Telemed, Inc","SOC Telemed, Inc",1,resolved,1791091,"SOC Telemed, Inc.",,2019-10-18,2022-04-18,,
TLND,2016-07-29,2021-07-29,alpaca,Talend S.A. American Depositary Shares,Talend S.A,Talend S.A,1,resolved,1668105,Talend S.A.,,2016-03-16,2022-02-14,,
TLP,2016-01-04,2019-02-26,ftd_description,TRANSMONTAIGNE PARTNERS L.P.,TRANSMONTAIGNE PARTNERS L.P,TRANSMONTAIGNE PARTNERS L.P,1,resolved,1319229,TransMontaigne Partners LLC,,2005-03-09,2026-05-15,,
TLRA,2017-09-27,2020-03-31,alpaca,"Telaria, Inc.","Telaria, Inc","Telaria, Inc",1,resolved,1375796,"Telaria, Inc.",,2006-09-15,2020-04-15,,
TMCX,2018-05-31,2019-11-14,alpaca,Trinity Merger Corp. Class A Common Stock,Trinity Merger Corp,Trinity Merger Corp,1,resolved,1731536,Trinity Merger Corp.,,2018-02-16,2021-02-16,,
TMUSR,2020-06-24,2020-07-27,alpaca,"T-Mobile US, Inc. Subscription Rights Expiring 7/27/2020","T-Mobile US, Inc. Subscription Rights Expiring 7/27/2020","T-Mobile US, Inc. Subscription Rights Expiring 7/27/2020",0,rejected_by_name_zero,,,,,,,
TNAV,2016-01-04,2021-02-16,alpaca,"Telenav, Inc. Common Stock","Telenav, Inc","Telenav, Inc",1,resolved,1474439,"Telenav, Inc.",,2010-05-12,2021-03-01,,
TOO,2016-01-04,2020-01-22,alpaca,Teekay Offshore Partners L.P.,Teekay Offshore Partners L.P,Teekay Offshore Partners L.P,1,resolved,1382298,Altera Infrastructure L.P.,,2006-12-04,2023-01-09,,
TOTAR,2018-08-27,2020-12-30,alpaca,Tottenham Acquisition I Limited Right expiring 3/6/2021,Tottenham Acquisition I Limited Right expiring 3/6/2021,Tottenham Acquisition I Limited Right expiring 3/6/2021,0,rejected_by_name_zero,,,,,,,
TOTAU,2018-08-02,2020-12-29,alpaca,Tottenham Acquisition I Limited Unit,Tottenham Acquisition I Limited,Tottenham Acquisition I,1,resolved,1731176,Tottenham Acquisition I Ltd,,2018-03-29,2022-02-11,,
TOWR,2016-01-04,2019-09-27,ftd_description,TOWER INTL INC COM STK (DE),TOWER INTL INC COM STK (DE),TOWER INTL INC COM STK (DE),0,rejected_by_name_zero,,,,,,,
TPCO,2018-10-10,2021-05-24,alpaca,Tribune Publishing Company Common Stock,Tribune Publishing Company,Tribune Publishing Company,0,rejected_by_name_zero,,,,,,,
TPIV,2016-11-08,2018-10-17,,,,,,no_name,,,,,,,
TPTX,2019-04-17,2022-08-16,alpaca,"Turning Point Therapeutics, Inc. Common Stock","Turning Point Therapeutics, Inc","Turning Point Therapeutics, Inc",1,resolved,1595893,"Turning Point Therapeutics, Inc.",,2014-01-06,2022-08-29,,
TPVY,2017-07-19,2021-04-01,alpaca,TriplePoint Venture Growth BDC Corp. 5.75% Notes due 2022,TriplePoint Venture Growth BDC Corp,TriplePoint Venture Growth BDC Corp,1,resolved,1580345,TriplePoint Venture Growth BDC Corp.,,2013-07-10,2026-08-05,,
TRCB,2016-01-04,2019-12-31,alpaca,Two River Bancorp Common Stock,Two River Bancorp,Two River Bancorp,1,resolved,1343034,TWO RIVER BANCORP,,2005-11-10,2020-01-17,,
TRCO,2016-01-04,2019-09-18,ftd_description,TRIBUNE MEDIA COMPANY CLASS A,TRIBUNE MEDIA COMPANY CLASS A,TRIBUNE MEDIA COMPANY CLASS A,0,rejected_by_name_zero,,,,,,,
TRDF,2022-01-07,2022-06-22,alpaca,The NextGen Trend and Defend ETF,The NextGen Trend and Defend ETF,The NextGen Trend and Defend ETF,0,rejected_by_name_zero,,,,,,,
TREC,2016-01-04,2022-06-24,alpaca,Trecora Resources,Trecora Resources,Trecora Resources,1,resolved,7039,TRECORA RESOURCES,,2004-07-23,2022-07-07,,
TRIL,2016-01-04,2026-01-26,alpaca,Tidal Trust II Defiance Trillion Dollar Club Index ETF,Tidal Trust II Defiance Trillion Dollar Club Index ETF,Tidal Trust II Defiance Trillion Dollar Club Index ETF,0,rejected_by_name_zero,,,,,,,
TRK,2016-01-04,2019-09-17,ftd_description,"SPEEDWAY MOTORSPORTS, INC.","SPEEDWAY MOTORSPORTS, INC",SPEEDWAY MOTORSPORTS,1,resolved,934648,SPEEDWAY MOTORSPORTS LLC,,1996-08-12,2021-12-22,,
TRMT,2017-09-14,2021-09-30,alpaca,Tremont Mortgage Trust Common Shares of Beneficial Interest,Tremont Mortgage Trust Common Shares of Beneficial Interest,Tremont Mortgage Trust Common Shares of Beneficial Interest,0,rejected_by_name_zero,,,,,,,
TRYP,2021-05-13,2022-07-22,alpaca,"SonicShares Airlines, Hotels, Cruise Lines ETF","SonicShares Airlines, Hotels, Cruise Lines ETF","SonicShares Airlines, Hotels, Cruise Lines ETF",0,rejected_by_name_zero,,,,,,,
TSC,2016-01-04,2022-05-31,alpaca,"TriState Capital Holdings, Inc. Common Stock","TriState Capital Holdings, Inc","TriState Capital Holdings, Inc",1,resolved,1380846,"TriState Capital Holdings, Inc.",,2008-11-03,2023-02-10,,
TSG,2017-08-01,2020-05-04,alpaca,The Stars Group Inc. Common Stock,The Stars Group Inc,The Stars Group Inc,0,rejected_by_name_zero,,,,,,,
TSIAU,2020-11-10,2021-06-04,alpaca,TS Innovation Acquisitions Corp. Unit,TS Innovation Acquisitions Corp,TS Innovation Acquisitions Corp,1,resolved,1826000,"Latch, Inc.",,2020-09-25,2026-09-10,,
TSRO,2016-01-04,2019-01-18,ftd_description,TESARO INC COM STK (DE),TESARO INC COM STK (DE),TESARO INC COM STK (DE),0,rejected_by_name_zero,,,,,,,
TSS,2016-01-04,2019-09-17,ftd_description,TOTAL SYSTEM SERVICES INC,TOTAL SYSTEM SERVICES INC,TOTAL SYSTEM SERVICES INC,1,resolved,721683,TOTAL SYSTEM SERVICES INC,,2010-02-02,2019-09-30,,
TST,2016-01-04,2019-08-07,ftd_description,THESTREET INC COM STK NEW (DE),THESTREET INC COM STK NEW (DE),THESTREET INC COM STK NEW (DE),0,rejected_by_name_zero,,,,,,,
TSU,2016-01-04,2020-10-12,alpaca,TIM Participacoes S.A.,TIM Participacoes S.A,TIM Participacoes S.A,0,rejected_by_name_zero,,,,,,,
TTPH,2016-01-04,2020-07-28,alpaca,"Tetraphase Pharmaceuticals, Inc. Common Stock","Tetraphase Pharmaceuticals, Inc",Tetraphase Pharmaceuticals,1,resolved,1373707,TETRAPHASE PHARMACEUTICALS INC,,2006-08-21,2023-02-01,,
TTTN,2018-11-07,2020-11-18,alpaca,TigerShares Trust UP Fintech China-U.S. Internet Titans ETF,TigerShares Trust UP Fintech China-U.S. Internet Titans ETF,TigerShares Trust UP Fintech China-U.S. Internet Titans ETF,0,rejected_by_name_zero,,,,,,,
TUFN,2019-04-11,2022-08-24,alpaca,Tufin Software Technologies Ltd.,Tufin Software Technologies Ltd,Tufin Software Technologies Ltd,1,resolved,1757399,Tufin Software Technologies Ltd.,,2018-11-20,2022-09-06,,
TUGCU,2021-04-29,2022-04-28,alpaca,TradeUP Global Corporation Unit,TradeUP Global Corporation,TradeUP Global Corporation,0,rejected_by_name_zero,,,,,,,
TUZ,2016-01-04,2019-12-11,alpaca,PIMCO 1-3 Year U.S. Treasury Index Exchange-Traded Fund,PIMCO 1-3 Year U.S. Treasury Index Exchange-Traded Fund,PIMCO 1-3 Year U.S. Treasury Index Exchange-Traded Fund,0,rejected_by_name_zero,,,,,,,
TVIZ,2016-01-04,2018-08-14,,,,,,no_name,,,,,,,
TVPT,2016-01-04,2019-05-30,ftd_description,TRAVELPORT WORLDWIDE LTD COM S,TRAVELPORT WORLDWIDE LTD COM S,TRAVELPORT WORLDWIDE LTD COM S,0,rejected_by_name_zero,,,,,,,
TVTY,2017-01-11,2022-06-27,alpaca,"Tivity Health, Inc. Common Stock","Tivity Health, Inc","Tivity Health, Inc",1,resolved,704415,"TIVITY HEALTH, INC.",,2009-08-17,2022-07-11,,
TWAR,2019-06-05,2019-11-20,alpaca,Innovation Trade War ETF,Innovation Trade War ETF,Innovation Trade War ETF,0,rejected_by_name_zero,,,,,,,
TWCTU,2020-09-11,2021-08-30,alpaca,TWC Tech Holdings II Corp. Unit,TWC Tech Holdings II Corp,TWC Tech Holdings II Corp,1,resolved,1819313,TWC Tech Holdings II Corp.,,2020-08-04,2022-02-14,,
TYBS,2016-01-07,2020-09-25,alpaca,Direxion Daily 20+ Year Treasury Bear 1X Shares,Direxion Daily 20+ Year Treasury Bear 1X Shares,Direxion Daily 20+ Year Treasury Bear 1X Shares,0,rejected_by_name_zero,,,,,,,
TYME,2017-07-31,2022-09-16,alpaca,"Tyme Technologies, Inc. Common Stock","Tyme Technologies, Inc","Tyme Technologies, Inc",1,resolved,1537917,"TYME TECHNOLOGIES, INC.",,2012-02-02,2022-09-30,,
TYNS,2016-01-06,2019-10-11,ftd_description,DIREXION DAILY 7-10 YR TREASUR,DIREXION DAILY 7-10 YR TREASUR,DIREXION DAILY 7-10 YR TREASUR,0,rejected_by_name_zero,,,,,,,
TYPE,2016-01-04,2019-10-10,ftd_description,MONOTYPE IMAGING HLDGS INC COM,MONOTYPE IMAGING HLDGS INC COM,MONOTYPE IMAGING HLDGS INC COM,0,rejected_by_name_zero,,,,,,,
TZACU,2018-08-21,2020-12-14,alpaca,Tenzing Acquisition Corp. Units,Tenzing Acquisition Corp,Tenzing Acquisition Corp,1,resolved,1742927,"REVIVA PHARMACEUTICALS HOLDINGS, INC.",,2018-06-19,2026-08-13,,
UAG,2016-01-04,2020-12-09,alpaca,ETRACS UBS Bloomberg CMCI Agriculture ETN,ETRACS UBS Bloomberg CMCI Agriculture ETN,ETRACS UBS Bloomberg CMCI Agriculture ETN,0,rejected_by_name_zero,,,,,,,
UAUD,2017-12-12,2020-10-30,alpaca,"Exchange-Traded Notes linked to the VelocityShares Daily 4X Long AUD vs. USD Index due December 6, 2",Exchange-Traded,Exchange-Traded,0,rejected_by_name_zero,,,,,,,
UBC,2016-01-05,2018-06-25,,,,,,no_name,,,,,,,
UBG,2016-01-04,2020-12-09,alpaca,E-TRACS UBS Bloomberg CMCI Gold ETN,E-TRACS UBS Bloomberg CMCI Gold ETN,E-TRACS UBS Bloomberg CMCI Gold ETN,0,rejected_by_name_zero,,,,,,,
UBIO,2016-01-04,2020-03-27,alpaca,ProShares Trust Proshares UltraPro Nasdaq Biotechnology,ProShares Trust Proshares UltraPro Nasdaq Biotechnology,ProShares Trust Proshares UltraPro Nasdaq Biotechnology,0,rejected_by_name_zero,,,,,,,
UBM,2016-01-04,2018-06-22,,,,,,no_name,,,,,,,
UBN,2016-01-05,2018-06-25,,,,,,no_name,,,,,,,
UBNK,2016-01-04,2019-10-31,ftd_description,UNITED FINANCIAL BANCORP INC N,UNITED FINANCIAL BANCORP INC N,UNITED FINANCIAL BANCORP INC N,0,rejected_by_name_zero,,,,,,,
UCBA,2016-01-04,2018-09-14,,,,,,no_name,,,,,,,
UCFC,2016-01-04,2020-01-31,alpaca,United Community Financial Corp. Common Stock,United Community Financial Corp,United Community Financial Corp,2,rejected_by_name_ambiguous,,,"[707886, 1079408]",,,,
UCHF,2017-12-12,2020-10-30,alpaca,"Exchange-Traded Notes linked to the VelocityShares Daily 4X Long CHF vs. USD Index due December 6, 2",Exchange-Traded,Exchange-Traded,0,rejected_by_name_zero,,,,,,,
UCI,2016-01-04,2020-12-09,alpaca,E-TRACS UBS Bloomberg CMCI ETN,E-TRACS UBS Bloomberg CMCI ETN,E-TRACS UBS Bloomberg CMCI ETN,0,rejected_by_name_zero,,,,,,,
UCOM,2019-01-16,2020-03-27,alpaca,ProShares UltraPro Communication Services Select Sector,ProShares UltraPro Communication Services Select Sector,ProShares UltraPro Communication Services Select Sector,0,rejected_by_name_zero,,,,,,,
UDBI,2016-01-04,2019-03-13,ftd_description,LEGG MASON ETF INVT TR US DIVE,LEGG MASON ETF INVT TR US DIVE,LEGG MASON ETF INVT TR US DIVE,0,rejected_by_name_zero,,,,,,,
UEUR,2017-12-12,2020-10-30,alpaca,"Exchange-Traded Notes linked to the VelocityShares Daily 4X Long EUR vs. USD Index due December 6, 2",Exchange-Traded,Exchange-Traded,0,rejected_by_name_zero,,,,,,,
UFS,2016-01-04,2021-11-29,alpaca,DOMTAR CORPORATION (New),DOMTAR CORPORATION (New),DOMTAR CORPORATION (New),0,rejected_by_name_zero,,,,,,,
UGBP,2017-12-12,2020-10-30,alpaca,"Exchange-Traded Notes linked to the VelocityShares Daily 4X Long GBP vs. USD Index due December 6, 2",Exchange-Traded,Exchange-Traded,0,rejected_by_name_zero,,,,,,,
UGCE,2021-04-16,2022-07-22,alpaca,Uncommon Portfolio Design Core Equity ETF,Uncommon Portfolio Design Core Equity ETF,Uncommon Portfolio Design Core Equity ETF,0,rejected_by_name_zero,,,,,,,
UHN,2016-01-04,2018-09-06,,,,,,no_name,,,,,,,
UJPY,2017-12-12,2020-10-29,alpaca,"Exchange-Traded Notes linked to the VelocityShares Daily 4X Long JPY vs. USD Index due December 6, 2",Exchange-Traded,Exchange-Traded,0,rejected_by_name_zero,,,,,,,
ULBR,2017-08-29,2020-04-01,alpaca,VelocityShares Long LIBOR ETN,VelocityShares Long LIBOR ETN,VelocityShares Long LIBOR ETN,0,rejected_by_name_zero,,,,,,,
UQM,2016-01-04,2019-07-31,ftd_description,UQM TECHNOLOGIES INC,UQM TECHNOLOGIES INC,UQM TECHNOLOGIES INC,1,resolved,315449,UQM TECHNOLOGIES INC,,1995-09-14,2019-08-13,,
UROV,2018-09-27,2021-03-26,alpaca,Urovant Sciences Ltd. Common Shares,Urovant Sciences Ltd. Common Shares,Urovant Sciences Ltd. Common Shares,0,rejected_by_name_zero,,,,,,,
URR,2016-01-04,2020-04-28,alpaca,Market Vectors Double Long Euro ETN,Market Vectors Double Long Euro ETN,Market Vectors Double Long Euro ETN,0,rejected_by_name_zero,,,,,,,
USAG,2016-01-07,2018-09-06,,,,,,no_name,,,,,,,
USAK,2016-01-04,2022-09-14,alpaca,"USA Truck, Inc. Common Stock","USA Truck, Inc",USA Truck,1,resolved,883945,USA TRUCK INC,,2008-07-18,2023-02-10,,
USCR,2016-01-04,2021-08-25,alpaca,"U.S. Concrete, Inc. Common Stock","U.S. Concrete, Inc","U.S. Concrete, Inc",2,rejected_by_name_ambiguous,,,"[1307784, 1073429]",,,,
USDY,2018-02-14,2020-10-23,alpaca,Pacific Global US Equity Income ETF,Pacific Global US Equity Income ETF,Pacific Global US Equity Income ETF,0,rejected_by_name_zero,,,,,,,
USHG,2019-05-23,2021-03-12,alpaca,AGFiQ Dynamic Hedged U.S. Equity ETF,AGFiQ Dynamic Hedged U.S. Equity ETF,AGFiQ Dynamic Hedged U.S. Equity ETF,0,rejected_by_name_zero,,,,,,,
USOD,2017-07-20,2019-12-12,alpaca,United States 3X Short Oil Fund,United States 3X Short Oil Fund,United States 3X Short Oil Fund,0,rejected_by_name_zero,,,,,,,
USOU,2017-07-20,2019-12-12,alpaca,United States 3X Oil Fund,United States 3X Oil Fund,United States 3X Oil Fund,0,rejected_by_name_zero,,,,,,,
USV,2016-01-07,2020-12-09,alpaca,E-TRACS UBS Bloomberg CMCI Silver ETN,E-TRACS UBS Bloomberg CMCI Silver ETN,E-TRACS UBS Bloomberg CMCI Silver ETN,0,rejected_by_name_zero,,,,,,,
UTLF,2016-06-06,2018-08-08,,,,,,no_name,,,,,,,
UWN,2016-01-04,2019-06-14,ftd_description,NEVADA GOLD & CASINOS INC,NEVADA GOLD & CASINOS INC,NEVADA GOLD & CASINOS INC,1,resolved,277058,NEVADA GOLD & CASINOS INC,,1996-07-03,2019-06-28,,
UWT,2016-12-09,2020-04-02,alpaca,VelocityShares3x Long Crude Oil ETNs linked to the S&P GSCI Crude Oil Index ER,VelocityShares3x Long Crude Oil ETNs linked to the S&P GSCI Crude Oil Index ER,VelocityShares3x Long Crude Oil ETNs linked to the S&P GSCI Crude Oil Index ER,0,rejected_by_name_zero,,,,,,,
UZA,2016-01-04,2021-08-31,alpaca,United States Cellular Corp. 6.95% Senior Notes due 2060,United States Cellular Corp,United States Cellular Corp,1,resolved,821130,"ARRAY DIGITAL INFRASTRUCTURE, INC.",,2009-09-03,2026-09-02,,
UZB,2016-01-04,2021-05-11,alpaca,United States Cellular Corporation 7.25% Senior Notes due 2063,United States Cellular Corporation,United States Cellular,1,resolved,821130,"ARRAY DIGITAL INFRASTRUCTURE, INC.",,2009-09-03,2026-09-02,,
UZC,2016-01-04,2021-06-15,alpaca,United States Cellular Corporation 7.25% Senior Notes due 2064,United States Cellular Corporation,United States Cellular,1,resolved,821130,"ARRAY DIGITAL INFRASTRUCTURE, INC.",,2009-09-03,2026-09-02,,
VACQU,2020-09-25,2021-08-24,alpaca,Vector Acquisition Corporation Unit,Vector Acquisition Corporation,Vector Acquisition Corporation,0,rejected_by_name_zero,,,,,,,
VALX,2016-01-04,2020-05-13,alpaca,ETF Series Solutions Trust Validea Market Legends ETF,ETF Series Solutions Trust Validea Market Legends ETF,ETF Series Solutions Trust Validea Market Legends ETF,0,rejected_by_name_zero,,,,,,,
VAM,2018-05-10,2020-06-05,alpaca,Vivaldi Opportunities Fund,Vivaldi Opportunities Fund,Vivaldi Opportunities Fund,1,resolved,1703117,Vivaldi Opportunities Fund,,2017-05-22,2021-11-01,,
VAR,2016-01-04,2021-04-14,alpaca,"Varian Medical Systems, Inc.","Varian Medical Systems, Inc","Varian Medical Systems, Inc",0,rejected_by_name_zero,,,,,,,
VCF,2016-01-04,2022-02-11,alpaca,Delaware Investments Colorado  Municipal Income Fund,Delaware Investments Colorado  Municipal Income Fund,Delaware Investments Colorado  Municipal Income Fund,0,rejected_by_name_zero,,,,,,,
VCRA,2016-01-04,2022-02-22,alpaca,"VOCERA COMMUNICATIONS,  INC.","VOCERA COMMUNICATIONS,  INC",VOCERA COMMUNICATIONS,1,resolved,1129260,"VOCERA COMMUNICATIONS, INC.",,2002-06-04,2022-03-10,,
VCVCU,2020-11-24,2021-07-22,alpaca,10X Capital Venture Acquisition Corp Unit,10X Capital Venture Acquisition Corp,10X Capital Venture Acquisition Corp,3,rejected_by_name_ambiguous,,,"[1821595, 1848898, 1848948]",,,,
VEACU,2017-04-11,2019-04-15,ftd_description,VANTAGE ENERGY ACQUISITION COR,VANTAGE ENERGY ACQUISITION COR,VANTAGE ENERGY ACQUISITION COR,1,resolved,1698209,Vantage Energy Acquisition Corp.,,2017-02-17,2021-02-16,,
VEDL,2016-01-04,2021-11-08,alpaca,Vedanta Limited  American Depostary Shares (Each representing four equity shares),Vedanta Limited  American Depostary Shares (Each representing four equity shares),Vedanta Limited  American Depostary Shares (Each representing four equity shares),0,rejected_by_name_zero,,,,,,,
VEI,2021-03-18,2021-11-01,alpaca,Vine Energy Inc.,Vine Energy Inc,Vine Energy Inc,1,resolved,1693853,VINE ENERGY INC.,,2017-01-06,2021-11-12,,
VER,2016-01-04,2021-10-29,alpaca,"VEREIT, Inc.","VEREIT, Inc","VEREIT, Inc",1,resolved,1507385,"VEREIT, Inc.",,2013-05-13,2022-02-14,,
VESH,2017-06-28,2018-11-27,,,,,,no_name,,,,,,,
VETS,2018-04-10,2021-07-27,alpaca,Pacer Military Times Best Employers ETF,Pacer Military Times Best Employers ETF,Pacer Military Times Best Employers ETF,0,rejected_by_name_zero,,,,,,,
VFIN,2020-12-29,2022-06-24,alpaca,Simplify Volt Fintech Disruption ETF,Simplify Volt Fintech Disruption ETF,Simplify Volt Fintech Disruption ETF,0,rejected_by_name_zero,,,,,,,
VIAB,2016-01-04,2019-12-04,alpaca,Viacom Inc. Class B Common Stock,Viacom Inc,Viacom Inc,2,rejected_by_name_ambiguous,,,"[813828, 1339947]",,,,
VICL,2016-01-04,2019-08-30,ftd_description,VICAL INC COM NEW,VICAL INC COM NEW,VICAL INC COM NEW,0,rejected_by_name_zero,,,,,,,
VIDG,2019-06-24,2019-12-26,alpaca,Defiance Next Gen Video Gaming ETF,Defiance Next Gen Video Gaming ETF,Defiance Next Gen Video Gaming ETF,0,rejected_by_name_zero,,,,,,,
VIE,2019-10-03,2021-03-12,alpaca,"Viela Bio, Inc. Common Stock","Viela Bio, Inc","Viela Bio, Inc",1,resolved,1734517,"Viela Bio, Inc.",,2018-03-15,2021-03-25,,
VIHAU,2020-09-23,2021-10-14,alpaca,VPC Impact Acquisition Holdings Unit,VPC Impact Acquisition Holdings,VPC Impact Acquisition Holdings,6,rejected_by_name_ambiguous,,,"[1820302, 1840792, 1841408, 1842110, 1842053, 1825041]",,,,
VIIZ,2016-01-04,2018-08-13,,,,,,no_name,,,,,,,
VINCU,2020-12-29,2021-03-25,alpaca,"Vincerx Pharma, Inc. Unit","Vincerx Pharma, Inc","Vincerx Pharma, Inc",1,resolved,1796129,"Vincerx Pharma, Inc.",,2019-12-12,2025-07-29,,
VLP,2016-01-04,2019-01-09,ftd_description,VALERO ENERGY PARTNERS LP COM,VALERO ENERGY PARTNERS LP COM,VALERO ENERGY PARTNERS LP COM,0,rejected_by_name_zero,,,,,,,
VMACU,2020-08-07,2022-02-03,alpaca,Vistas Media Acquisition Company Inc. Unit,Vistas Media Acquisition Company Inc,Vistas Media Acquisition Company Inc,0,rejected_by_name_zero,,,,,,,
VMIN,2016-05-03,2018-11-26,,,,,,no_name,,,,,,,
VMM,2016-01-04,2022-02-11,alpaca,Delaware Investments Minnesota Municipal Income Fund II,Delaware Investments Minnesota Municipal Income Fund II,Delaware Investments Minnesota Municipal Income Fund II,2,rejected_by_name_ambiguous,,,"[895658, 910347]",,,,
VNE,2018-07-02,2022-03-31,alpaca,"Veoneer, Inc.","Veoneer, Inc","Veoneer, Inc",1,resolved,1733186,"Arriver Holdco, Inc.",,2018-03-19,2022-04-11,,
VOSOU,2021-01-22,2021-11-18,alpaca,Virtuoso Acquisition Corp. Unit,Virtuoso Acquisition Corp,Virtuoso Acquisition Corp,2,rejected_by_name_ambiguous,,,"[1822888, 1855011]",,,,
VPOP,2020-12-29,2022-06-24,alpaca,Simplify Volt Pop Culture Disruption ETF,Simplify Volt Pop Culture Disruption ETF,Simplify Volt Pop Culture Disruption ETF,0,rejected_by_name_zero,,,,,,,
VQT,2016-01-04,2020-08-31,alpaca,iPath S&P VEQTOR ETN,iPath S&P VEQTOR ETN,iPath S&P VEQTOR ETN,0,rejected_by_name_zero,,,,,,,
VRS,2016-07-19,2022-03-30,alpaca,Verso Corporation,Verso Corporation,Verso Corporation,0,rejected_by_name_zero,,,,,,,
VRTU,2016-01-04,2021-02-10,alpaca,Virtusa Corporation Common Stock,Virtusa Corporation,Virtusa,1,resolved,1207074,VIRTUSA CORP,,2011-06-03,2021-06-21,,
VSI,2016-01-04,2019-12-16,alpaca,Vitamin Shoppe Inc.,Vitamin Shoppe Inc,Vitamin Shoppe Inc,0,rejected_by_name_zero,,,,,,,
VSL,2018-02-23,2022-07-28,alpaca,Volshares Large Cap ETF,Volshares Large Cap ETF,Volshares Large Cap ETF,0,rejected_by_name_zero,,,,,,,
VSLR,2016-01-04,2020-10-07,alpaca,"VIVINT SOLAR, INC.","VIVINT SOLAR, INC","VIVINT SOLAR, INC",1,resolved,1607716,"Vivint Solar, Inc.",,2014-05-14,2026-02-13,,
VSM,2016-10-03,2019-10-04,ftd_description,VERSUM MATLS INC COM STL,VERSUM MATLS INC COM STL,VERSUM MATLS INC COM STL,0,rejected_by_name_zero,,,,,,,
VSPRU,2020-09-30,2021-05-05,alpaca,Vesper Healthcare Acquisition Corp. Unit,Vesper Healthcare Acquisition Corp,Vesper Healthcare Acquisition Corp,1,resolved,1818093,SkinHealth Systems Inc.,,2020-08-12,2026-09-10,,
VTA,2016-01-04,2021-10-28,alpaca,INVESCO DYNAMIC CREDIT OPPORTUNITIES FUND,INVESCO DYNAMIC CREDIT OPPORTUNITIES FUND,INVESCO DYNAMIC CREDIT OPPORTUNITIES FUND,1,resolved,1393662,Invesco Dynamic Credit Opportunities Fund,,2007-04-02,2024-05-23,,
VTAQR,2021-02-05,2022-09-21,alpaca,Ventoux CCM Acquisition Corp. Right,Ventoux CCM Acquisition Corp,Ventoux CCM Acquisition Corp,1,resolved,1822145,Presto Automation Inc.,,2020-08-27,2024-09-19,,
VTAQU,2020-12-24,2022-09-21,alpaca,Ventoux CCM Acquisition Corp. Unit,Ventoux CCM Acquisition Corp,Ventoux CCM Acquisition Corp,1,resolved,1822145,Presto Automation Inc.,,2020-08-27,2024-09-19,,
VTIQU,2018-05-16,2022-12-09,alpaca,VectoIQ Acquisition Corp. II Unit,VectoIQ Acquisition Corp. II,VectoIQ Acquisition Corp. II,1,resolved,1823884,VectoIQ Acquisition Corp. II,,2020-09-17,2023-09-29,,
VTRN,2020-11-11,2021-10-11,alpaca,Victory Portfolios II VictoryShares Top Veteran Employers ETF,Victory Portfolios II VictoryShares Top Veteran Employers ETF,Victory Portfolios II VictoryShares Top Veteran Employers ETF,0,rejected_by_name_zero,,,,,,,
VVC,2016-01-04,2019-01-31,ftd_description,VECTREN CORPORATION,VECTREN CORPORATION,VECTREN CORPORATION,0,rejected_by_name_zero,,,,,,,
VWTR,2021-03-09,2022-05-24,alpaca,"Vidler Water Resources, Inc. Common Stock","Vidler Water Resources, Inc","Vidler Water Resources, Inc",1,resolved,830122,"VIDLER WATER RESOURCES, INC.",,2006-09-25,2022-06-06,,
WAAS,2016-10-06,2020-03-27,alpaca,AquaVenture Holdings Limited,AquaVenture Holdings Limited,AquaVenture Holdings,1,resolved,1422841,AquaVenture Holdings Ltd,,2007-12-28,2020-04-13,,
WAGE,2016-01-04,2019-08-29,ftd_description,WAGEWORKS INC,WAGEWORKS INC,WAGEWORKS INC,1,resolved,1158863,"WAGEWORKS, INC.",,2002-02-26,2020-02-14,,
WAIR,2016-01-04,2020-01-08,alpaca,WESCO Aircraft Holdings Inc.,WESCO Aircraft Holdings Inc,WESCO Aircraft Holdings,1,resolved,1378718,"Wesco Aircraft Holdings, Inc",,2006-10-12,2020-02-12,,
WALA,2016-06-21,2021-11-15,alpaca,Western Alliance Bancorporation,Western Alliance Bancorporation,Western Alliance Bancorporation,0,rejected_by_name_zero,,,,,,,
WALDU,2021-03-16,2022-07-27,alpaca,Waldencast Acquisition Corp. Units,Waldencast Acquisition Corp,Waldencast Acquisition Corp,1,resolved,1840199,Waldencast plc,,2021-01-22,2026-09-01,,
WARR,2021-04-20,2022-09-02,alpaca,Warrior Technologies Acquisition Company,Warrior Technologies Acquisition Company,Warrior Technologies Acquisition Company,0,rejected_by_name_zero,,,,,,,
WBAL,2017-12-21,2020-01-17,alpaca,WisdomTree Balanced Income Fund,WisdomTree Balanced Income Fund,WisdomTree Balanced Income Fund,0,rejected_by_name_zero,,,,,,,
WBC,2016-01-04,2020-05-28,alpaca,WABCO HOLDINGS INC.,WABCO HOLDINGS INC,WABCO HOLDINGS INC,1,resolved,1390844,WABCO Holdings Inc.,,2007-02-26,2020-06-08,,
WBIA,2016-01-04,2019-10-25,,,,,,no_name,,,,,,,
WBIB,2016-01-04,2019-10-25,ftd_description,ABSOLUTE SHS TR,ABSOLUTE SHS TR,ABSOLUTE SHS TR,0,rejected_by_name_zero,,,,,,,
WBIC,2016-01-04,2019-10-25,,,,,,no_name,,,,,,,
WBID,2016-01-04,2019-10-25,,,,,,no_name,,,,,,,
WBIE,2016-01-04,2021-05-14,alpaca,WBI BullBear Rising Income 3000 ETF,WBI BullBear Rising Income 3000 ETF,WBI BullBear Rising Income 3000 ETF,0,rejected_by_name_zero,,,,,,,
WBIH,2016-01-04,2019-06-06,,,,,,no_name,,,,,,,
WBIN,2019-07-19,2021-05-14,alpaca,WBI BullBear Trend Switch US Total Return ETF,WBI BullBear Trend Switch US Total Return ETF,WBI BullBear Trend Switch US Total Return ETF,0,rejected_by_name_zero,,,,,,,
WBIR,2016-07-27,2019-06-07,,,,,,no_name,,,,,,,
WBK,2016-01-04,2022-01-28,alpaca,Westpac Banking Corporation,Westpac Banking Corporation,Westpac Banking Corporation,0,rejected_by_name_zero,,,,,,,
WBT,2017-03-06,2022-07-28,alpaca,"Welbilt, Inc.","Welbilt, Inc","Welbilt, Inc",1,resolved,1650962,"Welbilt, Inc.",,2015-09-01,2022-08-08,,
WCG,2016-01-04,2020-01-23,alpaca,"Wellcare Health Plans, Inc.","Wellcare Health Plans, Inc","Wellcare Health Plans, Inc",1,resolved,1279363,"WELLCARE HEALTH PLANS, INC.",,2010-10-20,2020-02-14,,
WCHN,2017-12-21,2020-05-27,alpaca,WisdomTree ICBCCS S&P China 500 Fund,WisdomTree ICBCCS S&P China 500 Fund,WisdomTree ICBCCS S&P China 500 Fund,0,rejected_by_name_zero,,,,,,,
WDR,2016-01-04,2021-04-30,alpaca,"Waddell & Reed Financial, Inc.","Waddell & Reed Financial, Inc","Waddell & Reed Financial, Inc",0,rejected_by_name_zero,,,,,,,
WDRW,2016-01-11,2020-03-27,alpaca,Direxion Daily Regional Banks Bear 3X Shares,Direxion Daily Regional Banks Bear 3X Shares,Direxion Daily Regional Banks Bear 3X Shares,0,rejected_by_name_zero,,,,,,,
WEB,2016-01-04,2018-10-10,,,,,,no_name,,,,,,,
WEBK,2016-01-04,2020-05-29,alpaca,"Wellesley Bancorp, Inc. Common Stock","Wellesley Bancorp, Inc","Wellesley Bancorp, Inc",1,resolved,1526952,"Wellesley Bancorp, Inc.",,2011-09-09,2021-02-10,,
WGLD,2021-02-18,2022-08-22,alpaca,wShares Enhanced Gold ETF,wShares Enhanced Gold ETF,wShares Enhanced Gold ETF,1,resolved,1799858,wShares Enhanced Gold ETF,,2020-01-14,2022-10-12,,
WHFBZ,2018-11-30,2021-12-16,alpaca,"WhiteHorse Finance, Inc. 6.50% Notes due 2025","WhiteHorse Finance, Inc","WhiteHorse Finance, Inc",1,resolved,1552198,"WhiteHorse Finance, Inc.",,2012-09-07,2026-08-19,,
WIFI,2016-01-04,2021-06-01,alpaca,"Boingo Wireless, Inc. Common Stock","Boingo Wireless, Inc","Boingo Wireless, Inc",1,resolved,1169988,"BOINGO WIRELESS, INC.",,2002-03-01,2021-06-10,,
WLH,2016-01-04,2020-02-05,alpaca,WILLIAM LYON HOMES,WILLIAM LYON HOMES,WILLIAM LYON HOMES,2,rejected_by_name_ambiguous,,,"[1095996, 1180186]",,,,
WLL,2016-01-04,2022-06-30,alpaca,Whiting Petroleum Corporation,Whiting Petroleum Corporation,Whiting Petroleum,1,resolved,1255474,Whiting Holdings LLC,,2010-07-29,2022-08-10,,
WMCR,2016-01-04,2019-02-20,ftd_description,INVESCO EXCHANGE-TRADED FD TR,INVESCO EXCHANGE-TRADED FD TR,INVESCO EXCHANGE-TRADED FD TR,0,rejected_by_name_zero,,,,,,,
WMGI,2016-01-04,2020-11-10,alpaca,Wright Medical Group N.V. Ordinary Shares,Wright Medical Group N.V,Wright Medical Group N.V,1,resolved,1492658,Wright Medical Group N.V.,,2012-01-03,2020-11-23,,
WORK,2019-06-20,2021-07-20,alpaca,"Slack Technologies, Inc.","Slack Technologies, Inc","Slack Technologies, Inc",1,resolved,1764925,"Slack Technologies, Inc.",,2019-02-01,2021-08-02,,
WP,2018-01-16,2019-07-30,ftd_description,WORLDPAY INC CL A,WORLDPAY INC CL A,WORLDPAY INC CL A,0,rejected_by_name_zero,,,,,,,
WPX,2016-01-04,2021-01-06,alpaca,"WPX Energy, Inc.","WPX Energy, Inc","WPX Energy, Inc",1,resolved,1518832,"WPX ENERGY, INC.",,2011-04-29,2026-06-24,,
WREI,2016-01-04,2019-02-20,,,,,,no_name,,,,,,,
WRI,2016-01-04,2021-08-03,alpaca,Weingarten Realty Investors,Weingarten Realty Investors,Weingarten Realty Investors,1,resolved,828916,WEINGARTEN REALTY INVESTORS /TX/,,2006-05-03,2021-09-09,,
WRLSR,2017-08-08,2020-04-07,alpaca,Pensare Acquisition Corp. Right to purchase 1/10 of common stock,Pensare Acquisition Corp. Right to purchase 1/10 of,Pensare Acquisition Corp. Right to purchase 1/10 of,0,rejected_by_name_zero,,,,,,,
WRLSU,2017-07-27,2020-04-07,alpaca,Pensare Acquisition Corp. Unit,Pensare Acquisition Corp,Pensare Acquisition Corp,1,resolved,1704760,"American Virtual Cloud Technologies, Inc.",,2017-05-19,2023-05-30,,
WSCI,2016-01-04,2018-11-07,,,,,,no_name,,,,,,,
WSG,2019-07-26,2021-01-29,alpaca,Wanda Sports Group Company Limited American Depositary Shares,Wanda Sports Group Company Limited,Wanda Sports Group Company Limited,0,rejected_by_name_zero,,,,,,,
WTREP,2019-08-12,2021-07-12,alpaca,Watford Holdings Ltd. 8.5% Cumulative Redeemable Preference Shares,Watford Holdings Ltd,Watford Holdings Ltd,1,resolved,1601669,Watford Holdings Ltd.,,2014-03-31,2021-07-23,,
WTRU,2019-04-26,2022-04-29,alpaca,"Essential Utilities, Inc.6.00% Tangible Equity Units","Essential Utilities, Inc","Essential Utilities, Inc",1,resolved,78128,"Essential Utilities, Inc.",,2014-02-27,2026-09-09,,
WUBA,2016-01-04,2020-09-17,alpaca,58.COM INC,58.COM INC,58.COM INC,1,resolved,1525494,58.com Inc.,,2013-07-30,2023-07-14,,
WWOW,2020-12-17,2022-09-23,alpaca,Direxion World Without Waste ETF,Direxion World Without Waste ETF,Direxion World Without Waste ETF,0,rejected_by_name_zero,,,,,,,
WYDE,2016-01-04,2019-08-02,ftd_description,PROSHARES CDS SHORT NORTH AMER,PROSHARES CDS SHORT NORTH AMER,PROSHARES CDS SHORT NORTH AMER,0,rejected_by_name_zero,,,,,,,
XCRA,2016-01-04,2018-09-28,,,,,,no_name,,,,,,,
XEC,2016-01-04,2021-09-30,alpaca,CIMAREX ENERGY CO,CIMAREX ENERGY CO,CIMAREX ENERGY CO,2,rejected_by_name_ambiguous,,,"[1168054, 1396110]",,,,
XENT,2016-01-04,2022-05-12,alpaca,"Intersect ENT, Inc. Common Stock","Intersect ENT, Inc","Intersect ENT, Inc",1,resolved,1271214,"Intersect ENT, Inc.",,2003-11-24,2023-02-10,,
XGTI,2016-01-04,2019-03-04,ftd_description,XG TECHNOLOGY INC COM PAR $.00,XG TECHNOLOGY INC COM PAR $.00,XG TECHNOLOGY INC COM PAR $.00,0,rejected_by_name_zero,,,,,,,
XINA,2016-01-04,2019-05-29,ftd_description,SPDR MSCI CHINA A SHS IMI ETF,SPDR MSCI CHINA A SHS IMI ETF,SPDR MSCI CHINA A SHS IMI ETF,0,rejected_by_name_zero,,,,,,,
XIVH,2016-07-14,2018-06-25,,,,,,no_name,,,,,,,
XL,2016-01-04,2022-11-11,alpaca,XL Fleet Corp.,XL Fleet Corp,XL Fleet Corp,1,resolved,1772720,SPRUCE POWER HOLDING CORP,,2019-04-25,2026-09-09,,
XLEY,2018-12-06,2019-11-22,alpaca,Cushing Energy & MLP ETF,Cushing Energy & MLP ETF,Cushing Energy & MLP ETF,0,rejected_by_name_zero,,,,,,,
XLNX,2016-01-04,2022-02-11,alpaca,"Xilinx, Inc. Common Stock","Xilinx, Inc","Xilinx, Inc",1,resolved,743988,XILINX INC,,2011-08-12,2022-03-11,,
XLRN,2016-01-04,2021-11-19,alpaca,Acceleron Pharma Inc. Common Stock,Acceleron Pharma Inc,Acceleron Pharma Inc,1,resolved,1280600,ACCELERON PHARMA INC,,2004-02-17,2021-12-02,,
XLTY,2018-12-06,2019-10-21,alpaca,Cushing Transportation & MLP ETF,Cushing Transportation & MLP ETF,Cushing Transportation & MLP ETF,0,rejected_by_name_zero,,,,,,,
XLUY,2018-12-06,2019-11-22,alpaca,Cushing Utility & MLP ETF,Cushing Utility & MLP ETF,Cushing Utility & MLP ETF,0,rejected_by_name_zero,,,,,,,
XMX,2017-02-10,2019-10-21,ftd_description,WISDOMTREE TR GLOBAL EX-MEXICO,WISDOMTREE TR GLOBAL EX-MEXICO,WISDOMTREE TR GLOBAL EX-MEXICO,0,rejected_by_name_zero,,,,,,,
XOG,2016-10-12,2021-11-01,alpaca,"Extraction Oil & Gas, Inc. Common Stock","Extraction Oil & Gas, Inc","Extraction Oil & Gas, Inc",1,resolved,1655020,"Extraction Oil & Gas, Inc.",,2015-10-08,2021-11-12,,
XON,2016-01-04,2020-01-31,alpaca,Intrexon Corporation Common Stock,Intrexon Corporation,Intrexon,1,resolved,1356090,"PRECIGEN, INC.",,2016-01-11,2026-08-28,,
XOXO,2016-01-04,2018-12-20,,,,,,no_name,,,,,,,
XPDIU,2021-02-10,2022-01-19,alpaca,Power & Digital Infrastructure Acquisition Corp. Unit,Power & Digital Infrastructure Acquisition Corp,Power & Digital Infrastructure Acquisition Corp,1,resolved,1839341,"Core Scientific, Inc./tx",,2021-01-08,2026-09-10,,
XPLR,2016-01-04,2018-08-13,,,,,,no_name,,,,,,,
XPOA,2020-12-11,2022-08-05,alpaca,"DPCM Capital, Inc.","DPCM Capital, Inc","DPCM Capital, Inc",1,resolved,1821742,"DPCM Capital, Inc.",,2020-08-28,2022-08-18,,
XRM,2016-01-04,2018-10-16,,,,,,no_name,,,,,,,
XTH,2016-06-28,2020-05-29,alpaca,SPDR S&P Technology Hardware ETF,SPDR S&P Technology Hardware ETF,SPDR S&P Technology Hardware ETF,0,rejected_by_name_zero,,,,,,,
XUSA,2017-01-26,2019-05-15,ftd_description,NORTHERN LTS FD TR IV QUANTX D,NORTHERN LTS FD TR IV QUANTX D,NORTHERN LTS FD TR IV QUANTX D,0,rejected_by_name_zero,,,,,,,
XVZ,2016-01-05,2021-08-17,alpaca,iPath S&P 500 Dynamic VIX ETN,iPath S&P 500 Dynamic VIX ETN,iPath S&P 500 Dynamic VIX ETN,0,rejected_by_name_zero,,,,,,,
YAO,2016-01-04,2019-02-20,ftd_description,INVESCO CHINA ALL-CAP ETF,INVESCO CHINA ALL-CAP ETF,INVESCO CHINA ALL-CAP ETF,0,rejected_by_name_zero,,,,,,,
YCOM,2019-01-16,2020-09-29,alpaca,ProShares UltraShort Communication Services Select Sector,ProShares UltraShort Communication Services Select Sector,ProShares UltraShort Communication Services Select Sector,0,rejected_by_name_zero,,,,,,,
YESR,2017-08-30,2018-10-04,,,,,,no_name,,,,,,,
YGRN,2019-04-30,2020-12-04,alpaca,MicroSectors US Big Oil Inverse ETN,MicroSectors US Big Oil Inverse ETN,MicroSectors US Big Oil Inverse ETN,0,rejected_by_name_zero,,,,,,,
YIN,2016-04-27,2020-11-17,alpaca,Yintech Investment Holdings Limited American Depositary Shares,Yintech Investment Holdings Limited,Yintech Investment Holdings Limited,1,resolved,1672493,Yintech Investment Holdings Limited/ADR,,2016-04-19,2016-09-06,,
YMLI,2016-01-04,2019-10-18,ftd_description,VANECK VECTORS HIGH INCOME INF,VANECK VECTORS HIGH INCOME INF,VANECK VECTORS HIGH INCOME INF,0,rejected_by_name_zero,,,,,,,
ZAGG,2016-01-04,2021-02-22,alpaca,ZAGG Inc Common Stock (Delaware),ZAGG Inc,ZAGG Inc,1,resolved,1296205,ZAGG Inc,,2005-12-02,2021-03-04,,
ZAYO,2016-01-04,2020-03-06,alpaca,"Zayo Group Holdings, Inc.","Zayo Group Holdings, Inc","Zayo Group Holdings, Inc",1,resolved,1608249,"Zayo Group Holdings, Inc.",,2014-07-02,2020-03-19,,
ZCAN,2018-09-18,2021-03-17,alpaca,SPDR Solactive Canada ETF,SPDR Solactive Canada ETF,SPDR Solactive Canada ETF,0,rejected_by_name_zero,,,,,,,
ZDEU,2018-09-27,2021-03-17,alpaca,SPDR Solactive Germany ETF,SPDR Solactive Germany ETF,SPDR Solactive Germany ETF,0,rejected_by_name_zero,,,,,,,
ZDVSV,2021-10-01,2021-10-07,alpaca,"Ziff Davis, Inc. Common Stock Ex-Distribution When Issued","Ziff Davis, Inc","Ziff Davis, Inc",1,resolved,1084048,"ZIFF DAVIS, INC.",,2014-02-14,2026-09-08,,
ZF,2016-01-04,2019-11-15,alpaca,Virtus Total Return Fund Inc.,Virtus Total Return Fund Inc,Virtus Total Return Fund Inc,2,rejected_by_name_ambiguous,,,"[812090, 836412]",,,,
ZGBR,2018-09-18,2021-03-17,alpaca,SPDR Solactive United Kingdom ETF,SPDR Solactive United Kingdom ETF,SPDR Solactive United Kingdom ETF,0,rejected_by_name_zero,,,,,,,
ZGNX,2016-01-04,2022-03-04,alpaca,"Zogenix, Inc. Common Stock","Zogenix, Inc","Zogenix, Inc",1,resolved,1375151,"ZOGENIX, INC.",,2006-09-08,2022-05-16,,
ZGYH,2020-05-22,2021-11-19,alpaca,Yunhong International Class A Ordinary Shares,Yunhong International,Yunhong International,1,resolved,1773086,Yunhong International,,2019-06-28,2022-02-14,,
ZGYHR,2020-05-13,2021-11-19,alpaca,Yunhong International Right,Yunhong International,Yunhong International,1,resolved,1773086,Yunhong International,,2019-06-28,2022-02-14,,
ZGYHU,2020-02-13,2021-11-05,alpaca,Yunhong International Unit,Yunhong International,Yunhong International,1,resolved,1773086,Yunhong International,,2019-06-28,2022-02-14,,
ZHOK,2018-09-19,2021-03-17,alpaca,SPDR Solactive Hong Kong ETF,SPDR Solactive Hong Kong ETF,SPDR Solactive Hong Kong ETF,0,rejected_by_name_zero,,,,,,,
ZIONN,2020-01-02,2021-06-11,alpaca,"Zions Bancorporation, N.A. Dep Shs Repstg 1/40th Int Sh Ser H Perp Pfd Stk","Zions Bancorporation, N.A. Dep Shs Repstg 1/40th Int Sh Ser H Perp Pfd Stk","Zions Bancorporation, N.A. Dep Shs Repstg 1/40th Int Sh Ser H Perp Pfd Stk",0,rejected_by_name_zero,,,,,,,
ZIXI,2016-01-04,2021-12-22,alpaca,Zix Corporation Common Stock,Zix Corporation,Zix Corporation,0,rejected_by_name_zero,,,,,,,
ZJPN,2018-09-18,2021-03-17,alpaca,SPDR Solactive Japan ETF,SPDR Solactive Japan ETF,SPDR Solactive Japan ETF,0,rejected_by_name_zero,,,,,,,
ZMLP,2016-01-04,2020-10-16,alpaca,Direxion Zacks MLP High Income Index Shares,Direxion Zacks MLP High Income Index Shares,Direxion Zacks MLP High Income Index Shares,0,rejected_by_name_zero,,,,,,,
ZNGA,2016-01-04,2022-05-20,alpaca,Zynga Inc. Class A Common Stock,Zynga Inc,Zynga Inc,1,resolved,1439404,ZYNGA INC,,2015-02-17,2023-02-10,,
ZNTEU,2020-11-17,2022-05-09,alpaca,Zanite Acquisition Corp. Unit,Zanite Acquisition Corp,Zanite Acquisition Corp,1,resolved,1823652,"Eve Holding, Inc.",,2020-09-14,2026-08-04,,
