symbol,cik,entity_name
A,1090872,"AGILENT TECHNOLOGIES, INC."
AA,1675149,Alcoa Corp
AAAU,1708646,Goldman Sachs Physical Gold ETF
AAC,2128115,Ares Acquisition Corp III
AACG,1420529,ATA Creativity Global
AACI,2092897,Armada Acquisition Corp. III
AACIU,2092897,Armada Acquisition Corp. III
AACIW,2092897,Armada Acquisition Corp. III
AACO,2099906,Abony Acquisition Corp. I
AACOU,2099906,Abony Acquisition Corp. I
AACOW,2099906,Abony Acquisition Corp. I
AACP,2102123,Apogee Acquisition Corp
AACPR,2102123,Apogee Acquisition Corp
AACPU,2102123,Apogee Acquisition Corp
AACPW,2102123,Apogee Acquisition Corp
AADX,2118195,"Applied Aerospace & Defense, Inc."
AAL,6201,American Airlines Group Inc.
AAME,8177,ATLANTIC AMERICAN CORP
AAMI,1748824,Acadian Asset Management Inc.
AAOI,1158114,"APPLIED OPTOELECTRONICS, INC."
AAON,824142,"AAON, INC."
AAP,1158449,ADVANCE AUTO PARTS INC
AAPG,2023311,ASCENTAGE PHARMA GROUP INTERNATIONAL
AAPL,320193,Apple Inc.
AARD,1774857,"Aardvark Therapeutics, Inc."
AAT,1500217,"American Assets Trust, Inc."
AAUC,1993344,Allied Gold Corp
AB,825313,ALLIANCEBERNSTEIN HOLDING L.P.
ABAT,1576873,AMERICAN BATTERY TECHNOLOGY Co
ABBV,1551152,AbbVie Inc.
ABCB,351569,Ameris Bancorp
ABCL,1703057,AbCellera Biologics Inc.
ABEO,318306,ABEONA THERAPEUTICS INC.
ABEV,1565025,AMBEV S.A.
ABG,1144980,ASBURY AUTOMOTIVE GROUP INC
ABLV,1957489,Able View Global Inc.
ABLVW,1957489,Able View Global Inc.
ABM,771497,ABM INDUSTRIES INC /DE/
ABNB,1559720,"Airbnb, Inc."
ABOS,1576885,"Acumen Pharmaceuticals, Inc."
ABR,1253986,ARBOR REALTY TRUST INC
ABSI,1672688,Absci Corp
ABT,1800,ABBOTT LABORATORIES
ABTC,1755953,American Bitcoin Corp.
ABTS,1864055,Abits Group Inc
ABUS,1447028,Arbutus Biopharma Corp
ABVC,1173313,"ABVC BIOPHARMA, INC."
ABVX,1956827,Abivax S.A.
ABX,1814287,"Abacus Global Management, Inc."
ABXL,1814287,"Abacus Global Management, Inc."
ACA,1739445,"Arcosa, Inc."
ACAA,2096900,Averin Capital Acquisition Corp.
ACAAU,2096900,Averin Capital Acquisition Corp.
ACAAW,2096900,Averin Capital Acquisition Corp.
ACAD,1070494,ACADIA PHARMACEUTICALS INC
ACB,1683541,AURORA CANNABIS INC
ACCL,2038378,Acco Group Holdings Ltd
ACCO,712034,ACCO BRANDS Corp
ACCS,843006,ACCESS Newswire Inc.
ACDC,1881487,ProFrac Holding Corp.
ACEL,1698991,"Accel Entertainment, Inc."
ACET,1720580,"Adicet Bio, Inc."
ACFN,880984,"ACORN ENERGY, INC."
ACGC,2111542,ACP Holdings Acquisition Corp.
ACGCU,2111542,ACP Holdings Acquisition Corp.
ACGCW,2111542,ACP Holdings Acquisition Corp.
ACGL,947484,ARCH CAPITAL GROUP LTD.
ACGLN,947484,ARCH CAPITAL GROUP LTD.
ACGLO,947484,ARCH CAPITAL GROUP LTD.
ACH,75252,ACCENDRA HEALTH INC/VA/
ACHC,1520697,"Acadia Healthcare Company, Inc."
ACHR,1824502,Archer Aviation Inc.
ACHV,949858,"ACHIEVE LIFE SCIENCES, INC."
ACI,1646972,"Albertsons Companies, Inc."
ACIC,1401521,AMERICAN COASTAL INSURANCE Corp
ACIU,1651625,AC Immune SA
ACIW,935036,"ACI WORLDWIDE, INC."
ACLS,1113232,AXCELIS TECHNOLOGIES INC
ACM,868857,AECOM
ACMR,1680062,"ACM Research, Inc."
ACN,1467373,Accenture plc
ACNB,715579,ACNB CORP
ACNT,95953,ASCENT INDUSTRIES CO.
ACOG,1655923,Alpha Cognition Inc.
ACON,1635077,"Aclarion, Inc."
ACONW,1635077,"Aclarion, Inc."
ACP,1503290,abrdn Income Credit Strategies Fund
ACR,1332551,ACRES Commercial Realty Corp.
ACRE,1529377,Ares Commercial Real Estate Corp
ACRS,1557746,"Aclaris Therapeutics, Inc."
ACRV,1781174,"Acrivon Therapeutics, Inc."
ACT,1823529,"Enact Holdings, Inc."
ACTG,934549,ACACIA RESEARCH CORP
ACTU,1652935,"ACTUATE THERAPEUTICS, INC."
ACU,2098,ACME UNITED CORP
ACV,1636289,Virtus Diversified Income & Convertible Fund
ACVA,1637873,ACV Auctions Inc.
ACXP,1736243,"Acurx Pharmaceuticals, Inc."
AD,821130,"ARRAY DIGITAL INFRASTRUCTURE, INC."
ADAC,2083002,American Drive Acquisition Co
ADACU,2083002,American Drive Acquisition Co
ADACW,2083002,American Drive Acquisition Co
ADAG,1818838,Adagene Inc.
ADAM,1273685,"ADAMAS TRUST, INC."
ADAMG,1273685,"ADAMAS TRUST, INC."
ADAMH,1273685,"ADAMAS TRUST, INC."
ADAMI,1273685,"ADAMAS TRUST, INC."
ADAMK,1273685,"ADAMAS TRUST, INC."
ADAML,1273685,"ADAMAS TRUST, INC."
ADAMM,1273685,"ADAMAS TRUST, INC."
ADAMN,1273685,"ADAMAS TRUST, INC."
ADAMO,1273685,"ADAMAS TRUST, INC."
ADAMZ,1273685,"ADAMAS TRUST, INC."
ADBE,796343,ADOBE INC.
ADBT,2084227,"Advasa Holdings, Inc."
ADC,917251,AGREE REALTY CORP
ADCT,1771910,ADC Therapeutics SA
ADEA,1803696,Adeia Inc.
ADGM,2006986,"Adagio Medical Holdings, Inc."
ADI,6281,ANALOG DEVICES INC
ADIG,2105139,ADI GLOBAL DISTRIBUTION INC.
ADIL,1513525,"ADIAL PHARMACEUTICALS, INC."
ADM,7084,Archer-Daniels-Midland Co
ADMA,1368514,"ADMA BIOLOGICS, INC."
ADNT,1670541,Adient plc
ADP,8670,AUTOMATIC DATA PROCESSING INC
ADPT,1478320,Adaptive Biotechnologies Corp
ADSE,1879248,Ads-Tec Energy Public Ltd Co
ADSEW,1879248,Ads-Tec Energy Public Ltd Co
ADSK,769397,"Autodesk, Inc."
ADT,1703056,ADT Inc.
ADTN,926282,"ADTRAN Holdings, Inc."
ADUR,1863934,ADURO CLEAN TECHNOLOGIES INC.
ADUS,1468328,Addus HomeCare Corp
ADV,1776661,Advantage Solutions Inc.
ADVB,1941029,Advanced Biomed Inc.
ADX,2230,"ADAMS DIVERSIFIED EQUITY FUND, INC."
ADXN,1574232,Addex Therapeutics Ltd.
AEAQ,2083689,Activate Energy Acquisition Corp.
AEAQU,2083689,Activate Energy Acquisition Corp.
AEAQW,2083689,Activate Energy Acquisition Corp.
AEBI,2048519,Aebi Schmidt Holding AG
AEC,1519469,ANFIELD ENERGY INC.
AEE,1002910,AMEREN CORP
AEF,846676,"abrdn Emerging Markets ex-China Fund, Inc."
AEFC,769218,AEGON LTD.
AEG,769218,AEGON LTD.
AEHL,1470683,Antelope Enterprise Holdings Ltd
AEHR,1040470,AEHR TEST SYSTEMS
AEI,1750106,Alset Inc.
AEIS,927003,ADVANCED ENERGY INDUSTRIES INC
AEM,2809,AGNICO EAGLE MINES LTD
AEMD,882291,AETHLON MEDICAL INC
AENT,1823584,ALLIANCE ENTERTAINMENT HOLDING CORP
AENTW,1823584,ALLIANCE ENTERTAINMENT HOLDING CORP
AEO,919012,AMERICAN EAGLE OUTFITTERS INC
AEON,1837607,"AEON Biopharma, Inc."
AEP,4904,AMERICAN ELECTRIC POWER CO INC
AER,1378789,AerCap Holdings N.V.
AERO,1561861,"Grupo Aeromexico, S.A.B. de C.V."
AERT,1853044,"Aeries Technology, Inc."
AERTW,1853044,"Aeries Technology, Inc."
AES,874761,AES CORP
AESI,1984060,Atlas Energy Solutions Inc.
AESP,2082526,Aeon Acquisition I Corp.
AESPR,2082526,Aeon Acquisition I Corp.
AESPU,2082526,Aeon Acquisition I Corp.
AESPW,2082526,Aeon Acquisition I Corp.
AEVA,1789029,"Aeva Technologies, Inc."
AEXA,2079173,American Exceptionalism Acquisition Corp. A
AEYE,1362190,AUDIOEYE INC
AFB,1162027,ALLIANCEBERNSTEIN NATIONAL MUNICIPAL INCOME FUND
AFCG,1822523,Advanced Flower Capital Inc.
AFG,1042046,AMERICAN FINANCIAL GROUP INC
AFGB,1042046,AMERICAN FINANCIAL GROUP INC
AFGC,1042046,AMERICAN FINANCIAL GROUP INC
AFGD,1042046,AMERICAN FINANCIAL GROUP INC
AFGE,1042046,AMERICAN FINANCIAL GROUP INC
AFJK,1979005,"Aimei Health Technology Co., Ltd."
AFJKR,1979005,"Aimei Health Technology Co., Ltd."
AFJKU,1979005,"Aimei Health Technology Co., Ltd."
AFL,4977,AFLAC INC
AFRI,1903870,Forafric Global PLC
AFRIW,1903870,Forafric Global PLC
AFRM,1820953,"Affirm Holdings, Inc."
AFYA,1771007,Afya Ltd
AG,1308648,FIRST MAJESTIC SILVER CORP
AGBK,2081206,AGI Inc
AGCC,2060016,Agencia Comercial Spirits Ltd.
AGCO,880266,AGCO CORP /DE
AGD,1362481,abrdn Global Dynamic Dividend Fund
AGEN,1098972,AGENUS INC
AGI,1178819,ALAMOS GOLD INC
AGIG,1156041,"ABUNDIA GLOBAL IMPACT GROUP, INC."
AGIO,1439222,"AGIOS PHARMACEUTICALS, INC."
AGL,1831097,"agilon health, inc."
AGM,845877,FEDERAL AGRICULTURAL MORTGAGE CORP
AGMB,2020932,Agomab Therapeutics NV
AGMH,1705402,"AGM GROUP HOLDINGS, INC."
AGNC,1423689,AGNC Investment Corp.
AGNCL,1423689,AGNC Investment Corp.
AGNCM,1423689,AGNC Investment Corp.
AGNCN,1423689,AGNC Investment Corp.
AGNCO,1423689,AGNC Investment Corp.
AGNCP,1423689,AGNC Investment Corp.
AGNCZ,1423689,AGNC Investment Corp.
AGNT,1495932,"AGNT, Inc."
AGO,1273813,ASSURED GUARANTY LTD
AGPU,1446159,Axe Compute Inc.
AGQ,1415311,ProShares Trust II
AGRO,1499505,Adecoagro S.A.
AGRZ,2009233,Agroz Inc.
AGX,100591,ARGAN INC
AGYS,78749,AGILYSYS INC
AHCO,1725255,AdaptHealth Corp.
AHG,1702318,Akso Health Group
AHMA,2010959,AMBITIONS ENTERPRISE MANAGEMENT CO. L.L.C
AHR,1632970,"American Healthcare REIT, Inc."
AHRT,1569187,"AH Realty Trust, Inc."
AHT,1232582,ASHFORD HOSPITALITY TRUST INC
AI,1577526,"C3.ai, Inc."
AIAI,2096362,AIAI Holdings Corp
AIB,2070542,AIB Data Centers Inc.
AIBZ,2100457,Bitzero Holdings Inc.
AIDX,1139685,"20/20 Biolabs, Inc."
AIFA,1708341,"All In FutureTech Alliance, Inc."
AIFC,862861,AI Financial Corp
AIFF,803578,"FIREFLY NEUROSCIENCE, INC."
AIFU,1413855,AIFU Inc.
AIG,5272,"AMERICAN INTERNATIONAL GROUP, INC."
AII,2007587,"American Integrity Insurance Group, Inc."
AIIA,2073553,AI Infrastructure Acquisition Corp.
AIIO,1932737,ROBO.AI INC.
AIIOW,1932737,ROBO.AI INC.
AIIR,2097725,AIR Global PLC
AIM,946644,AIM ImmunoTech Inc.
AIMD,1014763,"Ainos, Inc."
AIMDW,1014763,"Ainos, Inc."
AIN,819793,ALBANY INTERNATIONAL CORP /DE/
AIO,1778114,Virtus Artificial Intelligence & Technology Opportunities Fund
AIOS,1603993,AIOS Tech Inc.
AIOT,1774170,"Powerfleet, Inc."
AIP,1667011,"Arteris, Inc."
AIQD,927971,BANK OF MONTREAL /CAN/
AIQU,927971,BANK OF MONTREAL /CAN/
AIR,1750,AAR CORP
AIRE,1859199,reAlpha Tech Corp.
AIRG,1272842,AIRGAIN INC
AIRI,1009891,AIR INDUSTRIES GROUP
AIRJ,1855474,AirJoule Technologies Corp.
AIRJW,1855474,AirJoule Technologies Corp.
AIRO,1927958,"AIRO Group Holdings, Inc."
AIRS,1870940,"Airsculpt Technologies, Inc."
AIRT,353184,AIR T INC
AIRTP,353184,AIR T INC
AISP,1842566,"Airship AI Holdings, Inc."
AISPW,1842566,"Airship AI Holdings, Inc."
AIT,109563,APPLIED INDUSTRIAL TECHNOLOGIES INC
AIV,922864,APARTMENT INVESTMENT & MANAGEMENT CO
AIXC,1460702,"AIxCrypto Holdings, Inc."
AIXI,1935172,Xiao-I Corp
AIZ,1267238,"ASSURANT, INC."
AIZN,1267238,"ASSURANT, INC."
AJG,354190,Arthur J. Gallagher & Co.
AKA,1865107,A.K.A. BRANDS HOLDING CORP.
AKAM,1086222,AKAMAI TECHNOLOGIES INC
AKAN,1888014,AKANDA CORP.
AKBA,1517022,"Akebia Therapeutics, Inc."
AKR,899629,ACADIA REALTY TRUST
AKTS,2035832,"Aktis Oncology, Inc."
AKTX,1541157,Akari Therapeutics Plc
ALAB,1736297,"Astera Labs, Inc."
ALAR,1725332,Alarum Technologies Ltd.
ALB,915913,ALBEMARLE CORP
ALC,1167379,ALCON INC
ALCO,3545,"ALICO, INC."
ALDF,2031561,Aldel Financial II Inc.
ALDFU,2031561,Aldel Financial II Inc.
ALDFW,2031561,Aldel Financial II Inc.
ALDX,1341235,"Aldeyra Therapeutics, Inc."
ALEC,1653087,"Alector, Inc."
ALF,2010930,Centurion Acquisition Corp.
ALFUU,2010930,Centurion Acquisition Corp.
ALFUW,2010930,Centurion Acquisition Corp.
ALG,897077,ALAMO GROUP INC
ALGM,866291,"ALLEGRO MICROSYSTEMS, INC."
ALGN,1097149,ALIGN TECHNOLOGY INC
ALGS,1799448,"Aligos Therapeutics, Inc."
ALGT,1362468,Allegiant Travel CO
ALH,1317685,Alliance Laundry Holdings Inc.
ALHC,1832466,"Alignment Healthcare, Inc."
ALIS,2026767,Calisa Acquisition Corp
ALISR,2026767,Calisa Acquisition Corp
ALISU,2026767,Calisa Acquisition Corp
ALIT,1809104,"Alight, Inc. / Delaware"
ALK,766421,"ALASKA AIR GROUP, INC."
ALKS,1520262,Alkermes plc.
ALKT,1529274,"ALKAMI TECHNOLOGY, INC."
ALL,899051,ALLSTATE CORP
ALLE,1579241,Allegion plc
ALLO,1737287,"Allogene Therapeutics, Inc."
ALLR,1860657,"Allarity Therapeutics, Inc."
ALLT,1365767,Allot Ltd.
ALLY,40729,Ally Financial Inc.
ALM,1670061,Almonty Industries Inc.
ALMR,2104204,"Alamar Biosciences, Inc."
ALMS,1847367,ALUMIS INC.
ALMU,1828805,"Aeluma, Inc."
ALNT,46129,ALLIENT INC
ALNY,1178670,"ALNYLAM PHARMACEUTICALS, INC."
ALOV,2083989,"Aldabra 4 Liquidity Opportunity Vehicle, Inc."
ALOVU,2083989,"Aldabra 4 Liquidity Opportunity Vehicle, Inc."
ALOVW,2083989,"Aldabra 4 Liquidity Opportunity Vehicle, Inc."
ALOY,1567900,REALLOYS INC.
ALP,1095435,Alpha Compute Corp
ALPS,2025774,Alps Group Inc
ALPX,2125551,Alpex Acquisition Corp
ALPXR,2125551,Alpex Acquisition Corp
ALPXU,2125551,Alpex Acquisition Corp
ALPXW,2125551,Alpex Acquisition Corp
ALRM,1459200,"Alarm.com Holdings, Inc."
ALRS,903419,ALERUS FINANCIAL CORP
ALSN,1411207,Allison Transmission Holdings Inc
ALT,1326190,"Altimmune, Inc."
ALTG,1759824,ALTA EQUIPMENT GROUP INC.
ALTI,1838615,"AlTi Global, Inc."
ALTO,778164,"Alto Ingredients, Inc."
ALUB,2041493,Alussa Energy Acquisition Corp. II
ALV,1034670,AUTOLIV INC
ALVO,1898416,Alvotech
ALVOW,1898416,Alvotech
ALX,3499,ALEXANDERS INC
ALXO,1810182,ALX ONCOLOGY HOLDINGS INC
ALZN,1677077,"Alzamend Neuro, Inc."
AM,1623925,Antero Midstream Corp
AMAC,2110119,AMR Resources Acquisition Corp.
AMACU,2110119,AMR Resources Acquisition Corp.
AMACW,2110119,AMR Resources Acquisition Corp.
AMAL,1823608,Amalgamated Financial Corp.
AMAN,2112457,Amanat Acquisition Corp.
AMAT,6951,APPLIED MATERIALS INC /DE
AMBA,1280263,AMBARELLA INC
AMBO,1494558,Ambow Education Holding Ltd.
AMBP,1845097,Ardagh Metal Packaging S.A.
AMBQ,1500412,"Ambiq Micro, Inc."
AMBR,1697818,Amber International Holding Ltd
AMC,1411579,"AMC ENTERTAINMENT HOLDINGS, INC."
AMCI,1937891,AMC Robotics Corp
AMCR,1748790,Amcor plc
AMCX,1514991,AMC Global Media Inc.
AMD,2488,ADVANCED MICRO DEVICES INC
AME,1037868,AMETEK INC/
AMG,1004434,"AFFILIATED MANAGERS GROUP, INC."
AMGN,318154,AMGEN INC
AMH,1562401,American Homes 4 Rent
AMIX,1617867,"Autonomix Medical, Inc."
AMJB,19617,JPMORGAN CHASE & CO
AMKR,1047127,"AMKOR TECHNOLOGY, INC."
AMLX,1658551,"Amylyx Pharmaceuticals, Inc."
AMN,1142750,AMN HEALTHCARE SERVICES INC
AMOD,1862463,"ALPHA MODUS HOLDINGS, INC."
AMODW,1862463,"ALPHA MODUS HOLDINGS, INC."
AMP,820027,AMERIPRISE FINANCIAL INC
AMPG,1518461,"AmpliTech Group, Inc."
AMPGZ,1518461,"AmpliTech Group, Inc."
AMPH,1297184,"Amphastar Pharmaceuticals, Inc."
AMPL,1866692,"Amplitude, Inc."
AMPX,1899287,"Amprius Technologies, Inc."
AMPY,1533924,Amplify Energy Corp.
AMR,1704715,"Alpha Metallurgical Resources, Inc."
AMRC,1488139,"Ameresco, Inc."
AMRN,897448,AMARIN CORP PLC\UK
AMRX,1723128,"Amneal Pharmaceuticals, Inc."
AMRZ,2035989,Amrize Ltd
AMS,744825,AMERICAN SHARED HOSPITAL SERVICES
AMSC,880807,AMERICAN SUPERCONDUCTOR CORP /DE/
AMSF,1018979,AMERISAFE INC
AMSS,1851491,AMASS BRANDS
AMST,1807166,Amesite Inc.
AMT,1053507,AMERICAN TOWER CORP /MA/
AMTB,1734342,Amerant Bancorp Inc.
AMTD,1769731,AMTD IDEA GROUP
AMTM,2011286,"Amentum Holdings, Inc."
AMTX,738214,"AEMETIS, INC"
AMUB,1114446,UBS AG
AMWL,1393584,American Well Corp
AMX,1129137,AMERICA MOVIL SAB DE CV/
AMZE,1880343,"AMAZE HOLDINGS, INC."
AMZN,1018724,AMAZON COM INC
AN,350698,"AUTONATION, INC."
ANAB,1370053,"ANAPTYSBIO, INC"
ANDE,821026,"Andersons, Inc."
ANDG,2065708,Andersen Group Inc.
ANET,1596532,"Arista Networks, Inc."
ANF,1018840,ABERCROMBIE & FITCH CO /DE/
ANGH,1871983,Anghami Inc
ANGHW,1871983,Anghami Inc
ANGI,1705110,Angi Inc.
ANGO,1275187,ANGIODYNAMICS INC
ANGX,1865200,"Angel Studios, Inc."
ANIK,898437,"Anika Therapeutics, Inc."
ANIP,1023024,ANI PHARMACEUTICALS INC
ANIX,715446,Anixa Biosciences Inc
ANL,1944552,Adlai Nortye Group Ltd.
ANNA,1845123,"AleAnna, Inc."
ANNAW,1845123,"AleAnna, Inc."
ANNX,1528115,"Annexon, Inc."
ANPA,2031688,Rich Sparkle Holdings Ltd
ANRO,1999480,"Alto Neuroscience, Inc."
ANTA,2044255,Antalpha Platform Holding Co
ANTX,1880438,"AN2 Therapeutics, Inc."
ANVS,1477845,"Annovis Bio, Inc."
ANY,1591956,Sphere 3D Corp.
AOD,1379400,abrdn Total Dynamic Dividend Fund
AOMD,1766478,"Angel Oak Mortgage REIT, Inc."
AOMN,1766478,"Angel Oak Mortgage REIT, Inc."
AOMR,1766478,"Angel Oak Mortgage REIT, Inc."
AON,315293,Aon plc
AORT,784199,"ARTIVION, INC."
AOS,91142,SMITH A O CORP
AOSL,1387467,ALPHA & OMEGA SEMICONDUCTOR Ltd
AOUT,1808997,"American Outdoor Brands, Inc."
AP,6176,AMPCO PITTSBURGH CORP
APA,1841666,APA Corp
APAC,2043630,StoneBridge Acquisition II Corp
APACR,2043630,StoneBridge Acquisition II Corp
APACU,2043630,StoneBridge Acquisition II Corp
APAM,1517302,Artisan Partners Asset Management Inc.
APC,2080921,ARKO Petroleum Corp.
APD,2969,"Air Products & Chemicals, Inc."
APEI,1201792,AMERICAN PUBLIC EDUCATION INC
APG,1796209,APi Group Corp
APH,820313,AMPHENOL CORP /DE/
API,1802883,"Agora, Inc."
APLD,1144879,Applied Digital Corp.
APLE,1418121,"Apple Hospitality REIT, Inc."
APLM,1944885,Apollomics Inc.
APLMW,1944885,Apollomics Inc.
APMC,2101393,AmperCap Acquisition Co
APMCR,2101393,AmperCap Acquisition Co
APMCU,2101393,AmperCap Acquisition Co
APMD,1745648,"Apnimed, Inc."
APO,1858681,"Apollo Global Management, Inc."
APOG,6845,"APOGEE ENTERPRISES, INC."
APOS,1858681,"Apollo Global Management, Inc."
APP,1751008,AppLovin Corp
APPF,1433195,APPFOLIO INC
APPN,1441683,APPIAN CORP
APPS,317788,"Digital Turbine, Inc."
APRE,1781983,"Aprea Therapeutics, Inc."
APT,884269,ALPHA PRO TECH LTD
APTV,1521332,Aptiv PLC
APUR,2093524,Aperture AC
APURR,2093524,Aperture AC
APUS,1894525,"Apimeds Pharmaceuticals US, Inc."
APVO,1671584,Aptevo Therapeutics Inc.
APWC,1026980,ASIA PACIFIC WIRE & CABLE CORP LTD
APXT,2079253,Apex Treasury Corp
APXTU,2079253,Apex Treasury Corp
APXTW,2079253,Apex Treasury Corp
APYX,719135,Apyx Medical Corp
AQB,1603978,AQUABOUNTY TECHNOLOGIES INC
AQMS,1621832,"Aqua Metals, Inc."
AQN,1174169,ALGONQUIN POWER & UTILITIES CORP.
AQNB,1174169,ALGONQUIN POWER & UTILITIES CORP.
AQST,1398733,"Aquestive Therapeutics, Inc."
AR,1433270,ANTERO RESOURCES Corp
ARAI,1818274,Arrive AI Inc.
ARAY,1138723,ACCURAY INC
ARBB,1930179,ARB IOT Group Ltd
ARBE,1861841,Arbe Robotics Ltd.
ARBEW,1861841,Arbe Robotics Ltd.
ARBK,1841675,Argo Blockchain Plc
ARCB,894405,ARCBEST CORP /TX/
ARCC,1287750,ARES CAPITAL CORP
ARCI,2083910,Archimedes Tech SPAC Partners III Co.
ARCIU,2083910,Archimedes Tech SPAC Partners III Co.
ARCIW,2083910,Archimedes Tech SPAC Partners III Co.
ARCL,2073515,ARC Group Acquisition I Corp.
ARCLR,2073515,ARC Group Acquisition I Corp.
ARCLU,2073515,ARC Group Acquisition I Corp.
ARCLW,2073515,ARC Group Acquisition I Corp.
ARCO,1508478,Arcos Dorados Holdings Inc.
ARCT,1768224,Arcturus Therapeutics Holdings Inc.
ARDC,1515324,"Ares Dynamic Credit Allocation Fund, Inc."
ARDT,1756655,"Ardent Health, Inc."
ARDX,1437402,"ARDELYX, INC."
ARE,1035443,"ALEXANDRIA REAL ESTATE EQUITIES, INC."
AREC,1590715,American Resources Corp
ARES,1176948,Ares Management Corp
ARGX,1697862,ARGENX SE
ARHS,1875444,"Arhaus, Inc."
ARI,1467760,"Apollo Commercial Real Estate Finance, Inc."
ARIS,1964504,Aris Mining Corp
ARKB,1869699,Ark 21Shares Bitcoin ETF
ARKO,1823794,ARKO Corp.
ARKR,779544,ARK RESTAURANTS CORP
ARL,1102238,AMERICAN REALTY INVESTORS INC
ARLO,1736946,"Arlo Technologies, Inc."
ARLP,1086600,ALLIANCE RESOURCE PARTNERS LP
ARM,1973239,ARM HOLDINGS PLC /UK
ARMK,1584509,Aramark
ARMP,921114,"Armata Pharmaceuticals, Inc."
AROC,1389050,"Archrock, Inc."
AROW,717538,ARROW FINANCIAL CORP
ARQ,1515156,"Arq, Inc."
ARQQ,1859690,Arqit Quantum Inc.
ARQQW,1859690,Arqit Quantum Inc.
ARQT,1787306,"Arcutis Biotherapeutics, Inc."
ARR,1428205,"Armour Residential REIT, Inc."
ARRY,1820721,"Array Technologies, Inc."
ARTC,2086545,Art Technology Acquisition Corp.
ARTCU,2086545,Art Technology Acquisition Corp.
ARTCW,2086545,Art Technology Acquisition Corp.
ARTL,1621221,"ARTELO BIOSCIENCES, INC."
ARTNA,863110,ARTESIAN RESOURCES CORP
ARTV,1817241,"Artiva Biotherapeutics, Inc."
ARTW,7623,ARTS WAY MANUFACTURING CO INC
ARVN,1655759,"ARVINAS, INC."
ARW,7536,"ARROW ELECTRONICS, INC."
ARWR,879407,"ARROWHEAD PHARMACEUTICALS, INC."
ARX,1997350,Accelerant Holdings
ARXS,2093536,"Arxis, Inc."
AS,1988894,"Amer Sports, Inc."
ASA,1230869,ASA Gold & Precious Metals Ltd
ASAN,1477720,"Asana, Inc."
ASB,7789,ASSOCIATED BANC-CORP
ASBA,7789,ASSOCIATED BANC-CORP
ASBP,1847345,"Aspire Biopharma Holdings, Inc."
ASBPW,1847345,"Aspire Biopharma Holdings, Inc."
ASC,1577437,Ardmore Shipping Corp
ASG,786035,LIBERTY ALL STAR GROWTH FUND INC.
ASGI,1793855,abrdn Global Infrastructure Income Fund
ASH,1674862,ASHLAND INC.
ASIC,2040491,Ategrity Specialty Insurance Co Holdings
ASIX,1673985,AdvanSix Inc.
ASLE,1754170,AerSale Corp
ASM,316888,AVINO SILVER & GOLD MINES LTD
ASMB,1426800,"ASSEMBLY BIOSCIENCES, INC."
ASML,937966,ASML HOLDING NV
ASND,1612042,Ascendis Pharma A/S
ASO,1817358,"Academy Sports & Outdoors, Inc."
ASPC,1890361,ASPAC III Acquisition Corp.
ASPCR,1890361,ASPAC III Acquisition Corp.
ASPCU,1890361,ASPAC III Acquisition Corp.
ASPI,1921865,ASP Isotopes Inc.
ASPN,1145986,ASPEN AEROGELS INC
ASPS,1462418,ALTISOURCE PORTFOLIO SOLUTIONS S.A.
ASPSW,1462418,ALTISOURCE PORTFOLIO SOLUTIONS S.A.
ASPSZ,1462418,ALTISOURCE PORTFOLIO SOLUTIONS S.A.
ASR,1123452,SOUTHEAST AIRPORT GROUP
ASRV,707605,AMERISERV FINANCIAL INC /PA/
ASST,1920406,"Strive, Inc."
ASTC,1001907,ASTROTECH Corp
ASTE,792987,ASTEC INDUSTRIES INC
ASTH,1083446,"Astrana Health, Inc."
ASTI,1350102,"Ascent Solar Technologies, Inc."
ASTL,1860805,Algoma Steel Group Inc.
ASTLW,1860805,Algoma Steel Group Inc.
ASTS,1780312,"AST SpaceMobile, Inc."
ASUR,884144,ASURE SOFTWARE INC
ASX,1122411,"ASE Technology Holding Co., Ltd."
ASYS,720500,AMTECH SYSTEMS INC
ATAI,2081043,AtaiBeckley Inc.
ATAT,1853717,Atour Lifestyle Holdings Ltd
ATCH,1963088,"AtlasClear Holdings, Inc."
ATCX,1684688,ATLAS CRITICAL MINERALS Corp
ATEC,1350653,"Alphatec Holdings, Inc."
ATEN,1580808,"A10 Networks, Inc."
ATER,1757715,"Aterian, Inc."
ATEX,1304492,Anterix Inc.
ATGL,1967621,Alpha Technology Group Ltd
ATHE,1131343,ALTERITY THERAPEUTICS LTD
ATHM,1527636,Autohome Inc.
ATHR,2026353,"Aether Holdings, Inc."
ATHS,1527469,Athene Holding Ltd.
ATI,1018963,ATI INC
ATII,2028516,Archimedes Tech SPAC Partners II Co.
ATIIU,2028516,Archimedes Tech SPAC Partners II Co.
ATIIW,2028516,Archimedes Tech SPAC Partners II Co.
ATKR,1666138,Atkore Inc.
ATLC,1464343,Atlanticus Holdings Corp
ATLCL,1464343,Atlanticus Holdings Corp
ATLCP,1464343,Atlanticus Holdings Corp
ATLCZ,1464343,Atlanticus Holdings Corp
ATLO,1132651,AMES NATIONAL CORP
ATLQ,2128739,JAB Acquisition Corp I
ATLQR,2128739,JAB Acquisition Corp I
ATLQU,2128739,JAB Acquisition Corp I
ATLQW,2128739,JAB Acquisition Corp I
ATLX,1540684,Atlas Lithium Corp
ATMP,312070,BARCLAYS BANK PLC
ATMU,1921963,Atmus Filtration Technologies Inc.
ATNI,879585,"ATN International, Inc."
ATNM,1388320,"Actinium Pharmaceuticals, Inc."
ATO,731802,ATMOS ENERGY CORP
ATOM,1420520,Atomera Inc
ATOS,1488039,"ATOSSA THERAPEUTICS, INC."
ATPC,1713210,Agape ATP Corp
ATR,896622,"APTARGROUP, INC."
ATRA,1604464,"Atara Biotherapeutics, Inc."
ATRC,1323885,"AtriCure, Inc."
ATRO,8063,ASTRONICS CORP
ATS,1394832,ATS Corp /ATS
ATTO,2058707,"Attovia Therapeutics, Inc."
ATTT,1948443,Raytech Holding Ltd
ATXG,1650101,ADDENTAX GROUP CORP.
ATYR,1339970,aTYR PHARMA INC
AU,1973832,AngloGold Ashanti PLC
AUB,883948,Atlantic Union Bankshares Corp
AUBN,750574,"AUBURN NATIONAL BANCORPORATION, INC"
AUC,1755058,ATIF Holdings Ltd
AUDC,1086434,AUDIOCODES LTD
AUGO,1468642,Aura Minerals Inc.
AUID,1534154,authID Inc.
AUNA,1799207,AUNA S.A.
AUPH,1600620,Aurinia Pharmaceuticals Inc.
AUR,1828108,"Aurora Innovation, Inc."
AURA,1501796,"Aura Biosciences, Inc."
AURE,1765850,Aurelion Inc.
AUROW,1828108,"Aurora Innovation, Inc."
AUST,1817740,Austin Gold Corp.
AUTL,1730463,Autolus Therapeutics plc
AUUD,1554818,AUDDIA INC.
AUXX,1961592,Gold X2 Mining Inc.
AVA,104918,AVISTA CORP
AVAH,1832332,"Aveanna Healthcare Holdings, Inc."
AVAL,1504764,Grupo Aval Acciones Y Valores S.A.
AVAT,2092446,Avalanche Treasury Corp
AVAV,1368622,AeroVironment Inc
AVBC,2058758,"Avidia Bancorp, Inc."
AVBH,1443575,"Avidbank Holdings, Inc."
AVBP,1868279,"ArriVent BioPharma, Inc."
AVD,5981,AMERICAN VANGUARD CORP
AVEX,2096300,AEVEX Corp.
AVGO,1730168,Broadcom Inc.
AVIR,1593899,"Atea Pharmaceuticals, Inc."
AVK,1219120,ADVENT CONVERTIBLE & INCOME FUND
AVLN,1540171,Avalyn Pharma Inc.
AVNT,1122976,AVIENT CORP
AVNW,1377789,"AVIAT NETWORKS, INC."
AVO,1802974,"Mission Produce, Inc."
AVPT,1777921,"AvePoint, Inc."
AVR,2011514,Anteris Technologies Global Corp.
AVT,8858,AVNET INC
AVTR,1722482,"Avantor, Inc."
AVTX,1534120,"Avalo Therapeutics, Inc."
AVX,1826397,AVAX ONE TECHNOLOGY LTD.
AVXL,1314052,ANAVEX LIFE SCIENCES CORP.
AVY,8818,Avery Dennison Corp
AWF,906013,ALLIANCEBERNSTEIN GLOBAL HIGH INCOME FUND INC
AWI,7431,ARMSTRONG WORLD INDUSTRIES INC
AWK,1410636,"American Water Works Company, Inc."
AWP,1390195,abrdn Global Premier Properties Fund
AWR,1056903,AMERICAN STATES WATER CO
AWRE,1015739,AWARE INC /MA/
AWX,1061069,AVALON HOLDINGS CORP
AX,1299709,"Axos Financial, Inc."
AXG,1959224,"Solowin Holdings, Ltd."
AXGN,805928,"Axogen, Inc."
AXIL,1718500,"Axil Brands, Inc."
AXIN,2057030,Axiom Intelligence Acquisition Corp 1
AXINR,2057030,Axiom Intelligence Acquisition Corp 1
AXINU,2057030,Axiom Intelligence Acquisition Corp 1
AXON,1069183,"AXON ENTERPRISE, INC."
AXP,4962,AMERICAN EXPRESS CO
AXR,6207,AMREP CORP.
AXS,1214816,AXIS CAPITAL HOLDINGS LTD
AXSM,1579428,"Axsome Therapeutics, Inc."
AXTA,1616862,Axalta Coating Systems Ltd.
AXTI,1051627,AXT INC
AYA,1826836,Aya Gold & Silver Inc.
AYI,1144215,ACUITY INC. (DE)
AYR,1362988,Aircastle LTD
AYTU,1385818,"AYTU BIOPHARMA, INC"
AZ,1866030,A2Z CUST2MATE SOLUTIONS CORP.
AZI,1959726,Autozi Internet Technology (Global) Ltd.
AZIO,1563568,"AZIO AI HOLDINGS, INC."
AZN,901832,ASTRAZENECA PLC
AZO,866787,AUTOZONE INC
AZTA,933974,"Azenta, Inc."
AZTR,1701478,"Azitra, Inc."
AZUL,1432364,AZUL SA
AZZ,8947,AZZ INC
B,756894,BARRICK MINING CORP
BA,12927,BOEING CO
BABA,1577552,Alibaba Group Holding Ltd
BAC,70858,BANK OF AMERICA CORP /DE/
BACC,2059654,Blue Acquisition Corp/Cayman
BACCR,2059654,Blue Acquisition Corp/Cayman
BACCU,2059654,Blue Acquisition Corp/Cayman
BAER,1941536,"Bridger Aerospace Group Holdings, Inc."
BAERW,1941536,"Bridger Aerospace Group Holdings, Inc."
BAFN,1649739,BayFirst Financial Corp.
BAH,1443646,Booz Allen Hamilton Holding Corp
BAK,1071438,BRASKEM SA
BALL,9389,BALL Corp
BALY,1747079,Bally's Corp
BAM,1937926,Brookfield Asset Management Ltd.
BANC,1169770,"BANC OF CALIFORNIA, INC."
BAND,1514416,Bandwidth Inc.
BANF,760498,BANCFIRST CORP /OK/
BANFP,760498,BANCFIRST CORP /OK/
BANL,1914805,CBL International Ltd
BANR,946673,BANNER CORP
BANX,1578987,ArrowMark Financial Corp.
BAOS,1811216,Baosheng Media Group Holdings Ltd
BAP,1001290,CREDICORP LTD
BAR,1690437,GraniteShares Gold Trust
BARK,1819574,"Bark, Inc."
BATL,1282648,BATTALION OIL CORP
BATRA,1958140,"Atlanta Braves Holdings, Inc."
BATRK,1958140,"Atlanta Braves Holdings, Inc."
BAVA,2086017,Bitwise Avalanche ETF
BAX,10456,BAXTER INTERNATIONAL INC
BB,1070235,BLACKBERRY Ltd
BBAI,1836981,"BigBear.ai Holdings, Inc."
BBAR,913059,Banco BBVA Argentina S.A.
BBBYW,1130713,"NEIGHBORHOOD INTELLIGENCE, INC."
BBCP,1703956,"Concrete Pumping Holdings, Inc."
BBD,1160330,BANK BRADESCO
BBDC,1379785,"Barings BDC, Inc."
BBDO,1160330,BANK BRADESCO
BBGI,1099160,BEASLEY BROADCAST GROUP INC
BBIO,1743881,"BridgeBio Pharma, Inc."
BBLG,1419554,Bone Biologics Corp
BBLGW,1419554,Bone Biologics Corp
BBN,1493683,BlackRock Taxable Municipal Bond Trust
BBNX,1674632,"Beta Bionics, Inc."
BBOT,1869105,"BridgeBio Oncology Therapeutics, Inc."
BBSI,902791,BARRETT BUSINESS SERVICES INC
BBT,1108134,Beacon Financial Corp
BBUC,1654795,Brookfield Business Corp
BBVA,842180,"BANCO BILBAO VIZCAYA ARGENTARIA, S.A."
BBW,1113809,BUILD-A-BEAR WORKSHOP INC
BBWI,701985,"Bath & Body Works, Inc."
BBY,764478,BEST BUY CO INC
BC,14930,BRUNSWICK CORP
BCAL,1795815,California BanCorp \ CA
BCAT,1809541,BlackRock Capital Allocation Term Trust
BCAX,2023658,Bicara Therapeutics Inc.
BCBP,1228454,BCB BANCORP INC
BCC,1328581,BOISE CASCADE Co
BCCQ,2128045,Bleichroeder Acquisition Corp. III
BCCQU,2128045,Bleichroeder Acquisition Corp. III
BCCQW,2128045,Bleichroeder Acquisition Corp. III
BCDA,925741,"BioCardia, Inc."
BCE,718940,BCE INC
BCG,1953984,"Binah Capital Group, Inc."
BCGWW,1953984,"Binah Capital Group, Inc."
BCH,1161125,BANK OF CHILE
BCHT,728385,Birchtech Corp.
BCIC,1372807,BCP Investment Corp
BCML,1730984,BayCom Corp
BCO,78890,BRINKS CO
BCPC,9326,BALCHEM CORP
BCRX,882796,BIOCRYST PHARMACEUTICALS INC
BCS,312069,BARCLAYS PLC
BCSF,1655050,"Bain Capital Specialty Finance, Inc."
BCSS,2064355,Bain Capital GSS Investment Corp.
BCTX,1610820,BriaCell Therapeutics Corp.
BCTXL,1610820,BriaCell Therapeutics Corp.
BCTXZ,1610820,BriaCell Therapeutics Corp.
BCV,9521,BANCROFT FUND LTD
BCX,1506289,BlackRock Resources & Commodities Strategy Trust
BCYC,1761612,BICYCLE THERAPEUTICS PLC
BDC,913142,BELDEN INC.
BDCI,2042292,BTC Development Corp.
BDCIU,2042292,BTC Development Corp.
BDCIW,2042292,BTC Development Corp.
BDCX,1114446,UBS AG
BDCZ,1114446,UBS AG
BDJ,1332283,BlackRock Enhanced Equity Dividend Trust
BDL,12040,FLANIGANS ENTERPRISES INC
BDMD,1982444,Baird Medical Investment Holdings Ltd
BDMDW,1982444,Baird Medical Investment Holdings Ltd
BDN,790816,BRANDYWINE REALTY TRUST
BDRX,1643918,Biodexa Pharmaceuticals Plc
BDRY,1610940,Amplify Commodity Trust
BDSX,1439725,BIODESIX INC
BDTX,1701541,"Black Diamond Therapeutics, Inc."
BDX,10795,BECTON DICKINSON & CO
BE,1664703,Bloom Energy Corp
BEAG,1852207,Bold Eagle Acquisition Corp.
BEAGR,1852207,Bold Eagle Acquisition Corp.
BEAGU,1852207,Bold Eagle Acquisition Corp.
BEAM,1745999,Beam Therapeutics Inc.
BEAT,1779372,"HeartBeam, Inc."
BEATW,1779372,"HeartBeam, Inc."
BEBE,2079933,TGE Value Creative Solutions Corp
BEEM,1398805,Beam Global
BEEP,1847874,Mobile Infrastructure Corp
BEKE,1809587,KE Holdings Inc.
BELFA,729580,BEL FUSE INC /NJ
BELFB,729580,BEL FUSE INC /NJ
BEN,38777,FRANKLIN TEMPLETON INC
BENF,1775734,Beneficient
BENFW,1775734,Beneficient
BEP,1533232,Brookfield Renewable Partners L.P.
BEPC,1791863,Brookfield Renewable Corp
BEPH,1533232,Brookfield Renewable Partners L.P.
BEPI,1533232,Brookfield Renewable Partners L.P.
BEPJ,1533232,Brookfield Renewable Partners L.P.
BERZ,927971,BANK OF MONTREAL /CAN/
BESS,1066764,Bimergen Energy Corp
BETA,1784570,"BETA Technologies, Inc."
BETR,1835856,Better Home & Finance Holding Co
BETRW,1835856,Better Home & Finance Holding Co
BFAM,1437578,BRIGHT HORIZONS FAMILY SOLUTIONS INC.
BFC,1746109,Bank First Corp
BFH,1101215,"BREAD FINANCIAL HOLDINGS, INC."
BFLY,1804176,"Butterfly Network, Inc."
BFRG,1829247,"BullFrog AI Holdings, Inc."
BFRGW,1829247,"BullFrog AI Holdings, Inc."
BFRI,1858685,Biofrontera Inc.
BFRIW,1858685,Biofrontera Inc.
BFS,907254,"SAUL CENTERS, INC."
BFST,1624322,"Business First Bancshares, Inc."
BG,1996862,Bunge Global SA
BGB,1546429,Blackstone Strategic Credit 2027 Term Fund
BGC,1094831,"BGC Group, Inc."
BGDE,1218683,"Big Digital Energy, Inc."
BGH,1521404,BARINGS GLOBAL SHORT DURATION HIGH YIELD FUND
BGIN,1945565,BGIN BLOCKCHAIN Ltd
BGL,2019435,Blue Gold Ltd
BGLC,1737523,BioNexus Gene Lab Corp
BGLWW,2019435,Blue Gold Ltd
BGM,1779578,BGM Group Ltd.
BGMS,1130166,"Bio Green Med Solution, Inc."
BGR,1306550,BlackRock Energy & Resources Trust
BGS,1278027,"B&G Foods, Inc."
BGSF,1474903,"BGSF, INC."
BGSI,2091467,Boyd Group Services Inc.
BGT,1287480,BLACKROCK FLOATING RATE INCOME TRUST
BGX,1504234,Blackstone Long-Short Credit Income Fund
BGY,1393299,BlackRock Enhanced International Dividend Trust
BH,1726173,Biglari Holdings Inc.
BHAV,2097288,BHAV Acquisition Corp
BHAVR,2097288,BHAV Acquisition Corp
BHAVU,2097288,BHAV Acquisition Corp
BHB,743367,BAR HARBOR BANKSHARES
BHC,885590,Bausch Health Companies Inc.
BHE,863436,BENCHMARK ELECTRONICS INC
BHF,1685040,"Brighthouse Financial, Inc."
BHFAL,1685040,"Brighthouse Financial, Inc."
BHFAM,1685040,"Brighthouse Financial, Inc."
BHFAN,1685040,"Brighthouse Financial, Inc."
BHFAO,1685040,"Brighthouse Financial, Inc."
BHFAP,1685040,"Brighthouse Financial, Inc."
BHK,1160864,BLACKROCK CORE BOND TRUST
BHM,1903382,"Bluerock Homes Trust, Inc."
BHP,811809,BHP Group Ltd
BHR,1574085,Braemar Hotels & Resorts Inc.
BHRB,1964333,Burke & Herbert Financial Services Corp.
BHST,1723464,BIOHARVEST SCIENCES INC.
BHV,1169034,BLACKROCK VIRGINIA MUNICIPAL BOND TRUST
BHVN,1935979,Biohaven Ltd.
BHYP,2088139,Bitwise Hyperliquid ETF
BIAF,1712762,"bioAffinity Technologies, Inc."
BIAFW,1712762,"bioAffinity Technologies, Inc."
BID,2094919,Tribeca Strategic Acquisition Corp.
BIDU,1329099,"Baidu, Inc."
BIDWR,2094919,Tribeca Strategic Acquisition Corp.
BIDWU,2094919,Tribeca Strategic Acquisition Corp.
BIIB,875045,BIOGEN INC.
BIII,2087087,Black Spade Acquisition III Co
BILI,1723690,Bilibili Inc.
BILL,1786352,"BILL Holdings, Inc."
BIO,12208,"BIO-RAD LABORATORIES, INC."
BIOA,1709941,"BioAge Labs, Inc."
BIOT,2072188,INSTINCT BIO TECHNICAL CO HOLDINGS INC.
BIOTW,2072188,INSTINCT BIO TECHNICAL CO HOLDINGS INC.
BIOX,1769484,Bioceres Crop Solutions Corp.
BIP,1406234,Brookfield Infrastructure Partners L.P.
BIPC,1788348,Brookfield Infrastructure Corp
BIPH,1406234,Brookfield Infrastructure Partners L.P.
BIPI,1406234,Brookfield Infrastructure Partners L.P.
BIPJ,1406234,Brookfield Infrastructure Partners L.P.
BIRD,1653909,"Smartbird, Inc."
BIRK,1977102,Birkenstock Holding plc
BIT,1562818,BlackRock Multi-Sector Income Trust
BITA,2089969,iShares Bitcoin Premium Income ETF
BITB,1763415,Bitwise Bitcoin ETF
BITW,1723788,Bitwise 10 Crypto Index ETF
BIVI,1580149,BIOVIE INC.
BIVIW,1580149,BIOVIE INC.
BIXI,2082542,Bitcoin Infrastructure Acquisition Corp Ltd
BIXIU,2082542,Bitcoin Infrastructure Acquisition Corp Ltd
BIXIW,2082542,Bitcoin Infrastructure Acquisition Corp Ltd
BIYA,1944712,Baiya International Group Inc.
BJ,1531152,"BJ's Wholesale Club Holdings, Inc."
BJDX,1704287,"Bluejay Diagnostics, Inc."
BJRI,1013488,BJs RESTAURANTS INC
BKD,1332349,Brookdale Senior Living Inc.
BKE,885245,BUCKLE INC
BKH,1130464,BLACK HILLS CORP /SD/
BKHA,2000775,Black Hawk Acquisition Corp
BKHAR,2000775,Black Hawk Acquisition Corp
BKHAU,2000775,Black Hawk Acquisition Corp
BKKT,1820302,"Bakkt, Inc."
BKNG,1075531,Booking Holdings Inc.
BKR,1701605,Baker Hughes Co
BKSY,1753539,BlackSky Technology Inc.
BKT,832327,"BLACKROCK INCOME TRUST, INC."
BKTI,2186,BK Technologies Corp
BKU,1504008,"BankUnited, Inc."
BKV,1838406,BKV Corp
BKYI,1019034,BIO KEY INTERNATIONAL INC
BL,1666134,"BLACKLINE, INC."
BLBD,1589526,Blue Bird Corp
BLCO,1860742,Bausch & Lomb Corp
BLDP,1453015,Ballard Power Systems Inc.
BLDR,1316835,"Builders FirstSource, Inc."
BLFS,834365,BIOLIFE SOLUTIONS INC
BLIN,1378590,"Bridgeline Digital, Inc."
BLIV,1982448,BeLive Holdings
BLK,2012383,"BlackRock, Inc."
BLKB,1280058,BLACKBAUD INC
BLLN,2070849,"BillionToOne, Inc."
BLMN,1546417,"Bloomin' Brands, Inc."
BLND,1855747,"Blend Labs, Inc."
BLNE,1534708,"Beeline Holdings, Inc."
BLNK,1429764,Blink Charging Co.
BLRK,2081532,Bluerock Acquisition Corp.
BLRKU,2081532,Bluerock Acquisition Corp.
BLRKW,2081532,Bluerock Acquisition Corp.
BLRX,1498403,BioLineRx Ltd.
BLSH,1872195,Bullish
BLSM,1839970,"BlossomHill Therapeutics, Inc."
BLTE,1889109,"BELITE BIO, INC"
BLUW,2050501,Blue Water Acquisition Corp. III
BLUWU,2050501,Blue Water Acquisition Corp. III
BLUWW,2050501,Blue Water Acquisition Corp. III
BLW,1233681,BLACKROCK Ltd DURATION INCOME TRUST
BLX,890541,"BLADEX, INC."
BLZE,1462056,"Backblaze, Inc."
BLZR,2075310,Trailblazer Acquisition Corp.
BLZRU,2075310,Trailblazer Acquisition Corp.
BLZRW,2075310,Trailblazer Acquisition Corp.
BMA,1347426,Macro Bank Inc.
BMBL,1830043,Bumble Inc.
BME,1314966,BlackRock Health Sciences Trust
BMEA,1840439,"Biomea Fusion, Inc."
BMEZ,1785971,BlackRock Health Sciences Term Trust
BMGL,2004489,Basel Medical Group Ltd
BMHL,2027815,Bluemount Holdings Ltd
BMI,9092,BADGER METER INC
BMM,1732379,Blue Moon Metals Inc.
BMN,1832871,BlackRock 2037 Municipal Target Term Trust
BMNP,1829311,"BITMINE IMMERSION TECHNOLOGIES, INC."
BMNR,1829311,"BITMINE IMMERSION TECHNOLOGIES, INC."
BMO,927971,BANK OF MONTREAL /CAN/
BMR,1899005,Beamr Imaging Ltd.
BMRA,73290,BIOMERICA INC
BMRC,1403475,Bank of Marin Bancorp
BMRN,1048477,BIOMARIN PHARMACEUTICAL INC
BMY,14272,BRISTOL MYERS SQUIBB CO
BN,1001085,BROOKFIELD Corp /ON/
BNAI,1838163,Brand Engagement Network Inc.
BNAIW,1838163,Brand Engagement Network Inc.
BNC,1482541,CEA Industries Inc.
BNCWW,1482541,CEA Industries Inc.
BNCWZ,1482541,CEA Industries Inc.
BNED,1634117,"Barnes & Noble Education, Inc."
BNGO,1411690,"Bionano Genomics, Inc."
BNH,1001085,BROOKFIELD Corp /ON/
BNJ,1001085,BROOKFIELD Corp /ON/
BNKD,927971,BANK OF MONTREAL /CAN/
BNKK,1760903,"BONK, INC."
BNKU,927971,BANK OF MONTREAL /CAN/
BNL,1424182,"Broadstone Net Lease, Inc."
BNO,1472494,"United States Brent Oil Fund, LP"
BNR,1792267,Burning Rock Biotech Ltd
BNS,9631,BANK OF NOVA SCOTIA
BNT,1837429,Brookfield Wealth Solutions Ltd.
BNTC,1808898,Benitec Biopharma Inc.
BNTX,1776985,BioNTech SE
BNY,1390777,Bank of New York Mellon Corp
BOBS,2085187,"Bob's Discount Furniture, Inc."
BOC,1494582,BOSTON OMAHA Corp
BODI,1826889,"Beachbody Company, Inc."
BOE,1320375,BlackRock Enhanced Global Dividend Trust
BOF,1962481,BranchOut Food Inc.
BOH,46195,BANK OF HAWAII CORP
BOIL,1415311,ProShares Trust II
BOKF,875357,BOK FINANCIAL CORP
BOLD,1782303,"Boundless Bio, Inc."
BOLT,1641281,"Bolt Biotherapeutics, Inc."
BON,1816815,Bon Natural Life Ltd
BOOM,34067,DMC Global Inc.
BOOT,1610250,"Boot Barn Holdings, Inc."
BORR,1715497,Borr Drilling Ltd
BOSC,1005516,BOS BETTER ONLINE SOLUTIONS LTD
BOT,2081119,"RoboStrategy, Inc."
BOTJ,1275101,BANK OF THE JAMES FINANCIAL GROUP INC
BOW,2002473,Bowhead Specialty Holdings Inc.
BOX,1372612,BOX INC
BOXL,1624512,Boxlight Corp
BP,313807,BP PLC
BPAC,2064177,Blueport Acquisition Ltd
BPACR,2064177,Blueport Acquisition Ltd
BPACU,2064177,Blueport Acquisition Ltd
BPOP,763901,"POPULAR, INC."
BPOPM,763901,"POPULAR, INC."
BPRE,1551047,Bluerock Private Real Estate Fund
BPRN,1913971,"Princeton Bancorp, Inc."
BPYPM,1545772,Brookfield Property Partners L.P.
BPYPN,1545772,Brookfield Property Partners L.P.
BPYPO,1545772,Brookfield Property Partners L.P.
BPYPP,1545772,Brookfield Property Partners L.P.
BQ,1815021,Boqii Holding Ltd
BR,1383312,"BROADRIDGE FINANCIAL SOLUTIONS, INC."
BRAG,1867834,Bragg Gaming Group Inc.
BRAI,2076975,Braiin Ltd
BRBI,2058601,BRBI BR Partners S.A.
BRBR,1772016,"BELLRING BRANDS, INC."
BRBS,842717,"BLUE RIDGE BANKSHARES, INC."
BRC,746598,BRADY CORP
BRCB,2068577,"Black Rock Coffee Bar, Inc."
BRCC,1891101,BRC Inc.
BREZ,2095443,Breeze Acquisition Corp. II
BREZR,2095443,Breeze Acquisition Corp. II
BRFH,1487197,BARFRESH FOOD GROUP INC.
BRIA,2000230,BrilliA Inc
BRID,14177,BRIDGFORD FOODS CORP
BRKH,2098707,Burtech Acquisition Corp II
BRKHU,2098707,Burtech Acquisition Corp II
BRKHW,2098707,Burtech Acquisition Corp II
BRKR,1109354,BRUKER CORP
BRKRP,1109354,BRUKER CORP
BRLS,1852973,Borealis Foods Inc.
BRLSW,1852973,Borealis Foods Inc.
BRLT,1866757,"Brilliant Earth Group, Inc."
BRN,10048,BARNWELL INDUSTRIES INC
BRNX,1901215,BRENX LTD.
BRO,79282,"BROWN & BROWN, INC."
BROS,1866581,Dutch Bros Inc.
BRR,2076163,"ProCap Financial, Inc."
BRRR,1841175,CoinShares Bitcoin ETF
BRRWW,2076163,"ProCap Financial, Inc."
BRSL,1619762,Brightstar Lottery PLC
BRSP,1717547,"BrightSpire Capital, Inc."
BRT,14846,BRT Apartments Corp.
BRTM,2131350,B&R Technology Merger Corp.
BRTMU,2131350,B&R Technology Merger Corp.
BRTMW,2131350,B&R Technology Merger Corp.
BRTX,1505497,"BioRestorative Therapies, Inc."
BRUN,2090646,Boost Run Inc.
BRVE,2131524,"Braveheart Bio, Inc."
BRW,826020,Saba Capital Income & Opportunities Fund
BRX,1581068,Brixmor Property Group Inc.
BRZD,927971,BANK OF MONTREAL /CAN/
BRZE,1676238,"Braze, Inc."
BRZL,927971,BANK OF MONTREAL /CAN/
BSAA,2051587,BEST SPAC I Acquisition Corp.
BSAAR,2051587,BEST SPAC I Acquisition Corp.
BSAAU,2051587,BEST SPAC I Acquisition Corp.
BSAC,1027552,BANCO SANTANDER CHILE
BSBK,1787414,Bogota Financial Corp.
BSBR,1471055,Banco Santander (Brasil) S.A.
BSEM,1658678,"BioStem Technologies, Inc."
BSET,10329,BASSETT FURNITURE INDUSTRIES INC
BSIN,101594,BIG SKY INDUSTRIAL INC.
BSL,1486298,Blackstone Senior Floating Rate 2027 Term Fund
BSM,1621434,"Black Stone Minerals, L.P."
BSOL,2045872,Bitwise Solana Staking ETF
BSP,2004711,Bending Spoons S.p.A.
BSRR,1130144,SIERRA BANCORP
BST,1616678,BlackRock Science & Technology Trust
BSTZ,1768666,BlackRock Science & Technology Term Trust
BSVN,1746129,Bank7 Corp.
BSX,885725,BOSTON SCIENTIFIC CORP
BSY,1031308,BENTLEY SYSTEMS INC
BTA,1343793,BlackRock Long-Term Municipal Advantage Trust
BTBD,1718224,"BT Brands, Inc."
BTBDW,1718224,"BT Brands, Inc."
BTBT,1710350,"Bit Digital, Inc"
BTC,2015034,Grayscale Bitcoin Mini Trust ETF
BTCK,1471824,Teucrium Commodity Trust
BTCO,1855781,Invesco Galaxy Bitcoin ETF
BTCS,1436229,BTCS Inc.
BTCT,1796514,BTC Digital Ltd.
BTCW,1850391,WisdomTree Bitcoin Fund
BTDR,1899123,Bitdeer Technologies Group
BTE,1279495,BAYTEX ENERGY CORP.
BTG,1429937,B2GOLD CORP
BTGO,1740604,"BITGO HOLDINGS, INC."
BTI,1303523,British American Tobacco p.l.c.
BTLN,1854445,"Glimpse Group, Inc."
BTMD,1819253,biote Corp.
BTO,925683,JOHN HANCOCK FINANCIAL OPPORTUNITIES FUND
BTOC,1972529,Armlogi Holding Corp.
BTQ,1821866,BTQ Technologies Corp.
BTSG,1865782,"BrightSpring Health Services, Inc."
BTSGU,1865782,"BrightSpring Health Services, Inc."
BTT,1528437,BlackRock Municipal 2030 Target Term Trust
BTTC,2034400,Black Titan Corp
BTU,1064728,PEABODY ENERGY CORP
BTX,1836057,BlackRock Technology & Private Equity Term Trust
BTZ,1379384,BLACKROCK CREDIT ALLOCATION INCOME TRUST
BUD,1668717,Anheuser-Busch InBev SA/NV
BUDA,2079720,"BUDA JUICE, INC."
BUI,1528988,"BlackRock Utilities, Infrastructure & Power Opportunities Trust"
BULL,1866364,Webull Corp
BULLW,1866364,Webull Corp
BULZ,927971,BANK OF MONTREAL /CAN/
BUR,1714174,Burford Capital Ltd
BURL,1579298,"Burlington Stores, Inc."
BUSE,314489,FIRST BUSEY CORP /NV/
BUSEP,314489,FIRST BUSEY CORP /NV/
BUUU,2047273,BUUU Group Ltd
BV,1734713,"BrightView Holdings, Inc."
BVC,1785680,BitVentures Ltd
BVFL,1302387,"BV Financial, Inc."
BVN,1013131,BUENAVENTURA MINING CO INC
BVS,1665988,Bioventus Inc.
BW,1630805,"Babcock & Wilcox Enterprises, Inc."
BWA,908255,BORGWARNER INC
BWAY,1505065,Brainsway Ltd.
BWB,1341317,Bridgewater Bancshares Inc
BWBBP,1341317,Bridgewater Bancshares Inc
BWEN,1120370,"BROADWIND, INC."
BWET,1610940,Amplify Commodity Trust
BWFG,1505732,"Bankwell Financial Group, Inc."
BWG,1504545,BrandywineGLOBAL-Global Income Opportunities Fund Inc
BWIN,1781755,"Baldwin Insurance Group, Inc."
BWIV,2082847,Blue Water Acquisition Corp. IV
BWLP,1649313,BW LPG Ltd
BWMN,1847590,Bowman Consulting Group Ltd.
BWMX,1788257,"BETTERWARE DE MEXICO, S.A.P.I. DE C.V"
BWOW,2053791,Bitwise Dogecoin ETF
BWXT,1486957,"BWX Technologies, Inc."
BX,1393818,Blackstone Inc.
BXBL,1906364,BOXABL Inc.
BXC,1301787,BlueLinx Holdings Inc.
BXDC,2100161,Blackstone Digital Infrastructure Trust Inc.
BXMT,1061630,"BLACKSTONE MORTGAGE TRUST, INC."
BXP,1037540,"BXP, Inc."
BXSL,1736035,Blackstone Secured Lending Fund
BY,1702750,"BYLINE BANCORP, INC."
BYAH,1986247,"Park Ha Biological Technology Co., Ltd."
BYD,906553,BOYD GAMING CORP
BYFC,1001171,BROADWAY FINANCIAL CORP DE
BYND,1655210,"BEYOND MEAT, INC."
BYRN,1354866,Byrna Technologies Inc.
BYSI,1677940,BeyondSpring Inc.
BZ,1842827,Kanzhun Ltd
BZAI,1871638,"Blaize Holdings, Inc."
BZAIW,1871638,"Blaize Holdings, Inc."
BZFD,1828972,"BuzzFeed, Inc."
BZFDW,1828972,"BuzzFeed, Inc."
BZH,915840,BEAZER HOMES USA INC
BZUN,1625414,Baozun Inc.
C,831001,CITIGROUP INC
CAAP,1717393,CORPORACION AMERICA AIRPORTS S.A.
CAAS,2037400,"China Automotive Systems, Inc."
CABA,1759138,"Cabaletta Bio, Inc."
CABO,1632127,"Cable One, Inc."
CABR,2020737,"Caring Brands, Inc."
CAC,750686,CAMDEN NATIONAL CORP
CACC,885550,CREDIT ACCEPTANCE CORP
CACI,16058,CACI INTERNATIONAL INC /DE/
CADL,1841387,"Candel Therapeutics, Inc."
CAE,1173382,CAE INC
CAES,2087965,"Cantor Equity Partners VII, Inc."
CAF,1368493,"Morgan Stanley China A Share Fund, Inc."
CAG,23217,CONAGRA BRANDS INC.
CAH,721371,CARDINAL HEALTH INC
CAI,2019410,"Caris Life Sciences, Inc."
CAII,2115404,Collective Acquisition Corp. II
CAIIU,2115404,Collective Acquisition Corp. II
CAIIW,2115404,Collective Acquisition Corp. II
CAKE,887596,CHEESECAKE FACTORY INC
CAL,14707,CALERES INC
CALC,1534133,"CalciMedica, Inc."
CALM,16160,CAL-MAINE FOODS INC
CALX,1406666,"CALIX, INC"
CALY,837465,Callaway Golf Co
CAMP,1736730,Camp4 Therapeutics Corp
CAMT,1109138,CAMTEK LTD
CAN,1780652,Canaan Inc.
CANE,1471824,Teucrium Commodity Trust
CANF,1536196,Can-Fite BioPharma Ltd.
CANG,1725123,Cango Inc.
CAPL,1538849,CrossAmerica Partners LP
CAPN,2024203,Cayson Acquisition Corp
CAPNR,2024203,Cayson Acquisition Corp
CAPNU,2024203,Cayson Acquisition Corp
CAPR,1133869,"CAPRICOR THERAPEUTICS, INC."
CAPS,887151,Capstone Holding Corp.
CAQ,2100125,Cambridge Acquisition Corp.
CAQUU,2100125,Cambridge Acquisition Corp.
CAQUW,2100125,Cambridge Acquisition Corp.
CAR,723612,"AVIS BUDGET GROUP, INC."
CARD,927971,BANK OF MONTREAL /CAN/
CARE,1829576,"Carter Bankshares, Inc."
CARG,1494259,"CarGurus, Inc."
CARL,1794546,"CARLSMED, INC."
CARR,1783180,CARRIER GLOBAL Corp
CARS,1683606,Cars.com Inc.
CART,1579091,Maplebear Inc.
CARU,927971,BANK OF MONTREAL /CAN/
CASH,907471,"PATHWARD FINANCIAL, INC."
CASS,708781,CASS INFORMATION SYSTEMS INC
CAST,1633369,"FreeCast, Inc."
CASY,726958,CASEYS GENERAL STORES INC
CAT,18230,CATERPILLAR INC
CATLU,2104391,Catalyst Acquisition Corp.
CATO,18255,CATO CORP
CATX,728387,"Perspective Therapeutics, Inc."
CATY,861842,CATHAY GENERAL BANCORP
CAVA,1639438,"CAVA GROUP, INC."
CB,896159,Chubb Ltd
CBAN,711669,COLONY BANKCORP INC
CBAT,2086841,CBAK Energy Technology Ltd
CBC,2065601,"Central Bancompany, Inc."
CBFV,1605301,"CB Financial Services, Inc."
CBIO,1253689,"CRESCENT BIOPHARMA, INC."
CBK,1981546,"Commercial Bancgroup, Inc."
CBL,910612,CBL & ASSOCIATES PROPERTIES INC
CBLL,1861107,"Ceribell, Inc."
CBNA,1392272,CHAIN BRIDGE BANCORP INC
CBNK,1419536,Capital Bancorp Inc
CBOE,1374310,"Cboe Global Markets, Inc."
CBRE,1138118,"CBRE GROUP, INC."
CBRL,1067294,"CRACKER BARREL OLD COUNTRY STORE, INC"
CBRS,2021728,Cerebras Systems Inc.
CBSH,22356,COMMERCE BANCSHARES INC /MO/
CBT,16040,CABOT CORP
CBU,723188,"COMMUNITY FINANCIAL SYSTEM, INC."
CBUS,1705843,"Cibus, Inc."
CBZ,944148,"CBIZ, Inc."
CC,1627223,Chemours Co
CCAP,1633336,"Crescent Capital BDC, Inc."
CCAQ,2041047,COLLECTIVE ACQUISITION CORP.
CCAQU,2041047,COLLECTIVE ACQUISITION CORP.
CCAQW,2041047,COLLECTIVE ACQUISITION CORP.
CCB,1437958,COASTAL FINANCIAL CORP
CCBG,726601,CAPITAL CITY BANK GROUP INC
CCC,1818201,CCC Intelligent Solutions Holdings Inc.
CCCC,1662579,"C4 Therapeutics, Inc."
CCCT,2123471,Columbus Circle Capital Corp III
CCCTU,2123471,Columbus Circle Capital Corp III
CCCTW,2123471,Columbus Circle Capital Corp III
CCD,1602584,Calamos Dynamic Convertible & Income Fund
CCEC,1392326,Capital Clean Energy Carriers Corp.
CCEL,862692,CRYO CELL INTERNATIONAL INC
CCEP,1650107,COCA-COLA EUROPACIFIC PARTNERS plc
CCG,1965473,Cheche Group Inc.
CCGWW,1965473,Cheche Group Inc.
CCHH,2074123,CCH Holdings Ltd
CCI,1051470,CROWN CASTLE INC.
CCID,1517767,Carlyle Credit Income Fund
CCIF,1517767,Carlyle Credit Income Fund
CCII,2064683,Cohen Circle Acquisition Corp. II
CCIIU,2064683,Cohen Circle Acquisition Corp. II
CCIIW,2064683,Cohen Circle Acquisition Corp. II
CCJ,1009001,CAMECO CORP
CCK,1219601,"CROWN HOLDINGS, INC."
CCL,815097,Carnival Corp Ltd.
CCLD,1582982,"CareCloud, Inc."
CCM,1472072,Concord Medical Services Holdings Ltd
CCNE,736772,CNB FINANCIAL CORP/PA
CCNEP,736772,CNB FINANCIAL CORP/PA
CCO,1334978,"Clear Channel Outdoor Holdings, Inc."
CCOI,1158324,"COGENT COMMUNICATIONS HOLDINGS, INC."
CCS,1576940,"Century Communities, Inc."
CCSI,1866633,"Consensus Cloud Solutions, Inc."
CCTG,1931717,CCSC Technology International Holdings Ltd
CCU,888746,UNITED BREWERIES CO INC
CCXI,2074973,Churchill Capital Corp XI
CCXIU,2074973,Churchill Capital Corp XI
CCXIW,2074973,Churchill Capital Corp XI
CCZ,1166691,COMCAST CORP
CD,1527762,Chaince Digital Holdings Inc.
CDE,215466,"Coeur Mining, Inc."
CDIO,1870144,"Cardio Diagnostics Holdings, Inc."
CDIOW,1870144,"Cardio Diagnostics Holdings, Inc."
CDLR,1978867,Cadeler A/S
CDLX,1666071,"Cardlytics, Inc."
CDNA,1217234,"CareDx, Inc."
CDNL,2079999,Cardinal Infrastructure Group Inc.
CDNS,813672,CADENCE DESIGN SYSTEMS INC
CDP,860546,COPT DEFENSE PROPERTIES
CDRE,1860543,"Cadre Holdings, Inc."
CDRO,1866782,"Codere Online Luxembourg, S.A."
CDROW,1866782,"Codere Online Luxembourg, S.A."
CDT,1896212,CDT Equity Inc.
CDTG,1793895,CDT Environmental Technology Investment Holdings Ltd
CDTTW,1896212,CDT Equity Inc.
CDW,1402057,CDW Corp
CDXS,1200375,"CODEXIS, INC."
CDZI,727273,CADIZ INC
CDZIP,727273,CADIZ INC
CE,1306830,Celanese Corp
CECO,3197,CECO ENVIRONMENTAL CORP
CEE,860489,"CENTRAL & EASTERN EUROPE FUND, INC."
CEF,1726122,Sprott Physical Gold & Silver Trust
CEFD,1114446,UBS AG
CEG,1868275,Constellation Energy Corp
CELC,1603454,Celcuity Inc.
CELH,1341766,"Celsius Holdings, Inc."
CELU,1752828,Celularity Inc
CELZ,1187953,"CREATIVE MEDICAL TECHNOLOGY HOLDINGS, INC."
CENN,1707919,Cenntro Inc.
CENT,887733,CENTRAL GARDEN & PET CO
CENTA,887733,CENTRAL GARDEN & PET CO
CENX,949157,CENTURY ALUMINUM CO
CEPF,2034267,"Cantor Equity Partners IV, Inc."
CEPL,1009759,"Capstone Energy Plus, Inc."
CEPO,2027708,"Cantor Equity Partners I, Inc."
CEPS,2089536,"Cantor Equity Partners VI, Inc."
CEPU,1717161,CENTRAL PUERTO S.A.
CEPV,2034266,"Cantor Equity Partners V, Inc."
CERS,1020214,CERUS CORP
CERT,1827090,"Certara, Inc."
CET,18748,CENTRAL SECURITIES CORP
CETX,1435064,CEMTREX INC
CETY,1329606,"Clean Energy Technologies, Inc."
CEV,1074692,Eaton Vance California Municipal Income Trust
CEVA,1173489,CEVA INC
CF,1324404,"CF Industries Holdings, Inc."
CFBK,1070680,CF BANKSHARES INC.
CFFI,913341,C & F FINANCIAL CORP
CFFN,1490906,"Capitol Federal Financial, Inc."
CFG,759944,CITIZENS FINANCIAL GROUP INC/RI
CFND,2044327,C1 Fund Inc.
CFR,39263,"CULLEN/FROST BANKERS, INC."
CG,1527166,Carlyle Group Inc.
CGABL,1527166,Carlyle Group Inc.
CGAU,1854640,Centerra Gold Inc.
CGBD,1544206,"Carlyle Secured Lending, Inc."
CGC,1737927,Canopy Growth Corp
CGCF,2126043,Cartesian Growth Corp IV
CGCFU,2126043,Cartesian Growth Corp IV
CGCFW,2126043,Cartesian Growth Corp IV
CGEM,1789972,"Cullinan Therapeutics, Inc."
CGEN,1119774,COMPUGEN LTD
CGNT,1824814,Cognyte Software Ltd.
CGNX,851205,COGNEX CORP
CGO,1285650,CALAMOS GLOBAL TOTAL RETURN FUND
CGON,1991792,"CG Oncology, Inc."
CGTL,1967822,Creative Global Technology Holdings Ltd
CGTX,1455365,COGNITION THERAPEUTICS INC
CHA,2013649,Chagee Holdings Ltd.
CHAD,1805526,DeFi Development Corp.
CHAI,1649009,"Core AI Holdings, Inc."
CHAR,2024459,Charlton Aria Acquisition Corp
CHARR,2024459,Charlton Aria Acquisition Corp
CHARU,2024459,Charlton Aria Acquisition Corp
CHCI,1299969,"Comstock Holding Companies, Inc."
CHCO,726854,CITY HOLDING CO
CHCT,1631569,Community Healthcare Trust Inc
CHD,313927,CHURCH & DWIGHT CO INC /DE/
CHDN,20212,Churchill Downs Inc
CHE,19584,CHEMED CORP
CHEC,2047177,Chenghe Acquisition III Co.
CHECU,2047177,Chenghe Acquisition III Co.
CHECW,2047177,Chenghe Acquisition III Co.
CHEF,1517175,"Chefs' Warehouse, Inc."
CHGA,1630212,Change Agents Corporation.
CHGG,1364954,"CHEGG, INC"
CHH,1046311,CHOICE HOTELS INTERNATIONAL INC /DE
CHI,1171471,CALAMOS CONVERTIBLE OPPORTUNITIES & INCOME FUND
CHKP,1015922,CHECK POINT SOFTWARE TECHNOLOGIES LTD
CHMG,763563,CHEMUNG FINANCIAL CORP
CHMI,1571776,Cherry Hill Mortgage Investment Corp
CHNR,793628,CHINA NATURAL RESOURCES INC
CHOW,2041829,ChowChow Cloud International Holdings Ltd
CHPG,2024460,ChampionsGate Acquisition Corp
CHPGR,2024460,ChampionsGate Acquisition Corp
CHPGU,2024460,ChampionsGate Acquisition Corp
CHPT,1777393,"ChargePoint Holdings, Inc."
CHR,1738758,"Cheer Holding, Inc."
CHRD,1486159,Chord Energy Corp
CHRN,1549084,ChronoScale Holdings Corp
CHRS,1512762,"Coherus Oncology, Inc."
CHRW,1043277,"C. H. ROBINSON WORLDWIDE, INC."
CHSCL,823277,CHS INC
CHSCM,823277,CHS INC
CHSCN,823277,CHS INC
CHSCO,823277,CHS INC
CHSCP,823277,CHS INC
CHSN,1825349,Chanson International Holding
CHT,1132924,CHUNGHWA TELECOM CO LTD
CHTR,1091667,"CHARTER COMMUNICATIONS, INC. /MO/"
CHTRP,1091667,"CHARTER COMMUNICATIONS, INC. /MO/"
CHW,1396277,Calamos Global Dynamic Income Fund
CHWY,1766502,"Chewy, Inc."
CHY,1222719,CALAMOS CONVERTIBLE & HIGH INCOME FUND
CHYM,1795586,"Chime Financial, Inc."
CI,1739940,Cigna Group
CIA,24090,"CITIZENS, INC."
CIB,2058897,Grupo Cibest S.A.
CICB,1534254,CION Investment Corp
CICC,1534254,CION Investment Corp
CIEN,936395,CIENA CORP
CIFR,1819989,Cipher Digital Inc.
CIG,1157557,ENERGY CO OF MINAS GERAIS
CIGI,913353,Colliers International Group Inc.
CIGL,2001794,Concorde International Group Ltd.
CII,1278895,"BlackRock Enhanced Large Cap Core Fund, Inc."
CIIT,1557798,"Tianci International, Inc."
CIK,810766,"CREDIT SUISSE ASSET MANAGEMENT INCOME FUND, INC."
CIM,1409493,CHIMERA INVESTMENT CORP
CIMN,1409493,CHIMERA INVESTMENT CORP
CIMO,1409493,CHIMERA INVESTMENT CORP
CIMP,1409493,CHIMERA INVESTMENT CORP
CINF,20286,CINCINNATI FINANCIAL CORP
CING,1862150,Cingulate Inc.
CINGW,1862150,Cingulate Inc.
CINT,1868995,CI&T Inc
CION,1534254,CION Investment Corp
CIRC,1605888,CIRCLE8 GROUP INC
CISO,1777319,"CISO Global, Inc."
CISS,1951067,C3is Inc.
CITR,894556,CitroTech Inc.
CIVB,944745,"CIVISTA BANCSHARES, INC."
CIX,1049606,COMPX INTERNATIONAL INC
CJMB,2032545,CALLAN JMB INC.
CKX,352955,"CKX LANDS, INC."
CL,21665,COLGATE PALMOLIVE CO
CLAR,913277,Clarus Corp
CLB,1958086,Core Laboratories Inc. /DE/
CLBK,2115119,"Columbia Financial, Inc./MD/"
CLBR,2091024,Colombier Acquisition Corp. III
CLBT,1854587,Cellebrite DI Ltd.
CLDI,1855485,"Calidi Biotherapeutics, Inc."
CLDT,1476045,Chatham Lodging Trust
CLDX,744218,"Celldex Therapeutics, Inc."
CLF,764065,CLEVELAND-CLIFFS INC.
CLFD,796505,"Clearfield, Inc."
CLGN,1631487,CollPlant Biotechnologies Ltd
CLH,822818,CLEAN HARBORS INC
CLIK,2020027,Click Holdings Ltd.
CLIR,1434524,ClearSign Technologies Corp
CLLS,1627281,Cellectis S.A.
CLM,814083,"Cornerstone Strategic Investment Fund, Inc."
CLMB,945983,"Climb Global Solutions, Inc."
CLMT,2013745,"Calumet, Inc. /DE"
CLNE,1368265,Clean Energy Fuels Corp.
CLNK,2082889,Bitwise Chainlink ETF
CLNN,1822791,Clene Inc.
CLOV,1801170,"CLOVER HEALTH INVESTMENTS, CORP. /DE"
CLPR,1649096,Clipper Realty Inc.
CLPS,1724542,CLPS Inc
CLPT,1285550,"ClearPoint Neuro, Inc."
CLRB,1279704,"Cellectar Biosciences, Inc."
CLRO,840715,CLEARONE INC
CLS,1030894,CELESTICA INC
CLSK,827876,"CLEANSPARK, INC."
CLSKW,827876,"CLEANSPARK, INC."
CLST,1849867,"Catalyst Bancorp, Inc."
CLVT,1764046,CLARIVATE PLC
CLW,1441236,Clearwater Paper Corp
CLWT,1026662,EURO TECH HOLDINGS CO LTD
CLX,21076,CLOROX CO /DE/
CLYM,1768446,"Climb Bio, Inc."
CM,1045520,CANADIAN IMPERIAL BANK OF COMMERCE /CAN/
CMBT,1604481,CMB.TECH NV
CMC,22444,COMMERCIAL METALS Co
CMCL,766011,Caledonia Mining Corp Plc
CMCM,1597835,Cheetah Mobile Inc.
CMCO,1005229,COLUMBUS MCKINNON CORP
CMCSA,1166691,COMCAST CORP
CMCT,908311,Creative Media & Community Trust Corp
CMDB,2033535,Costamare Bulkers Holdings Ltd
CME,1156375,CME GROUP INC.
CMG,1058090,CHIPOTLE MEXICAN GRILL INC
CMI,26172,CUMMINS INC
CMMB,1534248,Chemomab Therapeutics Ltd.
CMND,1892500,Clearmind Medicine Inc.
CMP,1227654,COMPASS MINERALS INTERNATIONAL INC
CMPR,1262976,CIMPRESS plc
CMPS,1816590,COMPASS Pathways plc
CMPX,1738021,"Compass Therapeutics, Inc."
CMRC,1626450,"Commerce.com, Inc."
CMRE,1503584,Costamare Inc.
CMS,811156,CMS ENERGY CORP
CMSA,811156,CMS ENERGY CORP
CMSC,811156,CMS ENERGY CORP
CMSD,811156,CMS ENERGY CORP
CMT,1026655,CORE MOLDING TECHNOLOGIES INC
CMTG,1666291,"Claros Mortgage Trust, Inc."
CMTL,23197,COMTECH TELECOMMUNICATIONS CORP /DE/
CMTV,718413,COMMUNITY BANCORP /VT
CNA,21175,CNA FINANCIAL CORP
CNC,1071739,CENTENE CORP
CNCK,1913847,Coincheck Group N.V.
CNCKW,1913847,Coincheck Group N.V.
CNDT,1677703,CONDUENT Inc
CNET,1376321,ZW Data Action Technologies Inc.
CNEY,1780785,CN ENERGY GROUP. INC.
CNF,1733868,CNFinance Holdings Ltd.
CNH,1567094,CNH Industrial N.V.
CNI,16868,CANADIAN NATIONAL RAILWAY CO
CNK,1385280,"Cinemark Holdings, Inc."
CNL,1953575,Collective Mining Ltd.
CNM,1856525,"Core & Main, Inc."
CNMD,816956,CONMED Corp
CNNE,1704720,"Cannae Holdings, Inc."
CNO,1224608,"CNO Financial Group, Inc."
CNOB,712771,"ConnectOne Bancorp, Inc."
CNOBP,712771,"ConnectOne Bancorp, Inc."
CNP,1130310,CENTERPOINT ENERGY INC
CNQ,1017413,CANADIAN NATURAL RESOURCES Ltd
CNR,1710366,"Core Natural Resources, Inc."
CNS,1284812,"COHEN & STEERS, INC."
CNSP,1729427,"CNS Pharmaceuticals, Inc."
CNSY,1095981,"CERENOME, INC."
CNTB,1835268,Connect Biopharma Holdings Ltd
CNTN,1861657,"Canton Strategic Holdings, Inc."
CNTX,1842952,Context Therapeutics Inc.
CNTY,911147,CENTURY CASINOS INC /CO/
CNVS,1173204,Cineverse Corp.
CNX,1070412,CNX Resources Corp
CNXC,1803599,Concentrix Corp
CNXN,1050377,PC CONNECTION INC
CNXU,2066836,Conexeu Sciences Inc.
COAG,2114044,"Hemab Therapeutics Holdings, Inc."
COCH,1840877,"Envoy Medical, Inc."
COCHW,1840877,"Envoy Medical, Inc."
COCO,1482981,"Vita Coco Company, Inc."
COCP,1412486,"Cocrystal Pharma, Inc."
CODA,1334325,"Coda Octopus Group, Inc."
CODI,1345126,Compass Diversified Holdings
CODX,1692415,"Co-Diagnostics, Inc."
COE,1659494,51Talk Online Education Group
COF,927628,CAPITAL ONE FINANCIAL CORP
COFS,803164,CHOICEONE FINANCIAL SERVICES INC
COGT,1622229,"Cogent Biosciences, Inc."
COHN,1270436,Cohen & Co Inc.
COHR,820318,COHERENT CORP.
COHU,21535,COHU INC
COIN,1679788,"Coinbase Global, Inc."
COKE,317540,"Coca-Cola Consolidated, Inc."
COLA,2028201,Columbus Acquisition Corp/Cayman Islands
COLAR,2028201,Columbus Acquisition Corp/Cayman Islands
COLAU,2028201,Columbus Acquisition Corp/Cayman Islands
COLB,887343,"COLUMBIA BANKING SYSTEM, INC."
COLD,1455863,AMERICOLD REALTY TRUST
COLL,1267565,"COLLEGIUM PHARMACEUTICAL, INC"
COLM,1050797,COLUMBIA SPORTSWEAR CO
COMP,1563190,"Compass, Inc."
CON,2014596,"Concentra Group Holdings Parent, Inc."
CONE,2103884,"Compass Sub North, Inc."
COO,711404,"COOPER COMPANIES, INC."
COOK,1857853,"Traeger, Inc."
COOT,1959994,Australian Oilseeds Holdings Ltd
COOTW,1959994,Australian Oilseeds Holdings Ltd
COP,1163165,CONOCOPHILLIPS
COPL,2045473,Copley Acquisition Corp
COPR,1263364,Idaho Copper Corp
COR,1140859,"Cencora, Inc."
CORN,1471824,Teucrium Commodity Trust
CORT,1088856,CORCEPT THERAPEUTICS INC
CORZ,1839341,"Core Scientific, Inc./tx"
CORZW,1839341,"Core Scientific, Inc./tx"
CORZZ,1839341,"Core Scientific, Inc./tx"
COSM,1474167,Cosmos Health Inc.
COSO,1297107,"CoastalSouth Bancshares, Inc."
COST,909832,COSTCO WHOLESALE CORP /NEW
COTY,1024305,COTY INC.
COUR,1651562,"Coursera, Inc."
COYA,1835022,"Coya Therapeutics, Inc."
CP,16875,CANADIAN PACIFIC KANSAS CITY LTD/CN
CPA,1345105,"Copa Holdings, S.A."
CPAC,1221029,CEMENTOS PACASMAYO SAA
CPAY,1175454,"CORPAY, INC."
CPB,16732,CAMPBELL'S Co
CPBI,1979332,"Central Plains Bancshares, Inc."
CPER,1479247,United States Commodity Index Funds Trust
CPF,701347,CENTRAL PACIFIC FINANCIAL CORP
CPHC,1672909,Canterbury Park Holding Corp
CPHI,1106644,"CHINA PHARMA HOLDINGS, INC."
CPIX,1087294,CUMBERLAND PHARMACEUTICALS INC
CPK,19745,CHESAPEAKE UTILITIES CORP
CPNG,1834584,"Coupang, Inc."
CPRI,1530721,Capri Holdings Ltd
CPRT,900075,COPART INC
CPS,1320461,Cooper-Standard Holdings Inc.
CPSH,814676,CPS TECHNOLOGIES CORP/DE/
CPSS,889609,"CONSUMER PORTFOLIO SERVICES, INC."
CPT,906345,CAMDEN PROPERTY TRUST
CPZ,1717457,Calamos Long/Short Equity & Dynamic Income Trust
CQP,1383650,"Cheniere Energy Partners, L.P."
CR,1944013,Crane Co
CRAC,2070887,Crown Reserve Acquisition Corp. I
CRACR,2070887,Crown Reserve Acquisition Corp. I
CRACU,2070887,Crown Reserve Acquisition Corp. I
CRACW,2070887,Crown Reserve Acquisition Corp. I
CRAI,1053706,"CRA INTERNATIONAL, INC."
CRAN,2081358,Crane Harbor Acquisition Corp. II
CRANR,2081358,Crane Harbor Acquisition Corp. II
CRANU,2081358,Crane Harbor Acquisition Corp. II
CRAQ,2058359,Cal Redwood Acquisition Corp.
CRAQR,2058359,Cal Redwood Acquisition Corp.
CRAQU,2058359,Cal Redwood Acquisition Corp.
CRBD,1889539,"Corebridge Financial, Inc."
CRBG,1889539,"Corebridge Financial, Inc."
CRBP,1595097,"Corbus Pharmaceuticals Holdings, Inc."
CRBU,1619856,"Caribou Biosciences, Inc."
CRC,1609253,California Resources Corp
CRCL,1876042,"Circle Internet Group, Inc."
CRCT,1828962,"Cricut, Inc."
CRDF,1213037,"Cardiff Oncology, Inc."
CRDL,1702123,Cardiol Therapeutics Inc.
CRDO,1807794,Credo Technology Group Holding Ltd
CRE,2003977,Cre8 Enterprise Ltd
CRESY,1034957,CRESUD INC
CREX,1356093,"CREATIVE REALITIES, INC."
CRF,33934,CORNERSTONE TOTAL RETURN FUND INC
CRGO,1927719,Freightos Ltd
CRGOW,1927719,Freightos Ltd
CRGY,1866175,Crescent Energy Co
CRH,849395,CRH PUBLIC LTD CO
CRI,1060822,CARTERS INC
CRIS,1108205,CURIS INC
CRK,23194,COMSTOCK RESOURCES INC
CRL,1100682,"CHARLES RIVER LABORATORIES INTERNATIONAL, INC."
CRM,1108524,"Salesforce, Inc."
CRMD,1410098,CorMedix Inc.
CRML,1951089,Critical Metals Corp.
CRMLW,1951089,Critical Metals Corp.
CRMT,799850,AMERICAS CARMART INC
CRNC,1768267,Cerence Inc.
CRNT,1119769,CERAGON NETWORKS LTD
CRON,1656472,Cronos Group Inc.
CROX,1334036,"Crocs, Inc."
CRS,17843,CARPENTER TECHNOLOGY CORP
CRSP,1674416,CRISPR Therapeutics AG
CRSR,1743759,"Corsair Gaming, Inc."
CRT,881787,CROSS TIMBERS ROYALTY TRUST
CRTO,1576427,Criteo S.A.
CRUS,772406,"CIRRUS LOGIC, INC."
CRVL,874866,CORVEL CORP
CRVO,1053691,CervoMed Inc.
CRVS,1626971,"Corvus Pharmaceuticals, Inc."
CRWD,1535527,"CrowdStrike Holdings, Inc."
CRWS,25895,CROWN CRAFTS INC
CRWV,1769628,"CoreWeave, Inc."
CSAI,1709628,"CLOUDASTRUCTURE, INC."
CSAN,1430162,Cosan S.A.
CSBR,771856,"CHAMPIONS ONCOLOGY, INC."
CSCO,858877,"CISCO SYSTEMS, INC."
CSGP,1057352,"COSTAR GROUP, INC."
CSHR,2087587,CoinShares PLC
CSHRW,2087587,CoinShares PLC
CSIQ,1375877,Canadian Solar Inc.
CSL,790051,CARLISLE COMPANIES INC
CSPI,356037,CSP INC /MA/
CSQ,1275214,CALAMOS STRATEGIC TOTAL RETURN FUND
CSQR,2105398,"Csquare, Inc."
CSR,798359,CENTERSPACE
CSTE,1504379,Caesarstone Ltd.
CSTL,1447362,CASTLE BIOSCIENCES INC
CSTM,1563411,CONSTELLIUM SE
CSV,1016281,CARRIAGE SERVICES INC
CSW,1624794,"CSW INDUSTRIALS, INC."
CSWC,17313,CAPITAL SOUTHWEST CORP
CSX,277948,CSX CORP
CTAA,2094073,Clearthink 1 Acquisition Corp.
CTAAR,2094073,Clearthink 1 Acquisition Corp.
CTAAU,2094073,Clearthink 1 Acquisition Corp.
CTAS,723254,CINTAS CORP
CTBI,350852,COMMUNITY TRUST BANCORP INC /KY/
CTEV,1793229,Claritev Corp
CTGG,68622,QWEST CORP
CTGO,1502377,Contango Silver & Gold Inc.
CTHH,68622,QWEST CORP
CTKB,1831915,"Cytek Biosciences, Inc."
CTM,1877939,"Castellum, Inc."
CTMX,1501989,"CytomX Therapeutics, Inc."
CTNM,1855175,"Contineum Therapeutics, Inc."
CTNT,1951667,CHEETAH NET SUPPLY CHAIN SERVICE INC.
CTO,23795,"CTO Realty Growth, Inc."
CTOR,1851484,"CITIUS ONCOLOGY, INC."
CTOS,1709682,"Custom Truck One Source, Inc."
CTRE,1590717,"CareTrust REIT, Inc."
CTRI,1981599,"Centuri Holdings, Inc."
CTRM,1720161,Castor Maritime Inc.
CTRN,1318484,Citi Trends Inc
CTS,26058,CTS CORP
CTSH,1058290,COGNIZANT TECHNOLOGY SOLUTIONS CORP
CTSO,1175151,Cytosorbents Corp
CTVA,1755672,"Corteva, Inc."
CTW,2047148,CTW
CTWO,1958928,COTWO ADVISORS PHYSICAL EUROPEAN CARBON ALLOWANCE TRUST
CTXR,1506251,"Citius Pharmaceuticals, Inc."
CUB,2015955,Lionheart Holdings
CUBB,1488813,"Customers Bancorp, Inc."
CUBE,1298675,CubeSmart
CUBI,1488813,"Customers Bancorp, Inc."
CUBWU,2015955,Lionheart Holdings
CUBWW,2015955,Lionheart Holdings
CUE,1645460,"Cue Biopharma, Inc."
CULP,723603,CULP INC
CUPR,1995704,Cuprina Holdings (Cayman) LTD
CURB,2027317,Curbline Properties Corp.
CURI,1776909,CuriosityStream Inc.
CURR,1862935,Currenc Group Inc.
CURV,1792781,Torrid Holdings Inc.
CURX,2025942,Curanex Pharmaceuticals Inc
CUVL,1290877,Clinuvel Pharmaceuticals Ltd
CUZ,25232,COUSINS PROPERTIES INC
CV,1378325,"CapsoVision, Inc"
CVBF,354647,CVB FINANCIAL CORP
CVCO,278166,"CAVCO INDUSTRIES, INC."
CVE,1475260,CENOVUS ENERGY INC.
CVEO,1590584,Civeo Corp
CVGI,1290900,"Commercial Vehicle Group, Inc."
CVI,1376139,CVR ENERGY INC
CVKD,1937993,"Cadrenal Therapeutics, Inc."
CVLG,928658,"COVENANT LOGISTICS GROUP, INC."
CVLT,1169561,COMMVAULT SYSTEMS INC
CVM,725363,CEL SCI CORP
CVNA,1690820,CARVANA CO.
CVR,19871,CHICAGO RIVET & MACHINE CO
CVRX,1235912,"CVRx, Inc."
CVS,64803,CVS HEALTH Corp
CVSA,730464,Covista Inc.
CVU,889348,CPI AEROSTRUCTURES INC
CVV,766792,CVD EQUIPMENT CORP
CVX,93410,CHEVRON CORP
CW,26324,CURTISS WRIGHT CORP
CWBC,1127371,Community West Bancshares
CWCO,928340,Consolidated Water Co. Ltd.
CWD,1627282,CaliberCos Inc.
CWEN,1567683,"Clearway Energy, Inc."
CWH,1669779,"Camping World Holdings, Inc."
CWK,1628369,Cushman & Wakefield Ltd.
CWST,911177,CASELLA WASTE SYSTEMS INC
CWT,1035201,CALIFORNIA WATER SERVICE GROUP
CX,1076378,CEMEX SAB DE CV
CXAI,1820875,CXApp Inc.
CXAIW,1820875,CXApp Inc.
CXDO,1075736,"Crexendo, Inc."
CXII,2114227,Churchill Capital Corp XII
CXIIU,2114227,Churchill Capital Corp XII
CXIIW,2114227,Churchill Capital Corp XII
CXM,1569345,"Sprinklr, Inc."
CXT,25445,"Crane NXT, Co."
CXW,1070985,"CoreCivic, Inc."
CYAB,2032341,"CYABRA, INC."
CYCU,1868419,"Cycurion, Inc."
CYCUW,1868419,"Cycurion, Inc."
CYD,932695,CHINA YUCHAI INTERNATIONAL LTD
CYH,1108109,COMMUNITY HEALTH SYSTEMS INC
CYN,1874097,Cyngn Inc.
CYPH,1509745,CYPHERPUNK TECHNOLOGIES INC.
CYRX,1124524,"Cryoport, Inc."
CYTK,1061983,CYTOKINETICS INC
CZFS,739421,CITIZENS FINANCIAL SERVICES INC
CZNC,810958,CITIZENS & NORTHERN CORP
CZR,1590895,"Caesars Entertainment, Inc."
CZWI,1367859,Citizens Community Bancorp Inc.
D,715957,"DOMINION ENERGY, INC"
DAAQ,2052162,Digital Asset Acquisition Corp.
DAAQU,2052162,Digital Asset Acquisition Corp.
DAAQW,2052162,Digital Asset Acquisition Corp.
DAC,1369241,Danaos Corp
DAIC,2033770,"CID Holdco, Inc."
DAICW,2033770,"CID Holdco, Inc."
DAIO,351998,DATA I/O CORP
DAKT,915779,DAKTRONICS INC /SD/
DAL,27904,"DELTA AIR LINES, INC."
DAN,26780,DANA Inc
DAO,1781753,"Youdao, Inc."
DAR,916540,DARLING INGREDIENTS INC.
DARE,1401914,"Dare Bioscience, Inc."
DASH,1792789,"DoorDash, Inc."
DAVA,1656081,Endava plc
DAVE,1841408,Dave Inc./DE
DAVEW,1841408,Dave Inc./DE
DB,1159508,DEUTSCHE BANK AKTIENGESELLSCHAFT
DBA,1383082,INVESCO DB AGRICULTURE FUND
DBB,1383084,INVESCO DB BASE METALS FUND
DBC,1328237,Invesco DB Commodity Index Tracking Fund
DBCA,2095161,D. Boral Acquisition I Corp.
DBCAU,2095161,D. Boral Acquisition I Corp.
DBCAW,2095161,D. Boral Acquisition I Corp.
DBD,28823,"DIEBOLD NIXDORF, Inc"
DBE,1383062,Invesco DB Energy Fund
DBGI,1668010,"Digital Brands Group, Inc."
DBI,1319947,Designer Brands Inc.
DBL,1525201,DoubleLine Opportunistic Credit Fund
DBO,1383058,Invesco DB Oil Fund
DBP,1383057,Invesco DB Precious Metals Fund
DBRG,1679688,"DigitalBridge Group, Inc."
DBVT,1613780,DBV Technologies S.A.
DBX,1467623,"DROPBOX, INC."
DC,1852353,Dakota Gold Corp.
DCBG,846617,"Dime Commercial Bancshares, Inc. /NY/"
DCBO,1829959,Docebo Inc.
DCGO,1822359,DocGo Inc.
DCH,1062231,Dauch Corp
DCI,29644,DONALDSON Co INC
DCO,30305,DUCOMMUN INC /DE/
DCOM,846617,"Dime Commercial Bancshares, Inc. /NY/"
DCOY,1615219,Decoy Therapeutics Inc.
DCTH,872912,"DELCATH SYSTEMS, INC."
DCX,1957413,Digital Currency X Technology Inc.
DD,1666700,"DuPont de Nemours, Inc."
DDC,1808110,DDC Enterprise Ltd
DDD,910638,3D SYSTEMS CORP
DDI,1799567,"DoubleDown Interactive Co., Ltd."
DDL,1854545,Dingdong (Cayman) Ltd
DDOG,1561550,"Datadog, Inc."
DDS,28917,"DILLARD'S, INC."
DDT,28917,"DILLARD'S, INC."
DE,315189,DEERE & CO
DEA,1622194,"Easterly Government Properties, Inc."
DEC,1922446,Diversified Energy Co
DECK,910521,DECKERS OUTDOOR CORP
DEFT,1888274,"Defi Technologies, Inc."
DEI,1364250,Douglas Emmett Inc
DELL,1571996,Dell Technologies Inc.
DEO,835403,DIAGEO PLC
DERM,1867066,Journey Medical Corp
DETX,1919776,"LIBERTY DEFENSE HOLDINGS, LTD."
DFDV,1805526,DeFi Development Corp.
DFDVW,1805526,DeFi Development Corp.
DFH,1825088,"Dream Finders Homes, Inc."
DFIN,1669811,"Donnelley Financial Solutions, Inc."
DFLI,1847986,Dragonfly Energy Holdings Corp.
DFLIW,1847986,Dragonfly Energy Holdings Corp.
DFNS,1787518,T3 Defense Inc.
DFNSW,1787518,T3 Defense Inc.
DFP,1559991,Flaherty & Crumrine Dynamic Preferred & Income Fund Inc
DFSC,1889823,DEFSEC Technologies Inc.
DFSCW,1889823,DEFSEC Technologies Inc.
DFTX,1813814,"Definium Therapeutics, Inc."
DG,29534,DOLLAR GENERAL CORP
DGAC,2111038,DISCIPLINED GROWTH ACQUISITION Corp
DGICA,800457,DONEGAL GROUP INC
DGICB,800457,DONEGAL GROUP INC
DGII,854775,DIGI INTERNATIONAL INC
DGNX,2010499,Diginex Ltd
DGP,1159508,DEUTSCHE BANK AKTIENGESELLSCHAFT
DGX,1022079,QUEST DIAGNOSTICS INC
DGXX,1854368,Digi Power X Inc.
DGZ,1159508,DEUTSCHE BANK AKTIENGESELLSCHAFT
DH,1861795,Definitive Healthcare Corp.
DHC,1075415,DIVERSIFIED HEALTHCARE TRUST
DHCNI,1075415,DIVERSIFIED HEALTHCARE TRUST
DHCNL,1075415,DIVERSIFIED HEALTHCARE TRUST
DHF,1057861,BNY MELLON HIGH YIELD STRATEGIES FUND
DHI,882184,HORTON D R INC /DE/
DHR,313616,DANAHER CORP /DE/
DHT,1331284,"DHT Holdings, Inc."
DHX,1393883,"DHI GROUP, INC."
DHY,1061353,CREDIT SUISSE HIGH YIELD CREDIT FUND
DIA,1041130,SPDR DOW JONES INDUSTRIAL AVERAGE ETF TRUST
DIBS,1600641,"1stdibs.com, Inc."
DIN,49754,"Dine Brands Global, Inc."
DINO,1915657,HF Sinclair Corp
DIOD,29002,DIODES INC /DEL/
DIS,1744489,Walt Disney Co
DIT,928465,AMCON DISTRIBUTING CO
DJCO,783412,DAILY JOURNAL CORP
DJP,312070,BARCLAYS BANK PLC
DJT,1849635,Trump Media & Technology Group Corp.
DJTWW,1849635,Trump Media & Technology Group Corp.
DK,1694426,"Delek US Holdings, Inc."
DKI,2058584,DarkIris Inc.
DKL,1552797,"Delek Logistics Partners, LP"
DKNG,1883685,DraftKings Inc.
DKS,1089063,"DICK'S SPORTING GOODS, INC."
DLB,1308547,"Dolby Laboratories, Inc."
DLHC,785557,DLH Holdings Corp.
DLNG,1578453,Dynagas LNG Partners LP
DLO,1846832,dLocal Ltd
DLPN,1282224,"Dolphin Entertainment, Inc."
DLR,1297996,"DIGITAL REALTY TRUST, INC."
DLTH,1649744,DULUTH HOLDINGS INC.
DLTR,935703,"DOLLAR TREE, INC."
DLX,27996,DELUXE CORP
DLXY,2025218,Delixy Holdings Ltd
DLY,1788399,DoubleLine Yield Opportunities Fund
DMA,1523289,Destra Multi-Alternative Fund
DMAA,2028614,Drugs Made In America Acquisition Corp.
DMAAR,2028614,Drugs Made In America Acquisition Corp.
DMAAU,2028614,Drugs Made In America Acquisition Corp.
DMAC,1401040,DiaMedica Therapeutics Inc.
DMB,1565381,"BNY Mellon Municipal Bond Infrastructure Fund, Inc."
DMC,1047340,DEL MONTE CORP
DMII,2040475,Drugs Made In America Acquisition II Corp.
DMIIR,2040475,Drugs Made In America Acquisition II Corp.
DMIIU,2040475,Drugs Made In America Acquisition II Corp.
DMLP,1172358,"DORCHESTER MINERALS, L.P."
DMO,1478102,Western Asset Mortgage Opportunity Fund Inc.
DMRA,1800315,"Damora Therapeutics, Inc."
DMRC,2119322,Digimarc Corp
DNA,1830214,"Ginkgo Bioworks Holdings, Inc."
DNLI,1714899,Denali Therapeutics Inc.
DNMX,2081125,Dynamix Corp III
DNMXU,2081125,Dynamix Corp III
DNMXW,2081125,Dynamix Corp III
DNN,1063259,DENISON MINES CORP.
DNOW,1599617,DNOW Inc.
DNP,806628,DNP SELECT INCOME FUND INC
DNTH,1690585,"Dianthus Therapeutics, Inc. /DE/"
DNUT,1857154,"Krispy Kreme, Inc."
DOC,765880,"HEALTHPEAK PROPERTIES, INC."
DOCN,1582961,"DigitalOcean Holdings, Inc."
DOCS,1516513,"Doximity, Inc."
DOCU,1261333,"DOCUSIGN, INC."
DOGZ,1707303,Dogness (International) Corp
DOLE,1857475,Dole plc
DOMH,12239,Dominari Holdings Inc.
DOMO,1505952,"DOMO, INC."
DOO,1748797,BRP Inc.
DORM,868780,"Dorman Products, Inc."
DOUG,1878897,Douglas Elliman Inc.
DOV,29905,DOVER Corp
DOW,1751788,DOW INC.
DOX,1062579,AMDOCS LTD
DOYU,1762417,DouYu International Holdings Ltd
DPC,2107018,DPC Holdings PLC
DPG,1515671,Duff & Phelps Utility & Infrastructure Fund Inc.
DPRO,1786286,Draganfly Inc.
DPU,1938865,Top KingWin Ltd
DPZ,1286681,DOMINOS PIZZA INC
DQ,1477641,DAQO NEW ENERGY CORP.
DRCT,1880613,"Direct Digital Holdings, Inc."
DRD,1023512,DRDGOLD LTD
DRDB,2032528,Roman DBDR Acquisition Corp. II
DRDBU,2032528,Roman DBDR Acquisition Corp. II
DRDBW,2032528,Roman DBDR Acquisition Corp. II
DRH,1298946,DiamondRock Hospitality Co
DRI,940944,DARDEN RESTAURANTS INC
DRIO,1533998,DarioHealth Corp.
DRMA,1853816,"Dermata Therapeutics, Inc."
DRS,1833756,"Leonardo DRS, Inc."
DRTS,1871321,Alpha Tau Medical Ltd.
DRTSW,1871321,Alpha Tau Medical Ltd.
DRUG,1827401,BRIGHT MINDS BIOSCIENCES INC.
DRVN,1804745,Driven Brands Holdings Inc.
DSAC,2082149,Daedalus Special Acquisition Corp.
DSACU,2082149,Daedalus Special Acquisition Corp.
DSACW,2082149,Daedalus Special Acquisition Corp.
DSC,1966041,DSC Holdings Ltd.
DSGN,1807120,"Design Therapeutics, Inc."
DSGR,703604,"Distribution Solutions Group, Inc."
DSGX,1050140,DESCARTES SYSTEMS GROUP INC
DSL,1566388,DoubleLine Income Solutions Fund
DSM,855887,"BNY MELLON STRATEGIC MUNICIPAL BOND FUND, INC."
DSP,1828791,Viant Technology Inc.
DSS,771999,"DSS, INC."
DSU,1051003,"BLACKROCK DEBT STRATEGIES FUND, INC."
DSWL,946936,DESWELL INDUSTRIES INC
DSX,1318885,DIANA SHIPPING INC.
DSY,1999297,Big Tree Cloud Holdings Ltd
DSYWW,1999297,Big Tree Cloud Holdings Ltd
DT,1773383,"Dynatrace, Inc."
DTB,936340,DTE ENERGY CO
DTCX,1853825,"Datacentrex, Inc."
DTE,936340,DTE ENERGY CO
DTF,879535,DTF TAX-FREE INCOME 2028 TERM FUND INC
DTG,936340,DTE ENERGY CO
DTI,1884516,Drilling Tools International Corp
DTIL,1357874,PRECISION BIOSCIENCES INC
DTK,936340,DTE ENERGY CO
DTM,1842022,"DT Midstream, Inc."
DTSQ,2017950,DT Cloud Star Acquisition Corp
DTSQR,2017950,DT Cloud Star Acquisition Corp
DTSQU,2017950,DT Cloud Star Acquisition Corp
DTSS,2110423,Datasea Intelligent Technology Ltd.
DTST,1419951,Data Storage Corp
DTW,936340,DTE ENERGY CO
DUK,1326160,Duke Energy CORP
DUKB,1326160,Duke Energy CORP
DUKR,1638911,DUKE Robotics Corp.
DUKRW,1638911,DUKE Robotics Corp.
DUKU,1326160,Duke Energy CORP
DULL,927971,BANK OF MONTREAL /CAN/
DUO,1750593,Fangdd Network Group Ltd.
DUOL,1562088,"Duolingo, Inc."
DUOT,1396536,"DUOS TECHNOLOGIES GROUP, INC."
DV,1819928,"DoubleVerify Holdings, Inc."
DVA,927066,DAVITA INC.
DVLT,1682149,Datavault AI Inc.
DVN,1090012,DEVON ENERGY CORP/DE
DWSN,799165,DAWSON GEOPHYSICAL CO
DWTX,1818844,"Dogwood Therapeutics, Inc."
DX,826675,DYNEX CAPITAL INC
DXC,1688568,DXC Technology Co
DXCM,1093557,DEXCOM INC
DXF,1499494,Eason Technology Ltd
DXLG,813298,"DESTINATION XL GROUP, INC."
DXPE,1020710,DXP ENTERPRISES INC
DXR,27367,DAXOR CORP
DXST,1958133,Decent Holding Inc.
DXYZ,1843974,Destiny Tech100 Inc.
DY,67215,DYCOM INDUSTRIES INC
DYAI,1213809,DYADIC INTERNATIONAL INC
DYN,1818794,"Dyne Therapeutics, Inc."
DYNC,2028699,Dynamix Corp
DYNCU,2028699,Dynamix Corp
DYNCW,2028699,Dynamix Corp
DYOR,2079292,Insight Digital Partners II
DYORU,2079292,Insight Digital Partners II
DYORW,2079292,Insight Digital Partners II
DZZ,1159508,DEUTSCHE BANK AKTIENGESELLSCHAFT
E,1002242,ENI SPA
EAD,1210123,ALLSPRING INCOME OPPORTUNITIES FUND
EAF,931148,GRAFTECH INTERNATIONAL LTD
EAI,7323,"ENTERGY ARKANSAS, LLC"
EARN,1560672,Ellington Credit Co
EAT,703351,"BRINKER INTERNATIONAL, INC"
EBAY,1065088,EBAY INC
EBC,1810546,"Eastern Bankshares, Inc."
EBF,33002,"ENNIS, INC."
EBMT,1478454,"Eagle Bancorp Montana, Inc."
EBON,1799290,Ebang International Holdings Inc.
EBS,1367644,Emergent BioSolutions Inc.
EC,1444406,ECOPETROL S.A.
ECAT,1864843,BlackRock ESG Capital Allocation Term Trust
ECBK,1914605,"ECB Bancorp, Inc. /MD/"
ECC,1604174,Eagle Point Credit Co
ECCC,1604174,Eagle Point Credit Co
ECCU,1604174,Eagle Point Credit Co
ECCV,1604174,Eagle Point Credit Co
ECF,793040,ELLSWORTH GROWTH & INCOME FUND LTD
ECG,2015845,"Everus Construction Group, Inc."
ECHO,1415404,EchoStar CORP
ECL,31462,ECOLAB INC.
ECO,1964954,Okeanis Eco Tankers Corp.
ECOR,1560258,"electroCore, Inc."
ECPG,1084961,ENCORE CAPITAL GROUP INC
ECVT,1708035,Ecovyst Inc.
ECX,1861974,ECARX Holdings Inc.
ECXWW,1861974,ECARX Holdings Inc.
ED,1047862,CONSOLIDATED EDISON INC
EDBL,1809750,Edible Garden AG Inc
EDBLW,1809750,Edible Garden AG Inc
EDD,1388141,"Morgan Stanley Emerging Markets Domestic Debt Fund, Inc."
EDF,1501103,Virtus Stone Harbor Emerging Markets Income Fund
EDHL,2024876,Everbright Digital Holding Ltd.
EDIT,1650664,"Editas Medicine, Inc."
EDN,1395213,EDENOR
EDRY,1731388,EuroDry Ltd.
EDSA,1540159,"Edesa Biotech, Inc."
EDTK,1782309,Skillful Craftsman Education Technology Ltd
EDU,1372920,New Oriental Education & Technology Group Inc.
EDUC,31667,EDUCATIONAL DEVELOPMENT CORP
EDVA,1553788,"Endovia Health Sciences, Inc."
EE,1888447,"Excelerate Energy, Inc."
EEA,791718,"EUROPEAN EQUITY FUND, INC / MD"
EEFT,1029199,"EURONET WORLDWIDE, INC."
EEIQ,1781397,EpicQuest Education Group International Ltd
EFC,1411342,Ellington Financial Inc.
EFOI,924168,"ENERGY FOCUS, INC/DE"
EFOR,890564,Everforth Inc
EFR,1258623,Eaton Vance Senior Floating-Rate Trust
EFSC,1025835,ENTERPRISE FINANCIAL SERVICES CORP
EFSCP,1025835,ENTERPRISE FINANCIAL SERVICES CORP
EFSI,880641,EAGLE FINANCIAL SERVICES INC
EFT,1288992,Eaton Vance Floating-Rate Income Trust
EFTY,2058349,"ETOILES CAPITAL GROUP CO., LTD"
EFX,33185,EQUIFAX INC
EFXT,1904856,Enerflex Ltd.
EG,1095073,"EVEREST GROUP, LTD."
EGAN,1066194,EGAIN Corp
EGBN,1050441,EAGLE BANCORP INC
EGG,1982961,ENIGMATIG LTD
EGHA,2052547,EGH Acquisition Corp.
EGHAR,2052547,EGH Acquisition Corp.
EGHAU,2052547,EGH Acquisition Corp.
EGHT,1023731,8X8 INC /DE/
EGO,918608,ELDORADO GOLD CORP /FI
EGP,49600,EASTGROUP PROPERTIES INC
EGY,894627,VAALCO ENERGY INC /DE/
EH,1759783,EHang Holdings Ltd
EHC,785161,Encompass Health Corp
EHGO,1879754,EShallGo Inc.
EHI,1228509,WESTERN ASSET GLOBAL HIGH INCOME FUND INC.
EHLD,2032779,Euroholdings Ltd.
EHTH,1333493,"eHealth, Inc."
EIC,1754836,Eagle Point Income Co Inc.
EICA,1754836,Eagle Point Income Co Inc.
EIG,1379041,"Employers Holdings, Inc."
EIIA,1896036,Eagle Point Institutional Income Fund
EIKN,1861123,"Eikon Therapeutics, Inc."
EIM,1176984,Eaton Vance Municipal Bond Fund
EIX,827052,EDISON INTERNATIONAL
EJH,1769768,E-Home Household Service Holdings Ltd
EL,1001250,ESTEE LAUDER COMPANIES INC
ELA,701719,Envela Corp
ELAB,1840563,PMGC Holdings Inc.
ELAN,1739104,Elanco Animal Health Inc
ELBM,1907184,Electra Battery Materials Corp
ELC,1348952,"ENTERGY LOUISIANA, LLC"
ELDN,1404281,"Eledon Pharmaceuticals, Inc."
ELE,2086771,Elemental Royalty Corp
ELF,1600033,"e.l.f. Beauty, Inc."
ELLA,1560672,Ellington Credit Co
ELLO,946394,Ellomay Capital Ltd.
ELMD,1488917,"Electromed, Inc."
ELME,104894,Elme Communities
ELMT,2101698,Elmet Group Co.
ELOG,2013320,Eastern International Ltd.
ELOX,1035354,"Eloxx Pharmaceuticals, Inc."
ELPC,1041792,ENERGY CO OF PARANA
ELPW,2015691,Elong Power Holding Ltd.
ELS,895417,EQUITY LIFESTYLE PROPERTIES INC
ELTK,1024672,ELTEK LTD
ELTX,1601485,"Elicio Therapeutics, Inc."
ELUT,1708527,ELUTIA INC.
ELV,1156039,"Elevance Health, Inc."
ELVA,1844450,Electrovaya Inc.
ELVN,1672619,"Enliven Therapeutics, Inc."
ELVR,1739016,Elevra Lithium Ltd
ELWT,2063863,"Elauwit Connection, Inc."
EMA,1127248,EMERA INC
EMAT,1866226,Evolution Metals & Technologies Corp.
EMBC,1872789,Embecta Corp.
EMBJ,1355444,EMBRAER S.A.
EMD,1227862,WESTERN ASSET EMERGING MARKETS DEBT FUND INC.
EME,105634,"EMCOR Group, Inc."
EMF,809708,TEMPLETON EMERGING MARKETS FUND
EMI,1838003,"Encore Medical, Inc."
EMIS,2075816,Emmis Acquisition Corp.
EMISR,2075816,Emmis Acquisition Corp.
EML,31107,EASTERN CO
EMN,915389,EASTMAN CHEMICAL CO
EMO,1517518,ClearBridge Energy Midstream Opportunity Fund Inc.
EMP,66901,"ENTERGY MISSISSIPPI, LLC"
EMPD,1829794,Empery Digital Inc.
EMR,32604,EMERSON ELECTRIC CO
ENB,895728,ENBRIDGE INC
ENGN,1980845,enGene Therapeutics Inc.
ENGNW,1980845,enGene Therapeutics Inc.
ENGS,1971828,Energys Group Ltd
ENHA,1956439,Enhanced Group Inc.
ENIC,1659939,Enel Chile S.A.
ENJ,71508,"ENTERGY NEW ORLEANS, LLC"
ENLT,1922641,Enlight Renewable Energy Ltd.
ENLV,1596812,Enlivex Ltd.
ENO,71508,"ENTERGY NEW ORLEANS, LLC"
ENOV,1420800,Enovis CORP
ENPH,1463101,"Enphase Energy, Inc."
ENR,1632790,"ENERGIZER HOLDINGS, INC."
ENRD,2095096,Einride AB
ENRDW,2095096,Einride AB
ENS,1289308,EnerSys
ENSC,1716947,"Ensysce Biosciences, Inc."
ENSG,1125376,"ENSIGN GROUP, INC"
ENTA,1177648,ENANTA PHARMACEUTICALS INC
ENTG,1101302,ENTEGRIS INC
ENTX,1638097,Entera Bio Ltd.
ENVA,1529864,"Enova International, Inc."
ENVB,890821,"Enveric Biosciences, Inc."
ENVX,1828318,Enovix Corp
EOCN,1595353,Galmed Pharmaceuticals Ltd.
EOD,1386067,ALLSPRING GLOBAL DIVIDEND OPPORTUNITY FUND
EOG,821189,EOG RESOURCES INC
EOI,1300391,Eaton Vance Enhanced Equity Income Fund
EOLS,1570562,"Evolus, Inc."
EONR,1842556,EON Resources Inc.
EOS,1308335,Eaton Vance Enhanced Equity Income Fund II
EOSE,1805077,"Eos Energy Enterprises, Inc."
EOSEW,1805077,"Eos Energy Enterprises, Inc."
EOT,1454741,Eaton Vance National Municipal Opportunities Trust
EP,887396,EMPIRE PETROLEUM CORP
EPAC,6955,ENERPAC TOOL GROUP CORP
EPAM,1352010,"EPAM Systems, Inc."
EPC,1096752,EDGEWELL PERSONAL CARE Co
EPD,1061219,ENTERPRISE PRODUCTS PARTNERS L.P.
EPM,1006655,EVOLUTION PETROLEUM CORP
EPOW,1780731,E-Power Inc.
EPR,1045450,EPR PROPERTIES
EPRT,1728951,"ESSENTIAL PROPERTIES REALTY TRUST, INC."
EPRX,1581178,EUPRAXIA PHARMACEUTICALS INC.
EPSM,1883437,Epsium Enterprise Ltd
EPSN,1726126,Epsilon Energy Ltd.
EQ,1746466,"Equillium, Inc."
EQBK,1227500,EQUITY BANCSHARES INC
EQH,1333986,"Equitable Holdings, Inc."
EQIX,1101239,EQUINIX INC
EQNR,1140625,EQUINOR ASA
EQPT,1693736,EquipmentShare.com Inc
EQS,878932,"EQUUS TOTAL RETURN, INC."
EQT,33213,EQT Corp
EQX,1756607,Equinox Gold Corp.
ERAS,1761918,"Erasca, Inc."
ERC,1227073,ALLSPRING MULTI-SECTOR INCOME FUND
ERH,1279014,ALLSPRING UTILITIES & HIGH INCOME FUND
ERIC,717826,ERICSSON LM TELEPHONE CO
ERIE,922621,ERIE INDEMNITY CO
ERII,1421517,"Energy Recovery, Inc."
ERNA,748592,Ernexa Therapeutics Inc.
ERNAW,748592,Ernexa Therapeutics Inc.
ERO,1853860,Ero Copper Corp.
EROC,2110029,"ERock, Inc."
EROK,2104882,"EagleRock Land, LLC"
ES,72741,EVERSOURCE ENERGY
ESAB,1877322,ESAB Corp
ESBA,1553079,"Empire State Realty OP, L.P."
ESCA,33488,ESCALADE INC
ESE,866706,ESCO TECHNOLOGIES INC
ESEA,1341170,EUROSEAS LTD.
ESI,1590714,Element Solutions Inc
ESLA,1844417,"Estrella Immunopharma, Inc."
ESLAW,1844417,"Estrella Immunopharma, Inc."
ESLT,1027664,ELBIT SYSTEMS LTD
ESNT,1448893,Essent Group Ltd.
ESOA,1357971,Energy Services of America CORP
ESP,33533,ESPEY MFG & ELECTRONICS CORP
ESQ,1531031,"Esquire Financial Holdings, Inc."
ESRT,1541401,"Empire State Realty Trust, Inc."
ESS,920522,"ESSEX PROPERTY TRUST, INC."
ESTA,1688757,ESTABLISHMENT LABS HOLDINGS INC.
ESTC,1707753,Elastic N.V.
ET,1276187,Energy Transfer LP
ETB,1308927,Eaton Vance Tax-Managed Buy-Write Income Fund
ETD,896156,ETHAN ALLEN INTERIORS INC
ETG,1270523,Eaton Vance Tax-Advantaged Global Dividend Income Fund
ETH,2020455,Grayscale Ethereum Staking Mini ETF
ETHA,2000638,iShares Ethereum Trust ETF
ETHB,2099103,iShares Staked Ethereum Trust ETF
ETHE,1725210,Grayscale Ethereum Staking ETF
ETHV,1860788,VanEck Ethereum ETF
ETHW,2013744,Bitwise Ethereum ETF
ETJ,1395325,Eaton Vance Risk-Managed Diversified Equity Income Fund
ETN,1551182,Eaton Corp plc
ETO,1281926,Eaton Vance Tax-Advantaged Global Dividend Opportunities Fund
ETON,1710340,"Eton Pharmaceuticals, Inc."
ETOR,1493318,eToro Group Ltd.
ETR,65984,ENTERGY CORP /DE/
ETS,2053641,Elite Express Holding Inc.
ETSS,2085932,Energy Transition Special Opportunities
ETSY,1370637,ETSY INC
ETV,1322436,Eaton Vance Tax-Managed Buy-Write Opportunities Fund
ETW,1322435,Eaton Vance Tax-Managed Global Buy-Write Opportunities Fund
ETX,1563696,Eaton Vance Municipal Income 2028 Term Trust
ETY,1340736,Eaton Vance Tax-Managed Diversified Equity Income Fund
EU,1500881,enCore Energy Corp.
EUDA,1847846,EUDA Health Holdings Ltd
EUDAW,1847846,EUDA Health Holdings Ltd
EUO,1415311,ProShares Trust II
EURK,2000410,Eureka Acquisition Corp
EURKR,2000410,Eureka Acquisition Corp
EURKU,2000410,Eureka Acquisition Corp
EVAC,2042902,EQV Ventures Acquisition Corp. II
EVAX,1828253,Evaxion A/S
EVC,1109116,ENTRAVISION COMMUNICATIONS CORP
EVCM,1853145,EverCommerce Inc.
EVER,1640428,"EverQuote, Inc."
EVEX,1823652,"Eve Holding, Inc."
EVF,1070732,Eaton Vance Senior Income Trust
EVG,1287498,Eaton Vance Short Duration Diversified Income Fund
EVGN,1574565,Evogene Ltd.
EVGO,1821159,EVgo Inc.
EVH,1628908,"Evolent Health, Inc."
EVI,65312,"EVI INDUSTRIES, INC."
EVLV,1805385,"Evolv Technologies Holdings, Inc."
EVMN,2044725,"Evommune, Inc."
EVN,1074540,Eaton Vance Municipal Income Trust
EVO,1412558,Evotec SE
EVOX,2077954,Evolution Global Acquisition Corp
EVOXU,2077954,Evolution Global Acquisition Corp
EVOXW,2077954,Evolution Global Acquisition Corp
EVR,1360901,Evercore Inc.
EVRG,1711269,"Evergy, Inc."
EVT,1253327,Eaton Vance Tax-Advantaged Dividend Income Fund
EVTC,1559865,"EVERTEC, Inc."
EVTL,1867102,Vertical Aerospace Ltd.
EVV,1222922,Eaton Vance Ltd Duration Income Fund
EW,1099800,Edwards Lifesciences Corp
EWAV,2100704,East West Ave Acquisition Corp.
EWAVR,2100704,East West Ave Acquisition Corp.
EWAVU,2100704,East West Ave Acquisition Corp.
EWBC,1069157,EAST WEST BANCORP INC
EWTX,1710072,"Edgewise Therapeutics, Inc."
EXC,1109357,EXELON CORP
EXE,895126,EXPAND ENERGY Corp
EXEL,939767,"EXELIXIS, INC."
EXFY,1476840,"Expensify, Inc."
EXG,1379438,Eaton Vance Tax-Managed Global Diversified Equity Income Fund
EXK,1277866,ENDEAVOUR SILVER CORP
EXLS,1297989,"ExlService Holdings, Inc."
EXOD,1821534,"Exodus Movement, Inc."
EXOZ,2010788,EXOZYMES INC.
EXP,918646,EAGLE MATERIALS INC
EXPD,746515,EXPEDITORS INTERNATIONAL OF WASHINGTON INC
EXPE,1324424,"Expedia Group, Inc."
EXPO,851520,EXPONENT INC
EXR,1289490,Extra Space Storage Inc.
EXTR,1078271,EXTREME NETWORKS INC
EXYN,1960355,"Exyn Technologies, Inc."
EXYNW,1960355,"Exyn Technologies, Inc."
EYE,1710155,"National Vision Holdings, Inc."
EYPT,1314102,"EyePoint, Inc."
EZBC,1992870,Franklin Templeton Digital Holdings Trust
EZET,2011535,Franklin Ethereum Trust
EZGO,1806904,EZGO Technologies Ltd.
EZPW,876523,EZCORP INC
EZPZ,2033807,Franklin Crypto Trust
EZRA,1812727,"Reliance Global Group, Inc."
F,37996,FORD MOTOR CO
FA,1210677,FIRST ADVANTAGE CORP
FABC,1086745,"Fabric.AI, Inc."
FAC,2049662,Factorial Energy Inc.
FACT,2028935,FACT II Acquisition Corp.
FACTU,2028935,FACT II Acquisition Corp.
FACTW,2028935,FACT II Acquisition Corp.
FACWW,2049662,Factorial Energy Inc.
FAF,1472787,First American Financial Corp
FAMI,1701261,"Farmmi, Inc."
FANG,1539838,"Diamondback Energy, Inc."
FAST,815556,FASTENAL CO
FATE,1434316,FATE THERAPEUTICS INC
FATN,1993400,Fatpipe Inc/UT
FAX,790500,"ABRDN ASIA-PACIFIC INCOME FUND, INC."
FBDT,1892704,"First Breach, Inc."
FBGL,1938534,FBS Global Ltd
FBIN,1519751,"Fortune Brands Innovations, Inc."
FBIO,1429260,"Fortress Biotech, Inc."
FBIOP,1429260,"Fortress Biotech, Inc."
FBIZ,1521951,"FIRST BUSINESS FINANCIAL SERVICES, INC."
FBK,1649749,FB Financial Corp
FBLA,2013639,"FB Bancorp, Inc. /MD/"
FBLG,1958777,"FibroBiologics, Inc."
FBNC,811589,FIRST BANCORP /NC/
FBP,1057706,FIRST BANCORP /PR/
FBRT,1562528,"Franklin BSP Realty Trust, Inc."
FBTC,1852317,Fidelity Wise Origin Bitcoin Fund
FBYD,1937987,"Falcon's Beyond Global, Inc."
FBYDP,1937987,"Falcon's Beyond Global, Inc."
FBYDW,1937987,"Falcon's Beyond Global, Inc."
FC,886206,FRANKLIN COVEY CO
FCAP,1070296,FIRST CAPITAL INC
FCBC,859070,FIRST COMMUNITY BANKSHARES INC /VA/
FCBM,1531193,"First Carolina Financial Services, Inc."
FCCO,932781,FIRST COMMUNITY CORP /SC/
FCEL,886128,FUELCELL ENERGY INC
FCF,712537,FIRST COMMONWEALTH FINANCIAL CORP /PA/
FCFS,840489,"FirstCash Holdings, Inc."
FCHL,2023796,Fitness Champs Holdings Ltd
FCN,887936,"FTI CONSULTING, INC"
FCNCA,798941,FIRST CITIZENS BANCSHARES INC /DE/
FCNCN,798941,FIRST CITIZENS BANCSHARES INC /DE/
FCNCO,798941,FIRST CITIZENS BANCSHARES INC /DE/
FCNCP,798941,FIRST CITIZENS BANCSHARES INC /DE/
FCPT,1650132,"Four Corners Property Trust, Inc."
FCRS,2074697,FutureCrest Acquisition Corp.
FCUV,1590418,FOCUS UNIVERSAL INC.
FCX,831259,FREEPORT-MCMORAN INC
FDBC,1098151,FIDELITY D & D BANCORP INC
FDMM,2129659,Freedom Metals Acquisition Corp.
FDMMU,2129659,Freedom Metals Acquisition Corp.
FDMMW,2129659,Freedom Metals Acquisition Corp.
FDMT,1650648,"4D Molecular Therapeutics, Inc."
FDS,1013237,FACTSET RESEARCH SYSTEMS INC
FDSB,2012726,"Fifth District Bancorp, Inc."
FDUS,1513363,FIDUS INVESTMENT Corp
FDX,1048911,FEDEX CORP
FDXF,2082247,"FedEx Freight Holding Company, Inc."
FE,1031296,FIRSTENERGY CORP
FEAM,1888654,"5E Advanced Materials, Inc."
FEBO,1957001,Fenbo Holdings Ltd
FEDU,1709819,Four Seasons Education (Cayman) Inc.
FEED,1326706,"ENvue Medical, Inc."
FEIM,39020,FREQUENCY ELECTRONICS INC
FELE,38725,FRANKLIN ELECTRIC CO INC
FEMY,1339005,FEMASYS INC
FENC,1211583,FENNEC PHARMACEUTICALS INC.
FENG,1509646,Phoenix New Media Ltd
FER,1468522,Ferrovial N.V.
FERA,2025401,Fifth Era Acquisition Corp I
FERAR,2025401,Fifth Era Acquisition Corp I
FERAU,2025401,Fifth Era Acquisition Corp I
FERG,2011641,Ferguson Enterprises Inc. /DE/
FET,1401257,"FORUM ENERGY TECHNOLOGIES, INC."
FETH,2000046,Fidelity Ethereum Fund
FF,1337298,FutureFuel Corp.
FFA,1291334,FIRST TRUST ENHANCED EQUITY INCOME FUND
FFAI,1805521,FARADAY FUTURE INTELLIGENT ELECTRIC INC.
FFBC,708955,FIRST FINANCIAL BANCORP /OH/
FFC,1174164,Flaherty & Crumrine PREFERRED & INCOME SECURITIES FUND INC
FFIN,36029,FIRST FINANCIAL BANKSHARES INC
FFIV,1048695,"F5, INC."
FG,1934850,"F&G Annuities & Life, Inc."
FGBI,1408534,"First Guaranty Bancshares, Inc."
FGBIP,1408534,"First Guaranty Bancshares, Inc."
FGDL,1858258,Franklin Templeton Holdings Trust
FGI,1864943,FGI Industries Ltd.
FGII,2090452,FG Imperii Acquisition Corp.
FGIIU,2090452,FG Imperii Acquisition Corp.
FGIIW,2090452,FG Imperii Acquisition Corp.
FGIWW,1864943,FGI Industries Ltd.
FGL,1989930,Founder Group Ltd
FGN,1934850,"F&G Annuities & Life, Inc."
FGNX,1591890,FG Nexus Inc.
FGNXP,1591890,FG Nexus Inc.
FGSN,1934850,"F&G Annuities & Life, Inc."
FHB,36377,"FIRST HAWAIIAN, INC."
FHI,1056288,"FEDERATED HERMES, INC."
FHN,36966,FIRST HORIZON CORP
FHTX,1822462,Foghorn Therapeutics Inc.
FIBK,860413,FIRST INTERSTATE BANCSYSTEM INC
FICO,814547,FAIR ISAAC CORP
FIEE,1467761,"FiEE, Inc."
FIG,1579878,"Figma, Inc."
FIGR,2064124,"Figure Technology Solutions, Inc."
FIGS,1846576,"FIGS, Inc."
FIGX,2059033,FIGX Capital Acquisition Corp.
FIGXU,2059033,FIGX Capital Acquisition Corp.
FIGXW,2059033,FIGX Capital Acquisition Corp.
FINS,1745059,Angel Oak Financial Strategies Income Term Trust
FINV,1691445,FinVolution Group
FINW,1856365,Finwise Bancorp
FIP,1899883,FTAI Infrastructure Inc.
FIRY,1801661,Firy Inc.
FIS,1136893,"Fidelity National Information Services, Inc."
FISI,862831,FINANCIAL INSTITUTIONS INC
FISK,1553079,"Empire State Realty OP, L.P."
FISN,1918102,"DEEP FISSION, INC."
FISV,798354,FISERV INC
FITB,35527,FIFTH THIRD BANCORP
FIVE,1177609,"FIVE BELOW, INC"
FIVN,1288847,"Five9, Inc."
FIX,1035983,COMFORT SYSTEMS USA INC
FIZZ,69891,NATIONAL BEVERAGE CORP
FJDIU,2094712,ARC Group Securities Acquisition I
FJET,1947016,"Starfighters Space, Inc."
FKWL,722572,FRANKLIN WIRELESS CORP
FLC,1245648,FLAHERTY & CRUMRINE TOTAL RETURN FUND INC
FLD,1889123,"Fold Holdings, Inc."
FLDDW,1889123,"Fold Holdings, Inc."
FLEX,866374,FLEX LTD.
FLG,910073,"FLAGSTAR BANK, NATIONAL ASSOCIATION"
FLGT,1674930,"Fulgent Genetics, Inc."
FLL,891482,FULL HOUSE RESORTS INC
FLNA,1069530,"FILANA THERAPEUTICS, INC."
FLNC,1868941,"Fluence Energy, Inc."
FLNG,1772253,Flex LNG Ltd.
FLNT,1460329,"Fluent, Inc."
FLO,1128928,FLOWERS FOODS INC
FLOC,2035149,Flowco Holdings Inc.
FLR,1124198,FLUOR CORP
FLS,30625,FLOWSERVE CORP
FLUT,1635327,Flutter Entertainment plc
FLUX,1083743,"Flux Power Holdings, Inc."
FLWS,1084869,1 800 FLOWERS COM INC
FLX,1858724,BingEx Ltd
FLXS,37472,FLEXSTEEL INDUSTRIES INC
FLY,1860160,Firefly Aerospace Inc.
FLYD,927971,BANK OF MONTREAL /CAN/
FLYE,1975940,"Fly-E Group, Inc."
FLYU,927971,BANK OF MONTREAL /CAN/
FLYW,1580560,Flywire Corp
FLYX,1843973,FLYEXCLUSIVE INC.
FMAC,2099232,Future Money Acquisition Corp
FMACR,2099232,Future Money Acquisition Corp
FMACU,2099232,Future Money Acquisition Corp
FMAO,792966,FARMERS & MERCHANTS BANCORP INC
FMBH,700565,"FIRST MID BANCSHARES, INC."
FMC,37785,FMC CORP
FMFC,2024656,Kandal M Venture Ltd
FMN,1199004,Federated Hermes Premier Municipal Income Fund
FMNB,709337,FARMERS NATIONAL BANC CORP /OH/
FMS,1333141,Fresenius Medical Care AG
FMST,1935418,Foremost Clean Energy Ltd.
FMSTW,1935418,Foremost Clean Energy Ltd.
FMX,1061736,MEXICAN ECONOMIC DEVELOPMENT INC
FMY,1319183,FIRST TRUST MORTGAGE INCOME FUND
FN,1408710,Fabrinet
FNB,37808,FNB CORP/PA/
FND,1507079,"Floor & Decor Holdings, Inc."
FNF,1331875,"Fidelity National Financial, Inc."
FNGD,927971,BANK OF MONTREAL /CAN/
FNGO,927971,BANK OF MONTREAL /CAN/
FNGR,1602409,"FingerMotion, Inc."
FNGS,927971,BANK OF MONTREAL /CAN/
FNGU,927971,BANK OF MONTREAL /CAN/
FNKO,1704711,"Funko, Inc."
FNLC,765207,"First Bancorp, Inc /ME/"
FNRN,1114927,FIRST NORTHERN COMMUNITY BANCORP
FNUC,1769697,Frontier Nuclear & Minerals Inc.
FNV,1456346,FRANCO NEVADA Corp
FNWB,1556727,First Northwest Bancorp
FNWD,919864,Finward Bancorp
FOA,1828937,Finance of America Companies Inc.
FOCL,1041934,EDAP TMS SA
FOF,1375340,"Cohen & Steers Closed-End Opportunity Fund, Inc."
FOFO,2060083,"Hang Feng Technology Innovation Co., Ltd."
FOIL,2006960,Londian Wason New Energy Tech Inc.
FOR,1406587,Forestar Group Inc.
FORM,1039399,FORMFACTOR INC
FORR,1023313,"FORRESTER RESEARCH, INC."
FORTY,1045986,FORMULA SYSTEMS (1985) LTD
FOSL,883569,"Fossil Group, Inc."
FOUR,1794669,"Shift4 Payments, Inc."
FOX,1754301,Fox Corp
FOXA,1754301,Fox Corp
FOXF,1424929,FOX FACTORY HOLDING CORP
FOXX,2013807,Foxx Development Holdings Inc.
FOXXW,2013807,Foxx Development Holdings Inc.
FPF,1567569,First Trust Intermediate Duration Preferred & Income Fund
FPH,1574197,"Five Point Holdings, LLC"
FPI,1591670,Farmland Partners Inc.
FPS,2080126,"Forgent Power Solutions, Inc."
FR,921825,FIRST INDUSTRIAL REALTY TRUST INC
FRA,1259708,"BLACKROCK FLOATING RATE INCOME STRATEGIES FUND, INC."
FRAF,723646,FRANKLIN FINANCIAL SERVICES CORP /PA/
FRBT,1925062,"Forbright, Inc."
FRD,39092,FRIEDMAN INDUSTRIES INC
FRGT,1687542,"Freight Technologies, Inc."
FRHC,924805,Freedom Holding Corp.
FRME,712534,FIRST MERCHANTS CORP
FRMEP,712534,FIRST MERCHANTS CORP
FRMI,2071778,Fermi Inc.
FRMM,1690080,FORUM MARKETS Inc
FRNM,2017526,"Freenome, Inc."
FRO,913290,Frontline plc
FROG,1800667,JFrog Ltd
FRPH,844059,"FRP HOLDINGS, INC."
FRPT,1611647,"Freshpet, Inc."
FRSH,1544522,Freshworks Inc.
FRST,1325670,Primis Financial Corp.
FRSX,1691221,Foresight Autonomous Holdings Ltd.
FRT,34903,FEDERAL REALTY INVESTMENT TRUST
FRTT,2092967,Fort Technology Inc
FRVO,1853868,Fervo Energy Co
FSBC,1275168,FIVE STAR BANCORP
FSBW,1530249,"FS Bancorp, Inc."
FSCO,1568194,FS Credit Opportunities Corp.
FSEA,1943802,"First Seacoast Bancorp, Inc."
FSHP,1850059,Flag Ship Acquisition Corp
FSHPR,1850059,Flag Ship Acquisition Corp
FSHPU,1850059,Flag Ship Acquisition Corp
FSI,1069394,FLEXIBLE SOLUTIONS INTERNATIONAL INC
FSK,1422183,FS KKR Capital Corp
FSLR,1274494,"FIRST SOLAR, INC."
FSLY,1517413,"Fastly, Inc."
FSM,1341335,FORTUNA MINING CORP.
FSOL,2063380,Fidelity Solana Fund
FSP,1031316,FRANKLIN STREET PROPERTIES CORP /MA/
FSS,277509,FEDERAL SIGNAL CORP /DE/
FSSL,2065812,FS Specialty Lending Fund
FSTR,352825,FOSTER L B CO
FSUN,1709442,FIRSTSUN CAPITAL BANCORP
FSV,1637810,FirstService Corp
FT,833040,FRANKLIN UNIVERSAL TRUST
FTAI,1590364,FTAI Aviation Ltd.
FTAIM,1590364,FTAI Aviation Ltd.
FTCI,1828161,"FTC Solar, Inc."
FTDR,1727263,"Frontdoor, Inc."
FTEK,846913,"FUEL TECH, INC."
FTF,1233087,FRANKLIN LTD DURATION INCOME TRUST
FTFT,1066923,Future FinTech Group Inc.
FTH,1829802,"Faeth Therapeutics, Inc."
FTHA,2097986,Forefront Tech Holdings Acquisition Corp
FTHAU,2097986,Forefront Tech Holdings Acquisition Corp
FTHAW,2097986,Forefront Tech Holdings Acquisition Corp
FTHM,1753162,Fathom Holdings Inc.
FTHY,1810523,FIRST TRUST HIGH YIELD OPPORTUNITIES 2027 TERM FUND
FTI,1681459,TechnipFMC plc
FTK,928054,FLOTEK INDUSTRIES INC/CN/
FTLF,1374328,"FITLIFE BRANDS, INC."
FTNT,1262039,"Fortinet, Inc."
FTRA,2131853,FutureCorp Space Acquisition 1
FTRE,1965040,Fortrea Holdings Inc.
FTS,1666175,Fortis Inc.
FTV,1659166,Fortive Corp
FTW,2083125,PRESIDIO PRODUCTION Co
FUBO,1484769,FuboTV Inc.
FUFU,1921158,Bitfufu Inc.
FUFUW,1921158,Bitfufu Inc.
FUL,39368,FULLER H B CO
FULC,1680581,"Fulcrum Therapeutics, Inc."
FULT,700564,FULTON FINANCIAL CORP
FULTP,700564,FULTON FINANCIAL CORP
FUN,1999001,Six Flags Entertainment Corporation/NEW
FUNC,763907,FIRST UNITED CORP/MD/
FUND,825202,SPROTT FOCUS TRUST INC.
FURY,1514597,FURY GOLD MINES LTD
FUSB,717806,"FIRST US BANCSHARES, INC."
FUSE,2033383,Fusemachines Inc.
FUSEW,2033383,Fusemachines Inc.
FUTU,1754581,Futu Holdings Ltd
FVAV,1850733,Fortress Value Acquisition Corp. V
FVCB,1675644,"FVCBankcorp, Inc."
FVN,2010653,Future Vision II Acquisition Corp.
FVNNR,2010653,Future Vision II Acquisition Corp.
FVNNU,2010653,Future Vision II Acquisition Corp.
FVR,1988494,"FrontView REIT, Inc."
FVRR,1762301,Fiverr International Ltd.
FWAC,2116105,Futurewave Acquisition Corp
FWACR,2116105,Futurewave Acquisition Corp
FWACU,2116105,Futurewave Acquisition Corp
FWACW,2116105,Futurewave Acquisition Corp
FWDI,38264,"Forward Industries, Inc."
FWONA,1560385,Liberty Media Corp
FWONK,1560385,Liberty Media Corp
FWRD,912728,FORWARD AIR CORP
FWRG,1789940,"First Watch Restaurant Group, Inc."
FXA,1353614,Invesco CurrencyShares Australian Dollar Trust
FXAC,2121703,FortuneX Acquisition Corp
FXACU,2121703,FortuneX Acquisition Corp
FXACW,2121703,FortuneX Acquisition Corp
FXB,1353611,Invesco CurrencyShares British Pound Sterling Trust
FXC,1353612,Invesco CurrencyShares Canadian Dollar Trust
FXE,1328598,Invesco CurrencyShares Euro Trust
FXF,1353615,Invesco CurrencyShares Swiss Franc Trust
FXHO,1789299,UTime Ltd
FXNC,719402,FIRST NATIONAL CORP /VA/
FXY,1353613,Invesco CurrencyShares Japanese Yen Trust
G,1398659,Genpact LTD
GAB,794685,GABELLI EQUITY TRUST INC
GABC,714395,"GERMAN AMERICAN BANCORP, INC."
GAIA,1089872,"GAIA, INC"
GAIN,1321741,GLADSTONE INVESTMENT CORPORATIONDE
GAING,1321741,GLADSTONE INVESTMENT CORPORATIONDE
GAINI,1321741,GLADSTONE INVESTMENT CORPORATIONDE
GAINZ,1321741,GLADSTONE INVESTMENT CORPORATIONDE
GALT,1133416,GALECTIN THERAPEUTICS INC
GAM,40417,GENERAL AMERICAN INVESTORS CO INC
GAME,1714562,"GameSquare Holdings, Inc."
GANX,1819411,"Gain Therapeutics, Inc."
GAP,39911,GAP INC
GASS,1328919,StealthGas Inc.
GATX,40211,GATX CORP
GAU,1377757,Galiano Gold Inc.
GAUZ,1781446,Gauzy Ltd.
GAVA,2035053,Grayscale Avalanche Staking ETF
GBAB,1495825,Guggenheim Taxable Municipal Bond & Investment Grade Debt Trust
GBCI,868671,"GLACIER BANCORP, INC."
GBDC,1476765,"GOLUB CAPITAL BDC, Inc."
GBFH,1791145,GBank Financial Holdings Inc.
GBLI,1494904,"Global Indemnity Group, LLC"
GBR,105744,"New Concept Energy, Inc."
GBTC,1588489,Grayscale Bitcoin Trust ETF
GBTG,1820872,"Global Business Travel Group, Inc."
GBUG,312070,BARCLAYS BANK PLC
GBX,923120,GREENBRIER COMPANIES INC
GCBC,1070524,GREENE COUNTY BANCORP INC
GCDT,1926293,Green Circle Decarbonize Technology Ltd
GCGR,2108962,General Catalyst Global Resilience Merger Corp.
GCGRU,2108962,General Catalyst Global Resilience Merger Corp.
GCGRW,2108962,General Catalyst Global Resilience Merger Corp.
GCL,2002045,GCL Global Holdings Ltd
GCLWW,2002045,GCL Global Holdings Ltd
GCMG,1819796,GCM Grosvenor Inc.
GCO,18498,GENESCO INC
GCT,1857816,GigaCloud Technology Inc
GCTK,1506983,"Glucotrack, Inc."
GCTS,1851961,"GCT Semiconductor Holding, Inc."
GCV,845611,GABELLI CONVERTIBLE & INCOME SECURITIES FUND INC
GD,40533,GENERAL DYNAMICS CORP
GDC,1641398,GD Culture Group Ltd
GDDY,1609711,GoDaddy Inc.
GDEV,1848739,GDEV Inc.
GDHG,1928340,GOLDEN HEAVEN GROUP HOLDINGS LTD.
GDL,1378701,GDL FUND
GDLC,1729997,Grayscale CoinDesk Crypto 5 ETF
GDO,1472341,WESTERN ASSET GLOBAL CORPORATE OPPORTUNITY FUND INC.
GDOG,2055510,Grayscale Dogecoin Trust ETF
GDOT,1386278,GREEN DOT CORP
GDRX,1809519,"GoodRx Holdings, Inc."
GDS,1526125,GDS Holdings Ltd
GDTC,1873093,CytoMed Therapeutics Ltd
GDV,1260729,GABELLI DIVIDEND & INCOME TRUST
GDXD,927971,BANK OF MONTREAL /CAN/
GDXU,927971,BANK OF MONTREAL /CAN/
GDYN,1743725,"GRID DYNAMICS HOLDINGS, INC."
GE,40545,GENERAL ELECTRIC CO
GECC,1675033,Great Elm Capital Corp.
GECCG,1675033,Great Elm Capital Corp.
GECCH,1675033,Great Elm Capital Corp.
GECCI,1675033,Great Elm Capital Corp.
GEF,43920,"GREIF, INC"
GEG,1831096,"Great Elm Group, Inc."
GEGGL,1831096,"Great Elm Group, Inc."
GEHC,1932393,GE HealthCare Technologies Inc.
GEL,1022321,GENESIS ENERGY LP
GELS,1920092,Gelteq Ltd
GEMI,2055592,"Gemini Space Station, Inc."
GEN,849399,Gen Digital Inc.
GENB,2100782,"Generate Biomedicines, Inc."
GENC,64472,GENCOR INDUSTRIES INC
GENI,1834489,Genius Sports Ltd
GENK,1891856,"GEN Restaurant Group, Inc."
GENVR,849399,Gen Digital Inc.
GEO,923796,GEO GROUP INC
GEOS,1001115,GEOSPACE TECHNOLOGIES CORP
GERN,886744,GERON CORP
GETY,1898496,"Getty Images Holdings, Inc."
GEV,1996810,GE Vernova Inc.
GEVO,1392380,"Gevo, Inc."
GF,858706,NEW GERMANY FUND INC
GFAI,1804469,"Guardforce AI Co., Ltd."
GFAIW,1804469,"Guardforce AI Co., Ltd."
GFF,50725,GRIFFON CORP
GFI,1172724,GOLD FIELDS LTD
GFL,1780232,GFL Environmental Inc.
GFR,1966287,Greenfire Resources Ltd.
GFS,1709048,GLOBALFOUNDRIES Inc.
GFUZ,2074850,General Fusion Group Ltd.
GFUZW,2074850,General Fusion Group Ltd.
GGAL,1114700,GRUPO FINANCIERO GALICIA SA
GGB,1073404,GERDAU S.A.
GGG,42888,GRACO INC
GGN,1313510,"GAMCO Global Gold, Natural Resources & Income Trust"
GGR,1886190,Gogoro Inc.
GGROW,1886190,Gogoro Inc.
GGT,921671,GABELLI MULTIMEDIA TRUST INC.
GGZ,1585855,Gabelli Global Small & Mid Cap Value Trust
GH,1576280,"Guardant Health, Inc."
GHC,104889,Graham Holdings Co
GHG,1724755,GreenTree Hospitality Group Ltd.
GHI,1059142,Greystone Housing Impact Investors LP
GHM,716314,GRAHAM CORP
GHRS,1855129,GH Research PLC
GHXI,2086438,"Gores Holdings XI, Inc."
GHXIU,2086438,"Gores Holdings XI, Inc."
GHXIW,2086438,"Gores Holdings XI, Inc."
GHY,1554697,"PGIM Global High Yield Fund, Inc."
GIB,1061574,CGI INC
GIBO,2034520,GIBO HOLDINGS Ltd
GIBOW,2034520,GIBO HOLDINGS Ltd
GIC,945114,GLOBAL INDUSTRIAL Co
GIFT,1760233,"GIFTIFY, INC."
GIGM,1105101,GIGAMEDIA Ltd
GIII,821002,G III APPAREL GROUP LTD /DE/
GIL,1061894,Gildan Activewear Inc.
GILD,882095,"GILEAD SCIENCES, INC."
GILT,897322,GILAT SATELLITE NETWORKS LTD
GIPR,1651721,"GENERATION INCOME PROPERTIES, INC."
GIS,40704,GENERAL MILLS INC
GITS,1911545,"Global Interactive Technologies, Inc."
GIW,2080019,GigCapital8 Corp.
GIWWR,2080019,GigCapital8 Corp.
GIWWU,2080019,GigCapital8 Corp.
GIX,2098712,GigCapital9 Corp.
GIXI,1782265,Gix Internet Ltd.
GIXXR,2098712,GigCapital9 Corp.
GIXXU,2098712,GigCapital9 Corp.
GJH,1286405,STRATS SM TRUST FOR U S CELL CORP SEC SERIES 2004 6
GJO,1340909,"STRATS SM TRUST FOR WAL-MART STORES, INC. SECURITIES, SERIES 2005-4"
GJP,1343491,"STRATS(SM) TRUST FOR DOMINION RESOURCES, INC. SECURITIES, SERIES 2005-6"
GJR,1353226,"STRATS(SM) Trust for Procter & Gamble Securities, Series 2006-1"
GJS,1356284,"STRATS(SM) Trust for Goldman Sachs Group Securities, Series 2006-2"
GJT,1357660,"STRATS(SM) Trust for Allstate Corp Securities, Series 2006-3"
GKOS,1192448,GLAUKOS Corp
GL,320335,GLOBE LIFE INC.
GLAD,1143513,GLADSTONE CAPITAL CORP
GLAS,1848731,Glass House Brands Inc.
GLBE,1835963,Global-E Online Ltd.
GLBS,1499780,GLOBUS MARITIME LTD
GLD,1222333,SPDR GOLD TRUST
GLDG,1538847,GoldMining Inc.
GLDI,1053092,CREDIT SUISSE AG
GLDM,1618181,World Gold Trust
GLE,1908705,Global Engine Group Holding Ltd
GLED,2091484,GalaxyEdge Acquisition Corp
GLIBA,2057463,Liberty Capital Corp/NV
GLIBK,2057463,Liberty Capital Corp/NV
GLL,1415311,ProShares Trust II
GLND,2093507,Greenland Energy Co
GLNDW,2093507,Greenland Energy Co
GLNG,1207179,GOLAR LNG LTD
GLNK,1852025,Grayscale Chainlink Trust ETF
GLO,1350869,Clough Global Opportunities Fund
GLOB,1557860,Globant S.A.
GLOO,2069785,"Gloo Holdings, Inc."
GLP,1323468,GLOBAL PARTNERS LP
GLPI,1575965,"Gaming & Leisure Properties, Inc."
GLQ,1316463,Clough Global Equity Fund
GLRE,1385613,"GREENLIGHT CAPITAL RE, LTD."
GLSI,1799788,"Greenwich LifeSciences, Inc."
GLTR,1483386,abrdn Precious Metals Basket ETF Trust
GLU,1282957,GABELLI GLOBAL UTILITY & INCOME TRUST
GLUE,1826457,"Monte Rosa Therapeutics, Inc."
GLV,1288795,Clough Global Dividend & Income Fund
GLW,24741,CORNING INC /NY
GLXG,1905920,Galaxy Payroll Group Ltd
GLXY,1859392,Galaxy Digital Inc.
GM,1467858,General Motors Co
GMAB,1434265,GENMAB A/S
GME,1326380,GameStop Corp.
GMED,1237831,GLOBUS MEDICAL INC
GMEX,1928581,GMEX Robotics Corp
GMHS,2000530,Gamehaus Holdings Inc.
GMM,1913749,Global Mofy AI Ltd
GMRS,1898718,GMR Solutions Inc.
GMTL,2039972,Guardian Metal Resources PLC
GNE,1528356,Genie Energy Ltd.
GNK,1326200,GENCO SHIPPING & TRADING LTD
GNL,1526113,"Global Net Lease, Inc."
GNLN,1743745,"Greenlane Holdings, Inc."
GNLX,1231457,GENELUX Corp
GNPX,1595248,"Genprex, Inc."
GNRC,1474735,GENERAC HOLDINGS INC.
GNS,1847806,Genius Group Ltd
GNSS,924383,Genasys Inc.
GNT,1438893,"GAMCO Natural Resources, Gold & Income Trust"
GNTA,1838716,Genenta Science S.p.A.
GNTX,355811,GENTEX CORP
GNW,1276520,GENWORTH FINANCIAL INC
GO,1771515,Grocery Outlet Holding Corp.
GOAI,1983736,Eva Live Inc
GOF,1380936,GUGGENHEIM STRATEGIC OPPORTUNITIES FUND
GOGO,1537054,Gogo Inc.
GOLD,1591588,"Gold.com, Inc."
GOLF,1672013,Acushnet Holdings Corp.
GOOD,1234006,GLADSTONE COMMERCIAL CORP
GOODN,1234006,GLADSTONE COMMERCIAL CORP
GOODO,1234006,GLADSTONE COMMERCIAL CORP
GOOG,1652044,Alphabet Inc.
GOOGL,1652044,Alphabet Inc.
GOOGM,1652044,Alphabet Inc.
GOOGN,1652044,Alphabet Inc.
GOOS,1690511,Canada Goose Holdings Inc.
GORO,1515964,Goldgroup Mining Inc.
GOSS,1728117,"Gossamer Bio, Inc."
GOTU,1768259,Gaotu Techedu Inc.
GOVX,832489,"GeoVax Labs, Inc."
GP,1584547,GREENPOWER MOTOR Co INC.
GPAC,2085408,General Purpose Acquisition Corp.
GPACU,2085408,General Purpose Acquisition Corp.
GPACW,2085408,General Purpose Acquisition Corp.
GPAT,1834526,GP-Act III Acquisition Corp.
GPATU,1834526,GP-Act III Acquisition Corp.
GPATW,1834526,GP-Act III Acquisition Corp.
GPC,40987,GENUINE PARTS CO
GPCR,1888886,Structure Therapeutics Inc.
GPGI,1823144,"GPGI, Inc."
GPI,1031203,GROUP 1 AUTOMOTIVE INC
GPJA,41091,GEORGIA POWER CO
GPK,1408075,GRAPHIC PACKAGING HOLDING CO
GPMT,1703644,Granite Point Mortgage Trust Inc.
GPN,1123360,GLOBAL PAYMENTS INC
GPOR,874499,GULFPORT ENERGY CORP
GPRE,1309402,Green Plains Inc.
GPRK,1464591,GeoPark Ltd
GPRO,1500435,"GoPro, Inc."
GPUS,896493,"Hyperscale Data, Inc."
GRAB,1855612,Grab Holdings Ltd
GRABW,1855612,Grab Holdings Ltd
GRAL,1699031,"GRAIL, Inc."
GRAN,2027722,Grande Group Ltd/HK
GRBK,1373670,"Green Brick Partners, Inc."
GRC,42682,GORMAN RUPP CO
GRCE,1444192,"Grace Therapeutics, Inc."
GRDN,1802255,"Guardian Pharmacy Services, Inc."
GRDX,1604191,GridAI Technologies Corp.
GREEL,1844971,Vulcan Infrastructure & Power Inc.
GRF,850027,"EAGLE CAPITAL GROWTH FUND, INC."
GRFS,1438569,Grifols SA
GRI,1824293,"GRI Bio, Inc."
GRML,1907223,Greenland Mines Ltd
GRMLW,1907223,Greenland Mines Ltd
GRMN,1121788,GARMIN LTD
GRN,312070,BARCLAYS BANK PLC
GRND,1820144,Grindr Inc.
GRNQ,1597846,Greenpro Capital Corp.
GRNT,1928446,"Granite Ridge Resources, Inc."
GRO,1472326,Brazil Potash Corp.
GROV,1841761,"Grove Collaborative Holdings, Inc."
GROW,754811,U S GLOBAL INVESTORS INC
GROY,1834026,Gold Royalty Corp.
GRPN,1490281,"Groupon, Inc."
GRRR,1903145,Gorilla Technology Group Inc.
GRRRW,1903145,Gorilla Technology Group Inc.
GRSD,1839799,GRANDSTAND Ltd
GRVY,1313310,"GRAVITY Co., Ltd."
GRWG,1604868,GrowGeneration Corp.
GRX,1391437,Gabelli Healthcare & WellnessRx Trust
GS,886982,GOLDMAN SACHS GROUP INC
GSAT,1366868,"Globalstar, Inc."
GSBC,854560,"GREAT SOUTHERN BANCORP, INC."
GSBD,1572694,"Goldman Sachs BDC, Inc."
GSG,1332174,iShares S&P GSCI Commodity-Indexed Trust
GSHD,1726978,"Goosehead Insurance, Inc."
GSHR,2044635,Gesher Acquisition Corp. II
GSHRU,2044635,Gesher Acquisition Corp. II
GSHRW,2044635,Gesher Acquisition Corp. II
GSIT,1126741,GSI TECHNOLOGY INC
GSIW,1954269,Garden Stage Ltd
GSK,1131399,GSK plc
GSL,1430725,"Global Ship Lease, Inc."
GSM,1639877,Ferroglobe PLC
GSOL,1896677,Grayscale Solana Staking ETF
GSRF,2072404,GSR IV Acquisition Corp.
GSRFR,2072404,GSR IV Acquisition Corp.
GSRFU,2072404,GSR IV Acquisition Corp.
GSRV,2111762,GSR V Acquisition Corp.
GSRVR,2111762,GSR V Acquisition Corp.
GSRVU,2111762,GSR V Acquisition Corp.
GSUI,2034012,Grayscale Sui Staking ETF
GSUN,1826376,Golden Sun Technology Group Ltd.
GT,42582,GOODYEAR TIRE & RUBBER CO /OH/
GTBP,109657,"GT Biopharma, Inc."
GTE,1273441,GRAN TIERRA ENERGY INC.
GTEC,1735041,Greenland Technologies Holding Corp.
GTEN,1986817,"Gores Holdings X, Inc. / CI"
GTENU,1986817,"Gores Holdings X, Inc. / CI"
GTENW,1986817,"Gores Holdings X, Inc. / CI"
GTERA,2043766,Globa Terra Acquisition Corp
GTERR,2043766,Globa Terra Acquisition Corp
GTERU,2043766,Globa Terra Acquisition Corp
GTERW,2043766,Globa Terra Acquisition Corp
GTES,1718512,Gates Industrial Corp Ltd.
GTIM,825324,Good Times Restaurants Inc.
GTLB,1653482,Gitlab Inc.
GTM,1794515,ZoomInfo Technologies Inc.
GTN,43196,"GRAY MEDIA, INC"
GTX,1735707,Garrett Motion Inc.
GTY,1052752,GETTY REALTY CORP /MD/
GUAC,2081515,Berto Acquisition Corp. II
GUACU,2081515,Berto Acquisition Corp. II
GUACW,2081515,Berto Acquisition Corp. II
GUG,1864208,Guggenheim Active Allocation Fund
GURE,885462,"GULF RESOURCES, INC."
GUT,1080720,GABELLI UTILITY TRUST
GUTS,1572616,"FRACTYL HEALTH, INC."
GVA,861459,GRANITE CONSTRUCTION INC
GVH,1978527,Globavend Holdings Ltd
GWAV,1589149,"Greenwave Technology Solutions, Inc."
GWH,1819438,"ESS Tech, Inc."
GWRE,1528396,"Guidewire Software, Inc."
GWRS,1434728,"Global Water Resources, Inc."
GWW,277135,"W.W. GRAINGER, INC."
GXAI,1895618,GAXOS.AI INC.
GXO,1852244,"GXO Logistics, Inc."
GXRP,2037427,Grayscale XRP Trust ETF
GYGY,2111846,Game Your Game Inc.
GYRE,1124105,"GYRE THERAPEUTICS, INC."
GYRO,1589061,"Gyrodyne, LLC"
H,1468174,Hyatt Hotels Corp
HACQ,2089982,HCM IV Acquisition Corp.
HACQU,2089982,HCM IV Acquisition Corp.
HACQW,2089982,HCM IV Acquisition Corp.
HAE,313143,HAEMONETICS CORP
HAFC,1109242,HANMI FINANCIAL CORP
HAFN,1815779,Hafnia Ltd
HAIN,910406,HAIN CELESTIAL GROUP INC
HAL,45012,HALLIBURTON CO
HALO,1159036,"HALOZYME THERAPEUTICS, INC."
HAO,1954594,Haoxi Health Technology Ltd
HAPN,1409970,"Happen, Inc."
HAS,46080,"HASBRO, INC."
HASI,1561894,"HA Sustainable Infrastructure Capital, Inc."
HAVA,2042460,Harvard Ave Acquisition Corp
HAVAR,2042460,Harvard Ave Acquisition Corp
HAVAU,2042460,Harvard Ave Acquisition Corp
HAWK,1750704,"HawkEye 360, Inc."
HAYW,1834622,"Hayward Holdings, Inc."
HBAN,49196,HUNTINGTON BANCSHARES INC /MD/
HBANL,49196,HUNTINGTON BANCSHARES INC /MD/
HBANM,49196,HUNTINGTON BANCSHARES INC /MD/
HBANP,49196,HUNTINGTON BANCSHARES INC /MD/
HBANZ,49196,HUNTINGTON BANCSHARES INC /MD/
HBB,1709164,Hamilton Beach Brands Holding Co
HBCP,1436425,"HOME BANCORP, INC."
HBIO,1123494,HARVARD BIOSCIENCE INC
HBM,1322422,Hudbay Minerals Inc.
HBNB,2054507,Hotel101 Global Holdings Corp.
HBNC,706129,HORIZON BANCORP INC /IN/
HBT,775215,"HBT Financial, Inc."
HCA,860730,"HCA Healthcare, Inc."
HCAC,2079013,Hall Chadwick Acquisition Corp
HCACR,2079013,Hall Chadwick Acquisition Corp
HCACU,2079013,Hall Chadwick Acquisition Corp
HCAI,1958399,"Huachen AI Parking Management Technology Holding Co., Ltd"
HCAT,1636422,"Health Catalyst, Inc."
HCC,1691303,"WARRIOR MET COAL, INC."
HCHL,2046656,Happy City Holdings Ltd
HCI,1400810,"HCI Group, Inc."
HCIC,2099093,Hennessy Capital Investment Corp. VIII
HCICR,2099093,Hennessy Capital Investment Corp. VIII
HCICU,2099093,Hennessy Capital Investment Corp. VIII
HCKT,1057379,"HACKETT GROUP, INC."
HCM,1648257,HUTCHMED (China) Ltd
HCMA,2069856,HCM III ACQUISITION CORP.
HCMAU,2069856,HCM III ACQUISITION CORP.
HCMAW,2069856,HCM III ACQUISITION CORP.
HCSG,731012,HEALTHCARE SERVICES GROUP INC
HCTI,1839285,"Healthcare Triangle, Inc."
HCWB,1828673,HCW Biologics Inc.
HCWC,1948864,HEALTHY CHOICE WELLNESS CORP.
HCXY,1280784,"Hercules Capital, Inc."
HD,354950,"HOME DEPOT, INC."
HDB,1144967,HDFC BANK LTD
HDL,1995306,SUPER HI INTERNATIONAL HOLDING LTD.
HDLB,1114446,UBS AG
HDRN,2023730,"Hadron Energy, Inc."
HDRNW,2023730,"Hadron Energy, Inc."
HDSN,925528,HUDSON TECHNOLOGIES INC /NY
HE,354707,HAWAIIAN ELECTRIC INDUSTRIES INC
HEI,46619,HEICO CORP
HELE,916789,HELEN OF TROY LTD
HELP,1833141,CYBIN INC.
HEPS,1850235,D-MARKET Electronic Services & Trading
HEQ,1496749,John Hancock Diversified Income Fund
HERE,1932770,Here Group Ltd
HERZ,880406,"Herzfeld Credit Income Fund, Inc"
HESM,1789832,Hess Midstream LP
HFBL,1500375,"Home Federal Bancorp, Inc. of Louisiana"
HFFG,1680873,HF Foods Group Inc.
HFRO,1710680,HIGHLAND OPPORTUNITIES & INCOME FUND
HFWA,1046025,HERITAGE FINANCIAL CORP /WA/
HG,1593275,"Hamilton Insurance Group, Ltd."
HGBL,849145,Heritage Global Inc.
HGLB,1622148,HIGHLAND GLOBAL ALLOCATION FUND
HGTY,1840776,"Hagerty, Inc."
HGV,1674168,Hilton Grand Vacations Inc.
HHH,1981792,Howard Hughes Holdings Inc.
HHS,45919,HARTE HANKS INC
HIG,874766,"HARTFORD INSURANCE GROUP, INC."
HIHO,1026785,HIGHWAY HOLDINGS LTD
HII,1501585,"HUNTINGTON INGALLS INDUSTRIES, INC."
HIMS,1773751,"Hims & Hers Health, Inc."
HIMX,1342338,"Himax Technologies, Inc."
HIND,1427570,"Vyome Holdings, Inc"
HIO,910068,WESTERN ASSET HIGH INCOME OPPORTUNITY FUND INC.
HIPO,1828105,Hippo Holdings Inc.
HIT,2019505,"Health In Tech, Inc."
HITI,1847409,High Tide Inc.
HIVE,1720424,HIVE Digital Technologies Ltd.
HIW,921082,"HIGHWOODS PROPERTIES, INC."
HIX,1058239,WESTERN ASSET HIGH INCOME FUND II INC.
HKD,1809691,AMTD Digital Inc.
HKIT,1742341,"Biddance AI Systems, Inc."
HKPD,2007702,"Cellyan Biotechnology Co., Ltd"
HL,719413,HECLA MINING CO/DE/
HLF,1180262,HERBALIFE LTD.
HLI,1302215,"HOULIHAN LOKEY, INC."
HLIO,1024795,"HELIOS TECHNOLOGIES, INC."
HLIT,851310,HARMONIC INC.
HLLY,1822928,Holley Inc.
HLMN,1822492,Hillman Solutions Corp.
HLN,1900304,Haleon plc
HLNE,1433642,Hamilton Lane INC
HLP,1855557,Hongli Group Inc.
HLSQ,1739174,BiomX Inc.
HLT,1585689,Hilton Worldwide Holdings Inc.
HLXC,2099656,Helix Acquisition Corp. III
HMC,715153,HONDA MOTOR CO LTD
HMH,2021880,HMH Holding Inc
HMN,850141,HORACE MANN EDUCATORS CORP /DE/
HMR,2029471,Heidmar Maritime Holdings Corp.
HMY,1023514,HARMONY GOLD MINING CO LTD
HNGE,1673743,"Hinge Health, Inc."
HNI,48287,HNI CORP
HNNA,1145255,HENNESSY ADVISORS INC
HNRG,788965,HALLADOR ENERGY CO
HNST,1530979,"Honest Company, Inc."
HNVR,1828588,"Hanover Bancorp, Inc. /MD"
HODL,1838028,VanEck Bitcoin ETF
HODO,1903595,House of Doge Inc.
HOFT,1077688,HOOKER FURNISHINGS Corp
HOG,793952,"HARLEY-DAVIDSON, INC."
HOLO,1841209,MicroCloud Hologram Inc.
HOLOW,1841209,MicroCloud Hologram Inc.
HOMB,1331520,HOME BANCSHARES INC
HON,773840,HONEYWELL INTERNATIONAL INC
HONA,2089271,Honeywell Aerospace Inc.
HOOD,1783879,"Robinhood Markets, Inc."
HOPE,1128361,HOPE BANCORP INC
HOS,866829,"HORNBECK OFFSHORE SERVICES, INC."
HOUR,1874875,"Hour Loop, Inc"
HOV,357294,HOVNANIAN ENTERPRISES INC
HOVNP,357294,HOVNANIAN ENTERPRISES INC
HOVR,1930021,New Horizon Aircraft Ltd.
HOVRW,1930021,New Horizon Aircraft Ltd.
HOWL,1785530,"Werewolf Therapeutics, Inc."
HP,46765,"Helmerich & Payne, Inc."
HPAI,2001699,Helport AI Ltd
HPAIW,2001699,Helport AI Ltd
HPE,1645590,Hewlett Packard Enterprise Co
HPF,1189740,JOHN HANCOCK PREFERRED INCOME FUND II
HPI,1176199,JOHN HANCOCK PREFERRED INCOME FUND
HPK,1792849,"HighPeak Energy, Inc."
HPP,1482512,"Hudson Pacific Properties, Inc."
HPQ,47217,HP INC
HPS,1215913,JOHN HANCOCK PREFERRED INCOME FUND III
HQ,2088256,Horizon Quantum Holdings Ltd.
HQH,805267,abrdn Healthcare Investors
HQI,1140102,"HireQuest, Inc."
HQL,884121,abrdn Life Sciences Investors
HQWWW,2088256,Horizon Quantum Holdings Ltd.
HQY,1428336,"HEALTHEQUITY, INC."
HR,1360604,Healthcare Realty Trust Inc
HRB,12659,H&R BLOCK INC
HRI,1364479,HERC HOLDINGS INC
HRL,48465,HORMEL FOODS CORP /DE/
HRMY,1802665,"Harmony Biosciences Holdings, Inc."
HROW,1360214,"HARROW, INC."
HRTG,1598665,"Heritage Insurance Holdings, Inc."
HRTX,818033,"HERON THERAPEUTICS, INC. /DE/"
HRZN,1487428,Horizon Technology Finance Corp
HSAI,1861737,Hesai Group
HSBC,1089113,HSBC HOLDINGS PLC
HSCS,1468492,HeartSciences Inc.
HSCSW,1468492,HeartSciences Inc.
HSDT,1610853,Solana Co
HSHP,1959455,Himalaya Shipping Ltd.
HSIC,1000228,HENRY SCHEIN INC
HSLV,2013223,Highlander Silver Corp.
HST,1070750,"HOST HOTELS & RESORTS, INC."
HSTM,1095565,HEALTHSTREAM INC
HSY,47111,HERSHEY CO
HTB,1538263,"HomeTrust Bancshares, Inc."
HTCO,1928948,High-Trend International Group
HTCR,1892322,"HeartCore Enterprises, Inc."
HTD,1260041,JOHN HANCOCK TAX-ADVANTAGED DIVIDEND INCOME FUND
HTFC,1487428,Horizon Technology Finance Corp
HTFL,1464521,"Heartflow, Inc."
HTGC,1280784,"Hercules Capital, Inc."
HTH,1265131,Hilltop Holdings Inc.
HTHT,1483994,H World Group Ltd
HTLD,799233,HEARTLAND EXPRESS INC
HTLM,2023153,HomesToLife Ltd
HTO,766829,H2O AMERICA
HTOO,1819794,Fusion Fuel Green PLC
HTT,1692705,High Templar Tech Ltd
HTZ,1657853,"HERTZ GLOBAL HOLDINGS, INC"
HTZWW,1657853,"HERTZ GLOBAL HOLDINGS, INC"
HUBB,48898,HUBBELL INC
HUBCW,1905660,Hub Cyber Security Ltd.
HUBCZ,1905660,Hub Cyber Security Ltd.
HUBG,940942,"Hub Group, Inc."
HUBS,1404655,HUBSPOT INC
HUDI,1791725,"Huadi International Group Co., Ltd."
HUHU,1945415,HUHUTECH International Group Inc.
HUIZ,1778982,Huize Holding Ltd
HUM,49071,HUMANA INC
HUMA,1818382,"Humacyte, Inc."
HUN,1307954,Huntsman CORP
HURA,1498382,"TuHURA Biosciences, Inc./NV"
HURC,315374,HURCO COMPANIES INC
HURN,1289848,Huron Consulting Group Inc.
HUT,1964789,Hut 8 Corp.
HUYA,1728190,HUYA Inc.
HVII,1846416,Hennessy Capital Investment Corp. VII
HVIIR,1846416,Hennessy Capital Investment Corp. VII
HVIIU,1846416,Hennessy Capital Investment Corp. VII
HVMC,2070602,Highview Merger Corp.
HVMCU,2070602,Highview Merger Corp.
HVMCW,2070602,Highview Merger Corp.
HVT,216085,HAVERTY FURNITURE COMPANIES INC
HWBK,893847,"HAWTHORN BANCSHARES, INC."
HWC,750577,HANCOCK WHITNEY CORP
HWCPZ,750577,HANCOCK WHITNEY CORP
HWH,1897245,HWH International Inc.
HWKN,46250,HAWKINS INC
HWM,4281,Howmet Aerospace Inc.
HXHX,1936817,Haoxin Holdings Ltd
HXL,717605,HEXCEL CORP /DE/
HY,1173514,"HYSTER-YALE, INC."
HYFM,1695295,"HYDROFARM HOLDINGS GROUP, INC."
HYFT,1715925,MindWalk Holdings Corp.
HYGD,927971,BANK OF MONTREAL /CAN/
HYGU,927971,BANK OF MONTREAL /CAN/
HYI,1497186,Western Asset High Yield Opportunity Fund Inc.
HYLN,1759631,Hyliion Holdings Corp.
HYMC,1718405,HYCROFT MINING HOLDING CORP
HYNE,2073153,"Hoyne Bancorp, Inc."
HYPD,1682639,"HYPERION DEFI, INC."
HYPG,2107730,Grayscale Hyperliquid Staking ETF
HYPR,1833769,"Hyperfine, Inc."
HYT,1222401,"BLACKROCK CORPORATE HIGH YIELD FUND, INC."
HZO,1057060,MARINEMAX INC
IA,836690,INNOVATIVE SOLUTIONS & SUPPORT INC
IACO,2091176,Idea Acquisition Corp.
IACOU,2091176,Idea Acquisition Corp.
IACOW,2091176,Idea Acquisition Corp.
IACQ,2122505,Irenic Acquisition Corp.
IACQU,2122505,Irenic Acquisition Corp.
IACQW,2122505,Irenic Acquisition Corp.
IAE,1385632,Voya Asia Pacific High Dividend Equity Income Fund
IAF,779336,"ABRDN AUSTRALIA EQUITY FUND, INC."
IAG,1203464,IAMGOLD CORP
IART,917520,INTEGRA LIFESCIENCES HOLDINGS CORP
IAU,1278680,ISHARES GOLD TRUST
IAUM,1759124,iShares Gold Trust Micro
IAUX,1853962,i-80 Gold Corp.
IBAC,1998781,IB Acquisition Corp.
IBACR,1998781,IB Acquisition Corp.
IBCP,39311,INDEPENDENT BANK CORP /MI/
IBEX,1720420,IBEX Ltd
IBG,1924482,Innovation Beverage Group Ltd
IBIO,1420720,"iBio, Inc."
IBIT,1980994,iShares Bitcoin Trust ETF
IBKR,1381197,"Interactive Brokers Group, Inc."
IBM,51143,INTERNATIONAL BUSINESS MACHINES CORP
IBN,1103838,ICICI BANK LTD
IBO,1834105,IMPACT BIOMEDICAL INC.
IBOC,315709,INTERNATIONAL BANCSHARES CORP
IBP,1580905,"Installed Building Products, Inc."
IBRX,1326110,"ImmunityBio, Inc."
IBTA,1538379,"Ibotta, Inc."
ICCC,811641,IMMUCELL CORP /DE/
ICCM,1584371,IceCure Medical Ltd.
ICE,1571949,"Intercontinental Exchange, Inc."
ICFI,1362004,"ICF International, Inc."
ICG,1895597,Intchains Group Ltd
ICHR,1652535,"ICHOR HOLDINGS, LTD."
ICL,941221,ICL Group Ltd.
ICLR,1060955,ICON PLC
ICMB,1578348,"Investcorp Credit Management BDC, Inc."
ICON,1995574,Icon Energy Corp
ICU,1831868,SeaStar Medical Holding Corp
ICUCW,1831868,SeaStar Medical Holding Corp
ICUI,883984,ICU MEDICAL INC/DE
IDA,1057877,IDACORP INC
IDAC,2090441,Iron Dome Acquisition I Corp.
IDACU,2090441,Iron Dome Acquisition I Corp.
IDACW,2090441,Iron Dome Acquisition I Corp.
IDAI,1718939,T Stamp Inc
IDCC,1405495,"InterDigital, Inc."
IDE,1417802,"Voya Infrastructure, Industrials & Materials Fund"
IDN,1040896,"Intellicheck, Inc."
IDR,1030192,"Idaho Strategic Resources, Inc."
IDT,1005731,IDT CORP
IDXX,874716,IDEXX LABORATORIES INC /DE
IDYA,1676725,"IDEAYA Biosciences, Inc."
IE,1879016,Ivanhoe Electric Inc.
IEAG,2084396,Infinite Eagle Acquisition Corp.
IEAGR,2084396,Infinite Eagle Acquisition Corp.
IEAGU,2084396,Infinite Eagle Acquisition Corp.
IEP,813762,ICAHN ENTERPRISES L.P.
IESC,1048268,"IES Holdings, Inc."
IEX,832101,IDEX CORP /DE/
IFBD,1815566,"Infobird Co., Ltd"
IFED,1114446,UBS AG
IFF,51253,INTERNATIONAL FLAVORS & FRAGRANCES INC
IFN,917100,"ABERDEEN INDIA FUND, INC."
IFRX,1708688,InflaRx N.V.
IFS,1615903,Intercorp Financial Services Inc.
IGA,1332943,Voya Global Advantage & Premium Opportunity Fund
IGAC,2075068,Invest Green Acquisition Corp
IGACR,2075068,Invest Green Acquisition Corp
IGACU,2075068,Invest Green Acquisition Corp
IGC,1326205,"IGC Pharma, Inc."
IGD,1285890,Voya GLOBAL EQUITY DIVIDEND & PREMIUM OPPORTUNITY FUND
IGI,1462586,Western Asset Investment Grade Opportunity Trust Inc.
IGIC,1794338,International General Insurance Holdings Ltd.
IGR,1268884,CBRE GLOBAL REAL ESTATE INCOME FUND
IH,1814423,iHuman Inc.
IHD,1496292,Voya Emerging Markets High Dividend Equity Fund
IHG,858446,INTERCONTINENTAL HOTELS GROUP PLC /NEW/
IHRT,1400891,"iHeartMedia, Inc."
IHS,1876183,IHS Holding Ltd
IHT,82473,INNSUITES HOSPITALITY TRUST
IIF,916618,"MORGAN STANLEY INDIA INVESTMENT FUND, INC."
III,1371489,Information Services Group Inc.
IIIN,764401,INSTEEL INDUSTRIES INC
IIIV,1728688,"i3 Verticals, Inc."
IIM,885601,Invesco Value Municipal Income Trust
IIPR,1677576,INNOVATIVE INDUSTRIAL PROPERTIES INC
IKT,1750149,"Inhibikase Therapeutics, Inc."
ILAG,1814963,Intelligent Living Application Group Inc.
ILLR,1769624,Triller Group Inc.
ILLRW,1769624,Triller Group Inc.
ILLU,2101135,Illumination Acquisition Corp. I
ILLUU,2101135,Illumination Acquisition Corp. I
ILLUW,2101135,Illumination Acquisition Corp. I
ILMN,1110803,"ILLUMINA, INC."
ILPT,1717307,Industrial Logistics Properties Trust
IMA,1835579,"ImageneBio, Inc."
IMAX,921582,IMAX CORP
IMC,2098395,IMC Rare Earths Ltd
IMCC,1792030,IM Cannabis Corp.
IMCR,1671927,Immunocore Holdings plc
IMDX,1642380,Insight Molecular Diagnostics Inc.
IMKTA,50493,INGLES MARKETS INC
IMMP,1506184,IMMUTEP Ltd
IMMR,1058811,IMMERSION CORP
IMMX,1873835,"Immix Biopharma, Inc."
IMNM,1472012,Immunome Inc.
IMNN,749647,"Imunon, Inc."
IMO,49938,IMPERIAL OIL LTD
IMOS,1123134,CHIPMOS TECHNOLOGIES INC
IMPP,1876581,Imperial Petroleum Inc./Marshall Islands
IMPPP,1876581,Imperial Petroleum Inc./Marshall Islands
IMRN,1660046,Immuron Ltd
IMRX,1790340,Immuneering Corp
IMSR,2019804,Terrestrial Energy Inc. /DE/
IMSRW,2019804,Terrestrial Energy Inc. /DE/
IMTE,1668438,Integrated Media Technology Ltd
IMTX,1809196,Immatics N.V.
IMUX,1280776,"IMMUNIC, INC."
IMVT,1764013,"Immunovant, Inc."
IMXI,1683695,"International Money Express, Inc."
INAB,1740279,"IN8BIO, INC."
INAC,2063816,Indigo Acquisition Corp.
INACR,2063816,Indigo Acquisition Corp.
INACU,2063816,Indigo Acquisition Corp.
INBK,1562463,First Internet Bancorp
INBKZ,1562463,First Internet Bancorp
INBS,1725430,INTELLIGENT BIO SOLUTIONS INC.
INBX,2007919,"Inhibrx Biosciences, Inc."
INCR,1857030,Intercure Ltd.
INCY,879169,INCYTE CORP
INDB,776901,INDEPENDENT BANK CORP
INDI,1841925,"indie Semiconductor, Inc."
INDO,1757840,Indonesia Energy Corp Ltd
INDP,1857044,"Indaptus Therapeutics, Inc."
INDV,1625297,"Indivior Pharmaceuticals, Inc."
INEO,1933951,INNEOVA Holdings Ltd
INFQ,2007825,"Infleqtion, Inc."
INFU,1337013,"InfuSystem Holdings, Inc"
INFY,1067491,Infosys Ltd
ING,1039765,ING GROEP NV
INGM,1897762,Ingram Micro Holding Corp
INGN,1294133,Inogen Inc
INGR,1046257,Ingredion Inc
INHD,1961847,INNO HOLDINGS INC.
INIO,2109150,INNIO N.V.
INKT,1840229,"MiNK Therapeutics, Inc."
INLF,1991592,INLIF Ltd
INLX,1081745,"INTELLINETICS, INC."
INM,1728328,InMed Pharmaceuticals Inc.
INMB,1711754,"Inmune Bio, Inc."
INMD,1742692,InMode Ltd.
INN,1497645,"Summit Hotel Properties, Inc."
INNV,1834376,InnovAge Holding Corp.
INO,1055726,"INOVIO PHARMACEUTICALS, INC."
INOD,903651,INNODATA INC
INR,2029118,"INFINITY NATURAL RESOURCES, INC."
INSE,1615063,"Inspired Entertainment, Inc."
INSG,1022652,INSEEGO CORP.
INSM,1104506,INSMED Inc
INSP,1609550,"Inspire Medical Systems, Inc."
INSW,1679049,"International Seaways, Inc."
INTA,1565687,"Intapp, Inc."
INTC,50863,INTEL CORP
INTG,69422,INTERGROUP CORP
INTJ,1916416,Intelligent Group Ltd
INTR,1864163,"Inter & Co, Inc."
INTS,1567264,"INTENSITY THERAPEUTICS, INC."
INTT,1036262,INTEST CORP
INTU,896878,INTUIT INC.
INTZ,736012,INTRUSION INC
INUV,829323,"Inuvo, Inc."
INV,2001557,"Innventure, Inc."
INVA,1080014,"Innoviva, Inc."
INVE,1036044,"Identiv, Inc."
INVH,1687229,Invitation Homes Inc.
INVX,1042893,"Innovex International, Inc."
INVZ,1835654,Innoviz Technologies Ltd.
IOND,2007691,Ionic Digital Inc.
IONQ,1824920,"IonQ, Inc."
IONR,1896084,ioneer Ltd
IONS,874015,IONIS PHARMACEUTICALS INC
IOR,949961,INCOME OPPORTUNITY REALTY INVESTORS INC /TX/
IOSP,1054905,INNOSPEC INC.
IOT,1642896,Samsara Inc.
IOTR,1997637,iOThree Ltd
IOVA,1425205,"IOVANCE BIOTHERAPEUTICS, INC."
IP,51434,INTERNATIONAL PAPER CO /NEW/
IPAR,822663,INTERPARFUMS INC
IPB,1267332,MERRILL LYNCH DEPOSITOR INC INDEXPLUS TRUST SERIES 2003-1
IPEX,2028355,Inflection Point Acquisition Corp. V
IPEXR,2028355,Inflection Point Acquisition Corp. V
IPEXU,2028355,Inflection Point Acquisition Corp. V
IPFX,2102041,Inflection Point Acquisition Corp. VI
IPFXU,2102041,Inflection Point Acquisition Corp. VI
IPFXW,2102041,Inflection Point Acquisition Corp. VI
IPGP,1111928,IPG PHOTONICS CORP
IPHA,1598599,Innate Pharma SA
IPHXU,2146310,Inflection Point Acquisition Corp. VIII
IPI,1421461,"Intrepid Potash, Inc."
IPM,1355839,INTELLIGENT PROTECTION MANAGEMENT CORP.
IPSC,1850119,"Century Therapeutics, Inc."
IPST,1788230,"IP STRATEGY HOLDINGS, INC."
IPVV,2105274,"InterPrivate Investment Partners V, Inc."
IPVVU,2105274,"InterPrivate Investment Partners V, Inc."
IPVVW,2105274,"InterPrivate Investment Partners V, Inc."
IPW,1830072,iPower Inc.
IPWR,1507957,Ideal Power Inc.
IPX,1898601,IPERIONX Ltd
IPXG,2088805,Inflection Point Acquisition Corp. VII
IPXGU,2088805,Inflection Point Acquisition Corp. VII
IPXGW,2088805,Inflection Point Acquisition Corp. VII
IQ,1722608,"iQIYI, Inc."
IQI,885125,Invesco Quality Municipal Income Trust
IQMX,2113060,IQM Quantum Computers Oyj
IQMXW,2113060,IQM Quantum Computers Oyj
IQST,1527702,iQSTEL Inc
IQV,1478242,IQVIA HOLDINGS INC.
IR,1699150,Ingersoll Rand Inc.
IRAB,2077785,Iris Acquisition Corp II
IRD,1228627,"Opus Genetics, Inc."
IRDM,1418819,Iridium Communications Inc.
IREN,1878848,IREN Ltd
IRHO,2051985,Iron Horse Acquisition II Corp.
IRHOR,2051985,Iron Horse Acquisition II Corp.
IRHOU,2051985,Iron Horse Acquisition II Corp.
IRIX,1006045,IRIDEX CORP
IRM,1020569,IRON MOUNTAIN INC
IRMD,1325618,IRADIMED CORP
IRON,1816736,"Disc Medicine, Inc."
IRS,933267,IRSA INVESTMENTS & REPRESENTATIONS INC
IRT,1466085,"INDEPENDENCE REALTY TRUST, INC."
IRTC,1388658,"iRhythm Holdings, Inc."
IRWD,1446847,IRONWOOD PHARMACEUTICALS INC
ISBA,842517,ISABELLA BANK CORP
ISD,1534880,"PGIM High Yield Bond Fund, Inc."
ISNR,2123475,Snow Rothschild Acquisition Corp.
ISNRU,2123475,Snow Rothschild Acquisition Corp.
ISNRW,2123475,Snow Rothschild Acquisition Corp.
ISOU,1997377,IsoEnergy Ltd.
ISPC,1558569,iSpecimen Inc.
ISPR,1948455,Ispire Technology Inc.
ISRG,1035267,INTUITIVE SURGICAL INC
ISTR,1602658,Investar Holding Corp
IT,749251,GARTNER INC
ITG,2110117,"ITG, Inc./DE/"
ITGR,1114483,Integer Holdings Corp
ITHA,2080985,ITHAX Acquisition Corp III
ITHAU,2080985,ITHAX Acquisition Corp III
ITHAW,2080985,ITHAX Acquisition Corp III
ITIC,720858,INVESTORS TITLE CO
ITOC,1970544,iTonic Holdings Ltd
ITP,1358190,"IT TECH PACKAGING, INC."
ITRG,1722387,Integra Resources Corp.
ITRI,780571,"ITRON, INC."
ITRN,1337117,Ituran Location & Control Ltd.
ITT,216228,ITT INC.
ITUB,1132597,Itau Unibanco Holding S.A.
ITW,49826,ILLINOIS TOOL WORKS INC
IVA,1756594,Inventiva S.A.
IVDA,1397183,"Iveda Solutions, Inc."
IVDAW,1397183,"Iveda Solutions, Inc."
IVF,1417926,"INVO Fertility, Inc."
IVR,1437071,Invesco Mortgage Capital Inc.
IVT,1307748,InvenTrust Properties Corp.
IVVD,1832038,"Invivyd, Inc."
IVZ,914208,Invesco Ltd.
IX,1070304,ORIX CORP
IXHL,1873875,Incannex Healthcare Inc.
IZEA,1495231,"IZEA Worldwide, Inc."
IZM,1854572,ICZOOM Group Inc.
J,52988,JACOBS SOLUTIONS INC.
JACK,807882,JACK IN THE BOX INC
JACS,2039058,Jackson Acquisition Co II
JAGU,2039273,Jaguar Uranium Corp.
JAGX,1585608,"Jaguar Health, Inc."
JAKK,1009829,JAKKS PACIFIC INC
JAN,2100805,"Janus Living, Inc."
JANX,1817713,"Janux Therapeutics, Inc."
JATT,2112446,JATT II Acquisition Corp.
JAZZ,1232524,Jazz Pharmaceuticals plc
JBDI,1964314,JBDI Holdings Ltd
JBGS,1689796,JBG SMITH Properties
JBHT,728535,HUNT J B TRANSPORT SERVICES INC
JBI,1839839,"Janus International Group, Inc."
JBIO,1798749,"Jade Biosciences, Inc."
JBK,1284143,LEHMAN ABS CORP GOLDMAN SACHS CAP 1 SEC BACKED SER 2004-6
JBL,898293,JABIL INC
JBLU,1158463,JETBLUE AIRWAYS CORP
JBS,1791942,JBS N.V.
JBSS,880117,SANFILIPPO JOHN B & SON INC
JBTM,1433660,JBT MAREL Corp
JCAP,2046042,"Jefferson Capital, Inc. / DE"
JCE,1385763,Nuveen Core Equity Alpha Fund
JCI,833444,Johnson Controls International plc
JCSE,1905511,JE Cleantech Holdings Ltd
JCTC,885307,JEWETT CAMERON TRADING CO LTD
JD,1549802,"JD.com, Inc."
JDZG,1976908,JIADE Ltd
JEF,96223,Jefferies Financial Group Inc.
JELD,1674335,"JELD-WEN Holding, Inc."
JEM,2018222,707 Cayman Holdings Ltd.
JENA,2060337,JENA ACQUISITION Corp II
JETD,927971,BANK OF MONTREAL /CAN/
JETU,927971,BANK OF MONTREAL /CAN/
JF,1716338,J & Friends Holdings Ltd
JFIN,1743102,Jiayin Group Inc.
JFR,1276533,NUVEEN FLOATING RATE INCOME FUND
JFU,1619544,9F Inc.
JG,1737339,Aurora Mobile Ltd
JGH,1615905,Nuveen Global High Income Fund
JHI,759828,JOHN HANCOCK INVESTORS TRUST
JHS,759866,JOHN HANCOCK INCOME SECURITIES TRUST
JHX,1159152,James Hardie Industries plc
JILL,1687932,"J.Jill, Inc."
JJSF,785956,J&J SNACK FOODS CORP
JKHY,779152,JACK HENRY & ASSOCIATES INC
JKS,1481513,"JinkoSolar Holding Co., Ltd."
JL,1948436,J-Long Group Ltd
JLHL,2007846,Julong Holding Ltd
JLL,1037976,JONES LANG LASALLE INC
JLS,1472215,Nuveen Mortgage & Income Fund/MA/
JMIA,1756708,Jumia Technologies AG
JMKE,2127043,Jersey Mike's Subs Inc.
JMM,838131,Nuveen Multi-Market Income Fund
JMSB,1710482,"John Marshall Bancorp, Inc."
JNJ,200406,JOHNSON & JOHNSON
JOB,40570,GEE Group Inc.
JOBY,1819848,"Joby Aviation, Inc."
JOE,745308,ST JOE Co
JOF,859796,JAPAN SMALLER CAPITALIZATION FUND INC
JONE,2129056,Jones Ventures INTL Acquisition1 Corp
JONER,2129056,Jones Ventures INTL Acquisition1 Corp
JONEU,2129056,Jones Ventures INTL Acquisition1 Corp
JOUT,788329,JOHNSON OUTDOORS INC
JOYY,1530238,JOYY Inc.
JPC,1216583,Nuveen Preferred & Income Opportunities Fund
JPM,19617,JPMORGAN CHASE & CO
JPND,927971,BANK OF MONTREAL /CAN/
JPNU,927971,BANK OF MONTREAL /CAN/
JQC,1227476,Nuveen Credit Strategies Income Fund
JRI,1539337,Nuveen Real Asset Income & Growth Fund
JRS,1158289,NUVEEN REAL ESTATE INCOME FUND
JRSH,1696558,"Jerash Holdings (US), Inc."
JRVR,1620459,"James River Group Holdings, Inc."
JSM,1593538,NAVIENT CORP
JSPR,1788028,"Jasper Therapeutics, Inc."
JSPRW,1788028,"Jasper Therapeutics, Inc."
JTAI,1861622,Jet.AI Inc.
JTTT,2145659,JATT III Acquisition Corp
JUNS,1679628,"JUPITER NEUROSCIENCES, INC."
JVA,1007019,COFFEE HOLDING CO INC
JWEL,1805594,Jowell Global Ltd.
JXG,1546383,JX Luxventure Group Inc.
JXN,1822993,Jackson Financial Inc.
JYD,1938186,Jayud Global Logistics Ltd
JYNT,1612630,JOINT Corp
JZ,1852440,Jianzhi Education Technology Group Co Ltd
JZXN,1816172,"Jiuzi Holdings, Inc."
KAI,886346,KADANT INC
KALA,1479419,"KALA BIO, Inc."
KALU,811596,KAISER ALUMINUM CORP
KAPA,1962011,"Kairos Pharma, LTD."
KARD,2123613,"Kardigan, Inc."
KARO,1828102,Karooooo Ltd.
KAZR,2031009,Skyline Builders Group Holding Ltd
KB,1445930,KB Financial Group Inc.
KBDC,1747172,"Kayne Anderson BDC, Inc."
KBH,795266,KB HOME
KBON,2088749,Karbon Capital Partners Corp.
KBONU,2088749,Karbon Capital Partners Corp.
KBONW,2088749,Karbon Capital Partners Corp.
KBR,1357615,"KBR, INC."
KBSX,2014254,FST Corp.
KC,1795589,Kingsoft Cloud Holdings Ltd
KCHV,2053799,Kochav Defense Acquisition Corp.
KCHVR,2053799,Kochav Defense Acquisition Corp.
KCHVU,2053799,Kochav Defense Acquisition Corp.
KD,1867072,"Kyndryl Holdings, Inc."
KDK,1853138,"Kodiak AI, Inc."
KDKRW,1853138,"Kodiak AI, Inc."
KDP,1418135,Keurig Dr Pepper Inc.
KE,1606757,"Kimball Electronics, Inc."
KEEL,1812477,Keel Infrastructure Corp.
KELYA,55135,KELLY SERVICES INC
KELYB,55135,KELLY SERVICES INC
KEN,1611005,Kenon Holdings Ltd.
KEP,887225,KOREA ELECTRIC POWER CORP
KEQU,55529,KEWAUNEE SCIENTIFIC CORP /DE/
KEX,56047,KIRBY CORP
KEY,91576,KEYCORP /NEW/
KEYS,1601046,"Keysight Technologies, Inc."
KEYY,2102771,Keystone Acquisition Corp.
KEYYU,2102771,Keystone Acquisition Corp.
KEYYW,2102771,Keystone Acquisition Corp.
KF,748691,KOREA FUND INC
KFFB,1297341,Kentucky First Federal Bancorp
KFII,2029976,K&F GROWTH ACQUISITION CORP. II
KFIIR,2029976,K&F GROWTH ACQUISITION CORP. II
KFIIU,2029976,K&F GROWTH ACQUISITION CORP. II
KFRC,930420,KFORCE INC
KFY,56679,KORN FERRY
KG,2055116,Kestrel Group Ltd
KGC,701818,KINROSS GOLD CORP
KGEI,1477081,Kolibri Global Energy Inc.
KGS,1767042,"Kodiak Gas Services, Inc."
KHC,1637459,Kraft Heinz Co
KIDS,1425450,ORTHOPEDIATRICS CORP
KIDZ,2022308,KIDZ AI Inc.
KIDZW,2022308,KIDZ AI Inc.
KIM,879101,KIMCO REALTY CORP
KINS,33992,"KINGSTONE COMPANIES, INC."
KIO,1515940,KKR Income Opportunities Fund
KITT,1849820,"Nauticus Robotics, Inc."
KITTW,1849820,"Nauticus Robotics, Inc."
KKR,1404912,KKR & Co. Inc.
KKRS,1404912,KKR & Co. Inc.
KKRT,1404912,KKR & Co. Inc.
KLAC,319201,KLA CORP
KLAR,2003292,Klarna Group plc
KLC,1873529,"KinderCare Learning Companies, Inc."
KLIC,56978,KULICKE & SOFFA INDUSTRIES INC
KLRA,2096997,"Kailera Therapeutics, Inc."
KLRS,1754068,"Kalaris Therapeutics, Inc."
KLTR,1432133,KALTURA INC
KLXE,1738827,"KLX Energy Services Holdings, Inc."
KLXER,1738827,"KLX Energy Services Holdings, Inc."
KMB,55785,KIMBERLY CLARK CORP
KMDA,1567529,KAMADA LTD
KMI,1506307,"KINDER MORGAN, INC."
KMPB,860748,KEMPER Corp
KMPR,860748,KEMPER Corp
KMRK,2049187,K-TECH SOLUTIONS CO LTD
KMT,55242,KENNAMETAL INC
KMTS,1877184,"KESTRA MEDICAL TECHNOLOGIES, LTD."
KMX,1170010,CARMAX INC
KN,1587523,Knowles Corp
KNDI,1720250,"Kandi Technologies Group, Inc."
KNF,1955520,Knife River Corp
KNOP,1564180,KNOT Offshore Partners LP
KNRX,1982960,KNOREX LTD.
KNSA,1730430,"Kiniksa Pharmaceuticals International, plc"
KNSL,1669162,"Kinsale Capital Group, Inc."
KNTK,1692787,Kinetik Holdings Inc.
KNX,1492691,Knight-Swift Transportation Holdings Inc.
KO,21344,COCA COLA CO
KOD,1468748,Kodiak Sciences Inc.
KODK,31235,EASTMAN KODAK CO
KOF,910631,COCA COLA FEMSA SAB DE CV
KOLD,1415311,ProShares Trust II
KOP,1315257,Koppers Holdings Inc.
KOPN,771266,KOPIN CORP
KOS,1509991,Kosmos Energy Ltd.
KOSS,56701,KOSS CORP
KOYN,2068454,"CSLM Digital Asset Acquisition Corp III, Ltd"
KOYNU,2068454,"CSLM Digital Asset Acquisition Corp III, Ltd"
KOYNW,2068454,"CSLM Digital Asset Acquisition Corp III, Ltd"
KPET,2095297,KPET Ultra Paceline Corp
KPLT,1785424,"Katapult Holdings, Inc."
KPRX,1372514,KIORA PHARMACEUTICALS INC
KPTI,1503802,Karyopharm Therapeutics Inc.
KR,56873,KROGER CO
KRAQ,2082119,KRAKacquisition Corp
KRAQU,2082119,KRAKacquisition Corp
KRAQW,2082119,KRAKacquisition Corp
KRC,1025996,KILROY REALTY CORP
KREF,1631596,KKR Real Estate Finance Trust Inc.
KRG,1286043,KITE REALTY GROUP TRUST
KRKR,1779476,36Kr Holdings Inc.
KRMD,704440,"KORU Medical Systems, Inc."
KRMN,2040127,Karman Holdings Inc.
KRNT,1625791,Kornit Digital Ltd.
KRNY,1617242,Kearny Financial Corp.
KRO,1257640,KRONOS WORLDWIDE INC
KROS,1664710,"Keros Therapeutics, Inc."
KRP,1657788,"Kimbell Royalty Partners, LP"
KRRO,1703647,"Korro Bio, Inc."
KRSA,1755237,"Korsana Biosciences, Inc."
KRSP,2074872,Rice Acquisition Corp 3
KRT,1758021,Karat Packaging Inc.
KRUS,1772177,"KURA SUSHI USA, INC."
KRYS,1711279,"Krystal Biotech, Inc."
KSCP,1600983,"Knightscope, Inc."
KSPI,1985487,Joint Stock Co Kaspi.kz
KSS,885639,KOHLS Corp
KT,892450,KT CORP
KTB,1760965,"Kontoor Brands, Inc."
KTCC,719733,KEY TRONIC CORP
KTF,839533,DWS MUNICIPAL INCOME TRUST
KTH,1283464,STRUCTURED PRODUCTS CORP CORTS TR FOR PECO ENERGY CAP TR III
KTN,1283337,STRUCTURED PRODUCTS CORP CRED ENHANCE CORTS TR FOR AON CAP A
KTOS,1069258,"KRATOS DEFENSE & SECURITY SOLUTIONS, INC."
KTTA,1841330,Pasithea Therapeutics Corp.
KTTAW,1841330,Pasithea Therapeutics Corp.
KTWO,2086524,K2 Capital Acquisition Corp
KTWOR,2086524,K2 Capital Acquisition Corp
KTWOU,2086524,K2 Capital Acquisition Corp
KULR,1662684,"KULR Technology Group, Inc."
KURA,1422143,"Kura Oncology, Inc."
KUST,1342958,"KUSTOM ENTERTAINMENT, INC."
KVHI,1007587,KVH INDUSTRIES INC \DE\
KVUE,1944048,Kenvue Inc.
KVYO,1835830,"Klaviyo, Inc."
KWR,81362,QUAKER CHEMICAL CORP
KWY,1072627,KINGSWAY Corp
KXIN,1713539,Kaixin Holdings
KYIV,2062440,Kyivstar Group Ltd.
KYIVW,2062440,Kyivstar Group Ltd.
KYMR,1815442,"Kymera Therapeutics, Inc."
KYN,1293613,"Kayne Anderson Energy Infrastructure Fund, Inc."
KYNB,921299,"KYNTRA BIO, INC."
KYTX,1994702,"Kyverna Therapeutics, Inc."
KZIA,1075880,KAZIA THERAPEUTICS LTD
L,60086,LOEWS CORP
LAB,1162194,STANDARD BIOTOOLS INC.
LABT,2079272,Lakewood-Amedex Biotherapeutics Inc.
LAC,1966983,LITHIUM AMERICAS CORP.
LAD,1023128,LITHIA MOTORS INC
LADR,1577670,Ladder Capital Corp
LAES,1951222,SEALSQ Corp
LAFA,2079106,LaFayette Acquisition Corp.
LAFAR,2079106,LaFayette Acquisition Corp.
LAFAU,2079106,LaFayette Acquisition Corp.
LAKE,798081,LAKELAND INDUSTRIES INC
LAMR,1090425,LAMAR ADVERTISING CO/NEW
LAND,1495240,GLADSTONE LAND Corp
LANDO,1495240,GLADSTONE LAND Corp
LANDP,1495240,GLADSTONE LAND Corp
LANV,1922097,Lanvin Group Holdings Ltd
LAR,1440972,Lithium Argentina AG
LARK,1141688,LANDMARK BANCORP INC
LASE,1807887,Laser Photonics Corp
LASR,1124796,"NLIGHT, INC."
LATA,2076427,Galata Acquisition Corp. II
LATAU,2076427,Galata Acquisition Corp. II
LATAW,2076427,Galata Acquisition Corp. II
LAUR,912766,"LAUREATE EDUCATION, INC."
LAW,1625641,"CS Disco, Inc."
LAWR,2007599,"Robot Consulting Co., Ltd."
LAZ,1311370,"Lazard, Inc."
LB,1995807,LandBridge Co LLC
LBGJ,1896425,Li Bang International Corp Inc.
LBRT,1694028,Liberty Energy Inc.
LBRX,1691082,LB PHARMACEUTICALS INC
LBTYA,1570585,Liberty Global Ltd.
LBTYB,1570585,Liberty Global Ltd.
LBTYK,1570585,Liberty Global Ltd.
LCCC,2049248,Lakeshore Acquisition III Corp.
LCCCR,2049248,Lakeshore Acquisition III Corp.
LCCCU,2049248,Lakeshore Acquisition III Corp.
LCFY,1875547,Locafy Ltd
LCFYW,1875547,Locafy Ltd
LCID,1811210,"Lucid Group, Inc."
LCII,763744,LCI INDUSTRIES
LCLN,1925283,"Lincoln International, Inc."
LCNB,1074902,LCNB CORP
LCTX,876343,"Lineage Cell Therapeutics, Inc."
LCUT,874396,"LIFETIME BRANDS, INC"
LDI,1831631,"loanDepot, Inc."
LDOS,1336920,"Leidos Holdings, Inc."
LDP,1548717,"Cohen & Steers Ltd Duration Preferred & Income Fund, Inc."
LE,799288,"LANDS' END, INC."
LEA,842162,LEAR CORP
LECO,59527,LINCOLN ELECTRIC HOLDINGS INC
LEDS,1333822,SemiLEDs Corp
LEE,58361,"LEE ENTERPRISES, Inc"
LEGH,1436208,Legacy Housing Corp
LEGN,1801198,Legend Biotech Corp
LEGO,2087450,Legato Merger Corp. IV
LEN,920760,LENNAR CORP /NEW/
LENZ,1815776,"LENZ Therapeutics, Inc."
LEO,818972,"BNY MELLON STRATEGIC MUNICIPALS, INC."
LESL,1821806,"Leslie's, Inc."
LEU,1065059,CENTRUS ENERGY CORP
LEVI,94845,LEVI STRAUSS & CO
LEXX,1348362,Lexaria Bioscience Corp.
LFAC,2084563,Leapfrog Acquisition Corp
LFACU,2084563,Leapfrog Acquisition Corp
LFACW,2084563,Leapfrog Acquisition Corp
LFCR,1005286,"LIFECORE BIOMEDICAL, INC. DE"
LFMD,948320,"LifeMD, Inc."
LFMDP,948320,"LifeMD, Inc."
LFS,2030277,"LEIFRAS Co., Ltd."
LFST,1845257,"LifeStance Health Group, Inc."
LFT,1547546,"Lument Finance Trust, Inc."
LFTO,1850351,"Liftoff Mobile, Inc."
LFUS,889331,LITTELFUSE INC /DE
LFVN,849146,Lifevantage Corp
LFWD,1607962,Lifeward Ltd.
LGCL,1954694,Lucas GC Ltd
LGCY,1836754,Legacy Education Inc.
LGHL,1806524,Lion Group Holding Ltd
LGI,1278211,LAZARD GLOBAL TOTAL RETURN & INCOME FUND INC
LGIH,1580670,"LGI Homes, Inc."
LGL,61004,LGL GROUP INC
LGN,2052568,Legence Corp.
LGND,886163,LIGAND PHARMACEUTICALS INC
LGO,1400438,Largo Inc.
LGPS,2040290,LOGPROSTYLE INC.
LGVN,1721484,Longeveron Inc.
LH,920148,LABCORP HOLDINGS INC.
LHAI,2017758,Linkhome Holdings Inc.
LHSW,2004024,Lianhe Sowell International Group Ltd
LHX,202058,"L3HARRIS TECHNOLOGIES, INC. /DE/"
LI,1791706,Li Auto Inc.
LICN,1876766,Lichen International Ltd
LIDR,1818644,"AEye, Inc."
LIEN,1843162,"Chicago Atlantic BDC, Inc."
LIF,1581760,"Life360, Inc."
LIFE,1788451,Ethos Technologies Inc.
LII,1069202,LENNOX INTERNATIONAL INC
LILA,1712184,Liberty Latin America Ltd.
LILAK,1712184,Liberty Latin America Ltd.
LILAP,1712184,Liberty Latin America Ltd.
LIME,1699963,"Neutron Holdings, Inc."
LIMN,1971387,"Liminatus Pharma, Inc."
LIMNW,1971387,"Liminatus Pharma, Inc."
LIN,1707925,LINDE PLC
LINC,1286613,LINCOLN EDUCATIONAL SERVICES CORP
LIND,1512499,"LINDBLAD EXPEDITIONS HOLDINGS, INC."
LINE,1868159,"Lineage, Inc."
LINK,828146,INTERLINK ELECTRONICS INC
LION,2052959,Lionsgate Studios Corp.
LIQT,1307579,LIQTECH INTERNATIONAL INC
LITB,1523836,"LightInTheBox Holding Co., Ltd."
LITE,1633978,Lumentum Holdings Inc.
LITS,1262104,"Lite Strategy, Inc."
LIVE,1045742,LIVE VENTURES Inc
LIVN,1639691,LivaNova PLC
LKFN,721994,LAKELAND FINANCIAL CORP
LKFT,1421876,Lakefront Biotherapeutics NV
LKQ,1065696,LKQ CORP
LKSP,2043508,Lake Superior Acquisition Corp
LKSPR,2043508,Lake Superior Acquisition Corp
LKSPU,2043508,Lake Superior Acquisition Corp
LLY,59478,ELI LILLY & Co
LLYVA,2078416,"Liberty Live Holdings, Inc."
LLYVK,2078416,"Liberty Live Holdings, Inc."
LMAT,1158895,LEMAITRE VASCULAR INC
LMB,1606163,"Limbach Holdings, Inc."
LMND,1691421,"Lemonade, Inc."
LMNR,1342423,Limoneira CO
LMRI,2071288,"Lumexa Imaging Holdings, Inc."
LMT,936468,LOCKHEED MARTIN CORP
LNAI,1527728,Lunai Bioworks Inc.
LNC,59558,LINCOLN NATIONAL CORP
LND,1499849,BrasilAgro - Brazilian Agricultural Real Estate Co
LNG,3570,"Cheniere Energy, Inc."
LNKS,1972074,Linkers Industries Ltd
LNN,836157,LINDSAY CORP
LNSR,1320350,"LENSAR, Inc."
LNT,352541,ALLIANT ENERGY CORP
LNTH,1521036,"Lantheus Holdings, Inc."
LNZA,1843724,"LanzaTech Global, Inc."
LNZAW,1843724,"LanzaTech Global, Inc."
LOAN,1080340,"MANHATTAN BRIDGE CAPITAL, INC"
LOAR,2000178,Loar Holdings Inc.
LOB,1462120,"Live Oak Bancshares, Inc."
LOBO,1932072,LOBO TECHNOLOGIES LTD.
LOCL,1840780,Local Bounti Corporation/DE
LOCO,1606366,"El Pollo Loco Holdings, Inc."
LODE,1120970,Comstock Inc.
LOGI,1032975,LOGITECH INTERNATIONAL S.A.
LOMA,1711375,Loma Negra Compania Industrial Argentina Sociedad Anonima
LONA,1620463,"LeonaBio, Inc."
LOOP,1504678,"Loop Industries, Inc."
LOPE,1434588,"Grand Canyon Education, Inc."
LOT,1962746,Lotus Technology Inc.
LOTWW,1962746,Lotus Technology Inc.
LOVE,1701758,Lovesac Co
LOW,60667,LOWES COMPANIES INC
LPA,1997711,Logistic Properties of the Americas
LPAA,2015502,Launch One Acquisition Corp.
LPAAU,2015502,Launch One Acquisition Corp.
LPAAW,2015502,Launch One Acquisition Corp.
LPBB,2023676,Launch Two Acquisition Corp.
LPBBU,2023676,Launch Two Acquisition Corp.
LPBBW,2023676,Launch Two Acquisition Corp.
LPCN,1535955,Lipocine Inc.
LPCV,2083728,Launchpad Cadenza Acquisition Corp I
LPCVU,2083728,Launchpad Cadenza Acquisition Corp I
LPCVW,2083728,Launchpad Cadenza Acquisition Corp I
LPG,1596993,DORIAN LPG LTD.
LPL,1290109,"LG Display Co., Ltd."
LPLA,1397911,LPL Financial Holdings Inc.
LPTH,889971,LIGHTPATH TECHNOLOGIES INC
LPX,60519,LOUISIANA-PACIFIC CORP
LQDA,1819576,Liquidia Corp
LQDD,927971,BANK OF MONTREAL /CAN/
LQDT,1235468,LIQUIDITY SERVICES INC
LQDU,927971,BANK OF MONTREAL /CAN/
LRCX,707549,LAM RESEARCH CORP
LRE,1888980,"LEAD REAL ESTATE CO., LTD"
LRHC,1879403,La Rosa Holdings Corp.
LRMR,1374690,"Larimar Therapeutics, Inc."
LRN,1157408,"Stride, Inc."
LSAK,1041514,LESAKA TECHNOLOGIES INC
LSBK,2059653,"Lake Shore Bancorp, Inc. /MD/"
LSCC,855658,LATTICE SEMICONDUCTOR CORP
LSE,1985139,"Leishen Energy Holding Co., Ltd."
LSF,1650696,"Laird Superfood, Inc."
LSPD,1823306,Lightspeed Commerce Inc.
LSTA,320017,"LISATA THERAPEUTICS, INC."
LSTR,853816,LANDSTAR SYSTEM INC
LTBR,1084554,LIGHTBRIDGE Corp
LTC,887905,LTC PROPERTIES INC
LTGO,2056611,"Latigo Biotherapeutics, Inc."
LTGR,2104177,Long Table Growth Corp.
LTGRU,2104177,Long Table Growth Corp.
LTGRW,2104177,Long Table Growth Corp.
LTH,1869198,"Life Time Group Holdings, Inc."
LTM,1047716,LATAM AIRLINES GROUP S.A.
LTRN,1763950,Lantern Pharma Inc.
LTRX,1114925,LANTRONIX INC
LTRYW,1673481,Sports Entertainment Gaming Global Corp
LU,1816007,Lufax Holding Ltd
LUCD,1799011,Lucid Diagnostics Inc.
LUCK,1840572,Lucky Strike Entertainment Corp
LUCY,1808377,Innovative Eyewear Inc
LUCYW,1808377,Innovative Eyewear Inc
LUD,1984124,Luda Technology Group Ltd
LULU,1397187,lululemon athletica inc.
LUMN,18926,"Lumen Technologies, Inc."
LUNG,1127537,Pulmonx Corp
LUNR,1844452,"Intuitive Machines, Inc."
LUV,92380,SOUTHWEST AIRLINES CO
LUXE,1831907,LuxExperience B.V.
LVLU,1780201,"Lulu's Fashion Lounge Holdings, Inc."
LVO,1491419,"LiveOne, Inc."
LVS,1300514,LAS VEGAS SANDS CORP
LVWR,1898795,"LiveWire Group, Inc."
LW,1679273,"Lamb Weston Holdings, Inc."
LWAC,2061379,LightWave Acquisition Corp.
LWACU,2061379,LightWave Acquisition Corp.
LWACW,2061379,LightWave Acquisition Corp.
LWAY,814586,"Lifeway Foods, Inc."
LWLG,1325964,"Lightwave Logic, Inc."
LX,1708259,LexinFintech Holdings Ltd.
LXEH,1814067,Lixiang Education Holding Co. Ltd.
LXEO,1907108,"Lexeo Therapeutics, Inc."
LXFR,1096056,LUXFER HOLDINGS PLC
LXP,910108,LXP Industrial Trust
LXRX,1062822,"LEXICON PHARMACEUTICALS, INC."
LXU,60714,"LSB INDUSTRIES, INC."
LYB,1489393,LyondellBasell Industries N.V.
LYEL,1806952,"Lyell Immunopharma, Inc."
LYFT,1759509,"Lyft, Inc."
LYG,1160106,Lloyds Banking Group plc
LYNX,2132582,Lyntris Inc.
LYTS,763532,LSI INDUSTRIES INC
LYV,1335258,"Live Nation Entertainment, Inc."
LZ,1286139,"LEGALZOOM.COM, INC."
LZB,57131,LA-Z-BOY INC
LZM,1958217,Lifezone Metals Ltd
LZMH,1967397,LZ Technology Holdings Ltd
M,794367,"Macy's, Inc."
MA,1141391,Mastercard Inc
MAA,912595,MID AMERICA APARTMENT COMMUNITIES INC.
MAAS,1750264,Maase Inc.
MAC,912242,MACERICH CO
MACI,2016221,Melar Acquisition Corp. I/Cayman
MACIU,2016221,Melar Acquisition Corp. I/Cayman
MACIW,2016221,Melar Acquisition Corp. I/Cayman
MAGH,2046117,Magnitude International Ltd
MAGN,41719,Magnera Corp
MAIA,1878313,"MAIA Biotechnology, Inc."
MAIN,1396440,Main Street Capital CORP
MAIR,2098430,Madison Air Solutions Corp
MAKO,1784930,Mako Mining Corp.
MAMA,1520358,"Mama's Creations, Inc."
MAMK,2008007,MaxsMaking Inc.
MAMO,1952853,Massimo Group
MAN,871763,ManpowerGroup Inc.
MANE,1827635,"Veradermics, Inc"
MANH,1056696,MANHATTAN ASSOCIATES INC
MANU,1549107,Manchester United plc
MAR,1048286,MARRIOTT INTERNATIONAL INC /MD/
MARA,1507605,"MARA Holdings, Inc."
MARPS,62362,MARINE PETROLEUM TRUST
MAS,62996,MASCO CORP /DE/
MASK,1993097,3 E Network Technology Group Ltd
MASS,1555279,908 Devices Inc.
MAT,63276,MATTEL INC /DE/
MATH,1682241,Metalpha Technology Holding Ltd
MATV,1000623,"Mativ Holdings, Inc."
MATW,63296,MATTHEWS INTERNATIONAL CORP
MATX,3453,"Matson, Inc."
MAX,1818383,"MediaAlpha, Inc."
MAYS,54187,MAYS J W INC
MAZE,1842295,"Maze Therapeutics, Inc."
MB,2027265,MASTERBEEF GROUP
MBAI,1610590,Check-Cap Ltd
MBBC,1835385,"Marathon Bancorp, Inc. /MD/"
MBC,1941365,"MasterBrand, Inc."
MBGL,2090312,Mobility Global Inc.
MBI,814585,MBIA INC
MBIN,1629019,Merchants Bancorp
MBINL,1629019,Merchants Bancorp
MBINM,1629019,Merchants Bancorp
MBINN,1629019,Merchants Bancorp
MBIO,1680048,"MUSTANG BIO, INC."
MBLY,1910139,Mobileye Global Inc.
MBNKO,1000209,MEDALLION FINANCIAL CORP
MBOT,883975,Microbot Medical Inc.
MBRX,1659617,"Moleculin Biotech, Inc."
MBUU,1590976,"MALIBU BOATS, INC."
MBVI,2073928,M3-Brigade Acquisition VI Corp.
MBVIU,2073928,M3-Brigade Acquisition VI Corp.
MBVIW,2073928,M3-Brigade Acquisition VI Corp.
MBWM,1042729,MERCANTILE BANK CORP
MBX,1776111,"MBX Biosciences, Inc."
MC,1596967,Moelis & Co
MCAH,2109876,Mountain Crest Acquisition 6 Corp.
MCAHR,2109876,Mountain Crest Acquisition 6 Corp.
MCAHU,2109876,Mountain Crest Acquisition 6 Corp.
MCB,1476034,Metropolitan Bank Holding Corp.
MCBS,1747068,"MetroCity Bankshares, Inc."
MCD,63908,MCDONALDS CORP
MCFT,1638290,"MasterCraft Boat Holdings, Inc."
MCGA,2064658,Yorkville Acquisition Corp.
MCGAU,2064658,Yorkville Acquisition Corp.
MCGAW,2064658,Yorkville Acquisition Corp.
MCHB,1518715,Mechanics Bancorp
MCHP,827054,MICROCHIP TECHNOLOGY INC
MCHPP,827054,MICROCHIP TECHNOLOGY INC
MCHX,1224133,MARCHEX INC
MCI,275694,BARINGS CORPORATE INVESTORS
MCK,927653,MCKESSON CORP
MCN,1289868,XAI Madison Equity Premium Income Fund
MCO,1059556,MOODYS CORP /DE/
MCRB,1609809,"Seres Therapeutics, Inc."
MCRI,907242,MONARCH CASINO & RESORT INC
MCRP,1993431,Micropolis AI Robotics
MCS,62234,MARCUS CORP
MCTA,2035992,Charming Medical Ltd
MCY,64996,MERCURY GENERAL CORP
MD,893949,"Pediatrix Medical Group, Inc."
MDA,1857047,MDA Space Ltd.
MDAI,1833498,"Spectral AI, Inc."
MDAIW,1833498,"Spectral AI, Inc."
MDB,1441816,"MongoDB, Inc."
MDBH,1934642,"MDB Capital Holdings, LLC"
MDCX,1997296,Medicus Pharma Ltd.
MDCXW,1997296,Medicus Pharma Ltd.
MDGL,1157601,"MADRIGAL PHARMACEUTICALS, INC."
MDIA,1784254,Mediaco Holding Inc.
MDLN,2046386,Medline Inc.
MDLZ,1103982,"Mondelez International, Inc."
MDRR,1654595,"Medalist Diversified, Inc."
MDT,1613103,Medtronic plc
MDU,67716,MDU RESOURCES GROUP INC
MDWD,1593984,MediWound Ltd.
MDXG,1376339,"MIMEDX GROUP, INC."
MDXH,1872529,MDxHealth SA
MDY,936958,SPDR S&P MIDCAP 400 ETF TRUST
MEC,1766368,"Mayville Engineering Company, Inc."
MED,910329,MEDIFAST INC
MEDP,1668397,"Medpace Holdings, Inc."
MEDS,2030763,"DataMeds AI, Inc."
MEGI,1855066,NYLI CBRE Global Infrastructure Megatrends Term Fund
MEGL,1881472,Magic Empire Global Ltd
MEI,65270,METHODE ELECTRONICS INC
MELI,1099590,MERCADOLIBRE INC
MENS,1954488,Jyong Biotech Ltd.
MEOH,886977,METHANEX CORP
MERC,1333274,MERCER INTERNATIONAL INC.
MESH,2081468,Meshflow Acquisition Corp
MESHU,2081468,Meshflow Acquisition Corp
MESHW,2081468,Meshflow Acquisition Corp
MESO,1345099,MESOBLAST LTD
MET,1099219,METLIFE INC
META,1326801,"Meta Platforms, Inc."
METC,1687187,"Ramaco Resources, Inc."
METCB,1687187,"Ramaco Resources, Inc."
METCI,1687187,"Ramaco Resources, Inc."
METCZ,1687187,"Ramaco Resources, Inc."
MEVO,2087361,M Evo Global Acquisition Corp II
MEVOU,2087361,M Evo Global Acquisition Corp II
MEVOW,2087361,M Evo Global Acquisition Corp II
MF,1888525,MindForge Inc.
MFA,1055160,"MFA FINANCIAL, INC."
MFAN,1055160,"MFA FINANCIAL, INC."
MFAO,1055160,"MFA FINANCIAL, INC."
MFC,1086888,MANULIFE FINANCIAL CORP
MFG,1335730,MIZUHO FINANCIAL GROUP INC
MFI,1940941,mF International Ltd
MFIC,1278752,MidCap Financial Investment Corp
MFICL,1278752,MidCap Financial Investment Corp
MFIN,1000209,MEDALLION FINANCIAL CORP
MFM,801961,ABERDEEN MUNICIPAL INCOME FUND
MFP,2088281,"Midera Food Processing, Inc."
MG,1436126,"Mistras Group, Inc."
MGA,749098,MAGNA INTERNATIONAL INC
MGEE,1161728,MGE ENERGY INC
MGF,811922,ABERDEEN GOVERNMENT MARKETS INCOME FUND
MGIH,1903995,Millennium Group International Holdings Ltd
MGLD,1005101,"Marygold Companies, Inc."
MGM,789570,MGM Resorts International
MGN,1995075,Megan Holdings Ltd.
MGNI,1595974,"MAGNITE, INC."
MGNX,1125345,MACROGENICS INC
MGPI,835011,MGP INGREDIENTS INC
MGR,1004434,"AFFILIATED MANAGERS GROUP, INC."
MGRB,1004434,"AFFILIATED MANAGERS GROUP, INC."
MGRC,752714,MCGRATH RENTCORP
MGRD,1004434,"AFFILIATED MANAGERS GROUP, INC."
MGRE,1004434,"AFFILIATED MANAGERS GROUP, INC."
MGRT,2033377,Mega Fortune Co Ltd
MGRX,1938046,"MANGOCEUTICALS, INC."
MGTX,1735438,MeiraGTx Holdings plc
MGX,1785279,"Metagenomi Therapeutics, Inc."
MGY,1698990,Magnolia Oil & Gas Corp
MGYR,1337068,"Magyar Bancorp, Inc."
MH,1951070,"McGraw Hill, Inc."
MHD,1034665,"BLACKROCK MUNIHOLDINGS FUND, INC."
MHF,830487,WESTERN ASSET MUNICIPAL HIGH INCOME FUND INC.
MHH,1437226,"Mastech Digital, Inc."
MHK,851968,MOHAWK INDUSTRIES INC
MHLA,1412100,"Maiden Holdings, Ltd."
MHNC,1412100,"Maiden Holdings, Ltd."
MHO,799292,"M/I HOMES, INC."
MI,1958713,NFT Ltd
MIAC,2136530,Meridian3 Industrials Acquisition Corp
MIACU,2136530,Meridian3 Industrials Acquisition Corp
MIACW,2136530,Meridian3 Industrials Acquisition Corp
MIAX,1438472,"MIAMI INTERNATIONAL HOLDINGS, INC."
MICC,2071668,Magnum Ice Cream Co N.V.
MIDD,769520,MIDDLEBY Corp
MIMI,1998560,Mint Inc Ltd
MIN,826735,ABERDEEN INTERMEDIATE INCOME FUND
MIND,926423,"MIND TECHNOLOGY, INC"
MINE,1823255,MAYFAIR GOLD CORP.
MIR,1809987,"Mirion Technologies, Inc."
MIRA,1904286,"MIRA PHARMACEUTICALS, INC."
MIRM,1759425,"Mirum Pharmaceuticals, Inc."
MIST,1408443,Milestone Pharmaceuticals Inc.
MITK,807863,MITEK SYSTEMS INC
MITN,1514281,"TPG Mortgage Investment Trust, Inc."
MITP,1514281,"TPG Mortgage Investment Trust, Inc."
MITQ,1770236,MOVING iMAGE TECHNOLOGIES INC.
MITT,1514281,"TPG Mortgage Investment Trust, Inc."
MIY,890393,"BLACKROCK MUNIYIELD MICHIGAN QUALITY FUND, INC."
MKC,63754,MCCORMICK & CO INC
MKDW,1991332,MKDWELL Tech Inc.
MKDWW,1991332,MKDWELL Tech Inc.
MKL,1096343,MARKEL GROUP INC.
MKLY,2067592,McKinley Acquisition Corp
MKLYR,2067592,McKinley Acquisition Corp
MKLYU,2067592,McKinley Acquisition Corp
MKSI,1049502,MKS INC
MKTW,1805651,"MARKETWISE, INC."
MKTX,1278021,MARKETAXESS HOLDINGS INC
MKZR,1550913,"MacKenzie Realty Capital, Inc."
MLAA,2094265,Mountain Lake Acquisition Corp. II
MLAAU,2094265,Mountain Lake Acquisition Corp. II
MLAAW,2094265,Mountain Lake Acquisition Corp. II
MLAB,724004,MESA LABORATORIES INC /CO/
MLCI,2051820,Mount Logan Capital Inc.
MLCIL,2051820,Mount Logan Capital Inc.
MLCO,1381640,Melco Resorts & Entertainment LTD
MLEC,1937737,Moolec Science SA
MLECW,1937737,Moolec Science SA
MLGO,1800392,MicroAlgo Inc.
MLI,89439,MUELLER INDUSTRIES INC
MLKN,66382,"MILLERKNOLL, INC."
MLM,916076,MARTIN MARIETTA MATERIALS INC
MLP,63330,MAUI LAND & PINEAPPLE CO INC
MLPB,1114446,UBS AG
MLPR,1114446,UBS AG
MLR,924822,MILLER INDUSTRIES INC /TN/
MLSS,855683,MILESTONE SCIENTIFIC INC.
MLTX,1821586,MoonLake Immunotherapeutics
MLYS,1933414,"Mineralys Therapeutics, Inc."
MMA,1981519,MIXED MARTIAL ARTS GROUP LTD
MMD,1518557,NYLI MacKay DefinedTerm Muni Opportunities Fund
MMED,2062583,"MiniMed Group, Inc."
MMI,1578732,"Marcus & Millichap, Inc."
MMLP,1176334,MARTIN MIDSTREAM PARTNERS L.P.
MMM,66740,3M CO
MMS,1032220,"MAXIMUS, INC."
MMSI,856982,MERIT MEDICAL SYSTEMS INC
MMT,809173,ABERDEEN MULTI-MARKET INCOME FUND
MMTX,2077033,Miluna Acquisition Corp
MMTXU,2077033,Miluna Acquisition Corp
MMTXW,2077033,Miluna Acquisition Corp
MMU,886043,WESTERN ASSET MANAGED MUNICIPALS FUND INC.
MMYT,1495153,MakeMyTrip Ltd
MNDO,1119083,MIND CTI LTD
MNDR,1976695,Mobile-health Network Solutions
MNDY,1845338,monday.com Ltd.
MNGU,927971,BANK OF MONTREAL /CAN/
MNKD,899460,MANNKIND CORP
MNOV,1226616,MEDICINOVA INC
MNPR,1645469,Monopar Therapeutics
MNR,1980088,MACH NATURAL RESOURCES LP
MNRO,876427,"MONRO, INC."
MNSB,1693577,"MainStreet Bancshares, Inc."
MNSBP,1693577,"MainStreet Bancshares, Inc."
MNSO,1815846,MINISO Group Holding Ltd
MNST,865752,Monster Beverage Corp
MNTK,1826600,"Montauk Renewables, Inc."
MNTN,1891027,"MNTN, Inc."
MNTS,1781162,Momentus Inc.
MNY,1974044,MoneyHero Ltd
MNYWW,1974044,MoneyHero Ltd
MO,764180,"ALTRIA GROUP, INC."
MOB,1898643,Mobilicom Ltd
MOBBW,1898643,Mobilicom Ltd
MOBI,1489993,"Mobia Medical, Inc."
MOBX,1855467,"MOBIX LABS, INC"
MOBXW,1855467,"MOBIX LABS, INC"
MOD,67347,MODINE MANUFACTURING CO
MODD,1074871,"Modular Medical, Inc."
MOGU,1743971,MOGU Inc.
MOH,1179929,"MOLINA HEALTHCARE, INC."
MOLN,1745114,MOLECULAR PARTNERS AG
MOMO,1610601,Hello Group Inc.
MORN,1289419,"Morningstar, Inc."
MOS,1285785,MOSAIC CO
MOV,72573,MOVADO GROUP INC
MOVE,1734750,"Corvex, Inc."
MP,1801368,MP Materials Corp. / DE
MPA,891038,BLACKROCK MUNIYIELD PENNSYLVANIA QUALITY FUND
MPAA,918251,MOTORCAR PARTS OF AMERICA INC
MPB,879635,MID PENN BANCORP INC
MPC,1510295,Marathon Petroleum Corp
MPLT,1770069,"MapLight Therapeutics, Inc."
MPLX,1552000,MPLX LP
MPT,1287865,MEDICAL PROPERTIES TRUST INC
MPTI,1902314,"M-tron Industries, Inc."
MPU,1953021,Mega Matrix Inc
MPV,831655,BARINGS PARTICIPATION INVESTORS
MPWR,1280452,"MONOLITHIC POWER SYSTEMS, INC."
MQ,1522540,"Marqeta, Inc."
MQY,890196,"BLACKROCK MUNIYIELD QUALITY FUND, INC."
MRAM,1438423,EVERSPIN TECHNOLOGIES INC.
MRBK,1750735,Meridian Corp
MRCO,2106436,Mercator Acquisition Corp.
MRCOU,2106436,Mercator Acquisition Corp.
MRCOW,2106436,Mercator Acquisition Corp.
MRCY,1049521,MERCURY SYSTEMS INC
MRDN,1437925,Meridian Holdings Inc./NV
MREO,1719714,Mereo BioPharma Group plc
MRK,310158,"Merck & Co., Inc."
MRKR,1094038,"Marker Therapeutics, Inc."
MRLN,2028707,"Merlin, Inc."
MRM,1819704,Medirom Healthcare Technologies Inc.
MRNA,1682852,"Moderna, Inc."
MRNO,1988776,Murano Global Investments Plc
MRNOW,1988776,Murano Global Investments Plc
MRP,2017206,"Millrose Properties, Inc."
MRSH,62709,"MARSH & MCLENNAN COMPANIES, INC."
MRT,1852767,"Marti Technologies, Inc."
MRTN,799167,MARTEN TRANSPORT LTD
MRVI,1823239,"MARAVAI LIFESCIENCES HOLDINGS, INC."
MRVL,1835632,"Marvell Technology, Inc."
MRX,1997464,Marex Group Ltd
MS,895421,MORGAN STANLEY
MSA,66570,MSA Safety Inc
MSAI,1863990,"MultiSensor AI Holdings, Inc."
MSAIW,1863990,"MultiSensor AI Holdings, Inc."
MSB,65172,MESABI TRUST
MSBI,1466026,"Midland States Bancorp, Inc."
MSBIP,1466026,"Midland States Bancorp, Inc."
MSBT,2103612,Morgan Stanley Bitcoin Trust
MSC,1713334,STUDIO CITY INTERNATIONAL HOLDINGS Ltd
MSCI,1408198,MSCI Inc.
MSD,904112,MORGAN STANLEY EMERGING MARKETS DEBT FUND INC
MSDL,1782524,Morgan Stanley Direct Lending Fund
MSEX,66004,MIDDLESEX WATER CO
MSFT,789019,MICROSOFT CORP
MSGE,1952073,Madison Square Garden Entertainment Corp.
MSGM,1821175,Motorsport Games Inc.
MSGS,1636519,Madison Square Garden Sports Corp.
MSGY,2020228,Masonglory Ltd
MSI,68505,"Motorola Solutions, Inc."
MSIF,1535778,"MSC INCOME FUND, INC."
MSLE,1421642,Satellos Bioscience Inc.
MSM,1003078,MSC INDUSTRIAL DIRECT CO INC
MSN,32621,EMERSON RADIO CORP
MSOL,2103547,Morgan Stanley Solana Trust
MSS,1892292,Maison Solutions Inc.
MSSE,2103976,Morgan Stanley Ethereum Trust
MSSWF,1882464,Metal Sky Star Acquisition Corp
MSTR,1050446,Strategy Inc
MT,1243429,ArcelorMittal
MTA,1722606,Metalla Royalty & Streaming Ltd.
MTAKU,2133136,Market Technology Acquisition Corp
MTAL,2107724,Metals Acquisition Corp. II
MTB,36270,M&T BANK CORP
MTC,1742518,"MMTEC, INC."
MTCH,891103,"Match Group, Inc."
MTD,1037646,METTLER TOLEDO INTERNATIONAL INC/
MTDR,1520006,Matador Resources Co
MTEK,1872964,Maris Tech Ltd.
MTEKW,1872964,Maris Tech Ltd.
MTEN,1948099,Mingteng International Corp Inc.
MTEX,1056358,MANNATECH INC
MTG,876437,MGIC INVESTMENT CORP
MTH,833079,Meritage Homes CORP
MTLS,1091223,MATERIALISE NV
MTN,812011,VAIL RESORTS INC
MTNB,1582554,"Matinas BioPharma Holdings, Inc."
MTNE,2044817,CH4 Natural Solutions Corp
MTR,313364,MESA ROYALTY TRUST/TX
MTRN,1104657,MATERION Corp
MTRX,866273,MATRIX SERVICE CO
MTSI,1493594,"MACOM Technology Solutions Holdings, Inc."
MTUS,1598428,Metallus Inc.
MTVA,1638287,MetaVia Inc.
MTW,61986,MANITOWOC CO INC
MTX,891014,MINERALS TECHNOLOGIES INC
MTZ,15615,MASTEC INC
MU,723125,MICRON TECHNOLOGY INC
MUA,901243,"BLACKROCK MUNIASSETS FUND, INC."
MUC,1051004,"BLACKROCK MUNIHOLDINGS CALIFORNIA QUALITY FUND, INC."
MUFG,67088,MITSUBISHI UFJ FINANCIAL GROUP INC
MUJ,1053988,"BLACKROCK MUNIHOLDINGS NEW JERSEY QUALITY FUND, INC."
MUR,717423,MURPHY OIL CORP
MUSA,1573516,Murphy USA Inc.
MUX,314203,McEwen Inc.
MUZE,2093484,Muzero Acquisition Corp
MUZEU,2093484,Muzero Acquisition Corp
MUZEW,2093484,Muzero Acquisition Corp
MVBF,1277902,MVB FINANCIAL CORP
MVIS,65770,"MICROVISION, INC."
MVRL,1114446,UBS AG
MVST,1760689,"Microvast Holdings, Inc."
MWA,1350593,"Mueller Water Products, Inc."
MWC,2083526,"Micware Co., Ltd."
MWG,1941500,Multi Ways Holdings Ltd
MWH,2065636,"SOLV Energy, Inc."
MWYN,2030522,"Marwynn Holdings, Inc."
MX,1325702,MAGNACHIP SEMICONDUCTOR Corp
MXC,66418,MEXCO ENERGY CORP
MXCT,1287098,"MAXCYTE, INC."
MXE,863900,MEXICO EQUITY & INCOME FUND INC
MXF,65433,MEXICO FUND INC
MXL,1288469,"MAXLINEAR, INC"
MYE,69488,MYERS INDUSTRIES INC
MYFW,1327607,First Western Financial Inc
MYGN,899923,MYRIAD GENETICS INC
MYI,883412,"BLACKROCK MUNIYIELD QUALITY FUND III, INC."
MYN,882150,"BLACKROCK MUNIYIELD NEW YORK QUALITY FUND, INC."
MYND,1708441,"Mynd.ai, Inc."
MYO,1369290,"MYOMO, INC."
MYPS,1823878,"PLAYSTUDIOS, Inc."
MYRG,700923,MYR GROUP INC.
MYSE,1648960,"Myseum.AI, Inc."
MYSZ,1211805,"My Size, Inc."
MYX,2080087,Maywood Acquisition Corp. 2
MYXXR,2080087,Maywood Acquisition Corp. 2
MYXXU,2080087,Maywood Acquisition Corp. 2
MYXXW,2080087,Maywood Acquisition Corp. 2
MZTI,57515,MARZETTI CO
MZYX,2097376,MOZAYYX Acquisition Corp.
NA,1872302,Nano Labs Ltd
NAAS,1712178,NaaS Technology Inc.
NABL,1834488,"N-able, Inc."
NAC,1074952,Nuveen California Quality Municipal Income Fund
NAD,1083839,Nuveen Quality Municipal Income Fund
NAGE,1386570,"Niagen Bioscience, Inc."
NAII,787253,NATURAL ALTERNATIVES INTERNATIONAL INC
NAK,1164771,NORTHERN DYNASTY MINERALS LTD
NAKA,1946573,Nakamoto Inc.
NAMI,1967631,Jinxin Technology Holding Co
NAMM,2026514,Namib Minerals
NAMMW,2026514,Namib Minerals
NAMS,1936258,NewAmsterdam Pharma Co N.V.
NAMSW,1936258,NewAmsterdam Pharma Co N.V.
NAN,1074769,NUVEEN NEW YORK QUALITY MUNICIPAL INCOME FUND
NAT,1000177,NORDIC AMERICAN TANKERS Ltd
NATH,69733,"NATHANS FAMOUS, INC."
NATL,1974138,NCR Atleos Corp
NATR,275053,NATURES SUNSHINE PRODUCTS INC
NAUT,1808805,"Nautilus Biotechnology, Inc."
NAVI,1593538,NAVIENT CORP
NAVN,1639723,"Navan, Inc."
NAZ,892992,NUVEEN ARIZONA QUALITY MUNICIPAL INCOME FUND
NB,1512228,NIOCORP DEVELOPMENTS LTD
NBB,1478888,Nuveen Taxable Municipal Income Fund
NBBK,1979330,"NB Bancorp, Inc."
NBH,1178839,NEUBERGER MUNICIPAL FUND INC.
NBHC,1475841,National Bank Holdings Corp
NBIS,1513845,Nebius Group N.V.
NBIX,914475,NEUROCRINE BIOSCIENCES INC
NBP,1778016,NovaBridge Biosciences
NBR,1163739,NABORS INDUSTRIES LTD
NBRG,1918414,Newbridge Acquisition Ltd
NBRGR,1918414,Newbridge Acquisition Ltd
NBRGU,1918414,Newbridge Acquisition Ltd
NBTB,790359,NBT BANCORP INC
NBTX,1760854,Nanobiotix S.A.
NBXG,1843181,Neuberger Next Generation Connectivity Fund Inc.
NC,789933,NACCO INDUSTRIES INC
NCA,818851,NUVEEN CALIFORNIA MUNICIPAL VALUE FUND
NCDL,1737924,Nuveen Churchill Direct Lending Corp.
NCEL,1783036,NewcelX Ltd.
NCEW,1968043,New Century Logistics (BVI) Ltd
NCI,1916331,Neo-Concept International Group Holdings Ltd
NCIQ,2031069,Hashdex Nasdaq CME Crypto Index ETF
NCLH,1513761,Norwegian Cruise Line Holdings Ltd.
NCMI,1377630,"National CineMedia, Inc."
NCNA,1709626,NuCana plc
NCNO,1902733,"nCino, Inc."
NCO,2116230,Southern Cross Acquisition I Corp.
NCOOR,2116230,Southern Cross Acquisition I Corp.
NCOOU,2116230,Southern Cross Acquisition I Corp.
NCOOW,2116230,Southern Cross Acquisition I Corp.
NCPL,1414767,Netcapital Inc.
NCPLW,1414767,Netcapital Inc.
NCRA,1756180,"NOCERA, INC."
NCT,2018529,Intercont (Cayman) Ltd
NCTY,1296774,The9 LTD
NCV,1214935,Virtus Convertible & Income Fund
NCZ,1227857,Virtus Convertible & Income Fund II
NDAQ,1120193,"NASDAQ, INC."
NDLS,1275158,NOODLES & Co
NDMO,1793129,Nuveen Dynamic Municipal Opportunities Fund
NDRA,1681682,ENDRA Life Sciences Inc.
NDSN,72331,NORDSON CORP
NE,1895262,Noble Corp plc
NEA,1195737,Nuveen AMT-Free Quality Municipal Income Fund
NECB,1847398,"NorthEast Community Bancorp, Inc./MD/"
NEE,753308,NEXTERA ENERGY INC
NEGG,1474627,"Newegg Commerce, Inc."
NEM,1164727,NEWMONT Corp /DE/
NEN,746514,NEW ENGLAND REALTY ASSOCIATES LIMITED PARTNERSHIP
NEO,1077183,NEOGENOMICS INC
NEOG,711377,NEOGEN CORP
NEON,87050,Neonode Inc.
NEOV,1748137,NeoVolta Inc.
NEOVW,1748137,NeoVolta Inc.
NEPH,1196298,NEPHROS INC
NERV,1598646,"Minerva Neurosciences, Inc."
NESR,1698514,National Energy Services Reunited Corp.
NET,1477333,"Cloudflare, Inc."
NEU,1282637,NEWMARKET CORP
NEUP,1191070,Neuphoria Therapeutics Inc.
NEWP,1369085,NEW PACIFIC METALS CORP
NEWT,1587987,"NewtekOne, Inc."
NEWTG,1587987,"NewtekOne, Inc."
NEWTH,1587987,"NewtekOne, Inc."
NEWTI,1587987,"NewtekOne, Inc."
NEWTO,1587987,"NewtekOne, Inc."
NEWTP,1587987,"NewtekOne, Inc."
NEXA,1713930,Nexa Resources S.A.
NEXM,795800,NexMetals Mining Corp.
NEXN,1849396,Nexxen International Ltd.
NEXR,1885408,Nexera Technologies Ltd
NEXRW,1885408,Nexera Technologies Ltd
NEXT,1612720,NextDecade Corp
NFG,70145,NATIONAL FUEL GAS CO
NFGC,1840616,New Found Gold Corp.
NFJ,1260563,"Virtus Dividend, Interest & Premium Strategy Fund"
NFLX,1065280,NETFLIX INC
NG,1173420,NOVAGOLD RESOURCES INC
NGEN,1751912,NERVGEN PHARMA CORP.
NGG,1004315,NATIONAL GRID PLC
NGL,1504461,NGL Energy Partners LP
NGNE,1404644,Neurogene Inc.
NGS,1084991,NATURAL GAS SERVICES GROUP INC
NGVC,1547459,"Natural Grocers by Vitamin Cottage, Inc."
NGVT,1653477,Ingevity Corp
NHC,1047335,NATIONAL HEALTHCARE CORP
NHI,877860,NATIONAL HEALTH INVESTORS INC
NHIC,2043699,NewHold Investment Corp. III
NHICU,2043699,NewHold Investment Corp. III
NHICW,2043699,NewHold Investment Corp. III
NHIV,2099767,NewHold Investment Corp IV
NHIVU,2099767,NewHold Investment Corp IV
NHIVW,2099767,NewHold Investment Corp IV
NHP,1561032,"National Healthcare Properties, Inc."
NHPBP,1561032,"National Healthcare Properties, Inc."
NHS,1487610,Neuberger High Yield Strategies Fund Inc.
NHTC,912061,NATURAL HEALTH TRENDS CORP
NI,1111711,NISOURCE INC.
NIC,1174850,NICOLET BANKSHARES INC
NICE,1003935,NICE Ltd.
NICM,1526475,NICOLA MINING INC.
NIE,1383441,Virtus Equity & Convertible Income Fund
NIKI,1734005,"Niki BioSolutions, Inc."
NIM,890119,NUVEEN SELECT MATURITIES MUNICIPAL FUND
NINE,1532286,"Nine Energy Service, Inc."
NIO,1736541,NIO Inc.
NIOBW,1512228,NIOCORP DEVELOPMENTS LTD
NIPG,1966233,NIP Group Inc.
NIQ,2054696,NIQ Global Intelligence plc
NIU,1744781,Niu Technologies
NIVF,1981662,NewGenIvf Group Ltd
NIVFW,1981662,NewGenIvf Group Ltd
NIXX,1462223,"Nixxy, Inc."
NJR,356309,NEW JERSEY RESOURCES CORP
NKE,320187,"NIKE, Inc."
NKLR,2067627,Terra Innovatum Global N.V.
NKSH,796534,NATIONAL BANKSHARES INC
NKTR,906709,NEKTAR THERAPEUTICS
NKTX,1787400,"Nkarta, Inc."
NKX,1195738,NUVEEN CALIFORNIA AMT-FREE QUALITY MUNICIPAL INCOME FUND
NL,72162,"NLI HOLDINGS, INC."
NLOP,1952976,Net Lease Office Properties
NLY,1043219,ANNALY CAPITAL MANAGEMENT INC
NMAD,1335105,"NOMAD POWER SOLUTIONS, INC."
NMAI,1861115,Nuveen Multi-Asset Income Fund
NMAX,2026478,Newsmax Inc.
NMCO,1774342,Nuveen Municipal Credit Opportunities Fund
NMFC,1496099,New Mountain Finance Corp
NMFCZ,1496099,New Mountain Finance Corp
NMG,1649752,Nouveau Monde Graphite Inc.
NMI,830271,NUVEEN MUNICIPAL INCOME FUND INC
NMIH,1547903,"NMI Holdings, Inc."
NML,1562051,Neuberger Energy Infrastructure & Income Fund Inc.
NMM,1415921,Navios Maritime Partners L.P.
NMP,2054876,NMP Acquisition Corp.
NMPAR,2054876,NMP Acquisition Corp.
NMPAU,2054876,NMP Acquisition Corp.
NMR,1163653,NOMURA HOLDINGS INC
NMRA,1885522,"Neumora Therapeutics, Inc."
NMRK,1690680,"NEWMARK GROUP, INC."
NMS,1607997,Nuveen Minnesota Quality Municipal Income Fund
NMT,897419,NUVEEN MASSACHUSETTS QUALITY MUNICIPAL INCOME FUND
NMTC,1500198,NEUROONE MEDICAL TECHNOLOGIES Corp
NMZ,1266585,NUVEEN MUNICIPAL HIGH INCOME OPPORTUNITY FUND
NN,1865631,NEXTNAV INC.
NNBR,918541,NN INC
NNDM,1643303,Nano Dimension Ltd.
NNE,1923891,Nano Nuclear Energy Inc.
NNI,1258602,NELNET INC
NNN,751364,"NNN REIT, INC."
NNNN,1982708,Anbio Biotechnology
NNOX,1795251,Nano-X Imaging Ltd.
NNVC,1379006,"NANOVIRICIDES, INC."
NNY,818850,NUVEEN NEW YORK MUNICIPAL VALUE FUND
NOA,1368519,North American Construction Group Ltd.
NOAH,1499543,NOAH HOLDINGS LTD
NOC,1133421,NORTHROP GRUMMAN CORP /DE/
NODK,1681206,"NI Holdings, Inc."
NOEM,1956648,CO2 Energy Transition Corp.
NOEMR,1956648,CO2 Energy Transition Corp.
NOEMU,1956648,CO2 Energy Transition Corp.
NOEMW,1956648,CO2 Energy Transition Corp.
NOG,1104485,"NORTHERN OIL & GAS, INC."
NOK,924613,NOKIA CORP
NOMA,1994214,Nomadar Corp.
NOMD,1651717,Nomad Foods Ltd
NOV,1021860,NOV Inc.
NOVT,1076930,NOVANTA INC
NOVTU,1076930,NOVANTA INC
NOW,1373715,"ServiceNow, Inc."
NP,2067129,Neptune Insurance Holdings Inc.
NPAC,2048948,New Providence Acquisition Corp. III/Cayman
NPACU,2048948,New Providence Acquisition Corp. III/Cayman
NPACW,2048948,New Providence Acquisition Corp. III/Cayman
NPB,1336706,NORTHPOINTE BANCSHARES INC
NPCE,1528287,NeuroPace Inc
NPCT,1835068,Nuveen Core Plus Impact Fund
NPFD,1865389,Nuveen Variable Rate Preferred & Income Fund
NPK,80172,NATIONAL PRESTO INDUSTRIES INC
NPKI,71829,NPK International Inc.
NPO,1164863,Enpro Inc.
NPT,2014337,Texxon Holding Ltd
NPV,897421,NUVEEN VIRGINIA QUALITY MUNICIPAL INCOME FUND
NPWR,1845437,Net Power Inc.
NRC,70487,NRC HEALTH
NRDS,1625278,"NERDWALLET, INC."
NRDY,1819404,Nerdy Inc.
NREF,1786248,"NexPoint Real Estate Finance, Inc."
NRG,1013871,"NRG ENERGY, INC."
NRGD,927971,BANK OF MONTREAL /CAN/
NRGU,927971,BANK OF MONTREAL /CAN/
NRGV,1828536,"Energy Vault Holdings, Inc."
NRIM,1163370,NORTHRIM BANCORP INC
NRIX,1549595,"Nurix Therapeutics, Inc."
NRK,1195739,NUVEEN NEW YORK AMT-FREE QUALITY MUNICIPAL INCOME FUND
NRO,1261166,NEUBERGER REAL ESTATE SECURITIES INCOME FUND INC
NRP,1171486,NATURAL RESOURCE PARTNERS LP
NRSNW,1875091,NeuroSense Therapeutics Ltd.
NRT,72633,NORTH EUROPEAN OIL ROYALTY TRUST
NRUC,70502,NATIONAL RURAL UTILITIES COOPERATIVE FINANCE CORP /DC/
NRXP,1719406,"NRX Pharmaceuticals, Inc."
NRXS,1933567,"Neuraxis, INC"
NSAI,2133719,NorthStrive Acquisition Corp I.
NSAIR,2133719,NorthStrive Acquisition Corp I.
NSAIU,2133719,NorthStrive Acquisition Corp I.
NSAIW,2133719,NorthStrive Acquisition Corp I.
NSC,702165,NORFOLK SOUTHERN CORP
NSIT,932696,INSIGHT ENTERPRISES INC
NSLR,1509470,Neostellar Capital Corp.
NSLRL,1509470,Neostellar Capital Corp.
NSP,1000753,"INSPERITY, INC."
NSPR,1433607,"InspireMD, Inc."
NSRX,2029039,Nasus Pharma Ltd
NSSC,69633,"NAPCO SECURITY TECHNOLOGIES, INC"
NSTS,1881592,"NSTS Bancorp, Inc."
NSYS,722313,NORTECH SYSTEMS INC
NTAP,1002047,"NetApp, Inc."
NTB,1653242,Bank of N.T. Butterfield & Son Ltd
NTCL,1927578,NetClass Technology Inc
NTCT,1078075,NETSCOUT SYSTEMS INC
NTES,1110646,"NetEase, Inc."
NTGR,1122904,"NETGEAR, INC."
NTHI,1979414,"NEONC TECHNOLOGIES HOLDINGS, INC."
NTIC,875582,NORTHERN TECHNOLOGIES INTERNATIONAL CORP
NTIP,1065078,"NETWORK-1 TECHNOLOGIES, INC."
NTLA,1652130,"Intellia Therapeutics, Inc."
NTNX,1618732,"Nutanix, Inc."
NTR,1725964,Nutrien Ltd.
NTRA,1604821,"Natera, Inc."
NTRB,1676047,NutriBand Inc.
NTRBW,1676047,NutriBand Inc.
NTRP,788611,"NextTrip, Inc."
NTRS,73124,NORTHERN TRUST CORP
NTRSO,73124,NORTHERN TRUST CORP
NTSK,2063196,Netskope Inc
NTST,1798100,NETSTREIT Corp.
NTWK,1039280,NETSOL TECHNOLOGIES INC
NTWO,2028027,Newbury Street II Acquisition Corp
NTWOU,2028027,Newbury Street II Acquisition Corp
NTWOW,2028027,Newbury Street II Acquisition Corp
NU,1691493,Nu Holdings Ltd.
NUAI,2028336,"New ERA Energy & Digital, Inc."
NUAIW,2028336,"New ERA Energy & Digital, Inc."
NUCL,2089283,Eagle Nuclear Energy Corp.
NUCLW,2089283,Eagle Nuclear Energy Corp.
NUE,73309,NUCOR CORP
NUR,1680637,Nuran Wireless Inc.
NUS,1021561,"NU SKIN ENTERPRISES, INC."
NUTX,1479681,Nutex Health Inc.
NUV,812801,NUVEEN MUNICIPAL VALUE FUND INC
NUVB,1811063,Nuvation Bio Inc.
NUW,1450445,Nuveen AMT-Free Municipal Value Fund
NUWE,1506492,"Nuwellis, Inc."
NVA,1852551,Nova Minerals Corp
NVAX,1000694,NOVAVAX INC
NVCR,1645113,NovoCure Ltd
NVCT,1875558,"Nuvectis Pharma, Inc."
NVDA,1045810,NVIDIA CORP
NVEC,724910,NVE CORP /NEW/
NVG,1090116,Nuveen AMT-Free Municipal Credit Income Fund
NVGS,1581804,Navigator Holdings Ltd.
NVMI,1109345,NOVA LTD.
NVNI,1965143,Nvni Group Ltd
NVNIW,1965143,Nvni Group Ltd
NVNO,1661053,enVVeno Medical Corp
NVO,353278,NOVO NORDISK A S
NVR,906163,NVR INC
NVRI,2104052,Enviri Corp
NVS,1114448,NOVARTIS AG
NVST,1757073,Envista Holdings Corp
NVT,1720635,nVent Electric plc
NVTS,1821769,Navitas Semiconductor Corp
NVX,1859795,NOVONIX Ltd
NWAX,2074878,New America Acquisition I Corp.
NWBI,1471265,"Northwest Bancshares, Inc."
NWE,1993004,"NorthWestern Energy Group, Inc."
NWFL,1013272,NORWOOD FINANCIAL CORP
NWG,844150,NatWest Group plc
NWGL,1948294,CL Workshop Group Ltd
NWL,814453,NEWELL BRANDS INC.
NWN,1733998,Northwest Natural Holding Co
NWPX,1001385,"NWPX Infrastructure, Inc."
NWS,1564708,NEWS CORP
NWSA,1564708,NEWS CORP
NWTG,1934245,"Newton Golf Company, Inc."
NX,1423221,Quanex Building Products CORP
NXAT,2000756,K Wave Media Ltd.
NXATW,2000756,K Wave Media Ltd.
NXB,2067767,NextBoat Inc.
NXDR,1846069,"Nextdoor Holdings, Inc."
NXDT,1356115,NEXPOINT DIVERSIFIED REAL ESTATE TRUST
NXE,1698535,NexGen Energy Ltd.
NXG,1506488,NXG NextGen Infrastructure Income Fund
NXGL,1468929,"NEXGEL, INC."
NXGLW,1468929,"NEXGEL, INC."
NXH,1130713,"NEIGHBORHOOD INTELLIGENCE, INC."
NXL,1527352,"Nexalin Technology, Inc."
NXP,883618,NUVEEN SELECT TAX FREE INCOME PORTFOLIO
NXPI,1413447,NXP Semiconductors N.V.
NXPL,1058307,NextPlat Corp
NXRT,1620393,"NexPoint Residential Trust, Inc."
NXST,1142417,"NEXSTAR MEDIA GROUP, INC."
NXT,1852131,Nextpower Inc.
NXTC,1661059,"NextCure, Inc."
NXTS,1789192,Nexentis Technologies Inc.
NXTT,1784970,Next Technology Holding Inc.
NYAX,1901279,Nayax Ltd.
NYC,1595527,American Strategic Investment Co.
NYT,71691,NEW YORK TIMES CO
NYXH,1857190,Nyxoah SA
NZF,1137887,Nuveen Municipal Credit Income Fund
O,726728,REALTY INCOME CORP
OABI,1846253,"OmniAb, Inc."
OABIW,1846253,"OmniAb, Inc."
OACC,2029769,Oaktree Acquisition Corp. III Life Sciences
OACCU,2029769,Oaktree Acquisition Corp. III Life Sciences
OACCW,2029769,Oaktree Acquisition Corp. III Life Sciences
OBA,2034313,Oxley Bridge Acquisition Ltd
OBAI,1756064,"Our Bond, Inc."
OBAWU,2034313,Oxley Bridge Acquisition Ltd
OBAWW,2034313,Oxley Bridge Acquisition Ltd
OBDC,1655888,Blue Owl Capital Corp
OBE,1334388,OBSIDIAN ENERGY LTD.
OBIO,1814114,"Orchestra BioMed Holdings, Inc."
OBK,1516912,"Origin Bancorp, Inc."
OBT,1754226,"Orange County Bancorp, Inc. /DE/"
OBTC,1767057,Osprey Bitcoin Trust
OBX,2130606,"Obsidian Therapeutics, Inc."
OC,1370946,Owens Corning
OCAC,1926314,Ocean Capital Acquisition Corp
OCC,1000230,OPTICAL CABLE CORP
OCCI,1716951,"OFS Credit Company, Inc."
OCCIM,1716951,"OFS Credit Company, Inc."
OCCIN,1716951,"OFS Credit Company, Inc."
OCFC,1004702,OCEANFIRST FINANCIAL CORP
OCG,1776067,Oriental Culture Holding LTD
OCGN,1372299,"Ocugen, Inc."
OCLT,2137679,OceanLight Acquisition Corp
OCLTU,2137679,OceanLight Acquisition Corp
OCS,1953530,Oculis Holding AG
OCSAW,1953530,Oculis Holding AG
OCSL,1414932,Oaktree Specialty Lending Corp
OCTV,2083632,Octave Intelligence plc
OCUL,1393434,"OCULAR THERAPEUTIX, INC"
ODC,74046,Oil-Dri Corp of America
ODD,1907085,Oddity Tech Ltd
ODFL,878927,"OLD DOMINION FREIGHT LINE, INC."
ODTX,1882782,"Odyssey Therapeutics, Inc."
ODYS,1577445,Odysight.ai Inc.
OEC,1609804,Orion S.A.
OESX,1409375,"ORION ENERGY SYSTEMS, INC."
OFAL,2036307,OFA Group
OFG,1030469,OFG BANCORP
OFIX,884624,Orthofix Medical Inc.
OFLX,1317945,"Omega Flex, Inc."
OFRM,1696556,"Once Upon a Farm, PBC"
OFS,1487918,OFS Capital Corp
OFSSH,1487918,OFS Capital Corp
OFSSO,1487918,OFS Capital Corp
OGC,1487326,OceanaGold Corp
OGCP,1553079,"Empire State Realty OP, L.P."
OGE,1021635,OGE ENERGY CORP.
OGEN,1174940,ORAGENICS INC
OGG,1431852,Osisko Gold Group Inc.
OGGWZ,1431852,Osisko Gold Group Inc.
OGI,1620737,ORGANIGRAM GLOBAL INC.
OGN,1821825,Organon & Co.
OGS,1587732,"ONE Gas, Inc."
OHAC,2090787,Oceanhawk Acquisition Corp.
OHACR,2090787,Oceanhawk Acquisition Corp.
OHACU,2090787,Oceanhawk Acquisition Corp.
OHI,888491,OMEGA HEALTHCARE INVESTORS INC
OI,812074,"O-I Glass, Inc. /DE/"
OIA,835333,Invesco Municipal Income Opportunities Trust
OII,73756,OCEANEERING INTERNATIONAL INC
OILD,927971,BANK OF MONTREAL /CAN/
OILU,927971,BANK OF MONTREAL /CAN/
OIM,2088325,OneIM Acquisition Corp.
OIMAU,2088325,OneIM Acquisition Corp.
OIMAW,2088325,OneIM Acquisition Corp.
OIO,1957538,OIO Group
OIOWW,1957538,OIO Group
OIS,1121484,"OIL STATES INTERNATIONAL, INC"
OKE,1039684,ONEOK INC /NEW/
OKLO,1849056,Oklo Inc.
OKTA,1660134,"Okta, Inc."
OKUR,1637715,"OnKure Therapeutics, Inc."
OKYO,1849296,OKYO Pharma Ltd
OLB,1314196,"OLB GROUP, INC."
OLED,1005284,UNIVERSAL DISPLAY CORP \PA\
OLLI,1639300,"Ollie's Bargain Outlet Holdings, Inc."
OLMA,1750284,"Olema Pharmaceuticals, Inc."
OLN,74303,OLIN Corp
OLOX,1023994,OLENOX INDUSTRIES INC.
OLP,712770,ONE LIBERTY PROPERTIES INC
OM,1484612,"Outset Medical, Inc."
OMAB,1378239,Central North Airport Group
OMC,29989,OMNICOM GROUP INC.
OMCL,926326,"OMNICELL, INC."
OMDA,1611115,"Omada Health, Inc."
OMER,1285819,OMEROS CORP
OMEX,798528,ODYSSEY MARINE EXPLORATION INC
OMF,1584207,"OneMain Holdings, Inc."
OMH,1944902,Ohmyhome Ltd
OMSE,2012219,OMS Energy Technologies Inc.
ON,1097864,ON SEMICONDUCTOR CORP
ONB,707179,OLD NATIONAL BANCORP /IN/
ONBPO,707179,OLD NATIONAL BANCORP /IN/
ONBPP,707179,OLD NATIONAL BANCORP /IN/
ONC,1651308,BeOne Medicines Ltd.
ONCH,2054272,1RT Acquisition Corp.
ONCHU,2054272,1RT Acquisition Corp.
ONCHW,2054272,1RT Acquisition Corp.
ONCO,1782107,"Onconetix, Inc."
ONCY,1129928,ONCOLYTICS BIOTECH INC
ONDS,1646188,Ondas Inc.
ONEG,2030834,OneConstruction Group Ltd
ONEW,1772921,OneWater Marine Inc.
ONFO,1825452,"Onfolio Holdings, Inc"
ONFOW,1825452,"Onfolio Holdings, Inc"
ONIT,873860,ONITY GROUP INC.
ONL,1873923,Orion Properties Inc.
ONMD,1849380,OneMedNet Corp
ONMDW,1849380,OneMedNet Corp
ONON,1858985,On Holding AG
ONT,1643615,"Onterris, Inc."
ONTO,704532,ONTO INNOVATION INC.
OOMA,1327688,OOMA INC
OPAD,1825024,Offerpad Solutions Inc.
OPAL,1842279,OPAL Fuels Inc.
OPBK,1722010,OP Bancorp
OPCH,1014739,"Option Care Health, Inc."
OPEN,1801169,Opendoor Technologies Inc.
OPENL,1801169,Opendoor Technologies Inc.
OPENW,1801169,Opendoor Technologies Inc.
OPENZ,1801169,Opendoor Technologies Inc.
OPFI,1818502,OppFi Inc.
OPHC,1288855,"OptimumBank Holdings, Inc."
OPI,1456772,OFFICE PROPERTIES INCOME TRUST
OPK,944809,"OPKO HEALTH, INC."
OPLN,1395942,"OPENLANE, Inc."
OPP,1678130,"RiverNorth/DoubleLine Strategic Opportunity Fund, Inc."
OPRA,1737450,Opera Ltd
OPRT,1538716,Oportun Financial Corp
OPRX,1448431,OptimizeRx Corp
OPTH,2027329,Optimi Health Corp.
OPTU,1702780,"Optimum Communications, Inc."
OPTX,1866816,"SYNTEC OPTICS HOLDINGS, INC."
OPTXW,1866816,"SYNTEC OPTICS HOLDINGS, INC."
OPXS,1397016,Optex Systems Holdings Inc
OPY,791963,OPPENHEIMER HOLDINGS INC
OR,1627272,OR Royalties Inc.
ORA,1296445,"ORMAT TECHNOLOGIES, INC."
ORBS,1892492,Eightco Holdings Inc.
ORC,1518621,"Orchid Island Capital, Inc."
ORCL,1341439,ORACLE CORP
ORGO,1661181,Organogenesis Holdings Inc.
ORI,74260,OLD REPUBLIC INTERNATIONAL CORP
ORIC,1796280,"Oric Pharmaceuticals, Inc."
ORIO,1602842,Orion Digital Corp.
ORIQ,2044523,Origin Investment Corp I
ORIQU,2044523,Origin Investment Corp I
ORIQW,2044523,Origin Investment Corp I
ORKA,907654,"Oruka Therapeutics, Inc."
ORKT,1979407,ORANGEKLOUD TECHNOLOGY INC.
ORLY,898173,O REILLY AUTOMOTIVE INC
ORMP,1176309,ORAMED PHARMACEUTICALS INC.
ORN,1402829,Orion Group Holdings Inc
ORRF,826154,ORRSTOWN FINANCIAL SERVICES INC
OSBC,357173,OLD SECOND BANCORP INC
OSCR,1568651,"Oscar Health, Inc."
OSG,874501,OCTAVE SPECIALTY GROUP INC
OSIS,1039065,OSI SYSTEMS INC
OSK,775158,OSHKOSH CORP
OSPN,1044777,OneSpan Inc.
OSPR,2113481,Osprey Acquisition Corp. III
OSPRU,2113481,Osprey Acquisition Corp. III
OSPRW,2113481,Osprey Acquisition Corp. III
OSS,1394056,"ONE STOP SYSTEMS, INC."
OST,1803407,"Ostin Technology Group Co., Ltd."
OSTX,1795091,OS Therapies Inc
OSUR,1116463,ORASURE TECHNOLOGIES INC
OSW,1758488,ONESPAWORLD HOLDINGS Ltd
OTAI,2094076,Starlink AI Acquisition Corp
OTEX,1002638,OPEN TEXT CORP
OTF,1747777,Blue Owl Technology Finance Corp.
OTGA,2077010,OTG Acquisition Corp. I
OTGAU,2077010,OTG Acquisition Corp. I
OTGAW,2077010,OTG Acquisition Corp. I
OTIS,1781335,Otis Worldwide Corp
OTLK,1649989,"Outlook Therapeutics, Inc."
OTLY,1843586,Oatly Group AB
OTTR,1466593,Otter Tail Corp
OUNZ,1546652,VanEck Merk Gold ETF
OUST,1816581,"Ouster, Inc."
OUT,1579877,OUTFRONT Media Inc.
OVBC,894671,OHIO VALLEY BANC CORP
OVID,1636651,Ovid Therapeutics Inc.
OVLY,1431567,Oak Valley Bancorp
OVV,1792580,Ovintiv Inc.
OWL,1823945,BLUE OWL CAPITAL INC.
OWLS,2025416,OBOOK HOLDINGS INC.
OWLT,1816708,"Owlet, Inc."
OXBR,1584831,OXBRIDGE RE HOLDINGS Ltd
OXBRW,1584831,OXBRIDGE RE HOLDINGS Ltd
OXLC,1495222,Oxford Lane Capital Corp.
OXLCG,1495222,Oxford Lane Capital Corp.
OXLCI,1495222,Oxford Lane Capital Corp.
OXLCL,1495222,Oxford Lane Capital Corp.
OXLCM,1495222,Oxford Lane Capital Corp.
OXLCN,1495222,Oxford Lane Capital Corp.
OXLCO,1495222,Oxford Lane Capital Corp.
OXLCZ,1495222,Oxford Lane Capital Corp.
OXM,75288,OXFORD INDUSTRIES INC
OXSQ,1259429,Oxford Square Capital Corp.
OXSQG,1259429,Oxford Square Capital Corp.
OXSQH,1259429,Oxford Square Capital Corp.
OXY,797468,OCCIDENTAL PETROLEUM CORP /DE/
OYSE,2042182,Oyster Enterprises II Acquisition Corp
OYSER,2042182,Oyster Enterprises II Acquisition Corp
OYSEU,2042182,Oyster Enterprises II Acquisition Corp
OZ,1807046,"Belpointe PREP, LLC"
OZK,1569650,Bank OZK
OZKAP,1569650,Bank OZK
P,1474432,"Everpure, Inc."
PAA,1070423,PLAINS ALL AMERICAN PIPELINE LP
PAAC,2087446,Proem Acquisition Corp. I
PAACU,2087446,Proem Acquisition Corp. I
PAACW,2087446,Proem Acquisition Corp. I
PAAI,894871,"Paradium.AI, Inc."
PAAS,771992,PAN AMERICAN SILVER CORP
PAC,1347557,Pacific Airport Group
PACB,1299130,"PACIFIC BIOSCIENCES OF CALIFORNIA, INC."
PACH,2040381,Pioneer Acquisition I Corp
PACHU,2040381,Pioneer Acquisition I Corp
PACHW,2040381,Pioneer Acquisition I Corp
PACK,1712463,Ranpak Holdings Corp.
PACS,2001184,"PACS Group, Inc."
PAG,1019849,"PENSKE AUTOMOTIVE GROUP, INC."
PAGP,1581990,PLAINS GP HOLDINGS LP
PAGS,1712807,PagSeguro Digital Ltd.
PAHC,1069899,PHIBRO ANIMAL HEALTH CORP
PAI,75398,Western Asset Investment Grade Income Fund Inc.
PAII,2069238,Pyrophyte Acquisition Corp. II
PAL,1998768,"Proficient Auto Logistics, Inc"
PALI,1357459,"PALISADE BIO, INC."
PALL,1459862,abrdn Palladium ETF Trust
PALO,2101562,PALOMA ACQUISITION CORP I
PALOU,2101562,PALOMA ACQUISITION CORP I
PALOW,2101562,PALOMA ACQUISITION CORP I
PAM,1469395,Pampa Energy Inc.
PAMT,798287,PAMT CORP
PANL,1606909,Pangaea Logistics Solutions Ltd.
PANW,1327567,Palo Alto Networks Inc
PAPL,1938109,Pineapple Financial Inc.
PAR,708821,PAR TECHNOLOGY CORP
PARA,1826011,"Banzai International, Inc."
PARAW,1826011,"Banzai International, Inc."
PARK,2069604,"Park Dental Partners, Inc."
PARR,821483,"PAR PACIFIC HOLDINGS, INC."
PASG,1787297,"Passage BIO, Inc."
PASW,1897532,"Ping An Biomedical Co., Ltd."
PATH,1734722,"UiPath, Inc."
PATK,76605,PATRICK INDUSTRIES INC
PAVM,1624326,PAVmed Inc.
PAVS,1751876,Paranovus Entertainment Technology Ltd.
PAX,1825570,Patria Investments Ltd
PAXS,1886878,PIMCO Access Income Fund
PAY,1841156,"Paymentus Holdings, Inc."
PAYC,1590955,"Paycom Software, Inc."
PAYO,1845815,Payoneer Global Inc.
PAYP,2080845,PayPay Corp
PAYS,1496443,"Paysign, Inc."
PAYX,723531,PAYCHEX INC
PB,1068851,PROSPERITY BANCSHARES INC
PBA,1546066,PEMBINA PIPELINE CORP
PBAM,1705284,"Private Bancorp of America, Inc."
PBF,1534504,PBF Energy Inc.
PBFS,1769663,"Pioneer Bancorp, Inc./MD"
PBH,1295947,Prestige Consumer Healthcare Inc.
PBHC,1609065,"Pathfinder Bancorp, Inc."
PBI,78814,PITNEY BOWES INC /DE/
PBK,2011053,POWERBANK Corp
PBLS,1657677,"Parabilis Medicines, Inc."
PBM,1985062,PSYENCE BIOMEDICAL LTD.
PBMWW,1985062,PSYENCE BIOMEDICAL LTD.
PBR,1119639,PETROBRAS - PETROLEO BRASILEIRO SA
PBT,319654,PERMIAN BASIN ROYALTY TRUST
PBYI,1401667,"PUMA BIOTECHNOLOGY, INC."
PC,1998056,Premium Catering (Holdings) Ltd
PCAP,2056634,ProCap Acquisition Corp
PCAPU,2056634,ProCap Acquisition Corp
PCAPW,2056634,ProCap Acquisition Corp
PCAR,75362,PACCAR INC
PCB,1423869,PCB BANCORP
PCF,810943,HIGH INCOME SECURITIES FUND
PCG,1004980,PG&E Corp
PCLA,2018462,PicoCELA Inc.
PCM,908187,"PCM FUND, INC."
PCN,1160990,PIMCO CORPORATE & INCOME STRATEGY FUND
PCOR,1611052,"PROCORE TECHNOLOGIES, INC."
PCQ,1140411,PIMCO CALIFORNIA MUNICIPAL INCOME FUND
PCRX,1396814,"Pacira BioSciences, Inc."
PCSA,1533743,"Processa Pharmaceuticals, Inc."
PCT,1830033,"PureCycle Technologies, Inc."
PCTTU,1830033,"PureCycle Technologies, Inc."
PCTTW,1830033,"PureCycle Technologies, Inc."
PCTY,1591698,Paylocity Holding Corp
PCVX,1649094,"Vaxcyte, Inc."
PCYO,276720,PURE CYCLE CORP
PD,1568100,"PagerDuty, Inc."
PDC,1944399,Perpetuals.com Ltd
PDCC,1998043,Pearl Diver Credit Co Inc.
PDD,1737806,PDD Holdings Inc.
PDEX,788920,PRO DEX INC
PDFS,1120914,PDF SOLUTIONS INC
PDI,1510599,PIMCO Dynamic Income Fund
PDLB,1874071,"Ponce Financial Group, Inc."
PDM,1042776,"Piedmont Realty Trust, Inc."
PDO,1798618,PIMCO Dynamic Income Opportunities Fund
PDPA,1998043,Pearl Diver Credit Co Inc.
PDS,1013605,PRECISION DRILLING Corp
PDSB,1472091,PDS Biotechnology Corp
PDT,855886,JOHN HANCOCK PREMIUM DIVIDEND FUND
PDX,1756908,PIMCO Dynamic Income Strategy Fund
PDYN,1826681,Palladyne AI Corp.
PDYNW,1826681,Palladyne AI Corp.
PEB,1474098,Pebblebrook Hotel Trust
PEBK,1093672,PEOPLES BANCORP OF NORTH CAROLINA INC
PEBO,318300,PEOPLES BANCORP INC
PECE,2088626,Peace Acquisition Corp.
PECER,2088626,Peace Acquisition Corp.
PECEU,2088626,Peace Acquisition Corp.
PECEW,2088626,Peace Acquisition Corp.
PECO,1476204,"Phillips Edison & Company, Inc."
PED,1141197,PEDEVCO CORP
PEG,788784,PUBLIC SERVICE ENTERPRISE GROUP INC
PEGA,1013857,PEGASYSTEMS INC
PEN,1321732,Penumbra Inc
PENG,1616533,"Penguin Solutions, Inc."
PENN,921738,"PENN Entertainment, Inc."
PEO,216851,"ADAMS NATURAL RESOURCES FUND, INC."
PEP,77476,PEPSICO INC
PEPG,1835597,PepGen Inc.
PERF,1899830,Perfect Corp.
PERI,1338940,Perion Network Ltd.
PESI,891532,PERMA FIX ENVIRONMENTAL SERVICES INC
PETS,1040130,PETMED EXPRESS INC
PETZ,1684425,"TDH Holdings, Inc."
PEW,2051380,GrabAGun Digital Holdings Inc.
PFAI,2032755,Pinnacle Food Group Ltd
PFBC,1492165,Preferred Bank
PFD,868578,FLAHERTY & CRUMRINE PREFERRED & INCOME FUND INC
PFE,78003,PFIZER INC
PFFL,1114446,UBS AG
PFG,1126328,PRINCIPAL FINANCIAL GROUP INC
PFGC,1618673,Performance Food Group Co
PFH,1137774,PRUDENTIAL FINANCIAL INC
PFIS,1056943,PEOPLES FINANCIAL SERVICES CORP.
PFL,1244183,PIMCO INCOME STRATEGY FUND
PFLA,1504619,PennantPark Floating Rate Capital Ltd.
PFLT,1504619,PennantPark Floating Rate Capital Ltd.
PFN,1296250,PIMCO Income Strategy Fund II
PFO,882071,Flaherty & Crumrine PREFERRED & INCOME OPPORTUNITY FUND INC
PFS,1178970,PROVIDENT FINANCIAL SERVICES INC
PFSA,1859807,"Profusa, Inc."
PFSI,1745916,"PennyMac Financial Services, Inc."
PFX,1490349,PhenixFIN Corp
PFXNZ,1490349,PhenixFIN Corp
PG,80424,PROCTER & GAMBLE Co
PGAC,2030829,PANTAGES CAPITAL ACQUISITION Corp
PGACR,2030829,PANTAGES CAPITAL ACQUISITION Corp
PGACU,2030829,PANTAGES CAPITAL ACQUISITION Corp
PGC,1050743,PEAPACK GLADSTONE FINANCIAL CORP
PGEN,1356090,"PRECIGEN, INC."
PGNY,1551306,"Progyny, Inc."
PGP,1318025,PIMCO Global StocksPLUS & Income Fund
PGR,80661,PROGRESSIVE CORP/OH/
PGY,1883085,Pagaya Technologies Ltd.
PGYWW,1883085,Pagaya Technologies Ltd.
PGZ,1557523,Principal Real Estate Income Fund
PH,76334,Parker-Hannifin Corp
PHAR,1828316,Pharming Group N.V.
PHAT,1783183,"Phathom Pharmaceuticals, Inc."
PHG,313216,KONINKLIJKE PHILIPS NV
PHI,78150,PLDT Inc.
PHIN,1968915,PHINIA INC.
PHIO,1533040,Phio Pharmaceuticals Corp.
PHK,1219360,PIMCO HIGH INCOME FUND
PHM,822416,PULTEGROUP INC/MI/
PHOE,2035709,Phoenix Asia Holdings Ltd
PHOS,1490078,First Phosphate Corp.
PHR,1412408,"Phreesia, Inc."
PHUN,1665300,"Phunware, Inc."
PHVS,1830487,Pharvaris N.V.
PHYS,1477049,Sprott Physical Gold Trust
PI,1114995,IMPINJ INC
PICS,1841644,PicS N.V.
PII,931015,Polaris Inc.
PIII,1832511,P3 Health Partners Inc.
PIIIW,1832511,P3 Health Partners Inc.
PIM,830622,FRANKLIN MASTER INTERMEDIATE INCOME TRUST
PINE,1786117,"Alpine Income Property Trust, Inc."
PINS,1506293,"PINTEREST, INC."
PIPR,1230245,PIPER SANDLER COMPANIES
PJT,1626115,PJT Partners Inc.
PK,1617406,Park Hotels & Resorts Inc.
PKBK,1315399,"PARKE BANCORP, INC."
PKE,76267,PARK AEROSPACE CORP
PKG,75677,PACKAGING CORP OF AMERICA
PKOH,76282,PARK OHIO HOLDINGS CORP
PKX,889132,POSCO HOLDINGS INC.
PL,1836833,Planet Labs PBC
PLAB,810136,PHOTRONICS INC
PLAG,1117057,Planet Green Holdings Corp.
PLAY,1525769,"Dave & Buster's Entertainment, Inc."
PLBC,1168455,PLUMAS BANCORP
PLBL,2035697,Polibeli Group Ltd
PLBY,1803914,"Playboy, Inc."
PLCE,1041859,"Childrens Place, Inc."
PLCI,2122392,Pelican Acquisition II Corp
PLCIR,2122392,Pelican Acquisition II Corp
PLCIU,2122392,Pelican Acquisition II Corp
PLD,1045609,"Prologis, Inc."
PLG,1095052,PLATINUM GROUP METALS LTD
PLGO,1636639,Pelagos Insurance Capital Ltd
PLMK,2030482,"Plum Acquisition Corp, IV"
PLMKU,2030482,"Plum Acquisition Corp, IV"
PLMKW,2030482,"Plum Acquisition Corp, IV"
PLMR,1761312,"Palomar Holdings, Inc."
PLNT,1637207,"Planet Fitness, Inc."
PLOW,1287213,"DOUGLAS DYNAMICS, INC"
PLPC,80035,PREFORMED LINE PRODUCTS CO
PLRX,1746473,"PLIANT THERAPEUTICS, INC."
PLRZ,1893645,Polyrizon Ltd.
PLSE,1625101,"PULSE BIOSCIENCES, INC."
PLSM,2064764,Pulsenmore Ltd.
PLTK,1828016,Playtika Holding Corp.
PLTM,1690842,GraniteShares Platinum Trust
PLTR,1321655,Palantir Technologies Inc.
PLTS,2053033,Platinum Analytics Cayman Ltd
PLUG,1093691,PLUG POWER INC
PLUN,2065661,Plutonian Acquisition Corp. II
PLUR,1158780,Pluri Inc.
PLUS,1022408,EPLUS INC
PLUT,1933021,Plutus Financial Group Ltd
PLX,1006281,"Protalix BioTherapeutics, Inc."
PLXS,785786,PLEXUS CORP
PLYX,2075320,"Polaryx Therapeutics, Inc."
PM,1413329,Philip Morris International Inc.
PMA,1956166,PMA Graphene Technology Group Inc.
PMAX,2012096,Powell Max Ltd
PMCB,1157075,"PharmaCyte Biotech, Inc."
PMEC,1891944,Primech Holdings Ltd
PMI,2030617,"Picard Medical, Inc."
PML,1170299,PIMCO MUNICIPAL INCOME FUND II
PMM,844790,FRANKLIN MANAGED MUNICIPAL INCOME TRUST
PMN,1374339,ProMIS Neurosciences Inc.
PMO,900422,FRANKLIN MUNICIPAL OPPORTUNITIES TRUST
PMT,1464423,PennyMac Mortgage Investment Trust
PMTR,2061473,Perimeter Acquisition Corp. I
PMTRU,2061473,Perimeter Acquisition Corp. I
PMTRW,2061473,Perimeter Acquisition Corp. I
PMTS,1641614,CPI Card Group Inc.
PMTU,1464423,PennyMac Mortgage Investment Trust
PMTV,1464423,PennyMac Mortgage Investment Trust
PMTW,1464423,PennyMac Mortgage Investment Trust
PMVP,1699382,"PMV Pharmaceuticals, Inc."
PN,2001288,PN Smart Energy Ltd
PNBK,1098146,PATRIOT NATIONAL BANCORP INC
PNC,713676,"PNC FINANCIAL SERVICES GROUP, INC."
PNFP,2082866,"Pinnacle Financial Partners, Inc."
PNI,1170311,PIMCO NEW YORK MUNICIPAL INCOME FUND II
PNNT,1383414,PENNANTPARK INVESTMENT CORP
PNR,77360,PENTAIR plc
PNRG,56868,PRIMEENERGY RESOURCES CORP
PNTG,1766400,"Pennant Group, Inc."
PNW,764622,PINNACLE WEST CAPITAL CORP
POAS,2024258,PHAOS TECHNOLOGY HOLDINGS (CAYMAN) Ltd
POCI,867840,"PRECISION OPTICS CORPORATION, INC."
PODC,1940177,"PodcastOne, Inc."
PODD,1145197,INSULET CORP
POET,1437424,POET TECHNOLOGIES INC.
POLA,1622345,"Polar Power, Inc."
POLE,2025341,Andretti Acquisition Corp. II
POLEU,2025341,Andretti Acquisition Corp. II
POLEW,2025341,Andretti Acquisition Corp. II
POM,1877971,POMDOCTOR Ltd
PONO,2108164,"Pono Capital Four, Inc."
PONOR,2108164,"Pono Capital Four, Inc."
PONOU,2108164,"Pono Capital Four, Inc."
PONY,1969302,Pony AI Inc.
POOL,945841,POOL CORP
POR,784977,PORTLAND GENERAL ELECTRIC CO /OR/
POST,1530950,"Post Holdings, Inc."
POWI,833640,POWER INTEGRATIONS INC
POWL,80420,POWELL INDUSTRIES INC
POWW,1015383,Outdoor Holding Co
POWWP,1015383,Outdoor Holding Co
PPBT,1614744,PURPLE BIOTECH LTD.
PPC,802481,PILGRIMS PRIDE CORP
PPCB,1517681,"Propanc Biopharma, Inc."
PPG,79879,PPG INDUSTRIES INC
PPHC,1903508,"Public Policy Holding Company, Inc."
PPIH,914122,"Perma-Pipe International Holdings, Inc."
PPL,922224,PPL Corp
PPLC,922224,PPL Corp
PPLI,1800227,People Inc
PPLT,1460235,abrdn Platinum ETF Trust
PPSI,1449792,"PIONEER POWER SOLUTIONS, INC."
PPT,827773,FRANKLIN PREMIER INCOME TRUST
PPTA,1526243,PERPETUA RESOURCES CORP.
PR,1658566,Permian Resources Corp
PRAA,1185348,PRA GROUP INC
PRAX,1689548,"Praxis Precision Medicines, Inc."
PRCH,1784535,"Porch Group, Inc."
PRCT,1588978,PROCEPT BioRobotics Corp
PRDO,1046568,PERDOCEO EDUCATION Corp
PRE,1876431,Prenetics Global Ltd
PRENW,1876431,Prenetics Global Ltd
PRFX,1801834,PRF Technologies Ltd.
PRG,1808834,"PROG Holdings, Inc."
PRGO,1585364,PERRIGO Co plc
PRGS,876167,PROGRESS SOFTWARE CORP /MA
PRH,1137774,PRUDENTIAL FINANCIAL INC
PRHI,1502292,"Presurance Holdings, Inc."
PRHIZ,1502292,"Presurance Holdings, Inc."
PRI,1475922,"Primerica, Inc."
PRIM,1361538,Primoris Services Corp
PRK,805676,PARK NATIONAL CORP /OH/
PRKS,1564902,United Parks & Resorts Inc.
PRLB,1443669,Proto Labs Inc
PRLD,1678660,Prelude Therapeutics Inc
PRM,1880319,"Perimeter Solutions, Inc."
PRMB,2042694,Primo Brands Corp
PRME,1894562,"Prime Medicine, Inc."
PROF,1628808,Profound Medical Corp.
PROK,1850270,PROKIDNEY CORP.
PROP,1162896,Prairie Operating Co.
PROV,1010470,PROVIDENT FINANCIAL HOLDINGS INC
PRPL,1643953,"Purple Innovation, Inc."
PRPO,1043961,"Precipio, Inc."
PRQR,1612940,ProQR Therapeutics N.V.
PRS,1137774,PRUDENTIAL FINANCIAL INC
PRSO,890394,Peraso Inc.
PRSU,884219,"Pursuit Attractions & Hospitality, Inc."
PRT,1724009,PermRock Royalty Trust
PRTA,1559053,PROTHENA CORP PUBLIC LTD CO
PRTH,1653558,"Priority Technology Holdings, Inc."
PRTS,1378950,"CarParts.com, Inc."
PRU,1137774,PRUDENTIAL FINANCIAL INC
PRVA,1759655,"Privia Health Group, Inc."
PRZO,1916241,ParaZero Technologies Ltd.
PS,2026053,PERSHING SQUARE INC.
PSA,1393311,Public Storage
PSBD,1794776,Palmer Square Capital BDC Inc.
PSEC,1287032,PROSPECT CAPITAL CORP
PSF,1498612,"Cohen & Steers Select Preferred & Income Fund, Inc."
PSFE,1833835,Paysafe Ltd
PSHG,1481241,Performance Shipping Inc.
PSIG,1997201,PS International Group Ltd.
PSIX,1137091,"POWER SOLUTIONS INTERNATIONAL, INC."
PSKY,2041610,Paramount Skydance Corp
PSLV,1494728,Sprott Physical Silver Trust
PSMT,1041803,PRICESMART INC
PSN,275880,PARSONS CORP
PSNL,1527753,"Personalis, Inc."
PSNY,1884082,Polestar Automotive Holding UK PLC
PSNYW,1884082,Polestar Automotive Holding UK PLC
PSO,938323,PEARSON PLC
PSQH,1847064,"PSQ Holdings, Inc."
PSQL,2119292,Pasqal Holding SA
PSQLW,2119292,Pasqal Holding SA
PSTL,1759774,"Postal Realty Trust, Inc."
PSUS,2002660,"Pershing Square USA, Ltd."
PSX,1534701,Phillips 66
PTA,1793882,Cohen & Steers Tax-Advantaged Preferred Securities & Income Fund
PTAC,2099095,Patriot Acquisition Corp./CI
PTACU,2099095,Patriot Acquisition Corp./CI
PTACW,2099095,Patriot Acquisition Corp./CI
PTC,857005,PTC INC.
PTCT,1070081,"PTC THERAPEUTICS, INC."
PTEN,889900,PATTERSON UTI ENERGY INC
PTGX,1377121,"Protagonist Therapeutics, Inc"
PTHS,1919246,Pelthos Therapeutics Inc.
PTLE,2016337,PTL Ltd
PTLO,1871509,Portillo's Inc.
PTN,911216,PALATIN TECHNOLOGIES INC
PTON,1639825,"PELOTON INTERACTIVE, INC."
PTOR,2093912,Praetorian Acquisition Corp.
PTORU,2093912,Praetorian Acquisition Corp.
PTORW,2093912,Praetorian Acquisition Corp.
PTRN,1811935,Pattern Group Inc.
PTY,1190935,PIMCO CORPORATE & INCOME OPPORTUNITY FUND
PUBM,1422930,"PubMatic, Inc."
PUK,1116578,PRUDENTIAL PLC
PULM,1574235,"Pulmatrix, Inc."
PUMP,1680247,ProPetro Holding Corp.
PURR,2078856,Hyperliquid Strategies Inc
PUSA,2009312,Aureus Greenway Holdings Inc
PVH,78239,PVH CORP. /DE/
PVL,1520048,Permianville Royalty Trust
PVLA,1583648,"PALVELLA THERAPEUTICS, INC."
PW,1532619,Power REIT
PWCM,1640384,"POWERCOMPUTE, INC."
PWP,1777835,Perella Weinberg Partners
PWR,1050915,"QUANTA SERVICES, INC."
PWRL,2052053,Powerlaw Corp.
PXED,1600222,"Phoenix Education Partners, Inc."
PXLW,1040161,"PIXELWORKS, INC"
PXS,1640043,Pyxis Tankers Inc.
PYPD,1611842,PolyPid Ltd.
PYPL,1633917,"PayPal Holdings, Inc."
PYT,1294808,PPLUS Trust Series GSC-2
PYXS,1782223,"Pyxis Oncology, Inc."
PZG,1629210,Paramount Gold Nevada Corp.
PZZA,901491,PAPA JOHNS INTERNATIONAL INC
Q,2058873,"Qnity Electronics, Inc."
QADR,2083217,QDRO Acquisition Corp.
QADRU,2083217,QDRO Acquisition Corp.
QADRW,2083217,QDRO Acquisition Corp.
QBTS,1907982,D-Wave Quantum Inc.
QCLS,1321834,"Q/C TECHNOLOGIES, INC."
QCOM,804328,QUALCOMM INC/DE
QCRH,906465,QCR HOLDINGS INC
QDEL,1906324,QuidelOrtho Corp
QETA,1978528,Quetta Acquisition Corp
QETAR,1978528,Quetta Acquisition Corp
QETAU,1978528,Quetta Acquisition Corp
QETH,1995569,Invesco Galaxy Ethereum ETF
QFIN,1741530,"Qfin Holdings, Inc."
QGEN,1015820,QIAGEN N.V.
QH,1781193,QUHUO Ltd
QLEP,2102155,Quantum Leap Acquisition Corp
QLYS,1107843,"QUALYS, INC."
QMCO,709283,QUANTUM CORP /DE/
QMLS,2084026,"QumulusAI, Inc."
QNBC,750558,QNB CORP.
QNC,2106613,Quantum eMotion Corp
QNCX,1662774,"Quince Therapeutics, Inc."
QNME,1996192,"Quanome Technologies, Inc."
QNRX,1671502,Quoin Pharmaceuticals Ltd.
QNST,1117297,"QUINSTREET, INC"
QNT,2110105,Quantinuum Inc.
QNTM,1771885,Quantum Biopharma Ltd.
QQQ,1067839,"INVESCO QQQ TRUST, SERIES 1"
QQQX,1608741,Nuveen NASDAQ 100 Dynamic Overwrite Fund
QRED,2085177,QuasarEdge Acquisition Corp
QRHC,1442236,Quest Resource Holding Corp
QRVO,1604778,"Qorvo, Inc."
QS,1811414,QuantumScape Corp
QSEA,2047455,Quartzsea Acquisition Corp
QSEAR,2047455,Quartzsea Acquisition Corp
QSEAU,2047455,Quartzsea Acquisition Corp
QSI,1816431,Quantum-Si Inc
QSOL,2074409,Invesco Galaxy Solana ETF
QSR,1618756,Restaurant Brands International Inc.
QTEX,1837493,QTREX Quantum Ltd.
QTI,1844505,"QT IMAGING HOLDINGS, INC."
QTRX,1503274,Quanterix Corp
QTTB,1661998,Q32 Bio Inc.
QTWO,1410384,"Q2 Holdings, Inc."
QUAD,1481792,"Quad/Graphics, Inc."
QUBT,1758009,Quantum Computing Inc.
QUCY,1874252,Quantum Cyber N.V.
QUIK,882508,QUICKLOGIC Corp
QUMS,2070900,Quantumsphere Acquisition Corp
QUMSR,2070900,Quantumsphere Acquisition Corp
QUMSU,2070900,Quantumsphere Acquisition Corp
QURE,1590560,uniQure N.V.
QVCG,1254699,"QVC Group, Inc."
QXL,797542,QUANTUM X LABS INC.
QXO,1236275,"QXO, Inc."
R,85961,RYDER SYSTEM INC
RA,1655099,Brookfield Real Assets Income Fund Inc.
RAC,2047497,Rithm Acquisition Corp.
RACC,2118032,Research Alliance Corp III
RACD,2137777,Research Alliance Corp IV
RACE,1648416,Ferrari N.V.
RADX,1949257,Radiopharm Theranostics Ltd
RAIL,1320854,"FreightCar America, Inc."
RAIN,2028293,"Rain Enhancement Technologies Holdco, Inc."
RAINW,2028293,"Rain Enhancement Technologies Holdco, Inc."
RAL,2041385,Ralliant Corp
RAMP,733269,"LiveRamp Holdings, Inc."
RAND,81955,RAND CAPITAL CORP
RANG,2035644,Range Capital Acquisition Corp.
RANGR,2035644,Range Capital Acquisition Corp.
RANGU,2035644,Range Capital Acquisition Corp.
RANI,1856725,"Rani Therapeutics Holdings, Inc."
RAPP,2012593,"Rapport Therapeutics, Inc."
RARE,1515673,Ultragenyx Pharmaceutical Inc.
RAVE,718332,"RAVE RESTAURANT GROUP, INC."
RAYA,1825875,Erayak Power Solution Group Inc.
RBA,1046102,RB GLOBAL INC.
RBB,1499422,RBB Bancorp
RBBN,1708055,Ribbon Communications Inc.
RBC,1324948,RBC Bearings INC
RBCAA,921557,REPUBLIC BANCORP INC /KY/
RBKB,1751783,"Rhinebeck Bancorp, Inc."
RBLX,1315098,Roblox Corp
RBNE,2039060,Robin Energy Ltd.
RBRK,1943896,"Rubrik, Inc."
RC,1527590,Ready Capital Corp
RCAT,748268,"Red Cat Holdings, Inc."
RCD,1527590,Ready Capital Corp
RCEL,1762303,"AVITA Medical, Inc."
RCG,919567,"RENN Fund, Inc."
RCI,733099,ROGERS COMMUNICATIONS INC
RCKT,1281895,"ROCKET PHARMACEUTICALS, INC."
RCKY,895456,"ROCKY BRANDS, INC."
RCL,884887,ROYAL CARIBBEAN CRUISES LTD
RCMT,700841,"RCM TECHNOLOGIES, INC."
RCON,1442620,"Recon Technology, Ltd"
RCS,916183,"PIMCO STRATEGIC INCOME FUND, INC."
RCT,2027360,RedCloud Holdings plc
RCUS,1724521,"Arcus Biosciences, Inc."
RDAC,2018145,Rising Dragon Acquisition Corp.
RDACR,2018145,Rising Dragon Acquisition Corp.
RDACU,2018145,Rising Dragon Acquisition Corp.
RDAG,2055459,Republic Digital Acquisition Co
RDAGU,2055459,Republic Digital Acquisition Co
RDAGW,2055459,Republic Digital Acquisition Co
RDCM,1016838,RADCOM LTD
RDDT,1713445,"Reddit, Inc."
RDGT,1856084,Ridgetech Inc.
RDHL,1553846,RedHill Biopharma Ltd.
RDI,716634,READING INTERNATIONAL INC
RDIB,716634,READING INTERNATIONAL INC
RDN,890926,RADIAN GROUP INC
RDNT,790526,"RadNet, Inc."
RDNW,1596961,"RideNow Group, Inc."
RDVT,1720116,"Red Violet, Inc."
RDW,1819810,Redwire Corp
RDWR,1094366,RADWARE LTD
RDY,1135951,DR REDDYS LABORATORIES LTD
RDZN,1868640,Roadzen Inc.
RDZNW,1868640,Roadzen Inc.
REA,2095743,"Rare Earths Americas, Inc."
REAL,1573221,"TheRealReal, Inc."
REAX,2136387,Real REMAX Group Inc.
REBN,1707910,"Reborn Coffee, Inc."
RECT,1995116,Rectitude Holdings Ltd.
REED,1140215,"REED'S, INC."
REF,1787117,Reformation Inc.
REFI,1867949,"Chicago Atlantic Real Estate Finance, Inc."
REFR,793524,RESEARCH FRONTIERS INC
REG,910606,REGENCY CENTERS CORP
REGCO,910606,REGENCY CENTERS CORP
REGCP,910606,REGENCY CENTERS CORP
REGN,872589,"REGENERON PHARMACEUTICALS, INC."
REI,1384195,"RING ENERGY, INC."
REKR,1697851,"Rekor Systems, Inc."
RELL,355948,"RICHARDSON ELECTRONICS, LTD."
RELX,929869,RELX PLC
RELY,1782170,"Remitly Global, Inc."
RENT,1468327,"Rent the Runway, Inc."
RENX,1959023,RenX Enterprises Corp.
REPL,1737953,"Replimune Group, Inc."
REPX,1001614,"Riley Exploration Permian, Inc."
RERE,1838957,ATRenew Inc.
RES,742278,RPC INC
RETO,1687277,"ReTo Eco-Solutions, Inc."
REVB,1810560,"REVELATION BIOSCIENCES, INC."
REX,744187,REX AMERICAN RESOURCES Corp
REXR,1571283,"Rexford Industrial Realty, Inc."
REYN,1786431,Reynolds Consumer Products Inc.
REZI,1740332,"RESIDEO TECHNOLOGIES, INC."
RF,1281761,REGIONS FINANCIAL CORP
RFAI,2012807,RF Acquisition Corp II
RFAIR,2012807,RF Acquisition Corp II
RFAIU,2012807,RF Acquisition Corp II
RFAM,2091712,RF Acquisition Corp III
RFAMR,2091712,RF Acquisition Corp III
RFAMU,2091712,RF Acquisition Corp III
RFI,891290,COHEN & STEERS TOTAL RETURN REALTY FUND INC
RFIL,740664,R F INDUSTRIES LTD
RFL,1713863,"Rafael Holdings, Inc."
RFM,1790177,"RiverNorth Flexible Municipal Income Fund, Inc."
RFMZ,1817159,"RiverNorth Flexible Municipal Income Fund II, Inc."
RGA,898174,REINSURANCE GROUP OF AMERICA INC
RGC,1829667,Regencell Bioscience Holdings Ltd
RGCO,1069533,RGC RESOURCES INC
RGEN,730272,REPLIGEN CORP
RGLD,85535,ROYAL GOLD INC
RGNT,1912966,REGENTIS BIOMATERIALS LTD.
RGNX,1590877,REGENXBIO Inc.
RGP,1084765,"RESOURCES CONNECTION, INC."
RGR,95029,STURM RUGER & CO INC
RGS,716643,REGIS CORP
RGT,1514490,"ROYCE GLOBAL TRUST, INC."
RGTI,1838359,"Rigetti Computing, Inc."
RGTIW,1838359,"Rigetti Computing, Inc."
RH,1528849,RH
RHI,315213,ROBERT HALF INC.
RHLD,2039497,"Resolute Holdings Management, Inc."
RHP,1040829,"Ryman Hospitality Properties, Inc."
RIBB,2035016,Ribbon Acquisition Corp.
RIBBR,2035016,Ribbon Acquisition Corp.
RIBBU,2035016,Ribbon Acquisition Corp.
RICK,935419,"RCI HOSPITALITY HOLDINGS, INC."
RIG,1451505,Transocean Ltd.
RIGL,1034842,RIGEL PHARMACEUTICALS INC
RILY,1464790,"BRC Group Holdings, Inc."
RILYG,1464790,"BRC Group Holdings, Inc."
RILYL,1464790,"BRC Group Holdings, Inc."
RILYN,1464790,"BRC Group Holdings, Inc."
RILYP,1464790,"BRC Group Holdings, Inc."
RILYT,1464790,"BRC Group Holdings, Inc."
RILYZ,1464790,"BRC Group Holdings, Inc."
RIME,923601,"Algorhythm Holdings, Inc."
RIO,863064,RIO TINTO PLC
RIOT,1167419,"Riot Platforms, Inc."
RITM,1556593,Rithm Capital Corp.
RITR,1951229,Reitar Logtech Holdings Ltd
RIV,1501072,"RIVERNORTH OPPORTUNITIES FUND, INC."
RIVN,1874178,"Rivian Automotive, Inc. / DE"
RJET,810332,REPUBLIC AIRWAYS HOLDINGS INC.
RJF,720005,RAYMOND JAMES FINANCIAL INC
RKDA,1469443,"Arcadia Biosciences, Inc."
RKLB,1819994,Rocket Lab Corp
RKT,1805284,"Rocket Companies, Inc."
RKTO,1711786,Rocket One Inc.
RL,1037038,RALPH LAUREN CORP
RLAY,1812364,"Relay Therapeutics, Inc."
RLGT,1171155,"RADIANT LOGISTICS, INC"
RLI,84246,RLI CORP
RLJ,1511337,RLJ Lodging Trust
RLMD,1553643,"RELMADA THERAPEUTICS, INC."
RLTY,1866874,Cohen & Steers Real Estate Opportunities & Income Fund
RLX,1828365,RLX Technology Inc.
RLYB,1739410,Rallybio Corp
RM,1519401,Regional Management Corp.
RMBI,1767837,"Richmond Mutual Bancorporation, Inc."
RMBS,917273,RAMBUS INC
RMCF,1616262,"Rocky Mountain Chocolate Factory, Inc."
RMCO,1843656,Royalty Management Holding Corp
RMCOW,1843656,Royalty Management Holding Corp
RMD,943819,RESMED INC
RMI,1746967,"RiverNorth Opportunistic Municipal Income Fund, Inc."
RMIX,2094433,"Suncrete, Inc."
RML,2102907,Resolution Minerals Ltd
RMM,1771226,"RiverNorth Managed Duration Municipal Income Fund, Inc."
RMMZ,1870833,"RiverNorth Managed Duration Municipal Income Fund II, Inc."
RMNI,1635282,"Rimini Street, Inc."
RMR,1644378,RMR GROUP INC.
RMSG,1983324,Real Messenger Corp
RMSGW,1983324,Real Messenger Corp
RMT,912147,"ROYCE MICRO-CAP TRUST, INC."
RMTI,1041024,"ROCKWELL MEDICAL, INC."
RNA,2093101,"Atrium Therapeutics, Inc."
RNAC,1453687,"Cartesian Therapeutics, Inc."
RNAQU,2147219,Rainier Acquisition Corp
RNAZ,1829635,"Transcode Therapeutics, Inc."
RNG,1384905,"RingCentral, Inc."
RNGR,1699039,"Ranger Energy Services, Inc."
RNGT,2078653,Range Capital Acquisition Corp II
RNGTU,2078653,Range Capital Acquisition Corp II
RNGTW,2078653,Range Capital Acquisition Corp II
RNP,1224450,COHEN & STEERS REIT & PREFERRED & INCOME FUND INC
RNR,913144,RENAISSANCERE HOLDINGS LTD
RNST,715072,RENASANT CORP
RNTX,1420565,"Rein Therapeutics, Inc."
RNW,1848763,ReNew Energy Global plc
RNXT,1574094,"RenovoRx, Inc."
ROAD,1718227,"Construction Partners, Inc."
ROC,2077709,Rank One Computing Corp
ROCK,912562,"GIBRALTAR INDUSTRIES, INC."
ROG,84748,ROGERS CORP
ROIV,1635088,Roivant Sciences Ltd.
ROK,1024478,"ROCKWELL AUTOMATION, INC"
ROKU,1428439,"ROKU, INC"
ROL,84839,ROLLINS INC
ROLR,1947210,"High Roller Technologies, Inc."
ROMA,1945240,Roma Green Finance Ltd
ROOT,1788882,"Root, Inc."
ROP,882835,ROPER TECHNOLOGIES INC
ROST,745732,"ROSS STORES, INC."
RPAY,1720592,Repay Holdings Corp
RPC,1841968,"Ridgepost Capital, Inc."
RPD,1560327,"Rapid7, Inc."
RPGL,1912884,Republic Power Group Ltd
RPID,1380106,"RAPID MICRO BIOSYSTEMS, INC."
RPM,110621,RPM INTERNATIONAL INC/DE/
RPRX,1802768,Royalty Pharma plc
RPT,1614806,Rithm Property Trust Inc.
RQI,1157842,COHEN & STEERS QUALITY INCOME REALTY FUND INC
RR,1963685,RICHTECH ROBOTICS INC.
RRBI,1071236,RED RIVER BANCSHARES INC
RRC,315852,RANGE RESOURCES CORP
RREV,2123969,RRE Ventures Acquisition Corp.
RREVU,2123969,RRE Ventures Acquisition Corp.
RREVW,2123969,RRE Ventures Acquisition Corp.
RRGB,1171759,RED ROBIN GOURMET BURGERS INC
RRR,1653653,"Red Rock Resorts, Inc."
RRX,82811,REGAL REXNORD CORP
RS,861884,"RELIANCE, INC."
RSF,1644771,"RiverNorth Capital & Income Fund, Inc."
RSG,1060391,"REPUBLIC SERVICES, INC."
RSI,1793659,"Rush Street Interactive, Inc."
RSKD,1851112,RISKIFIED LTD.
RSSS,1386301,"Research Solutions, Inc."
RSVR,1824403,"Reservoir Media, Inc."
RTAC,2035173,Renatus Tactical Acquisition Corp I
RTACU,2035173,Renatus Tactical Acquisition Corp I
RTACW,2035173,Renatus Tactical Acquisition Corp I
RTB,1419275,"RTB Digital, Inc."
RTO,930157,RENTOKIL INITIAL PLC /FI
RTX,101829,RTX Corp
RUBI,1943421,Rubico Inc.
RUM,1830081,RUM Group Inc.
RUMBW,1830081,RUM Group Inc.
RUN,1469367,Sunrun Inc.
RUSHA,1012019,RUSH ENTERPRISES INC \TX\
RUSHB,1012019,RUSH ENTERPRISES INC \TX\
RVI,2085091,Robinhood Ventures Fund I
RVII,2131040,Robinhood Ventures Fund II
RVLV,1746618,"Revolve Group, Inc."
RVMD,1628171,"Revolution Medicines, Inc."
RVMDW,1628171,"Revolution Medicines, Inc."
RVP,946563,RETRACTABLE TECHNOLOGIES INC
RVSB,1041368,RIVERVIEW BANCORP INC
RVSN,1743905,Rail Vision Ltd.
RVSNW,1743905,Rail Vision Ltd.
RVT,804116,"ROYCE SMALL-CAP TRUST, INC."
RVTY,31791,"REVVITY, INC."
RWAY,1653384,Runway Growth Finance Corp.
RWAYI,1653384,Runway Growth Finance Corp.
RWAYL,1653384,Runway Growth Finance Corp.
RWT,930236,REDWOOD TRUST INC
RWTN,930236,REDWOOD TRUST INC
RWTO,930236,REDWOOD TRUST INC
RWTP,930236,REDWOOD TRUST INC
RWTQ,930236,REDWOOD TRUST INC
RWTS,930236,REDWOOD TRUST INC
RXO,1929561,"RXO, Inc."
RXRX,1601830,"RECURSION PHARMACEUTICALS, INC."
RXST,1111485,"RxSight, Inc."
RXT,1810019,"Rackspace Technology, Inc."
RY,1000275,ROYAL BANK OF CANADA
RYAAY,1038683,RYANAIR HOLDINGS PLC
RYAM,1597672,RAYONIER ADVANCED MATERIALS INC.
RYAN,1849253,"RYAN SPECIALTY HOLDINGS, INC."
RYDE,1971115,Ryde Group Ltd
RYET,1873454,Ruanyun Edai Technology Inc.
RYM,1800637,"RYTHM, Inc."
RYN,52827,RAYONIER INC
RYOJ,2012600,"rYojbaba Co., Ltd."
RYTM,1649904,"RHYTHM PHARMACEUTICALS, INC."
RYZ,1481582,Ryerson Holding Corp
RZC,898174,REINSURANCE GROUP OF AMERICA INC
RZLT,1509261,"Rezolute, Inc."
RZLV,1920294,REZOLVE AI PLC
RZLVW,1920294,REZOLVE AI PLC
S,1583708,"SentinelOne, Inc."
SA,1231346,SEABRIDGE GOLD INC
SAAQ,2091222,Space Asset Acquisition Corp.
SAAQU,2091222,Space Asset Acquisition Corp.
SAAQW,2091222,Space Asset Acquisition Corp.
SABA,828803,Saba Capital Income & Opportunities Fund II
SABR,1597033,Sabre Corp
SABS,1833214,"SAB Biotherapeutics, Inc."
SABSW,1833214,"SAB Biotherapeutics, Inc."
SAC,2082844,Safeguard Acquisition Corp.
SACH,1682220,Sachem Capital Corp.
SAFE,1095651,Safehold Inc.
SAFT,1172052,SAFETY INSURANCE GROUP INC
SAFX,2019793,"XCF Global, Inc."
SAGT,2029138,SAGTEC GLOBAL Ltd
SAGU,2083452,Shreya Acquisition Group
SAH,1043509,SONIC AUTOMOTIVE INC
SAIA,1177702,SAIA INC
SAIC,1571123,Science Applications International Corp
SAIH,1847075,SAIHEAT Ltd
SAIHW,1847075,SAIHEAT Ltd
SAIL,2030781,"SailPoint, Inc."
SAJ,1377936,SARATOGA INVESTMENT CORP.
SAM,949870,BOSTON BEER CO INC
SAMG,1549966,Silvercrest Asset Management Group Inc.
SAMO,2125567,Samos Energy Acquisition Corp
SAN,891478,"Banco Santander, S.A."
SANA,1770121,"Sana Biotechnology, Inc."
SANG,1753368,Sangoma Technologies Corp
SANM,897723,SANMINA CORP
SAP,1000184,SAP SE
SAR,1377936,SARATOGA INVESTMENT CORP.
SARO,2025410,"StandardAero, Inc."
SAT,1377936,SARATOGA INVESTMENT CORP.
SATA,1920406,"Strive, Inc."
SATL,1874315,Satellogic Inc.
SATLW,1874315,Satellogic Inc.
SAV,1377936,SARATOGA INVESTMENT CORP.
SAX,1377936,SARATOGA INVESTMENT CORP.
SAY,1377936,SARATOGA INVESTMENT CORP.
SAZ,1377936,SARATOGA INVESTMENT CORP.
SB,1434754,"SAFE BULKERS, INC."
SBAC,1034054,SBA COMMUNICATIONS CORP
SBC,1930313,SBC Medical Group Holdings Inc
SBCF,730708,SEACOAST BANKING CORP OF FLORIDA
SBCWW,1930313,SBC Medical Group Holdings Inc
SBET,1981535,"Sharplink, Inc."
SBFG,767405,"SB FINANCIAL GROUP, INC."
SBFM,1402328,Sunshine Biopharma Inc.
SBFMW,1402328,Sunshine Biopharma Inc.
SBGI,1971213,"Sinclair, Inc."
SBH,1368458,"Sally Beauty Holdings, Inc."
SBI,882300,WESTERN ASSET INTERMEDIATE MUNI FUND INC.
SBLK,1386716,Star Bulk Carriers Corp.
SBMT,2067674,SILVER BOW MINING CORP.
SBR,710752,SABINE ROYALTY TRUST
SBRA,1492298,"Sabra Health Care REIT, Inc."
SBS,1170858,COMPANHIA DE SANEAMENTO BASICO DO ESTADO DE SAO PAULO-SABESP
SBSI,705432,SOUTHSIDE BANCSHARES INC
SBSW,1786909,Sibanye Stillwater Ltd
SBUX,829224,STARBUCKS CORP
SBXD,2015947,SilverBox Corp IV
SBXE,2081909,SilverBox Corp V
SCAG,2000366,Scage Future
SCAGW,2000366,Scage Future
SCATU,2133239,Southern Cross Acquisition II Corp.
SCCD,1682220,Sachem Capital Corp.
SCCE,1682220,Sachem Capital Corp.
SCCF,1682220,Sachem Capital Corp.
SCCG,1682220,Sachem Capital Corp.
SCCO,1001838,SOUTHERN COPPER CORP/
SCD,1270131,LMP CAPITAL & INCOME FUND INC.
SCHL,866729,SCHOLASTIC CORP
SCHW,316709,SCHWAB CHARLES CORP
SCI,89089,SERVICE CORP INTERNATIONAL
SCII,2076739,SC II Acquisition Corp.
SCIIR,2076739,SC II Acquisition Corp.
SCIIU,2076739,SC II Acquisition Corp.
SCKT,944075,"SOCKET MOBILE, INC."
SCL,94049,STEPAN CO
SCLX,1820190,Scilex Holding Co
SCLXW,1820190,Scilex Holding Co
SCM,1551901,Stellus Capital Investment Corp
SCNI,1611747,Scinai Immunotherapeutics Ltd.
SCNX,1382574,"Scienture Holdings, Inc."
SCO,1415311,ProShares Trust II
SCOP,2108383,Sprott Physical Copper Trust
SCOR,1158172,"COMSCORE, INC."
SCPQ,2083143,Social Commerce Partners Corp
SCPQU,2083143,Social Commerce Partners Corp
SCPQW,2083143,Social Commerce Partners Corp
SCSC,918965,"SCANSOURCE, INC."
SCTX,1853921,"Scribe Therapeutics, Inc."
SCWO,933972,374Water Inc.
SCYX,1178253,SCYNEXIS INC
SCZM,1548536,Santacruz Silver Mining Ltd.
SD,1349436,SANDRIDGE ENERGY INC
SDA,1936804,SunCar Technology Group Inc.
SDAWW,1936804,SunCar Technology Group Inc.
SDEV,1389545,Stablecoin Development Corp
SDGR,1490978,"Schrodinger, Inc."
SDHC,1982518,Smith Douglas Homes Corp.
SDHI,2034037,Siddhi Acquisition Corp (Cayman Islands)
SDHIR,2034037,Siddhi Acquisition Corp (Cayman Islands)
SDHIU,2034037,Siddhi Acquisition Corp (Cayman Islands)
SDHY,1812923,PGIM Short Duration High Yield Opportunities Fund
SDOT,1701756,Sadot Group Inc.
SDRL,1737706,SEADRILL Ltd
SDST,1831979,Stardust Power Inc.
SDSTW,1831979,Stardust Power Inc.
SE,1703399,Sea Ltd
SEAT,1856031,Vivid Seats Inc.
SEATW,1856031,Vivid Seats Inc.
SEB,88121,SEABOARD CORP /DE/
SECZ,2094496,Securitize Corp.
SEDG,1419612,"SOLAREDGE TECHNOLOGIES, INC."
SEED,1321851,Origin Agritech LTD
SEER,1726445,"Seer, Inc."
SEG,2009684,Seaport Entertainment Group Inc.
SEGG,1673481,Sports Entertainment Gaming Global Corp
SEI,1697500,"Solaris Energy Infrastructure, Inc."
SEIC,350894,SEI INVESTMENTS CO
SELF,1031235,"Global Self Storage, Inc."
SENEA,88948,Seneca Foods Corp
SENEB,88948,Seneca Foods Corp
SENS,1616543,"Senseonics Holdings, Inc."
SEPN,1984086,"Septerna, Inc."
SER,1708599,"Serina Therapeutics, Inc."
SERA,1534969,"SERA PROGNOSTICS, INC."
SERV,1832483,Serve Robotics Inc. /DE/
SES,1819142,SES AI Corp
SEV,1786471,Aptera Motors Corp
SEVN,1452477,Seven Hills Realty Trust
SEZL,1662991,Sezzle Inc.
SF,720672,STIFEL FINANCIAL CORP
SFB,720672,STIFEL FINANCIAL CORP
SFBC,1541119,"Sound Financial Bancorp, Inc."
SFBS,1430723,"ServisFirst Bancshares, Inc."
SFD,91388,SMITHFIELD FOODS INC
SFHG,1926792,SAMFINE CREATION HOLDINGS GROUP Ltd
SFIX,1576942,"Stitch Fix, Inc."
SFL,1289877,SFL Corp Ltd.
SFM,1575515,"Sprouts Farmers Market, Inc."
SFNC,90498,SIMMONS FIRST NATIONAL CORP
SFST,1090009,SOUTHERN FIRST BANCSHARES INC
SFWL,1863218,SHENGFENG DEVELOPMENT Ltd
SG,1477815,"Sweetgreen, Inc."
SGA,886136,SAGA COMMUNICATIONS INC
SGC,95574,"SUPERIOR GROUP OF COMPANIES, INC."
SGHC,1878057,Super Group (SGHC) Ltd
SGHT,1531177,"Sight Sciences, Inc."
SGI,1206264,SOMNIGROUP INTERNATIONAL INC.
SGLD,1467093,Scorpio Gold Corp
SGLY,1422892,Singularity Future Technology Ltd.
SGML,1848309,Sigma Lithium Corp
SGMT,1400118,Sagimet Biosciences Inc.
SGOL,1450923,abrdn Gold ETF Trust
SGP,1778922,"SpyGlass Pharma, Inc."
SGRX,1735556,SANGRIX INC.
SGRY,1638833,"Surgery Partners, Inc."
SGU,1002590,"STAR GROUP, L.P."
SHAK,1620533,Shake Shack Inc.
SHAZ,2068385,SharonAI Holdings Inc.
SHBI,1035092,SHORE BANCSHARES INC
SHC,1822479,Sotera Health Co
SHEL,1306965,Shell plc
SHEN,354963,SHENANDOAH TELECOMMUNICATIONS CO/VA/
SHFS,1854963,"SHF Holdings, Inc."
SHFSW,1854963,"SHF Holdings, Inc."
SHG,1263043,SHINHAN FINANCIAL GROUP CO LTD
SHIM,1887944,Shimmick Corp
SHIP,1448397,Seanergy Maritime Holdings Corp.
SHLS,1831651,"Shoals Technologies Group, Inc."
SHMD,1987240,SCHMID Group N.V.
SHMDW,1987240,SCHMID Group N.V.
SHNY,927971,BANK OF MONTREAL /CAN/
SHO,1295810,"Sunstone Hotel Investors, Inc."
SHOE,895447,SHOE STATION GROUP INC
SHOO,913241,"STEVEN MADDEN, LTD."
SHOP,1594805,SHOPIFY INC.
SHOT,2104879,RMG ML Sports Holdings
SHOTR,2104879,RMG ML Sports Holdings
SHOTU,2104879,RMG ML Sports Holdings
SHPH,1757499,"Shuttle Pharmaceuticals Holdings, Inc."
SHW,89800,SHERWIN WILLIAMS CO
SI,1699350,"SHOULDER INNOVATIONS, INC."
SIBN,1459839,"SI-BONE, Inc."
SID,1049659,NATIONAL STEEL CO
SIDU,1879726,Sidus Space Inc.
SIEB,65596,SIEBERT FINANCIAL CORP
SIF,90168,SIFCO INDUSTRIES INC
SIFY,1094324,SIFY TECHNOLOGIES LTD
SIG,832988,SIGNET JEWELERS LTD
SIGA,1010086,SIGA TECHNOLOGIES INC
SIGI,230557,SELECTIVE INSURANCE GROUP INC
SIGIP,230557,SELECTIVE INSURANCE GROUP INC
SII,1512920,SPROTT INC.
SILC,916793,SILICOM LTD.
SILO,1514183,"Silo Pharma, Inc."
SIM,887153,"GRUPO SIMEC, S.A.B. de C.V."
SIMA,2014982,SIM Acquisition Corp. I
SIMAU,2014982,SIM Acquisition Corp. I
SIMAW,2014982,SIM Acquisition Corp. I
SIMO,1329394,Silicon Motion Technology CORP
SIND,2096861,Sinda Ltd.
SINT,1269026,"Sintx Technologies, Inc."
SION,2036042,"Sionna Therapeutics, Inc."
SIRI,908937,SIRIUS XM HOLDINGS INC.
SITC,894315,SITE Centers Corp.
SITE,1650729,"SiteOne Landscape Supply, Inc."
SITM,1451809,SITIME Corp
SIVR,1450922,abrdn Silver ETF Trust
SJ,1753673,Scienjoy Holding Corp
SJM,91419,J M SMUCKER Co
SJT,319655,SAN JUAN BASIN ROYALTY TRUST
SKE,1713748,Skeena Resources Ltd
SKHY,2120882,SK hynix Inc.
SKIL,1774675,Skillsoft Corp.
SKIN,1818093,SkinHealth Systems Inc.
SKK,1991261,SKK Holdings Ltd
SKM,1015650,SK TELECOM CO LTD
SKT,899715,TANGER INC.
SKWD,1519449,"Skyward Specialty Insurance Group, Inc."
SKY,90896,"Champion Homes, Inc."
SKYA,1737995,"SkyAI, Inc."
SKYAW,1737995,"SkyAI, Inc."
SKYE,1516551,"Skye Bioscience, Inc."
SKYH,1823587,Sky Harbour Group Corp
SKYQ,1812447,Sky Quarry Inc.
SKYW,793733,SKYWEST INC
SKYX,1598981,SKYX Platforms Corp.
SLAB,1038074,SILICON LABORATORIES INC.
SLB,87347,SLB LIMITED/NV
SLBT,2070534,SL Science Holding Ltd
SLDB,1707502,Solid Biosciences Inc.
SLDE,1886428,"Slide Insurance Holdings, Inc."
SLDP,1844862,"Solid Power, Inc."
SLDPW,1844862,"Solid Power, Inc."
SLE,1621672,"Super League Enterprise, Inc."
SLF,1097362,SUN LIFE FINANCIAL INC
SLG,1040971,SL GREEN REALTY CORP
SLGB,1987189,Smart Logistics Global Ltd
SLGL,1684693,Sol-Gel Technologies Ltd.
SLGN,849869,SILGAN HOLDINGS INC
SLI,1537137,STANDARD LITHIUM LTD.
SLM,1032033,SLM Corp
SLMBP,1032033,SLM Corp
SLMT,1939965,Brera Holdings PLC
SLN,1479615,Silence Therapeutics plc
SLND,1883814,"Southland Holdings, Inc."
SLNG,1043186,"Stabilis Solutions, Inc."
SLNH,64463,"Soluna Holdings, Inc"
SLNHP,64463,"Soluna Holdings, Inc"
SLP,1023459,"Simulations Plus, Inc."
SLQT,1794783,"SelectQuote, Inc."
SLRC,1418076,SLR Investment Corp.
SLS,1390478,"SELLAS Life Sciences Group, Inc."
SLSN,883107,"SOLESENCE, INC."
SLSR,2019103,Solaris Resources Inc.
SLV,1330568,iShares Silver Trust
SLVM,1856485,Sylvamo Corp
SLVO,1053092,CREDIT SUISSE AG
SLXN,2022416,Silexion Therapeutics Corp
SLXNW,2022416,Silexion Therapeutics Corp
SM,893538,SM Energy Co
SMA,1585389,"SmartStop Self Storage REIT, Inc."
SMBC,916907,"SOUTHERN MISSOURI BANCORP, INC."
SMBK,1038773,SMARTFINANCIAL INC.
SMC,2024218,Summit Midstream Corp
SMCI,1375365,"Super Micro Computer, Inc."
SMCIP,1375365,"Super Micro Computer, Inc."
SMFG,1022837,"SUMITOMO MITSUI FINANCIAL GROUP, INC."
SMG,825542,SCOTTS MIRACLE-GRO CO
SMHB,1114446,UBS AG
SMHD,927971,BANK OF MONTREAL /CAN/
SMHI,1690334,SEACOR Marine Holdings Inc.
SMHU,927971,BANK OF MONTREAL /CAN/
SMID,924719,SMITH MIDLAND CORP
SMJF,2070954,SMJ International Holdings Inc.
SMMT,1599298,Summit Therapeutics Inc.
SMP,93389,"STANDARD MOTOR PRODUCTS, INC."
SMPL,1702744,Simply Good Foods Co
SMR,1822966,NUSCALE POWER Corp
SMRT,1837014,"SmartRent, Inc."
SMSI,948708,"SMITH MICRO SOFTWARE, INC."
SMTC,88941,SEMTECH CORP
SMTI,714256,Sanara MedTech Inc.
SMTK,1817760,"SmartKem, Inc."
SMWB,1842731,SIMILARWEB LTD.
SMX,1940674,SMX (Security Matters) Public Ltd Co
SMXT,1519472,"SolarMax Technology, Inc."
SMXWW,1940674,SMX (Security Matters) Public Ltd Co
SN,1957132,"SharkNinja, Inc."
SNA,91440,Snap-on Inc
SNAL,1886894,"Snail, Inc."
SNAP,1564408,Snap Inc
SND,1529628,"Smart Sand, Inc."
SNDA,1043000,"SONIDA SENIOR LIVING, INC."
SNDK,2023554,Sandisk Corp
SNDL,1766600,SNDL Inc.
SNDR,1692063,"Schneider National, Inc."
SNDX,1395937,Syndax Pharmaceuticals Inc
SNES,1680378,"SenesTech, Inc."
SNEX,913760,StoneX Group Inc.
SNFCA,318673,SECURITY NATIONAL FINANCIAL CORP
SNGX,812796,"SOLIGENIX, INC."
SNN,845982,SMITH & NEPHEW PLC
SNOA,1367083,"Sonoma Pharmaceuticals, Inc."
SNOW,1640147,Snowflake Inc.
SNPS,883241,SYNOPSYS INC
SNSC,2101240,SunScout Holding Ltd
SNT,1993727,Senstar Technologies Corp
SNTG,1810467,Sentage Holdings Inc.
SNTI,1854270,"Senti Biosciences Holdings, Inc."
SNWV,1417663,"SANUWAVE Health, Inc."
SNX,1177394,TD SYNNEX CORP
SNY,1121404,Sanofi
SNYR,1562733,Synergy CHC Corp.
SO,92122,SOUTHERN CO
SOAR,1853070,"Volato Group, Inc."
SOBO,2019061,South Bow Corp
SOBR,1425627,"SOBR Safe, Inc."
SOC,1831481,Sable Offshore Corp.
SOCA,2065948,Solarius Capital Acquisition Corp.
SOCAU,2065948,Solarius Capital Acquisition Corp.
SOCAW,2065948,Solarius Capital Acquisition Corp.
SOEZ,2057388,Franklin Solana Trust
SOFI,1818874,"SoFi Technologies, Inc."
SOGP,1783407,Sound Group Inc.
SOHU,1734107,Sohu.com Ltd
SOJC,92122,SOUTHERN CO
SOJD,92122,SOUTHERN CO
SOJE,92122,SOUTHERN CO
SOJF,92122,SOUTHERN CO
SOLC,2041869,Canary Marinade Solana ETF
SOLS,2064953,Solstice Advanced Materials Inc.
SOLV,1964738,Solventum Corp
SOMN,92122,SOUTHERN CO
SON,91767,SONOCO PRODUCTS CO
SONM,1178697,"DNA X, Inc."
SONO,1314727,Sonos Inc
SONY,313838,Sony Group Corp
SOPH,1840706,SOPHiA GENETICS SA
SOR,91847,SOURCE CAPITAL /DE/
SORA,2033515,AsiaStrategy
SORN,2086263,Soren Acquisition Corp.
SORNU,2086263,Soren Acquisition Corp.
SORNW,2086263,Soren Acquisition Corp.
SOS,1346610,SOS Ltd
SOTK,806172,SONO TEK CORP
SOUL,2025608,Soulpower Acquisition Corp.
SOUN,1840856,"SOUNDHOUND AI, INC."
SOUNW,1840856,"SOUNDHOUND AI, INC."
SOWG,1490161,Sow Good Inc.
SOYB,1471824,Teucrium Commodity Trust
SPAI,2011208,Safe Pro Group Inc.
SPB,109177,"Spectrum Brands Holdings, Inc."
SPCB,1291855,SuperCom Ltd
SPCE,1706946,"Virgin Galactic Holdings, Inc"
SPCX,1181412,SPACE EXPLORATION TECHNOLOGIES CORP
SPE,897802,"SPECIAL OPPORTUNITIES FUND, INC."
SPEG,2028735,Silver Pegasus Acquisition Corp.
SPEGR,2028735,Silver Pegasus Acquisition Corp.
SPEGU,2028735,Silver Pegasus Acquisition Corp.
SPFI,1163668,"SOUTH PLAINS FINANCIAL, INC."
SPG,1063761,SIMON PROPERTY GROUP INC.
SPGI,64040,S&P Global Inc.
SPH,1005210,SUBURBAN PROPANE PARTNERS LP
SPHL,2002236,SPRINGVIEW HOLDINGS LTD
SPHR,1795250,Sphere Entertainment Co.
SPIR,1816017,"Spire Global, Inc."
SPKL,1884046,Spark I Acquisition Corp
SPKLU,1884046,Spark I Acquisition Corp
SPKLW,1884046,Spark I Acquisition Corp
SPMA,1930147,"Sound Point Meridian Capital, Inc."
SPMC,1930147,"Sound Point Meridian Capital, Inc."
SPME,1930147,"Sound Point Meridian Capital, Inc."
SPNT,1576018,SiriusPoint Ltd
SPOK,1289945,"Spok Holdings, Inc"
SPOT,1639920,Spotify Technology S.A.
SPPL,1948697,SIMPPLE LTD.
SPPP,1539190,SPROTT PHYSICAL PLATINUM & PALLADIUM TRUST
SPRB,1683553,"SPRUCE BIOSCIENCES, INC."
SPRC,1611746,SciSparc Ltd.
SPRO,1701108,"Spero Therapeutics, Inc."
SPRU,1772720,SPRUCE POWER HOLDING CORP
SPRY,1671858,"ARS Pharmaceuticals, Inc."
SPSC,1092699,SPS COMMERCE INC
SPT,1517375,"Sprout Social, Inc."
SPTX,2042347,"Seaport Therapeutics, Inc."
SPWH,1132105,"SPORTSMAN'S WAREHOUSE HOLDINGS, INC."
SPWR,1838987,SunPower Inc.
SPWRW,1838987,SunPower Inc.
SPXC,88205,"SPX Technologies, Inc."
SPXX,1338561,Nuveen S&P 500 Dynamic Overwrite Fund
SPY,884394,SPDR S&P 500 ETF TRUST
SPYU,927971,BANK OF MONTREAL /CAN/
SQFT,1080657,"Presidio Property Trust, Inc."
SQFTP,1080657,"Presidio Property Trust, Inc."
SQFTW,1080657,"Presidio Property Trust, Inc."
SQM,909037,CHEMICAL & MINING CO OF CHILE INC
SQNS,1383395,SEQUANS COMMUNICATIONS
SR,1126956,SPIRE INC
SRAD,1836470,Sportradar Group AG
SRBK,1951276,"SR Bancorp, Inc."
SRCE,34782,1ST SOURCE CORP
SRE,1032208,SEMPRA
SREA,1032208,SEMPRA
SRFM,1936224,SURF AIR MOBILITY INC.
SRG,1628063,Seritage Growth Properties
SRI,1043337,STONERIDGE INC
SRJN,1126956,SPIRE INC
SRL,16859,Scully Royalty Ltd.
SRPT,873303,"Sarepta Therapeutics, Inc."
SRRK,1727196,Scholar Rock Holding Corp
SRTA,1779128,"Strata Critical Medical, Inc."
SRTS,1494891,"Sensus Healthcare, Inc."
SRV,1400897,NXG Cushing Midstream Energy Fund
SRXH,1471727,SRX Global Inc.
SRZN,1824893,"Surrozen, Inc./DE"
SSAC,2081300,SPACSphere Acquisition Corp.
SSACR,2081300,SPACSphere Acquisition Corp.
SSACU,2081300,SPACSphere Acquisition Corp.
SSACW,2081300,SPACSphere Acquisition Corp.
SSB,764038,SouthState Bank Corp
SSD,920371,"Simpson Manufacturing Co., Inc."
SSEA,2059165,STARRY SEA ACQUISITION CORP
SSEAR,2059165,STARRY SEA ACQUISITION CORP
SSEAU,2059165,STARRY SEA ACQUISITION CORP
SSII,1676163,"SS Innovations International, Inc."
SSL,314590,SASOL LTD
SSM,1840416,Sono Group N.V.
SSMR,2091017,Sunshine Silver Mining & Refining Co
SSNC,1402436,SS&C Technologies Holdings Inc
SSP,832428,E.W. SCRIPPS Co
SSRM,921638,SSR MINING INC.
SST,1805833,"System1, Inc."
SSTI,1351636,"SOUNDTHINKING, INC."
SSTK,1549346,"Shutterstock, Inc."
SSYS,1517396,STRATASYS LTD.
ST,1477294,Sensata Technologies Holding plc
STAA,718937,STAAR SURGICAL CO
STAG,1479094,"STAG Industrial, Inc."
STAK,2002453,STAK Inc.
STBA,719220,S&T BANCORP INC
STC,94344,STEWART INFORMATION SERVICES CORP
STDN,2086716,"Standard Nuclear, Inc."
STE,1757898,STERIS plc
STEM,1758766,"STEM, INC."
STEP,1796022,StepStone Group Inc.
STEW,102426,"SRH Total Return Fund, Inc."
STEX,1530766,Streamex Corp.
STFS,2003061,Star Fashion Culture Holdings Ltd
STG,1723935,Sunlands Technology Group
STGW,876883,Stagwell Inc
STHO,1953366,Star Holdings
STI,1881551,Solidion Technology Inc.
STIM,1227636,"Neuronetics, Inc."
STK,1471420,"Columbia Seligman Premium Technology Growth Fund, Inc."
STKE,1846839,SOL Strategies Inc.
STKH,1828098,Steakholder Foods Ltd.
STKS,1399520,"ONE Group Hospitality, Inc."
STLA,1605484,Stellantis N.V.
STLD,1022671,STEEL DYNAMICS INC
STLN,1799191,"Starling Oncology, Inc."
STLNW,1799191,"Starling Oncology, Inc."
STM,932787,STMicroelectronics N.V.
STN,1131383,STANTEC INC
STNE,1745431,StoneCo Ltd.
STNG,1483934,Scorpio Tankers Inc.
STOK,1623526,"Stoke Therapeutics, Inc."
STRA,1013934,"Strategic Education, Inc."
STRC,1050446,Strategy Inc
STRD,1050446,Strategy Inc
STRF,1050446,Strategy Inc
STRK,1050446,Strategy Inc
STRL,874238,"STERLING INFRASTRUCTURE, INC."
STRO,1382101,"SUTRO BIOPHARMA, INC."
STRR,1210708,"Star Equity Holdings, Inc."
STRRP,1210708,"Star Equity Holdings, Inc."
STRT,933034,STRATTEC SECURITY CORP
STRW,1782430,"Strawberry Fields REIT, Inc."
STRZ,929351,STARZ ENTERTAINMENT CORP /CN/
STT,93751,STATE STREET CORP
STTK,1680367,"Shattuck Labs, Inc."
STUB,1337634,"StubHub Holdings, Inc."
STVN,1849853,Stevanato Group S.p.A.
STWD,1465128,"STARWOOD PROPERTY TRUST, INC."
STX,1137789,Seagate Technology Holdings plc
STXS,1289340,"Stereotaxis, Inc."
STZ,16918,"CONSTELLATION BRANDS, INC."
SU,311337,SUNCOR ENERGY INC
SUGP,1969863,SU Group Holdings Ltd
SUI,912593,SUN COMMUNITIES INC
SUIG,1425355,SUI Group Holdings Ltd.
SUIS,2060703,Canary Staked SUI ETF
SUJA,1934114,"SUJA LIFE, INC."
SUMA,2105838,SUMA Acquisition Corp
SUMAR,2105838,SUMA Acquisition Corp
SUMAU,2105838,SUMA Acquisition Corp
SUN,1552275,Sunoco LP
SUNB,2083785,"Sunbelt Rentals Holdings, Inc."
SUNC,2089661,SunocoCorp LLC
SUNE,22701,"SUNation Energy, Inc."
SUNS,2012706,"Sunrise Realty Trust, Inc."
SUPN,1356576,"SUPERNUS PHARMACEUTICALS, INC."
SUPV,1517399,Grupo Supervielle S.A.
SUPX,1897087,SuperX AI Technology Ltd
SURG,1392694,"SurgePays, Inc."
SUZ,909327,Suzano S.A.
SVA,1084201,SINOVAC BIOTECH LTD
SVAQ,2085659,Silicon Valley Acquisition Corp.
SVAQU,2085659,Silicon Valley Acquisition Corp.
SVAQW,2085659,Silicon Valley Acquisition Corp.
SVC,945394,Service Properties Trust
SVCC,2033593,Stellar V Capital Corp. (Cayman Islands)
SVCCU,2033593,Stellar V Capital Corp. (Cayman Islands)
SVCCW,2033593,Stellar V Capital Corp. (Cayman Islands)
SVCO,1943289,"Silvaco Group, Inc."
SVIV,2098242,Spring Valley Acquisition Corp. IV
SVIVU,2098242,Spring Valley Acquisition Corp. IV
SVIVW,2098242,Spring Valley Acquisition Corp. IV
SVIX,1793497,VS Trust
SVM,1340677,SILVERCORP METALS INC
SVRA,1160308,Savara Inc
SVRE,1894693,SaverOne 2014 Ltd.
SVREW,1894693,SaverOne 2014 Ltd.
SVRN,1869467,OceanPal Inc.
SVV,1883313,"Savers Value Village, Inc."
SVXY,1415311,ProShares Trust II
SW,2005951,Smurfit Westrock plc
SWAG,1872525,"Stran & Company, Inc."
SWAGW,1872525,"Stran & Company, Inc."
SWBI,1092796,"SMITH & WESSON BRANDS, INC."
SWIM,1833197,"Latham Group, Inc."
SWK,93556,"STANLEY BLACK & DECKER, INC."
SWKHL,1089907,SWK Holdings Corp
SWKS,4127,"SKYWORKS SOLUTIONS, INC."
SWMR,2092574,"Swarmer, Inc"
SWRD,1795851,"Stewards, Inc."
SWVL,1875609,Swvl Holdings Corp
SWVLW,1875609,Swvl Holdings Corp
SWX,1692115,"Southwest Gas Holdings, Inc."
SWZ,813623,Total Return Securities Fund
SXC,1514705,"SunCoke Energy, Inc."
SXI,310354,STANDEX INTERNATIONAL CORP/DE/
SXT,310142,SENSIENT TECHNOLOGIES CORP
SXTC,1723980,"China SXT Pharmaceuticals, Inc."
SXTP,1946563,"60 DEGREES PHARMACEUTICALS, INC."
SXTPW,1946563,"60 DEGREES PHARMACEUTICALS, INC."
SY,1758530,So-Young International Inc.
SYBT,835324,"Stock Yards Bancorp, Inc."
SYF,1601712,Synchrony Financial
SYK,310764,STRYKER CORP
SYM,1837240,Symbotic Inc.
SYNA,817720,SYNAPTICS Inc
SYNX,1976443,Silynxcom Ltd.
SYPR,864240,SYPRIS SOLUTIONS INC
SYRE,1636282,"Spyre Therapeutics, Inc."
SYY,96021,SYSCO CORP
SZZL,2030663,Sizzle Acquisition Corp. II
SZZLR,2030663,Sizzle Acquisition Corp. II
SZZLU,2030663,Sizzle Acquisition Corp. II
T,732717,AT&T INC.
TAC,1144800,TRANSALTA CORP
TACH,2009183,Titan Acquisition Corp.
TACHU,2009183,Titan Acquisition Corp.
TACHW,2009183,Titan Acquisition Corp.
TACO,2033122,Berto Acquisition Corp.
TACOU,2033122,Berto Acquisition Corp.
TACOW,2033122,Berto Acquisition Corp.
TACT,1017303,TRANSACT TECHNOLOGIES INC
TAGS,1471824,Teucrium Commodity Trust
TAK,1395064,TAKEDA PHARMACEUTICAL CO LTD
TAL,1499620,TAL Education Group
TALO,1724965,TALOS ENERGY INC.
TANH,1588084,TANTECH HOLDINGS LTD
TAOP,1552670,Taoping Inc.
TAOX,1571934,TAO Synergies Inc.
TAP,24545,MOLSON COORS BEVERAGE CO
TAPR,312070,BARCLAYS BANK PLC
TARA,1359931,"Protara Therapeutics, Inc."
TARS,1819790,"Tarsus Pharmaceuticals, Inc."
TASK,1829864,"TaskUs, Inc."
TATT,808439,TAT TECHNOLOGIES LTD
TAVI,2020385,Tavia Acquisition Corp.
TAVIR,2020385,Tavia Acquisition Corp.
TAVIU,2020385,Tavia Acquisition Corp.
TAWN,927971,BANK OF MONTREAL /CAN/
TAYD,96536,"TAYLOR DEVICES, INC."
TBB,732717,AT&T INC.
TBBB,1978954,BBB FOODS INC
TBBK,1295401,"Bancorp, Inc."
TBCH,1493761,Turtle Beach Corp
TBCVU,2140030,"Thunder Bridge Capital Partners V, Ltd."
TBI,768899,"TrueBlue, Inc."
TBLA,1840502,Taboola.com Ltd.
TBLD,1820378,Thornburg Income Builder Opportunities Trust
TBN,1997652,Tamboran Resources Corp
TBPH,1583107,"Theravance Biopharma, Inc."
TC,1743340,Token Cat Ltd
TCBI,1077428,TEXAS CAPITAL BANCSHARES INC/TX
TCBIO,1077428,TEXAS CAPITAL BANCSHARES INC/TX
TCBK,356171,TRICO BANCSHARES /
TCBS,1849466,"Texas Community Bancshares, Inc."
TCBX,1781730,"Third Coast Bancshares, Inc."
TCGX,2137965,TCGX Acquisition Corp.
TCI,733590,TRANSCONTINENTAL REALTY INVESTORS INC
TCMD,1027838,TACTILE SYSTEMS TECHNOLOGY INC
TCOM,1269238,Trip.com Group Ltd
TCPA,99070,TRANSCANADA PIPELINES LTD
TCPC,1370755,BlackRock TCP Capital Corp.
TCRT,1107421,"Alaunos Therapeutics, Inc."
TCRX,1783328,"TScan Therapeutics, Inc."
TCX,909494,TUCOWS INC /PA/
TD,947263,TORONTO DOMINION BANK
TDAC,1926599,Translational Development Acquisition Corp.
TDACU,1926599,Translational Development Acquisition Corp.
TDACW,1926599,Translational Development Acquisition Corp.
TDAY,1579684,"USA TODAY Co., Inc."
TDC,816761,TERADATA CORP /DE/
TDF,919893,TEMPLETON DRAGON FUND INC
TDG,1260221,TransDigm Group INC
TDIC,2041338,Dreamland Ltd
TDOC,1477449,"Teladoc Health, Inc."
TDOG,2064314,21Shares Dogecoin ETF
TDS,1051512,TELEPHONE & DATA SYSTEMS INC /DE/
TDTH,1983550,Trident Digital Tech Holdings Ltd
TDUP,1484778,ThredUp Inc.
TDW,98222,TIDEWATER INC
TDWD,2076616,Tailwind 2.0 Acquisition Corp.
TDWDR,2076616,Tailwind 2.0 Acquisition Corp.
TDWDU,2076616,Tailwind 2.0 Acquisition Corp.
TDY,1094285,TELEDYNE TECHNOLOGIES INC
TE,1992243,T1 Energy Inc.
TEAD,1454938,Teads Holding Co.
TEAM,1650372,Atlassian Corp
TECH,842023,BIO-TECHNE Corp
TECK,886986,TECK RESOURCES LTD
TECX,1681087,"Tectonic Therapeutic, Inc."
TEI,909112,TEMPLETON EMERGING MARKETS INCOME FUND
TEL,1385157,TE Connectivity plc
TELA,1561921,"TELA Bio, Inc."
TELO,1971532,"Telomir Pharmaceuticals, Inc."
TEM,1717115,"Tempus AI, Inc."
TEN,1166663,TSAKOS ENERGY NAVIGATION LTD
TENB,1660280,"Tenable Holdings, Inc."
TENX,34956,"TENAX THERAPEUTICS, INC."
TEO,932470,TELECOM ARGENTINA SA
TER,97210,"TERADYNE, INC"
TETH,1992508,21Shares Ethereum Staking ETF
TEVA,818686,TEVA PHARMACEUTICAL INDUSTRIES LTD
TEX,97216,TEREX CORP
TFC,92230,TRUIST FINANCIAL CORP
TFII,1588823,TFI International Inc.
TFIN,1539638,"Triumph Financial, Inc."
TFPM,1829726,Triple Flag Precious Metals Corp.
TFSL,1381668,TFS Financial CORP
TFX,96943,TELEFLEX INC
TG,850429,TREDEGAR CORP
TGB,878518,Trekor Metals Ltd
TGE,2053456,Generation Essentials Group
TGEN,1537435,TECOGEN INC.
TGHL,2024114,GrowHub Ltd
TGL,1905956,TREASURE GLOBAL INC
TGLS,1534675,Tecnoglass Holdings Inc.
TGS,931427,GAS TRANSPORTER OF THE SOUTH INC
TGT,27419,TARGET CORP
TGTX,1001316,"TG THERAPEUTICS, INC."
TH,1712189,Target Hospitality Corp.
THC,70318,TENET HEALTHCARE CORP
THCH,1877333,TH International Ltd
THEO,2080216,BOA Acquisition Corp. II
THEOR,2080216,BOA Acquisition Corp. II
THEOU,2080216,BOA Acquisition Corp. II
THFF,714562,FIRST FINANCIAL CORP /IN/
THG,944695,"HANOVER INSURANCE GROUP, INC."
THH,2044241,TryHard Holdings Ltd
THM,1134115,INTERNATIONAL TOWER HILL MINES LTD
THO,730263,THOR INDUSTRIES INC
THQ,1604522,abrdn Healthcare Opportunities Fund
THRM,903129,Gentherm Inc
THRY,1556739,"Thryv Holdings, Inc."
THW,1635977,abrdn World Healthcare Fund
THYP,2090011,21Shares Hyperliquid Staking ETF
TIC,2032966,"TIC Solutions, Inc."
TIGO,912958,MILLICOM INTERNATIONAL CELLULAR SA
TIGR,1756699,UP Fintech Holding Ltd
TII,1791703,Titan Mining Corp
TIL,1789769,"Instil Bio, Inc."
TILE,715787,INTERFACE INC
TIMB,1826168,TIM S.A.
TIPT,1393726,TIPTREE INC.
TISI,318833,TEAM INC
TITN,1409171,Titan Machinery Inc.
TJGC,1969928,TJGC GROUP Ltd
TJX,109198,TJX COMPANIES INC /DE/
TK,911971,TEEKAY CORP LTD
TKC,1071321,TURKCELL ILETISIM HIZMETLERI A S
TKLF,1836242,"Tokyo Lifestyle Co., Ltd."
TKNO,1850902,"Alpha Teknova, Inc."
TKNZ,2089855,T. Rowe Price Active Crypto ETF
TKO,1973266,"TKO Group Holdings, Inc."
TKR,98362,TIMKEN CO
TLACU,2128462,Three Lions Acquisition Corp.
TLF,909724,TANDY LEATHER FACTORY INC
TLIH,1982012,Ten-League International Holdings Ltd
TLK,1001807,PERUSAHAAN PERSEROAN PERSERO PT TELEKOMUNIKASI INDONESIA TBK
TLN,1622536,Talen Energy Corp
TLNC,2073340,Talon Capital Corp.
TLNCU,2073340,Talon Capital Corp.
TLNCW,2073340,Talon Capital Corp.
TLPH,1427925,"TALPHERA, INC."
TLRY,1731348,"Tilray Brands, Inc."
TLS,320121,TELOS CORP
TLSA,1723069,Tiziana Life Sciences Ltd
TLSI,1826667,"TriSalus Life Sciences, Inc."
TLSIW,1826667,"TriSalus Life Sciences, Inc."
TLX,2007191,Telix Pharmaceuticals Ltd
TLYS,1524025,"TILLY'S, INC."
TM,1094517,TOYOTA MOTOR CORP/
TMC,1798562,TMC the metals Co Inc.
TMCI,1630627,"TREACE MEDICAL CONCEPTS, INC."
TMCR,2087398,Metals Royalty Co Inc.
TMDE,2009714,TMD Energy Ltd
TMDX,1756262,"TransMedics Group, Inc."
TME,1744676,Tencent Music Entertainment Group
TMO,97745,THERMO FISHER SCIENTIFIC INC.
TMP,1005817,TOMPKINS FINANCIAL CORP
TMQ,1543418,Trilogy Metals Inc.
TMS,2048951,Teamshares Inc
TMSWW,2048951,Teamshares Inc
TMTS,2097364,Spartacus Acquisition Corp. II
TMTSU,2097364,Spartacus Acquisition Corp. II
TMTSW,2097364,Spartacus Acquisition Corp. II
TMUS,1283699,"T-Mobile US, Inc."
TMUSI,1283699,"T-Mobile US, Inc."
TMUSL,1283699,"T-Mobile US, Inc."
TMUSZ,1283699,"T-Mobile US, Inc."
TNC,97134,TENNANT CO
TNDM,1438133,TANDEM DIABETES CARE INC
TNET,937098,"TRINET GROUP, INC."
TNGX,1819133,"Tango Therapeutics, Inc."
TNK,1419945,TEEKAY TANKERS LTD.
TNL,1361658,Travel & Leisure Co.
TNMG,2013186,TNL Mediagene
TNON,1560293,"Tenon Medical, Inc."
TNONW,1560293,"Tenon Medical, Inc."
TNXP,1430306,Tonix Pharmaceuticals Holding Corp.
TNYA,1858848,"Tenaya Therapeutics, Inc."
TOL,794170,"Toll Brothers, Inc."
TOMZ,314227,"TOMI Environmental Solutions, Inc."
TONT,1897463,Graf Global Corp.
TONX,1566610,TON Strategy Co
TOON,1355848,"Kartoon Studios, Inc."
TOP,1848275,TOP Financial Group Ltd
TOPP,1960847,Toppoint Holdings Inc.
TOPS,1296484,TOP SHIPS INC.
TORO,1941131,TORO CORP.
TOST,1650164,"Toast, Inc."
TOUR,1597095,Tuniu Corp
TOVX,894158,"Theriva Biologics, Inc."
TOXR,2028835,21Shares XRP ETF
TOYO,1985273,"TOYO Co., Ltd"
TP,2104296,Ticketplus Ltd.
TPB,1290677,"Turning Point Brands, Inc."
TPC,77543,TUTOR PERINI CORP
TPCS,1328792,TECHPRECISION CORP
TPEI,927971,BANK OF MONTREAL /CAN/
TPET,1898766,Trio Petroleum Corp
TPG,1880661,TPG Inc.
TPGXL,1880661,TPG Inc.
TPL,1811074,Texas Pacific Land Corp
TPR,1116132,"TAPESTRY, INC."
TPST,1544227,"Tempest Therapeutics, Inc."
TPTS,1674356,"Terra Property Trust, Inc."
TPVG,1580345,TriplePoint Venture Growth BDC Corp.
TR,98677,TOOTSIE ROLL INDUSTRIES INC
TRAD,2085485,APEX Tech Acquisition Inc.
TRAK,50471,"ReposiTrak, Inc."
TRAW,1130598,"Traws Pharma, Inc."
TRAX,2091349,"First Tracks Biotherapeutics, Inc."
TRBG,2088375,Turbogen Ltd.
TRC,96869,TEJON RANCH CO
TRDA,1689375,"Entrada Therapeutics, Inc."
TREE,1434621,"LendingTree, Inc."
TREO,2041208,Tactical Resources Corp.
TREX,1069878,TREX CO INC
TRGP,1389170,Targa Resources Corp.
TRGS,2098780,TRG Latin America Acquisitions Corp.
TRGSR,2098780,TRG Latin America Acquisitions Corp.
TRGSU,2098780,TRG Latin America Acquisitions Corp.
TRI,1075124,THOMSON REUTERS CORP /CAN/
TRIB,888721,TRINITY BIOTECH PLC
TRIN,1786108,Trinity Capital Inc.
TRIP,1526520,"TripAdvisor, Inc."
TRLV,1754195,Trulieve Cannabis Corp.
TRMB,864749,TRIMBLE INC.
TRMD,1655891,TORM plc
TRMK,36146,TRUSTMARK CORP
TRN,99780,TRINITY INDUSTRIES INC
TRNI,1786108,Trinity Capital Inc.
TRNO,1476150,Terreno Realty Corp
TRNR,1785056,"Interactive Strength, Inc."
TRNS,99302,TRANSCAT INC
TRNZ,1786108,Trinity Capital Inc.
TRON,1956744,Tron Inc.
TROO,1412095,"Troops, Inc. /Cayman Islands/"
TROW,1113169,PRICE T ROWE GROUP INC
TROX,1530804,Tronox Holdings plc
TRP,1232384,TC ENERGY CORP
TRS,842633,TRIMAS CORP
TRSG,1943444,Tungray Technologies Inc
TRST,357301,TRUSTCO BANK CORP N Y
TRT,732026,TRIO-TECH INTERNATIONAL
TRTX,1630472,"TPG RE Finance Trust, Inc."
TRU,1552033,TransUnion
TRUG,1857086,"TruGolf Holdings, Inc."
TRUP,1371285,"TRUPANION, INC."
TRV,86312,"TRAVELERS COMPANIES, INC."
TRVG,1683825,trivago N.V.
TRVI,1563880,"Trevi Therapeutics, Inc."
TRX,1173643,TRX GOLD Corp
TRXS,2064768,Canary Staked TRX ETF
TS,1190723,TENARIS SA
TSAT,1845840,Telesat Corp
TSBK,1046050,TIMBERLAND BANCORP INC
TSCO,916365,TRACTOR SUPPLY CO /DE/
TSEM,928876,TOWER SEMICONDUCTOR LTD
TSHA,1806310,"Taysha Gene Therapies, Inc."
TSI,809559,TCW STRATEGIC INCOME FUND INC
TSLA,1318605,"Tesla, Inc."
TSLX,1508655,"Sixth Street Specialty Lending, Inc."
TSM,1046179,TAIWAN SEMICONDUCTOR MANUFACTURING CO LTD
TSN,100493,"TYSON FOODS, INC."
TSOL,2028834,21Shares Solana Staking ETF
TSQ,1499832,"Townsquare Media, Inc."
TSSI,1320760,"TSS, Inc."
TSUI,2061626,21Shares Sui Staking ETF
TT,1466258,Trane Technologies plc
TTAM,2035304,Titan America SA
TTAN,1638826,"ServiceTitan, Inc."
TTC,737758,TORO CO
TTD,1671933,"Trade Desk, Inc."
TTE,879764,TotalEnergies SE
TTEC,1013880,"TTEC Holdings, Inc."
TTEK,831641,TETRA TECH INC
TTGT,2018064,"TechTarget, Inc."
TTI,844965,TETRA TECHNOLOGIES INC
TTMI,1116942,TTM TECHNOLOGIES INC
TTRX,2023016,Turn Therapeutics Inc.
TTWO,946581,TAKE TWO INTERACTIVE SOFTWARE INC
TU,868675,TELUS CORP
TULP,875355,"BLOOMIA HOLDINGS, INC."
TURB,1963439,"Turbo Energy, S.A."
TUSK,1679268,"MAMMOTH ENERGY SERVICES, INC."
TUYA,1829118,Tuya Inc.
TV,912892,"GRUPO TELEVISA, S.A.B."
TVA,2033991,Texas Ventures Acquisition III Corp
TVACU,2033991,Texas Ventures Acquisition III Corp
TVACW,2033991,Texas Ventures Acquisition III Corp
TVAI,1872228,Thayer Ventures Acquisition Corp II
TVAIR,1872228,Thayer Ventures Acquisition Corp II
TVAIU,1872228,Thayer Ventures Acquisition Corp II
TVC,1376986,Tennessee Valley Authority
TVE,1376986,Tennessee Valley Authority
TVGN,1860871,Tevogen Inc.
TVGNW,1860871,Tevogen Inc.
TVIV,2096755,Texas Ventures Acquisition IV Corp
TVIVU,2096755,Texas Ventures Acquisition IV Corp
TVIVW,2096755,Texas Ventures Acquisition IV Corp
TVRD,1346830,"Tvardi Therapeutics, Inc."
TVTX,1438533,"Travere Therapeutics, Inc."
TW,1758730,Tradeweb Markets Inc.
TWAV,746210,"TaoWeave, Inc."
TWFG,2007596,"TWFG, Inc."
TWG,1978057,Top Wealth Group Holding Ltd
TWI,899751,TITAN INTERNATIONAL INC
TWIN,100378,TWIN DISC INC
TWLO,1447669,TWILIO INC
TWLV,2052243,Twelve Seas Investment Co III/Cayman
TWLVR,2052243,Twelve Seas Investment Co III/Cayman
TWLVU,2052243,Twelve Seas Investment Co III/Cayman
TWN,804123,TAIWAN FUND INC
TWOD,1465740,TWO HARBORS INVESTMENT CORP.
TWST,1581280,Twist Bioscience Corp
TX,1342874,Ternium S.A.
TXG,1770787,"10x Genomics, Inc."
TXMD,25743,"TherapeuticsMD, Inc."
TXN,97476,TEXAS INSTRUMENTS INC
TXNM,1108426,TXNM ENERGY INC
TXO,1559432,"TXO Partners, L.P."
TXRH,1289460,"Texas Roadhouse, Inc."
TXT,217346,TEXTRON INC
TY,99614,TRI-CONTINENTAL Corp
TYG,1268533,TORTOISE ENERGY INFRASTRUCTURE CORP
TYGO,1855447,"TIGO ENERGY, INC."
TYL,860731,TYLER TECHNOLOGIES INC
TYRA,1863127,"Tyra Biosciences, Inc."
TZOO,1133311,TRAVELZOO
U,1810806,Unity Software Inc.
UA,1336917,"Under Armour, Inc."
UAA,1336917,"Under Armour, Inc."
UAC,2098669,United Acquisition Corp. I
UAL,100517,"United Airlines Holdings, Inc."
UAMY,101538,UNITED STATES ANTIMONY CORP
UAN,1425292,"CVR PARTNERS, LP"
UAVS,8504,AgEagle Aerial Systems Inc.
UBCP,731653,UNITED BANCORP INC /OH/
UBER,1543151,"Uber Technologies, Inc"
UBS,1610520,UBS Group AG
UBSI,729986,UNITED BANKSHARES INC/WV
UCAR,1939780,U Power Ltd
UCB,857855,UNITED COMMUNITY BANKS INC
UCFI,1901203,CN Healthy Food Tech Group Corp.
UCFIW,1901203,CN Healthy Food Tech Group Corp.
UCIB,1114446,UBS AG
UCL,1775898,uCloudlink Group Inc.
UCO,1415311,ProShares Trust II
UCTT,1275014,"Ultra Clean Holdings, Inc."
UDN,1383149,INVESCO DB US DOLLAR INDEX BEARISH FUND
UDR,74208,"UDR, Inc."
UE,1611547,Urban Edge Properties
UEC,1334933,URANIUM ENERGY CORP
UEIC,101984,UNIVERSAL ELECTRONICS INC
UFCS,101199,UNITED FIRE GROUP INC
UFG,2021688,Uni-Fuels Holdings Ltd
UFI,100726,UNIFI INC
UFPI,912767,UFP INDUSTRIES INC
UFPT,914156,UFP TECHNOLOGIES INC
UG,101295,UNITED GUARDIAN INC
UGA,1396878,"United States Gasoline Fund, LP"
UGI,884614,UGI CORP /PA/
UGL,1415311,ProShares Trust II
UGP,1094972,ULTRAPAR HOLDINGS INC
UHAL,4457,U-Haul Holding Co /NV/
UHS,352915,UNIVERSAL HEALTH SERVICES INC
UHT,798783,UNIVERSAL HEALTH REALTY INCOME TRUST
UI,1511737,Ubiquiti Inc.
UIS,746838,UNISYS CORP
UK,1821424,Ucommune International Ltd
UL,217410,UNILEVER PLC
ULBI,875657,ULTRALIFE CORP
ULCC,1670076,"Frontier Group Holdings, Inc."
ULE,1415311,ProShares Trust II
ULH,1308208,"UNIVERSAL LOGISTICS HOLDINGS, INC."
ULS,1901440,UL Solutions Inc.
ULTA,1403568,"Ulta Beauty, Inc."
UMAC,1956955,"Unusual Machines, Inc."
UMBF,101382,UMB FINANCIAL CORP
UMBFO,101382,UMB FINANCIAL CORP
UMC,1033767,UNITED MICROELECTRONICS CORP
UMH,752642,"UMH PROPERTIES, INC."
UNB,706863,UNION BANKSHARES INC
UNCY,1766140,"Unicycive Therapeutics, Inc."
UNF,717954,UNIFIRST CORP
UNFI,1020859,UNITED NATURAL FOODS INC
UNG,1376227,"United States Natural Gas Fund, LP"
UNH,731766,UNITEDHEALTH GROUP INC
UNIT,2020795,Uniti Group Inc.
UNL,1405513,"United States 12 Month Natural Gas Fund, LP"
UNM,5513,Unum Group
UNMA,5513,Unum Group
UNP,100885,UNION PACIFIC CORP
UNTY,920427,UNITY BANCORP INC /NJ/
UONE,1041657,"URBAN ONE, INC."
UONEK,1041657,"URBAN ONE, INC."
UP,1819516,Wheels Up Experience Inc.
UPB,2022626,"Upstream Bio, Inc."
UPBD,933036,"UPBOUND GROUP, INC."
UPC,1809616,Universe Pharmaceuticals INC
UPLD,1505155,"Upland Software, Inc."
UPS,1090727,UNITED PARCEL SERVICE INC
UPST,1647639,"Upstart Holdings, Inc."
UPWK,1627475,"UPWORK, INC"
UPXI,1775194,"UPEXI, INC."
URBN,912615,URBAN OUTFITTERS INC
URG,1375205,UR-ENERGY INC
URGN,1668243,UroGen Pharma Ltd.
URI,1067701,"UNITED RENTALS, INC."
UROY,2143673,Uranium Royalty Corp.
USA,799195,LIBERTY ALL STAR EQUITY FUND
USAC,1522727,"USA Compression Partners, LP"
USAR,1970622,"USA Rare Earth, Inc."
USAS,1286973,Americas Gold & Silver Corp
USAU,27093,U.S. GOLD CORP.
USB,36104,US BANCORP DE
USBC,1074828,"USBC, Inc."
USCB,1901637,"USCB FINANCIAL HOLDINGS, INC."
USCI,1479247,United States Commodity Index Funds Trust
USDE,2080215,StableCoinX Inc.
USDEW,2080215,StableCoinX Inc.
USEA,1912847,United Maritime Corp
USFD,1665918,US Foods Holding Corp.
USGO,1947244,U.S. GoldMining Inc.
USIO,1088034,"Usio, Inc."
USL,1405528,"United States 12 Month Oil Fund, LP"
USLM,82020,UNITED STATES LIME & MINERALS INC
USNA,896264,USANA HEALTH SCIENCES INC
USO,1327068,"United States Oil Fund, LP"
USOI,1053092,CREDIT SUISSE AG
USPH,885978,U S PHYSICAL THERAPY INC /NV
UTF,1275617,COHEN & STEERS INFRASTRUCTURE FUND INC
UTG,1263994,REAVES UTILITY INCOME FUND
UTHR,1082554,UNITED THERAPEUTICS Corp
UTI,1261654,UNIVERSAL TECHNICAL INSTITUTE INC
UTL,755001,UNITIL CORP
UTMD,706698,UTAH MEDICAL PRODUCTS INC
UTSI,1030471,UTSTARCOM HOLDINGS CORP.
UTZ,1739566,"Utz Brands, Inc."
UUP,1383151,Invesco DB US Dollar Index Bullish Fund
UUU,102109,"UNIVERSAL SAFETY PRODUCTS, INC."
UUUU,1385849,ENERGY FUELS INC
UVE,891166,"UNIVERSAL INSURANCE HOLDINGS, INC."
UVIX,1793497,VS Trust
UVSP,102212,UNIVEST FINANCIAL Corp
UVV,102037,UNIVERSAL CORP /VA/
UVXY,1415311,ProShares Trust II
UWMC,1783398,UWM Holdings Corp
UXIN,1729173,Uxin Ltd
UYSC,2036973,UY Scuti Acquisition Corp.
UYSCR,2036973,UY Scuti Acquisition Corp.
UYSCU,2036973,UY Scuti Acquisition Corp.
UZD,821130,"ARRAY DIGITAL INFRASTRUCTURE, INC."
UZE,821130,"ARRAY DIGITAL INFRASTRUCTURE, INC."
UZF,821130,"ARRAY DIGITAL INFRASTRUCTURE, INC."
UZX,1969401,Linkage Global Inc
V,1403161,VISA INC.
VABK,1572334,Virginia National Bankshares Corp
VAC,1524358,MARRIOTT VACATIONS WORLDWIDE Corp
VACI,2080023,Viking Acquisition Corp I
VAI,1711012,Senmiao Technology Ltd
VAL,314808,Valaris Ltd
VALE,917851,Vale S.A.
VALN,1836564,Valneva SE
VALU,717720,VALUE LINE INC
VANI,1266806,"Vivani Medical, Inc."
VATE,1006837,INNOVATE Corp.
VAVX,2060717,VanEck Avalanche ETF
VBF,5094,Invesco Bond Fund
VBIO,1787740,"Valion Bio, Inc."
VBNB,2066824,VanEck BNB ETF
VBNK,1690639,VersaBank
VC,1111335,VISTEON CORP
VCEL,887359,Vericel Corp
VCIG,1930510,VCI Global Ltd
VCRE,2124403,Vicore Pharma Holding AB
VCTR,1570827,"Victory Capital Holdings, Inc."
VCV,895531,Invesco California Value Municipal Income Trust
VCX,1867090,"Fundrise Innovation Fund, LLC"
VCYT,1384101,"VERACYTE, INC."
VECA,2081690,Vernal Capital Acquisition Corp.
VECO,103145,VEECO INSTRUMENTS INC
VEEA,1840317,VEEA INC.
VEEAW,1840317,VEEA INC.
VEEE,1855509,"Twin Vee PowerCats, Co."
VEEV,1393052,VEEVA SYSTEMS INC
VEL,1692376,"Velocity Financial, Inc."
VELO,1825079,"Velo3D, Inc."
VENU,1770501,Venu Holding Corp
VEON,1468091,VEON Ltd.
VERA,1831828,"Vera Therapeutics, Inc."
VERI,1615165,"Veritone, Inc."
VERU,863894,VERU INC.
VERX,1806837,"Vertex, Inc."
VET,1293135,VERMILION ENERGY INC.
VFC,103379,V F CORP
VFF,1584549,"Village Farms International, Inc."
VFS,1913510,VinFast Auto Ltd.
VFSWW,1913510,VinFast Auto Ltd.
VG,2007855,"Venture Global, Inc."
VGAS,1841425,"Verde Clean Fuels, Inc."
VGASW,1841425,"Verde Clean Fuels, Inc."
VGI,1528811,Virtus Global Multi-Sector Income Fund
VGM,880892,Invesco Trust for Investment Grade Municipals
VGNT,2078008,Versigent PLC
VGZ,783324,VISTA GOLD CORP
VHC,1082324,VirnetX Holding Corp
VHCP,2086264,Vine Hill Capital Investment Corp. II
VHCPU,2086264,Vine Hill Capital Investment Corp. II
VHCPW,2086264,Vine Hill Capital Investment Corp. II
VHI,59255,VALHI INC /DE/
VHUB,1972234,"VenHub Global, Inc."
VIA,1603015,"Via Transportation, Inc."
VIAV,912093,VIAVI SOLUTIONS INC.
VICI,1705696,VICI PROPERTIES INC.
VICR,751978,VICOR CORP
VIDA,1973062,VIDA Global Inc.
VII,2139246,Viking Acquisition Corp. II
VIK,1745201,Viking Holdings Ltd
VINP,1826286,Vinci Compass Investments Ltd.
VIOT,1742770,"Viomi Technology Co., Ltd"
VIP,1844971,Vulcan Infrastructure & Power Inc.
VIPS,1529192,Vipshop Holdings Ltd
VIR,1706431,"Vir Biotechnology, Inc."
VIRC,751365,VIRCO MFG CORPORATION
VIRT,1592386,"Virtu Financial, Inc."
VISN,1517228,"Vistance Networks, Inc."
VIST,1762506,"Vista Energy, S.A.B. de C.V."
VITL,1579733,"Vital Farms, Inc."
VIV,1066119,TELEFONICA BRASIL S.A.
VIVK,1450704,"Vivakor, Inc."
VIVO,1681348,VivoPower PLC
VIVS,1497253,"VivoSim Labs, INC."
VIXM,1415311,ProShares Trust II
VIXY,1415311,ProShares Trust II
VKI,908993,Invesco Advantage Municipal Income Trust II
VKQ,877463,Invesco Municipal Trust
VKTX,1607678,"Viking Therapeutics, Inc."
VLGEA,103595,VILLAGE SUPER MARKET INC
VLN,1863006,Valens Semiconductor Ltd.
VLO,1035002,VALERO ENERGY CORP/TX
VLOS,2016072,Velos Acquisition I Corp.
VLOSU,2016072,Velos Acquisition I Corp.
VLOSW,2016072,Velos Acquisition I Corp.
VLRS,1520504,"Controladora Vuela Compania de Aviacion, S.A.B. de C.V."
VLT,846671,Invesco High Income Trust II
VLTO,1967680,Veralto Corp
VLY,714310,VALLEY NATIONAL BANCORP
VLYPN,714310,VALLEY NATIONAL BANCORP
VLYPO,714310,VALLEY NATIONAL BANCORP
VLYPP,714310,VALLEY NATIONAL BANCORP
VMAR,1813783,Vision Marine Technologies Inc.
VMC,1396009,Vulcan Materials CO
VMD,1729149,"VIEMED HEALTHCARE, INC."
VMET,2080073,Versamet Royalties Corp
VMI,102729,VALMONT INDUSTRIES INC
VMO,884152,Invesco Municipal Opportunity Trust
VMRK,906107,VIVMARK RESIDENTIAL
VNCE,1579157,VINCE HOLDING CORP.
VNDA,1347178,Vanda Pharmaceuticals Inc.
VNET,1508475,"VNET Group, Inc."
VNME,2055879,Vendome Acquisition Corp I
VNMEU,2055879,Vendome Acquisition Corp I
VNMEW,2055879,Vendome Acquisition Corp I
VNO,899689,VORNADO REALTY TRUST
VNOM,2074176,"Viper Energy, Inc."
VNRX,93314,VOLITIONRX LTD
VNT,1786842,Vontier Corp
VNTG,2027160,Vantage Corp (Singapore)
VOC,1505413,VOC Energy Trust
VOD,839923,VODAFONE GROUP PUBLIC LTD CO
VOGX,1903784,"Vogenx, Inc."
VOR,1817229,Vor Biopharma Inc.
VOXR,1907909,VOX ROYALTY CORP.
VOYA,1535929,"Voya Financial, Inc."
VOYG,1788060,"Voyager Technologies, Inc./TX"
VPG,1487952,"Vishay Precision Group, Inc."
VPV,895528,Invesco Pennsylvania Value Municipal Income Trust
VRA,1495320,"Vera Bradley, Inc."
VRAX,1885827,Virax Biolabs Group Ltd
VRCA,1660334,Verrica Pharmaceuticals Inc.
VRDN,1590750,"Viridian Therapeutics, Inc.\DE"
VREX,1681622,Varex Imaging Corp
VRM,1580864,"Vroom, Inc."
VRME,1104038,"VerifyMe, Inc."
VRNS,1361113,VARONIS SYSTEMS INC
VRRM,1682745,VERRA MOBILITY Corp
VRSK,1442145,"Verisk Analytics, Inc."
VRSN,1014473,VERISIGN INC/CA
VRT,1674101,Vertiv Holdings Co
VRTS,883237,"VIRTUS INVESTMENT PARTNERS, INC."
VRTX,875320,VERTEX PHARMACEUTICALS INC / MA
VRXA,2079109,Veraxa Biotech AG - Post de-SPAC
VRXAW,2079109,Veraxa Biotech AG - Post de-SPAC
VS,1701963,Versus Systems Inc.
VSA,1592560,VisionSys AI Inc
VSAT,797721,VIASAT INC
VSEC,102752,VSE CORP
VSECU,102752,VSE CORP
VSH,103730,VISHAY INTERTECHNOLOGY INC
VSME,1951294,VS MEDIA Holdings Ltd
VSNT,2067876,"Versant Media Group, Inc."
VSOL,2028541,VanEck Solana ETF
VST,1692819,Vistra Corp.
VSTM,1526119,"Verastem, Inc."
VSTS,1967649,Vestis Corp
VSXY,1856437,Victoria's Secret & Co.
VTAK,1716621,"Catheter Precision, Inc."
VTEX,1793663,VTEX
VTGN,1411685,"Vistagen Therapeutics, Inc."
VTIX,1606242,Virtuix Holdings Inc.
VTMX,1969373,"Vesta Real Estate Corporation, S.A.B. de C.V."
VTN,883265,Invesco Trust for Investment Grade New York Municipals
VTOL,1525221,Bristow Group Inc.
VTR,740260,"Ventas, Inc."
VTRS,1792044,Viatris Inc
VTS,1944558,"Vitesse Energy, Inc."
VTSI,1085243,"VirTra, Inc"
VTVT,1641489,vTv Therapeutics Inc.
VUZI,1463972,Vuzix Corp
VVOS,1716166,"Vivos Therapeutics, Inc."
VVR,1059386,Invesco Senior Income Trust
VVV,1674910,VALVOLINE INC
VVX,1601548,"V2X, Inc."
VWAV,2038439,"VisionWave Holdings, Inc."
VWAVW,2038439,"VisionWave Holdings, Inc."
VXX,312070,BARCLAYS BANK PLC
VXZ,312070,BARCLAYS BANK PLC
VYGR,1640266,"Voyager Therapeutics, Inc."
VYLD,19617,JPMORGAN CHASE & CO
VYX,70866,NCR Voyix Corp
VZ,732712,VERIZON COMMUNICATIONS INC
VZLA,1796073,Vizsla Silver Corp.
W,1616707,Wayfair Inc.
WAB,943452,WESTINGHOUSE AIR BRAKE TECHNOLOGIES CORP
WABC,311094,WESTAMERICA BANCORPORATION
WAFD,936528,WAFD INC
WAFDP,936528,WAFD INC
WAFU,1716770,Wah Fu Education Group Ltd
WAL,1212545,WESTERN ALLIANCE BANCORPORATION
WALD,1840199,Waldencast plc
WALDW,1840199,Waldencast plc
WASH,737468,WASHINGTON TRUST BANCORP INC
WAT,1000697,WATERS CORP /DE/
WATR,2092314,Air Water Ventures Ltd
WATT,1575793,Energous Corp
WAVE,1846715,Eco Wave Power Global AB (publ)
WAY,1990354,Waystar Holding Corp.
WB,1595761,WEIBO Corp
WBD,1437107,"Warner Bros. Discovery, Inc."
WBI,2064947,WaterBridge Infrastructure LLC
WBTN,1997859,WEBTOON Entertainment Inc.
WBUY,1946703,WEBUY GLOBAL LTD
WBX,1866501,Wallbox N.V.
WCC,929008,WESCO INTERNATIONAL INC
WCN,1318220,"Waste Connections, Inc."
WCT,1990251,Wellchange Holdings Co Ltd
WD,1497770,"Walker & Dunlop, Inc."
WDAY,1327811,"Workday, Inc."
WDC,106040,WESTERN DIGITAL CORP
WDFC,105132,WD 40 CO
WDH,1823986,Waterdrop Inc.
WDI,1819559,Western Asset Diversified Income Fund (WDI)
WDS,844551,WOODSIDE ENERGY GROUP LTD
WEA,1163792,WESTERN ASSET PREMIER BOND FUND
WEAT,1471824,Teucrium Commodity Trust
WEAV,1609151,"Weave Communications, Inc."
WEC,783325,"WEC ENERGY GROUP, INC."
WELL,766704,WELLTOWER INC.
WEN,30697,Wendy's Co
WENC,2104260,West Enclave Merger Corp.
WENN,2057043,WEN Acquisition Corp
WENNU,2057043,WEN Acquisition Corp
WENNW,2057043,WEN Acquisition Corp
WERN,793074,WERNER ENTERPRISES INC
WES,1423902,"Western Midstream Partners, LP"
WEST,1806347,Westrock Coffee Co
WETH,1826660,Wetouch Technology Inc.
WETO,1941158,Wetour Robotics Ltd
WEX,1309108,WEX Inc.
WEYS,106532,WEYCO GROUP INC
WF,1264136,WOORI FINANCIAL GROUP INC.
WFC,72971,WELLS FARGO & COMPANY/MN
WFCF,1360565,"Where Food Comes From, Inc."
WFF,1980210,WF Holding Ltd
WFG,1402388,"WEST FRASER TIMBER CO., LTD"
WFRD,1603923,Weatherford International plc
WGO,107687,WINNEBAGO INDUSTRIES INC
WGS,1818331,GeneDx Holdings Corp.
WH,1722684,"WYNDHAM HOTELS & RESORTS, INC."
WHD,1699136,"Cactus, Inc."
WHF,1552198,"WhiteHorse Finance, Inc."
WHFCL,1552198,"WhiteHorse Finance, Inc."
WHG,1165002,WESTWOOD HOLDINGS GROUP INC
WHK,1921603,WhiteHawk Minerals Corp.
WHLR,1527541,"Wheeler Real Estate Investment Trust, Inc."
WHLRD,1527541,"Wheeler Real Estate Investment Trust, Inc."
WHLRL,1527541,"Wheeler Real Estate Investment Trust, Inc."
WHLRP,1527541,"Wheeler Real Estate Investment Trust, Inc."
WHR,106640,WHIRLPOOL CORP /DE/
WHWK,1422142,"Whitehawk Therapeutics, Inc."
WIA,1254370,WESTERN ASSET INFLATION-LINKED INCOME FUND
WIMI,1770088,WiMi Hologram Cloud Inc.
WINA,908315,WINMARK CORP
WING,1636222,Wingstop Inc.
WIT,1123799,WIPRO LTD
WIW,1267902,WESTERN ASSET INFLATION-LINKED OPPORTUNITIES & INCOME FUND
WIX,1576789,Wix.com Ltd.
WK,1445305,WORKIVA INC
WKC,789460,WORLD KINECT CORP
WKEY,1738699,Wisekey International Holding S.A.
WKHS,1425287,Workhorse Group Inc.
WKSP,1096275,Worksport Ltd
WLCO,2101470,Wilco 63 Corp
WLCOU,2101470,Wilco 63 Corp
WLCOW,2101470,Wilco 63 Corp
WLDN,1370450,"Willdan Group, Inc."
WLDS,1887673,Wearable Devices Ltd.
WLDSW,1887673,Wearable Devices Ltd.
WLFC,1018164,WILLIS LEASE FINANCE CORP
WLII,2083946,Willow Lane Acquisition Corp. II
WLIIU,2083946,Willow Lane Acquisition Corp. II
WLIIW,2083946,Willow Lane Acquisition Corp. II
WLK,1262823,WESTLAKE CORP
WLKP,1604665,Westlake Chemical Partners LP
WLTH,1524566,WEALTHFRONT CORP
WLY,107140,"JOHN WILEY & SONS, INC."
WLYB,107140,"JOHN WILEY & SONS, INC."
WM,823768,WASTE MANAGEMENT INC
WMB,107263,"WILLIAMS COMPANIES, INC."
WMG,1319161,Warner Music Group Corp.
WMK,105418,WEIS MARKETS INC
WMS,1604028,"ADVANCED DRAINAGE SYSTEMS, INC."
WMT,104169,Walmart Inc.
WNC,879526,WABASH NATIONAL Corp
WNEB,1157647,"Western New England Bancorp, Inc."
WNW,1787803,Meiwu Technology Co Ltd
WOK,1929783,WORK Medical Technology Group LTD
WOLF,895419,"WOLFSPEED, INC."
WOOF,1826470,"Petco Health & Wellness Company, Inc."
WOR,108516,"WORTHINGTON ENTERPRISES, INC."
WPAC,2081536,White Pearl Acquisition Corp.
WPC,1025378,W. P. Carey Inc.
WPM,1323404,Wheaton Precious Metals Corp.
WPP,806968,WPP plc
WPRT,1370416,WESTPORT FUEL SYSTEMS INC.
WRAP,1702924,"WRAP TECHNOLOGIES, INC."
WRB,11544,BERKLEY W R CORP
WRBY,1504776,Warby Parker Inc.
WRD,1867729,WeRide Inc.
WRLD,108385,WORLD ACCEPTANCE CORP
WRN,1364125,Western Copper & Gold Corp
WS,1968487,"Worthington Steel, Inc."
WSBC,203596,WESBANCO INC
WSBCO,203596,WESBANCO INC
WSBF,1569994,"Waterstone Financial, Inc."
WSBK,2047235,"Winchester Bancorp, Inc./MD/"
WSC,1647088,WillScot Holdings Corp
WSE,2099039,Wise Group plc
WSFS,828944,WSFS FINANCIAL CORP
WSHP,2048271,WeShop Holdings Ltd
WSM,719955,WILLIAMS SONOMA INC
WSO,105016,WATSCO INC
WST,105770,WEST PHARMACEUTICAL SERVICES INC
WSTN,2076192,Westin Acquisition Corp
WSTNR,2076192,Westin Acquisition Corp
WSTNU,2076192,Westin Acquisition Corp
WT,880631,"WisdomTree, Inc."
WTBA,1166928,WEST BANCORPORATION INC
WTF,1987363,Waton Financial Ltd
WTFC,1015328,WINTRUST FINANCIAL CORP
WTFCN,1015328,WINTRUST FINANCIAL CORP
WTG,2053927,Wintergreen Acquisition Corp.
WTGUR,2053927,Wintergreen Acquisition Corp.
WTGUU,2053927,Wintergreen Acquisition Corp.
WTI,1288403,W&T OFFSHORE INC
WTID,927971,BANK OF MONTREAL /CAN/
WTIU,927971,BANK OF MONTREAL /CAN/
WTM,776867,WHITE MOUNTAINS INSURANCE GROUP LTD
WTRG,78128,"Essential Utilities, Inc."
WTS,795403,WATTS WATER TECHNOLOGIES INC
WTTR,1693256,"Select Water Solutions, Inc."
WTW,1140536,WILLIS TOWERS WATSON PLC
WU,1365135,Western Union CO
WULF,1083301,TERAWULF INC.
WVE,1631574,"Wave Life Sciences, Inc."
WVVI,838875,WILLAMETTE VALLEY VINEYARDS INC
WVVIP,838875,WILLAMETTE VALLEY VINEYARDS INC
WW,105319,"WW INTERNATIONAL, INC."
WWD,108312,"Woodward, Inc."
WWR,839470,"WESTWATER RESOURCES, INC."
WWW,110471,WOLVERINE WORLD WIDE INC /DE/
WXM,1979610,WF International Ltd.
WY,106535,WEYERHAEUSER CO
WYFI,2042022,"WhiteFiber, Inc."
WYHG,1999860,Wing Yip Food Holdings Group Ltd
WYNN,1174922,WYNN RESORTS LTD
WYY,1034760,WIDEPOINT CORP
XAIR,1641631,"Beyond Air, Inc."
XBIO,1534525,"Xenetic Biosciences, Inc."
XBIT,1626878,XBiotech Inc.
XBP,1839530,"XBP Global Holdings, Inc."
XBPEW,1839530,"XBP Global Holdings, Inc."
XCBE,2083493,X3 Acquisition Corp. Ltd.
XCBEU,2083493,X3 Acquisition Corp. Ltd.
XCBEW,2083493,X3 Acquisition Corp. Ltd.
XCH,1979887,XCHG Ltd
XCUR,1698530,"EXICURE, INC."
XE,2088896,"X-Energy, Inc."
XEL,72903,XCEL ENERGY INC
XELB,1083220,"XCel Brands, Inc."
XELLL,72903,XCEL ENERGY INC
XENE,1582313,Xenon Pharmaceuticals Inc.
XERS,1867096,"Xeris Biopharma Holdings, Inc."
XFLH,2088103,XFLH Capital Corp
XFLT,1703079,XAI Floating Rate & Alternative Income Trust
XFOR,1501697,"X4 Pharmaceuticals, Inc"
XGN,1274737,EXAGEN INC.
XHG,1769256,XChange TEC.INC
XHLD,2030954,"TEN Holdings, Inc."
XHR,1616000,"Xenia Hotels & Resorts, Inc."
XIFR,1603145,"XPLR Infrastructure, LP"
XIIIU,2114229,Churchill Capital Corp XIII
XLAB,2109869,Exascale Labs Holdings Inc.
XLABW,2109869,Exascale Labs Holdings Inc.
XLCD,927971,BANK OF MONTREAL /CAN/
XLCU,927971,BANK OF MONTREAL /CAN/
XLO,1840233,"Xilio Therapeutics, Inc."
XLPD,927971,BANK OF MONTREAL /CAN/
XLPU,927971,BANK OF MONTREAL /CAN/
XMAX,1473334,XMax Inc.
XMTR,1657573,"Xometry, Inc."
XNCR,1326732,Xencor Inc
XNDU,2097163,Xanadu Quantum Technologies Ltd
XNET,1510593,Xunlei Ltd
XOM,2115436,ExxonMobil Holdings Corp
XOS,1819493,"Xos, Inc."
XP,1787425,XP Inc.
XPEL,1767258,"XPEL, Inc."
XPER,1788999,Xperi Inc.
XPEV,1810997,XPENG INC.
XPL,917225,SOLITARIO RESOURCES CORP.
XPO,1166003,"XPO, Inc."
XPOF,1802156,"Xponential Fitness, Inc."
XPON,1894954,"Expion Energy, Inc."
XPRO,2126198,Expro Ltd
XRAY,818479,DENTSPLY SIRONA Inc.
XRN,1533615,Chiron Real Estate Inc.
XRP,2039525,Bitwise XRP ETF
XRPN,2044009,Armada Acquisition Corp. II
XRPNU,2044009,Armada Acquisition Corp. II
XRPNW,2044009,Armada Acquisition Corp. II
XRPZ,2059438,Franklin XRP Trust
XRTX,1729214,XORTX Therapeutics Inc.
XRX,1770450,Xerox Holdings Corp
XRXDW,1770450,Xerox Holdings Corp
XSLL,2088807,Xsolla SPAC 1
XSLLU,2088807,Xsolla SPAC 1
XSLLW,2088807,Xsolla SPAC 1
XTER,2134856,Karman Line Acquisition Corp.
XTERU,2134856,Karman Line Acquisition Corp.
XTERW,2134856,Karman Line Acquisition Corp.
XTIA,1529113,"XTI Aerospace, Inc."
XTLB,1023549,XTL BIOPHARMACEUTICALS LTD
XTND,2111860,"Xtend AI Robotics, Inc."
XTNT,1453593,"Xtant Medical Holdings, Inc."
XWEL,1410428,"XWELL, Inc."
XXI,2070457,"Twenty One Capital, Inc."
XXII,1347858,"22nd Century Group, Inc."
XYF,1725033,X Financial
XYL,1524472,Xylem Inc.
XYZ,1512673,"Block, Inc."
XZO,1873951,"Exzeo Group, Inc."
YAAS,1964946,Youxin Technology Ltd
YALA,1794350,Yalla Group Ltd
YARW,1566044,"Yarrow Bioscience, Inc."
YB,1995520,Yuanbao Inc.
YCBD,1644903,"cbdMD, Inc."
YCL,1415311,ProShares Trust II
YCS,1415311,ProShares Trust II
YCY,2075336,AA Mission Acquisition Corp. II
YDDL,2034723,One & one Green Technologies. INC
YDES,2011674,YD Bio Ltd
YDESW,2011674,YD Bio Ltd
YDKG,1413745,Yueda Digital Holding
YELP,1345016,YELP INC
YETI,1670592,"YETI Holdings, Inc."
YEXT,1614178,"Yext, Inc."
YFOR,1985337,YYForce Inc.
YHC,1843165,LQR House Inc.
YHGJ,1042187,YUNHONG GREEN CTI LTD.
YHNA,2020987,YHN Acquisition I Ltd
YHNAR,2020987,YHN Acquisition I Ltd
YHNAU,2020987,YHN Acquisition I Ltd
YI,1738906,"111, Inc."
YIBO,1868395,Planet Image International Ltd
YICC,2130386,Yorkville International Capital Corp.
YICCU,2130386,Yorkville International Capital Corp.
YICCW,2130386,Yorkville International Capital Corp.
YJ,1759614,Yunji Inc.
YMAT,1875016,"J-Star Holding Co., Ltd."
YMM,1838413,Full Truck Alliance Co. Ltd.
YMT,1991605,Yimutian Inc.
YORW,108985,YORK WATER CO
YOU,1856314,"Clear Secure, Inc."
YOUL,2028177,Youlife Group Inc.
YPF,904851,YPF SOCIEDAD ANONIMA
YQ,1821468,17 Education & Technology Group Inc.
YRD,1631761,Yiren Digital Ltd.
YSAG,2087989,Texas Precious Metals Trust
YSAU,2087989,Texas Precious Metals Trust
YSG,1819580,Yatsen Holding Ltd
YSS,2086587,York Space Systems Inc.
YSWY,1859836,"Yesway, Inc."
YSXT,1993463,"YSX Tech Co., Ltd"
YTRA,1516899,"Yatra Online, Inc."
YUM,1041061,YUM BRANDS INC
YUMC,1673358,"Yum China Holdings, Inc."
YXT,1872090,YXT.COM GROUP HOLDING Ltd
YYAI,1674440,AIRWA INC.
Z,1617640,"ZILLOW GROUP, INC."
ZBAO,1966750,Zhibao Technology Inc.
ZBH,1136869,"ZIMMER BIOMET HOLDINGS, INC."
ZBIO,1953926,"Zenas BioPharma, Inc."
ZBRA,877212,ZEBRA TECHNOLOGIES CORP
ZCMD,1785566,Zhongchao Inc.
ZCSH,1720265,Zcash ETF
ZD,1084048,"ZIFF DAVIS, INC."
ZDAI,1966678,"DirectBooking Technology Co., Ltd."
ZDGE,1667313,"Zedge, Inc."
ZENA,1997403,"ZenaTech, Inc."
ZEO,1865506,Zeo Energy Corp.
ZEOWW,1865506,Zeo Energy Corp.
ZEPP,1720446,Zepp Health Corp
ZETA,1851003,Zeta Global Holdings Corp.
ZG,1617640,"ZILLOW GROUP, INC."
ZGN,1877787,Ermenegildo Zegna N.V.
ZH,1835724,Zhihu Inc.
ZIM,1654126,ZIM Integrated Shipping Services Ltd.
ZION,109380,"ZIONS BANCORPORATION, NATIONAL ASSOCIATION /UT/"
ZIONP,109380,"ZIONS BANCORPORATION, NATIONAL ASSOCIATION /UT/"
ZIP,1617553,"ZIPRECRUITER, INC."
ZJK,1941506,"ZJK Industrial Co., Ltd."
ZJYL,1837821,Jin Medical International Ltd.
ZKH,1862044,ZKH Group Ltd
ZKIN,1687451,"ZK International Group Co., Ltd."
ZKP,2087447,Lafayette Digital Acquisition Corp. I
ZKPU,2087447,Lafayette Digital Acquisition Corp. I
ZKPW,2087447,Lafayette Digital Acquisition Corp. I
ZLAB,1704292,Zai Lab Ltd
ZM,1585521,"Zoom Communications, Inc."
ZNB,1747661,Zeta Network Group
ZNTL,1725160,"Zentalis Pharmaceuticals, Inc."
ZONE,1956741,"CleanCore Solutions, Inc."
ZOOZ,1992818,ZOOZ Strategy Ltd.
ZOOZW,1992818,ZOOZ Strategy Ltd.
ZS,1713683,"Zscaler, Inc."
ZSL,1415311,ProShares Trust II
ZSQR,1759186,Z Squared Inc.
ZSTK,1790169,ZeroStack Corp.
ZTG,2011458,Zenta Group Co Ltd
ZTO,1677250,ZTO Express (Cayman) Inc.
ZTR,836412,Virtus Total Return Fund Inc.
ZTS,1555280,Zoetis Inc.
ZUMZ,1318008,Zumiez Inc
ZURA,1855644,Zura Bio Ltd
ZVIA,1854139,Zevia PBC
ZVRA,1434647,"ZEVRA THERAPEUTICS, INC."
ZWS,1439288,Zurn Elkay Water Solutions Corp
ZYBT,1975641,Zhengye Biotechnology Holding Ltd
ZYME,1937653,Zymeworks Inc.
